Symbol,log2FC,log2RPM,p-value,FDR,Current Symbol,Current FBgn
CG14585,-8.532624365,6.216609681,1.4962E-171,1.3517E-167,Ir75a,FBgn0036757
CG32704,-7.201229225,6.648987991,5.831E-154,2.6339E-150,Ir8a,FBgn0052704
CG10050,-6.10662361,6.775027225,7.2846E-144,2.1936E-140,CG10050,FBgn0037492
CG6499,-5.307973065,8.859505796,9.4764E-139,2.1402E-135,CG6499,FBgn0038309
CG10633,-6.976822076,5.735541866,3.7295E-135,6.7385E-132,Ir64a,FBgn0035604
CG14586,-6.482107909,5.965279793,1.2616E-128,1.8995E-125,"Ir75b , Ir75c","FBgn0261402 , FBgn0261401"
CG10357,-5.920456361,8.373140201,9.1426E-109,1.1799E-105,CG10357,FBgn0035453
Pbprp4,-7.013217889,8.461196977,1.7722E-104,2.0013E-101,Obp84a,FBgn0011282
ppk25,-6.970836369,5.396534232,1.04669E-97,1.05064E-94,ppk25,FBgn0053349
CG18516,-7.554518993,8.551009918,7.57891E-97,6.84679E-94,CG18516,FBgn0038350
Obp59a,-8.020472535,9.517531826,8.50104E-97,6.98167E-94,Obp59a,FBgn0034766
Cyp6a17,-5.582402852,5.602807993,4.15751E-93,3.12991E-90,Cyp6a17,FBgn0015714
Cyp4e3,5.235080561,6.861984142,1.21465E-91,8.44086E-89,Cyp4e3,FBgn0015035
CG14274,-4.584441234,5.772642917,1.28953E-89,8.32118E-87,CG14274,FBgn0032023
IM14,7.261763505,4.679994119,7.4814E-76,4.5058E-73,IM14,FBgn0067905
Cyp6g2,-4.261203755,7.398463394,1.11087E-74,6.27224E-72,Cyp6g2,FBgn0033696
a5,-7.147684046,9.642776121,9.42527E-72,5.0087E-69,a5,FBgn0011294
Cyp6a8,5.049490205,9.613834458,1.06959E-70,5.27377E-68,Cyp6a8,FBgn0013772
CG10936,-3.806249178,5.560221629,1.10916E-70,5.27377E-68,CG10936,FBgn0034253
CG13133,-6.269493169,5.687263844,4.56574E-66,2.06234E-63,CG13133,FBgn0032181
a10,-7.588615922,12.41111344,1.2142E-63,5.22338E-61,a10,FBgn0011293
Os-C,-7.644013823,12.26203223,1.52766E-63,6.27314E-61,Os-C,FBgn0010401
CG4288,-2.813669796,9.211750987,5.31291E-62,2.08682E-59,CG4288,FBgn0038799
CG32444,3.287497615,7.900293783,1.17514E-60,4.42341E-58,CG32444,FBgn0043783
Spn43Ab,3.623932977,6.533198059,4.62474E-59,1.6712E-56,Spn43Ab,FBgn0024293
CG13950,-6.608994247,5.361411424,4.87066E-59,1.69237E-56,CG13950,FBgn0031289
ea,5.333860355,4.967110913,7.31787E-58,2.44851E-55,ea,FBgn0000533
Or35a,-6.121117903,4.240012916,1.19458E-53,3.85422E-51,Or35a,FBgn0028946
smp-30,3.054305016,6.406771013,1.92647E-53,6.00128E-51,smp-30,FBgn0038257
CG14142,-6.456592196,6.071098125,5.12109E-53,1.54213E-50,CG14142,FBgn0036143
Cyp4d21,-3.955668349,7.689206367,3.30754E-52,9.63882E-50,Cyp4d21,FBgn0031925
CG13285,-4.355547704,5.478550202,1.85288E-51,5.23091E-49,CG13285,FBgn0035611
CG7385,-2.441966289,7.447932981,2.21452E-51,6.06243E-49,Ir76b,FBgn0036937
CG30259,-10.33160449,3.839475484,3.95043E-51,1.04965E-48,CG30259,FBgn0050259
CG31704,6.04453912,4.032379245,8.98311E-51,2.31867E-48,CG31704,FBgn0051704
CG10185,-6.29959225,7.717988319,1.2439E-50,3.12151E-48,CG10185,FBgn0038397
fz3,-2.607732397,6.289048006,3.20509E-50,7.82563E-48,fz3,FBgn0027343
ZnT35C,-10.24974764,3.761063301,8.913E-49,2.11895E-46,ZnT35C,FBgn0028516
CG5065,-2.767084433,6.390861411,3.67339E-48,8.50907E-46,CG5065,FBgn0034145
Cyp6a14,6.703674758,4.518539678,7.89568E-47,1.78324E-44,Cyp6a14,FBgn0033302
Cyp6g1,2.636212232,11.61786797,1.16662E-46,2.57054E-44,Cyp6g1,FBgn0025454
CG32581,4.537225364,4.25104895,7.53718E-46,1.62121E-43,CG32581,FBgn0052581
Dat,-2.735859247,6.268929534,2.2929E-45,4.81722E-43,Dat,FBgn0019643
CG10101,-10.2234986,3.735410496,1.40092E-44,2.87633E-42,Ir84a,FBgn0037501
CG33159,-2.425693721,6.073979044,1.10568E-43,2.21971E-41,CG33159,FBgn0053159
CG31216,-3.479148582,6.869007856,5.88971E-43,1.15027E-40,Naam,FBgn0051216
IM1,4.393918374,5.619778417,5.98435E-43,1.15027E-40,IM1,FBgn0034329
5-HT2,-4.134589608,4.451067859,1.32135E-42,2.4869E-40,5-HT2A,FBgn0087012
CG14400,4.746077601,4.016982902,1.26604E-41,2.33417E-39,CG14400,FBgn0032896
IM23,3.979426695,4.895020191,2.01662E-41,3.64363E-39,IM23,FBgn0034328
CG11841,3.590763104,5.607812661,5.82594E-41,1.03199E-38,CG11841,FBgn0039628
CG9492,-6.872738748,6.715385532,8.95482E-41,1.55573E-38,CG9492,FBgn0037726
Dro,5.284509359,6.4861848,1.25733E-40,2.14316E-38,Dro,FBgn0010388
GstE1,2.47283023,6.335194904,7.17095E-40,1.19967E-37,GstE1,FBgn0034335
CG17386,-3.195012918,5.087559986,2.58193E-39,4.24094E-37,CG17386,FBgn0033936
CG33110,3.199868806,7.504928686,2.24688E-38,3.6247E-36,CG33110,FBgn0053110
CG13636,-3.742961774,5.13331669,1.47468E-37,2.33724E-35,sosie,FBgn0039232
CG17544,-2.126314188,7.783820401,4.6585E-37,7.25601E-35,CG17544,FBgn0032775
Cyp6a9,2.163177958,5.93915467,6.75261E-37,1.03395E-34,Cyp6a9,FBgn0013771
CG34456,-9.835416694,3.3652523,8.59286E-37,1.2938E-34,CG34456,FBgn0085485
glob1,2.293977798,6.223016518,1.09715E-36,1.62486E-34,glob1,FBgn0027657
CG13856,2.973072578,6.672554808,1.39801E-35,2.03704E-33,CG13856,FBgn0038959
CG5559,-3.584890925,4.722086159,1.51627E-35,2.17429E-33,Sytalpha,FBgn0261089
CG2657,-5.398953116,3.833322732,9.2492E-35,1.30558E-32,Ir21a,FBgn0031209
toy,-5.681265946,3.661896542,9.59099E-35,1.333E-32,toy,FBgn0019650
CG42333,-4.262269728,4.048593951,1.02802E-34,1.40714E-32,Sytbeta,FBgn0261090
Cyp313a4,-4.341336323,4.47891617,2.80503E-34,3.78219E-32,Cyp313a4,FBgn0038076
Ndae1,-2.298755681,7.956918215,7.87261E-33,1.0459E-30,Ndae1,FBgn0259111
Ugt35a,-2.060420014,6.4991709,8.39661E-33,1.08483E-30,Ugt35a,FBgn0026315
CG7722,1.944783339,7.071147729,8.40582E-33,1.08483E-30,Spn47C,FBgn0033574
iav,-6.097200328,4.334207717,2.82155E-32,3.59013E-30,iav,FBgn0086693
CG16857,-1.946664661,6.901395601,8.35361E-32,1.04815E-29,CG16857,FBgn0028482
CG14445,-5.243233418,7.01761414,9.3278E-32,1.15435E-29,CG14445,FBgn0029851
CG11453,2.731625803,5.592078864,5.47666E-31,6.68596E-29,CG11453,FBgn0038734
CG12512,2.881155157,4.905603233,1.4716E-30,1.77259E-28,CG12512,FBgn0031703
AQP,3.785838252,4.267889968,2.02383E-30,2.4057E-28,AQP,FBgn0033807
Hn,2.495636574,6.923569892,2.59916E-30,3.04946E-28,Hn,FBgn0001208
CG17107,2.026547678,6.77869811,2.64016E-30,3.05785E-28,CG17107,FBgn0032281
Cpr47Ee,3.556556648,4.607470515,1.34639E-29,1.53966E-27,Cpr47Ee,FBgn0033602
orb2,-2.059486147,6.66309899,1.4281E-29,1.61268E-27,orb2,FBgn0264307
Obp56a,3.333331463,5.005255023,2.09175E-29,2.33294E-27,Obp56a,FBgn0034468
CG9436,1.980596566,6.37849401,3.57098E-28,3.93418E-26,CG9436,FBgn0033101
mthl5,2.233231949,5.093481531,2.24457E-27,2.44307E-25,mthl5,FBgn0037960
MtnA,-2.195142605,7.82987173,2.57917E-27,2.77383E-25,MtnA,FBgn0002868
Drip,1.81686951,8.059496127,7.71735E-27,8.20218E-25,Drip,FBgn0015872
CG13318,-2.662170839,6.92150525,8.87499E-27,9.32287E-25,CG13318,FBgn0037627
CG11893,3.235050274,4.424232947,5.05437E-26,5.24841E-24,CG11893,FBgn0039316
Tig,4.147090227,5.650722594,9.01711E-26,9.25688E-24,Tig,FBgn0011722
CG7255,3.244447209,4.039754252,9.32802E-26,9.38438E-24,CG7255,FBgn0036493
CG7300,7.587719724,5.377808792,9.34906E-26,9.38438E-24,CG7300,FBgn0032286
CG14394,1.734940289,6.615841671,1.33985E-25,1.33013E-23,NijC,FBgn0038079
CG13203,-4.724234965,3.204698128,1.35638E-25,1.3319E-23,CG13203,FBgn0033628
CG15685,-6.467234408,2.817128838,2.07662E-25,2.01722E-23,Ir92a,FBgn0038789
CG42352,-1.944811688,5.447895797,3.09562E-25,2.97509E-23,Ir40a,FBgn0259683
Pop2,-1.704873961,7.751252106,3.3428E-25,3.17883E-23,Pop2,FBgn0036239
CG10200,6.384942703,3.990689693,3.68847E-25,3.47101E-23,hui,FBgn0033968
CG8654,1.739084402,6.136703634,3.80398E-25,3.5428E-23,CG8654,FBgn0034479
Obp58b,-9.015148936,2.594105976,7.19047E-25,6.62844E-23,Obp58b,FBgn0034768
CG17264,2.74784134,4.375377827,8.81704E-25,8.04577E-23,CG17264,FBgn0031490
Nmdmc,2.221862167,5.682720928,1.06629E-24,9.63289E-23,Nmdmc,FBgn0010222
CG2157,2.74827552,7.172541945,4.94944E-24,4.42706E-22,CG2157,FBgn0030244
IM2,5.307955474,4.663829368,6.51095E-24,5.76666E-22,IM2,FBgn0025583
tum,-5.004267028,3.227344117,6.68861E-24,5.86649E-22,tum,FBgn0086356
CG18130,-5.67756238,3.677900499,1.16944E-23,1.01584E-21,CG18130,FBgn0030359
CG11852,-4.269878546,5.133544325,1.1914E-23,1.02506E-21,CG11852,FBgn0039297
ade3,1.74062355,6.127797513,1.43373E-23,1.22191E-21,ade3,FBgn0000053
CG12001,2.183961407,4.864363343,1.72384E-23,1.45544E-21,spartin,FBgn0037265
CG4302,1.801579353,7.511283046,1.7487E-23,1.46275E-21,CG4302,FBgn0027073
Obp56d,1.816858549,11.81017225,2.97614E-23,2.46665E-21,Obp56d,FBgn0034470
Or9a,1.613242172,7.000458165,5.7605E-23,4.73094E-21,Or9a,FBgn0030204
Obp83cd,-6.430418509,2.794712909,6.20659E-23,5.05138E-21,Obp83cd,FBgn0046878
AttC,7.817305322,5.416818355,6.68532E-23,5.39242E-21,AttC,FBgn0041579
CG31100,-1.57223375,6.11252812,1.1866E-22,9.48652E-21,CG31100,FBgn0051100
CG3552,-3.230654916,4.499845506,1.4376E-22,1.13923E-20,CG3552,FBgn0035999
CG13758,-3.011165141,4.211902754,1.71512E-22,1.34734E-20,Pdfr,FBgn0260753
AttB,4.26396772,5.195781472,4.12654E-22,3.21372E-20,AttB,FBgn0041581
CG5910,-3.707891785,4.338718087,4.48413E-22,3.46236E-20,CG5910,FBgn0036993
CG14934,3.089053953,5.816310916,5.31401E-22,4.06837E-20,Mal-B1,FBgn0032381
unc-4,-2.591573785,4.246448851,9.16457E-22,6.95737E-20,unc-4,FBgn0024184
CG9447,2.077802455,7.234525402,2.94109E-21,2.21415E-19,CG9447,FBgn0033110
CG11155,-2.010964889,7.034981692,4.49705E-21,3.35755E-19,CG11155,FBgn0039927
CG4250,2.330806189,4.594273199,9.97632E-21,7.38739E-19,CG4250,FBgn0034761
Zip3,2.996202005,4.353094948,1.66674E-20,1.22417E-18,Zip89B,FBgn0038412
CG5687,-1.916716167,8.066340739,1.89152E-20,1.37807E-18,CG5687,FBgn0035293
esn,-2.184573316,4.875391427,2.09912E-20,1.51708E-18,esn,FBgn0263934
CG4839,-8.539479211,2.158349673,2.84703E-20,2.04127E-18,CG4839,FBgn0032187
CG7742,-6.134051594,3.368223301,4.82816E-20,3.4168E-18,CG7742,FBgn0031690
CG7342,1.734268813,9.992933648,4.84116E-20,3.4168E-18,CG7342,FBgn0038716
CG14567,2.813933907,3.776147179,6.72334E-20,4.70843E-18,CG14567,FBgn0037126
CG6461,1.505782461,7.681671246,8.6806E-20,6.03235E-18,Ggt-1,FBgn0030932
CG7966,1.959744383,5.688326559,9.31496E-20,6.42377E-18,CG7966,FBgn0038115
wb,-1.538846253,5.93670147,1.86517E-19,1.27651E-17,wb,FBgn0261563
Or85a,-2.558757181,4.323281018,2.2155E-19,1.50488E-17,Or85a,FBgn0037576
igl,-1.410610387,8.545186741,2.25752E-19,1.52197E-17,igl,FBgn0013467
TepII,2.115166374,6.703350881,2.40179E-19,1.60724E-17,Tep2,FBgn0041182
Tsp47F,-1.463206327,7.022408581,2.80403E-19,1.86262E-17,Tsp47F,FBgn0033629
Obp44a,-4.114762247,3.786410193,4.85571E-19,3.20193E-17,Obp44a,FBgn0033268
Obp19a,1.602782301,12.72901534,5.16146E-19,3.37889E-17,Obp19a,FBgn0031109
Def,4.376337354,3.582055438,5.53785E-19,3.5992E-17,Def,FBgn0010385
UGP,1.505846454,7.875514673,5.83121E-19,3.76279E-17,UGP,FBgn0035978
CG14687,-1.738022134,6.808208315,6.61124E-19,4.23588E-17,CG14687,FBgn0037835
Dhc16F,-6.431508171,2.782721853,9.84635E-19,6.26422E-17,Dhc16F,FBgn0013809
CG15203,-2.571547924,5.52312939,1.55906E-18,9.84935E-17,CG15203,FBgn0030261
CG6652,-1.964453106,4.786029782,1.71415E-18,1.07539E-16,CG6652,FBgn0036687
CG6484,-2.081744469,4.775644353,1.74117E-18,1.08481E-16,CG6484,FBgn0034247
CG3604,-3.520189399,3.416155021,2.21108E-18,1.36815E-16,CG3604,FBgn0031562
CG18208,-2.978568232,3.626217929,2.43914E-18,1.49899E-16,CG18208,FBgn0038653
CG30438,-1.596936633,6.661047344,2.99055E-18,1.82545E-16,CG30438,FBgn0050438
Gasp,-2.220428439,4.62820876,3.8304E-18,2.32241E-16,Gasp,FBgn0026077
CG6675,2.092871665,5.02413357,3.99016E-18,2.40314E-16,CG6675,FBgn0032973
CG17150,-7.165304947,2.706733129,4.59559E-18,2.74944E-16,CG17150,FBgn0035581
CG10553,1.43057885,8.543718741,4.8332E-18,2.87257E-16,CG10553,FBgn0039324
GlcAT-S,-1.405191734,7.315933971,5.22344E-18,3.08422E-16,GlcAT-S,FBgn0032135
CG33926,3.018747904,3.405744157,5.529E-18,3.24344E-16,CG33926,FBgn0053926
CG9649,1.534377167,5.936460434,7.33796E-18,4.27685E-16,CG9649,FBgn0038211
ine,-1.677915793,5.823765755,7.64903E-18,4.42958E-16,ine,FBgn0011603
CG42326,-2.996966904,4.385040037,1.24684E-17,7.17446E-16,CG42326,FBgn0259226
nan,-6.042865702,2.4415453,1.54148E-17,8.81377E-16,nan,FBgn0036414
CG3091,1.374959737,7.014124848,1.81359E-17,1.03044E-15,CG3091,FBgn0029608
fd96Cb,-2.882311522,3.501195043,1.84755E-17,1.04317E-15,fd96Cb,FBgn0004898
CG1227,-2.187269999,4.762818247,1.99569E-17,1.11982E-15,CG1227,FBgn0037491
alpha-Est7,1.754945559,6.533152321,2.10968E-17,1.17647E-15,alpha-Est7,FBgn0015575
Rh50,-2.788233204,4.473389234,4.17188E-17,2.31219E-15,Rh50,FBgn0028699
CG31189,1.721386831,4.868303958,4.24718E-17,2.33958E-15,CG31189,FBgn0051189
CG14694,1.432655875,5.608634995,6.36459E-17,3.48471E-15,CG14694,FBgn0037845
CG3009,-3.569649657,3.572017597,6.40443E-17,3.4854E-15,CG3009,FBgn0029720
CG13842,-5.694343418,2.558888189,6.5309E-17,3.53294E-15,CG13842,FBgn0039009
Mkk4,-1.367634103,6.202977499,6.59344E-17,3.54555E-15,Mkk4,FBgn0024326
CG13077,1.719709736,5.841542612,7.95131E-17,4.25042E-15,CG13077,FBgn0032810
Syt7,-1.391704054,5.885332814,9.66402E-17,5.13557E-15,Syt7,FBgn0039900
Su-var-3-7,1.349387111,5.983171699,1.05194E-16,5.55745E-15,Su(var)3-7,FBgn0003598
CG6053,-5.550924693,2.767028711,1.18991E-16,6.2498E-15,CG6053,FBgn0036195
CG13594,-4.439170661,2.942581209,1.46543E-16,7.65242E-15,CG13594,FBgn0035041
Cyp9b1,-1.515971787,6.179668528,1.5379E-16,7.98469E-15,Cyp9b1,FBgn0015038
CG5254,1.931745791,4.630412178,2.16836E-16,1.11937E-14,CG5254,FBgn0040383
CG7724,1.636037058,8.212741857,2.44817E-16,1.25663E-14,CG7724,FBgn0036698
CG40354,5.565777898,2.817912143,3.62947E-16,1.85246E-14,CR40354,FBgn0058354
RpS7,1.385737479,10.20026938,4.79164E-16,2.43189E-14,RpS7,FBgn0039757
CG7196,-3.423819485,3.49716041,5.57778E-16,2.81507E-14,CG7196,FBgn0031944
CG3078,-1.502241233,5.519947707,7.55224E-16,3.79039E-14,CG3078,FBgn0023524
CG42329,3.282557858,5.473633315,1.20282E-15,6.00347E-14,CG42329,FBgn0259229
CG14085,-5.815448758,2.713489023,1.31398E-15,6.52223E-14,CG14085,FBgn0036859
CG31291,-1.80419894,5.172673008,1.58992E-15,7.8488E-14,CG45105,FBgn0266566
CG11425,1.928356654,5.960647398,1.60639E-15,7.88704E-14,CG11425,FBgn0037167
Drs,4.177015611,3.250399696,1.86923E-15,9.12792E-14,Drs,FBgn0010381
CG31326,1.602491944,5.51757338,1.98771E-15,9.65431E-14,CG31326,FBgn0051326
dro5,1.417745682,11.54515644,2.1241E-15,1.02616E-13,Drsl5,FBgn0035434
Dhc98D,-6.28712053,1.911433676,2.16569E-15,1.04068E-13,Dhc98D,FBgn0013813
CG5958,-3.766993402,5.288174599,2.23131E-15,1.06654E-13,CG5958,FBgn0031913
CG13743,-3.855924517,2.655564852,2.27145E-15,1.08001E-13,CG13743,FBgn0033368
CG32512,3.690317355,4.011570754,2.32356E-15,1.09901E-13,CG32512,FBgn0052512
SPE,1.395959786,7.287340131,2.39753E-15,1.12809E-13,SPE,FBgn0039102
Obp83ef,-5.063603444,4.682168286,2.62667E-15,1.2295E-13,Obp83ef,FBgn0046876
CG14185,-5.690322977,2.12232051,2.67039E-15,1.24352E-13,CG14185,FBgn0036936
CG1544,5.512141193,2.083256369,3.85648E-15,1.78664E-13,CG1544,FBgn0039827
AttA,3.667932303,4.904308232,3.97722E-15,1.83317E-13,AttA,FBgn0012042
CG11041,-8.424264183,2.056364357,4.3111E-15,1.97698E-13,CG11041,FBgn0034481
CG7470,5.218897711,4.665011201,5.07315E-15,2.31469E-13,CG7470,FBgn0037146
pdm2,-7.96898783,1.647415912,6.75962E-15,3.06866E-13,pdm2,FBgn0004394
Baldspot,-1.256228653,9.246638906,6.87488E-15,3.10539E-13,Baldspot,FBgn0260960
CG8533,-2.484807046,4.324098771,7.37671E-15,3.31548E-13,Ir76a,FBgn0260874
CG9527,1.316465299,5.778018361,7.61664E-15,3.40637E-13,CG9527,FBgn0031813
CG30485,-6.56104207,2.153710875,1.3288E-14,5.88866E-13,CG30485,FBgn0050485
CG15878,-5.884950387,2.26654288,1.32974E-14,5.88866E-13,CG15878,FBgn0035316
CG30269,2.411312628,3.637486582,1.57715E-14,6.95024E-13,CG30269,FBgn0050269
CG5002,1.381755504,5.423889001,1.91049E-14,8.37831E-13,CG5002,FBgn0034275
Zw,1.463328629,8.752900726,2.09405E-14,9.13897E-13,Zw,FBgn0004057
Frq1,-1.803990933,4.936256645,2.23049E-14,9.68762E-13,Frq1,FBgn0030897
CG13699,-8.596836318,2.215453235,2.2536E-14,9.74116E-13,CG13699,FBgn0036781
CG30285,-1.307020029,5.88978729,3.0492E-14,1.31174E-12,CG30285,FBgn0050285
Scp2,-6.429238155,2.054494407,3.27502E-14,1.40221E-12,Scp2,FBgn0020907
CG9080,2.852796474,6.261815344,3.39326E-14,1.44598E-12,Listericin,FBgn0033593
CG3349,-4.598305239,2.274492736,4.32803E-14,1.83565E-12,CG3349,FBgn0036459
Irk2,-1.779544161,4.973732951,5.32789E-14,2.24917E-12,Irk2,FBgn0039081
Or22b,1.266150652,7.131232863,5.65875E-14,2.37773E-12,Or22b,FBgn0026397
fd96Ca,-2.943384828,3.060788562,5.81028E-14,2.4301E-12,fd96Ca,FBgn0004897
p24-2,-7.863979211,1.5563115,5.87778E-14,2.447E-12,p24-2,FBgn0053105
CG15923,-1.688239001,4.917301309,6.92377E-14,2.86924E-12,CG15923,FBgn0038814
AttD,7.735715636,1.302741627,7.52951E-14,3.10601E-12,AttD,FBgn0038530
CG5535,-2.067599554,4.784632529,7.93572E-14,3.2587E-12,CG5535,FBgn0036764
UK114,5.150866914,2.063519389,7.98006E-14,3.26208E-12,UK114,FBgn0086691
CG14259,1.190650257,6.58676955,1.02691E-13,4.17886E-12,CG14259,FBgn0039483
Mgstl,1.125542757,8.488659912,1.17497E-13,4.75994E-12,Mgstl,FBgn0025814
TepIII,1.143640832,6.292938446,1.22164E-13,4.92691E-12,Tep3,FBgn0041181
Dad,-1.185044977,6.949730148,1.25939E-13,5.0566E-12,Dad,FBgn0020493
CG14191,4.916096603,3.412893963,1.29845E-13,5.19036E-12,CG14191,FBgn0030981
CG7402,1.131118037,7.318441489,1.31743E-13,5.24302E-12,CG7402,FBgn0036768
Hs3st-A,-1.178255044,6.414865487,1.37173E-13,5.43517E-12,Hs3st-A,FBgn0053147
nimB2,3.829660669,4.428226324,1.48609E-13,5.8626E-12,NimB2,FBgn0028543
Cyp6v1,1.169528637,6.081545614,1.59587E-13,6.2683E-12,Cyp6v1,FBgn0031126
CG32238,-7.843982556,1.540370756,1.69579E-13,6.63195E-12,CG32238,FBgn0052238
IM4,3.131595438,7.59290128,1.76778E-13,6.88349E-12,IM4,FBgn0040653
CG14342,-7.815839296,1.515000944,1.77535E-13,6.88349E-12,CG14342,FBgn0031324
Tektin-C,-4.646897742,2.925261584,2.13524E-13,8.24349E-12,Tektin-C,FBgn0035638
CG18228,-2.019337093,4.354551308,2.26985E-13,8.72589E-12,CR18228,FBgn0037560
CG4096,-1.144674628,6.738702963,2.33933E-13,8.95486E-12,CG4096,FBgn0029791
t,-1.362680759,5.88531726,2.50973E-13,9.56662E-12,t,FBgn0086367
CG8546,3.130012389,3.826055494,2.56653E-13,9.74205E-12,ppk26,FBgn0035785
Or43b,1.257617269,7.277288695,2.59889E-13,9.82358E-12,Or43b,FBgn0026393
CG12483,-2.868613015,5.178351894,2.91676E-13,1.09792E-11,CG12483,FBgn0040688
Mec2,-1.623135149,5.022938876,2.99271E-13,1.12183E-11,Mec2,FBgn0030993
CG1600,-1.221263249,8.106588804,3.09666E-13,1.156E-11,Drat,FBgn0033188
nompA,-1.81161582,4.487099443,3.54512E-13,1.31797E-11,nompA,FBgn0016047
CG3168,-2.061655122,5.938571908,3.59633E-13,1.33153E-11,CG3168,FBgn0029896
cher,1.581491935,6.814535326,3.79676E-13,1.4E-11,cher,FBgn0014141
Tal,1.174286825,8.491682365,3.92701E-13,1.44214E-11,Tal,FBgn0023477
tsl,1.709569421,4.736922481,4.04136E-13,1.47398E-11,tsl,FBgn0003867
CG15093,1.349324921,5.220614568,4.04634E-13,1.47398E-11,CG15093,FBgn0034390
MP1,1.133227371,5.757215258,4.10498E-13,1.48933E-11,MP1,FBgn0027930
run,-4.253125186,2.538622439,4.16156E-13,1.50382E-11,run,FBgn0003300
Cyp6d5,1.529598004,8.38394238,4.1815E-13,1.50501E-11,Cyp6d5,FBgn0038194
CR32078,-1.234444256,6.103728026,4.981E-13,1.78565E-11,CG42575,FBgn0260795
CG9701,2.213406598,5.379908698,5.10955E-13,1.82449E-11,CG9701,FBgn0036659
CG15143,-8.338677296,1.980004611,5.6033E-13,1.99292E-11,CG15143,FBgn0032647
Idh,1.149009727,9.998175194,5.89636E-13,2.08893E-11,Idh,FBgn0001248
CG1143,2.200560474,5.568022994,6.16774E-13,2.17654E-11,CG1143,FBgn0035359
repo,-1.899864912,4.390305453,6.64901E-13,2.33724E-11,repo,FBgn0011701
Osi3,3.200928376,3.369959842,9.57548E-13,3.3404E-11,Osi3,FBgn0037411
CG32432,-1.541065278,5.261798294,9.57675E-13,3.3404E-11,CG32432,FBgn0052432
CG12836,-5.387653917,2.29062724,1.05314E-12,3.65927E-11,CG12836,FBgn0033140
PGRP-SB1,8.089492064,4.545581388,1.2613E-12,4.36575E-11,PGRP-SB1,FBgn0043578
CG5130,-2.48084939,3.462679696,1.30318E-12,4.49349E-11,ZnT77C,FBgn0037000
cpx,-1.195501042,9.389169913,1.40048E-12,4.80437E-11,cpx,FBgn0041605
CG9498,1.608359198,9.877672507,1.40398E-12,4.80437E-11,CG9498,FBgn0031801
CG17687,-7.775753021,1.483377715,1.45909E-12,4.97412E-11,CG17687,FBgn0036348
ninaB,1.16489577,6.340917582,1.54572E-12,5.24965E-11,ninaB,FBgn0002937
CG10992,1.177933981,8.415313123,1.71511E-12,5.8031E-11,CtsB1,FBgn0030521
Cyp4d20,1.133208497,8.112503419,2.27068E-12,7.65423E-11,Cyp4d20,FBgn0035344
CG4078,1.631048024,4.553427073,2.32034E-12,7.79255E-11,CG4078,FBgn0029798
pncr009-3L,-2.922202401,2.974198244,2.42327E-12,8.10807E-11,pncr009:3L,FBgn0062928
CG17698,-1.103272266,6.569476165,2.47928E-12,8.26489E-11,CG17698,FBgn0040056
roX1,-1.853143168,8.190378821,2.50673E-12,8.32566E-11,roX1,FBgn0019661
CG5597,1.494465214,4.830272651,2.63857E-12,8.73145E-11,CG5597,FBgn0034920
CG17279,-2.461181255,4.805756175,2.81113E-12,9.26852E-11,CG17279,FBgn0038850
NLaz,1.322006802,9.465748028,2.85425E-12,9.37648E-11,NLaz,FBgn0053126
CG14076,-7.598311363,1.327146598,3.14718E-12,1.03013E-10,Ir75d,FBgn0036829
CG5404,-3.349168474,2.88620136,3.24327E-12,1.05409E-10,CG5404,FBgn0038354
CG32397,-1.79525501,4.547497132,3.24372E-12,1.05409E-10,jv,FBgn0263973
CG15144,-7.732747903,1.444204163,3.61061E-12,1.16911E-10,CG15144,FBgn0032648
GM130,1.069834389,5.779676456,4.22793E-12,1.36411E-10,GM130,FBgn0034697
nrv3,-1.357847475,8.768862289,4.32474E-12,1.39038E-10,nrv3,FBgn0032946
Prx6005,-1.078709829,6.409474666,4.43457E-12,1.42064E-10,Prx6005,FBgn0031479
IM3,4.65840373,4.57684695,4.83291E-12,1.54277E-10,IM3,FBgn0040736
CG3244,1.875989843,5.989256757,4.92104E-12,1.56538E-10,Clect27,FBgn0031629
NetB,-1.640253662,4.828428877,5.13907E-12,1.62899E-10,NetB,FBgn0015774
Cyp4p1,1.385745242,9.653327322,5.24426E-12,1.65653E-10,Cyp4p1,FBgn0015037
rtet,1.748342122,4.321308927,5.33598E-12,1.67963E-10,rtet,FBgn0028468
CG12507,-7.404115664,1.162654162,5.92502E-12,1.85856E-10,CG12507,FBgn0030729
CG9372,1.069399688,8.308260917,6.83574E-12,2.13682E-10,CG9372,FBgn0036891
CG6910,1.709607596,6.874904803,7.13028E-12,2.2212E-10,CG6910,FBgn0036262
Gld,2.100161118,4.173317345,7.65149E-12,2.37538E-10,Gld,FBgn0001112
CG1271,1.067524905,5.890786905,7.86277E-12,2.43261E-10,CG1271,FBgn0035392
GNBP3,1.280602966,5.578564493,7.891E-12,2.43301E-10,GNBP3,FBgn0040321
gnu,-4.292987913,1.965081008,8.40491E-12,2.58083E-10,gnu,FBgn0001120
CG9636,-1.076168246,6.546606915,8.42756E-12,2.58083E-10,CG9636,FBgn0037556
CG31157,5.646998211,1.045835752,8.90802E-12,2.71875E-10,CG31157,FBgn0051157
ppk10,-5.933716965,1.627908405,1.08664E-11,3.3053E-10,ppk10,FBgn0065110
Ser7,1.173952395,5.665951014,1.12897E-11,3.42251E-10,Ser7,FBgn0019929
Ady43A,1.064268692,6.449107515,1.17211E-11,3.54142E-10,Ady43A,FBgn0026602
Idgf2,1.328777677,7.603541513,1.2983E-11,3.90961E-10,Idgf2,FBgn0020415
CG34203,-4.976064924,1.486714208,1.31653E-11,3.95133E-10,CG34203,FBgn0085232
CG1681,1.168813604,6.705896861,1.58876E-11,4.75261E-10,GstT4,FBgn0030484
CG7888,-1.423804411,5.75618679,1.6451E-11,4.90489E-10,CG7888,FBgn0036116
CG8586,1.135967387,7.307741485,1.86607E-11,5.54542E-10,CG8586,FBgn0033320
CG11638,-1.870032915,3.782386922,1.94022E-11,5.74688E-10,CG11638,FBgn0040351
CG18107,4.840730833,2.277224179,2.09439E-11,6.18325E-10,CG18107,FBgn0034330
CG12581,1.047782687,8.262225451,2.30027E-11,6.75673E-10,CG12581,FBgn0037213
Ahcy89E,1.68914681,4.549287192,2.3036E-11,6.75673E-10,Ahcy89E,FBgn0015011
CG13189,0.989968734,6.779949426,2.40234E-11,7.02354E-10,Zip48C,FBgn0033665
Cyp6a22,-2.789723693,2.957421988,2.76864E-11,8.04485E-10,Cyp6a22,FBgn0013773
CG6044,-1.407323215,4.96694106,2.76948E-11,8.04485E-10,CG6044,FBgn0034725
CG30152,1.134129783,5.418117214,2.85964E-11,8.28014E-10,CG30152,FBgn0034543
Gas8,-7.964670078,1.650286913,2.89512E-11,8.35607E-10,Gas8,FBgn0029667
PQBP-1,-2.627750789,3.030527627,2.9048E-11,8.35732E-10,CG45263,FBgn0266801
sha,-5.656756812,1.390283011,3.0832E-11,8.8194E-10,sha,FBgn0003382
Dhc93AB,-1.685132285,7.177062435,3.08493E-11,8.8194E-10,Dhc93AB,FBgn0013812
CG1443,1.713125345,6.234555062,3.68E-11,1.04874E-09,wat,FBgn0039620
jhamt,1.043164615,6.771831861,4.56889E-11,1.29797E-09,jhamt,FBgn0028841
CG15067,5.63499955,4.078736202,4.82318E-11,1.36591E-09,CG15067,FBgn0034331
TwdlT,3.682875462,2.869571931,5.09512E-11,1.43842E-09,TwdlT,FBgn0029170
CG8419,-2.784229601,2.69571268,5.1772E-11,1.45704E-09,CG8419,FBgn0031999
CG31718,-1.96145097,4.213587758,5.78586E-11,1.62054E-09,Ir31a,FBgn0051718
CG34240,-1.229646454,5.156460381,5.79406E-11,1.62054E-09,CG42671,FBgn0261553
lolal,-0.995937892,6.550405931,5.97594E-11,1.66625E-09,lolal,FBgn0022238
CG9542,1.659424676,4.426409388,6.12829E-11,1.70347E-09,KFase,FBgn0031821
Nep2,-1.02857426,9.888450083,7.17807E-11,1.98916E-09,Nep2,FBgn0027570
CG11319,-1.651185067,4.226179362,9.06252E-11,2.50369E-09,CG11319,FBgn0031835
chrb,-1.287234159,8.862651742,9.69546E-11,2.67039E-09,chrb,FBgn0036165
amd,1.506431988,8.263096529,9.80049E-11,2.69111E-09,amd,FBgn0000075
CG11241,1.680677475,4.474058121,1.09407E-10,2.9951E-09,CG11241,FBgn0037186
CG15465,-4.55822346,1.618166239,1.11525E-10,3.04385E-09,CG15465,FBgn0029746
Jheh3,1.191997478,7.289719559,1.12393E-10,3.05124E-09,Jheh3,FBgn0034406
CG7224,1.463401758,5.299962579,1.12471E-10,3.05124E-09,Sirup,FBgn0031971
Cbp53E,-0.983166623,6.670356464,1.2692E-10,3.43292E-09,Cbp53E,FBgn0004580
CG14613,1.280975136,4.934024007,1.40427E-10,3.78693E-09,CG14613,FBgn0031188
CG12911,-3.013090662,3.226915956,1.41676E-10,3.80923E-09,CG12911,FBgn0033501
CG32350,-1.701213808,4.073437722,1.42621E-10,3.82325E-09,CG32350,FBgn0052350
CR32028,-2.427808466,3.644504157,1.46971E-10,3.9282E-09,Unr,FBgn0263352
CG42313,1.471849026,4.705685083,1.49568E-10,3.98583E-09,CG42313,FBgn0259213
CG15556,1.374270579,4.663248713,1.58826E-10,4.2201E-09,CG15556,FBgn0039821
Ncc69,-1.301678771,7.777659605,1.66263E-10,4.40474E-09,Ncc69,FBgn0036279
CG4115,-3.725085072,2.689297426,1.68526E-10,4.45164E-09,CG4115,FBgn0038017
fne,-1.15093668,5.598773347,1.76339E-10,4.64446E-09,fne,FBgn0086675
grass,1.014087133,6.864515562,1.77333E-10,4.65705E-09,grass,FBgn0039494
CG13506,0.950929177,6.844518062,1.86359E-10,4.8799E-09,CG13506,FBgn0034723
CG1441,1.312173229,7.05599484,1.8786E-10,4.90498E-09,CG1441,FBgn0033464
CG9864,-1.298066223,6.675918653,1.8995E-10,4.94527E-09,CG9864,FBgn0034490
Gr64f,1.006959921,6.18777315,2.06013E-10,5.34806E-09,Gr64f,FBgn0052255
Tsf1,1.912784606,9.817137255,2.17919E-10,5.64092E-09,Tsf1,FBgn0022355
CG11462,-2.849123551,3.708336098,2.27284E-10,5.86653E-09,CG11462,FBgn0029815
Syx1A,-1.074412458,6.512642102,2.58302E-10,6.64814E-09,Syx1A,FBgn0013343
CG3764,-1.032161375,6.791064735,2.69641E-10,6.92027E-09,CG3764,FBgn0036684
RpA-70,-1.249700415,5.576276198,2.79509E-10,7.15322E-09,RpA-70,FBgn0010173
CG17669,-7.150297355,0.954011344,2.82967E-10,7.22125E-09,CG17669,FBgn0034352
CG32158,-1.936380304,3.950685777,2.983E-10,7.59109E-09,"CG42514 , CG43373","FBgn0260388 , FBgn0263131"
CG8229,-1.256489311,6.497254637,3.01506E-10,7.65114E-09,CG8229,FBgn0033356
RhoGAP16F,-2.751930077,2.439560148,3.03567E-10,7.68185E-09,RhoGAP16F,FBgn0030893
B4,-1.151229014,8.979267211,3.06596E-10,7.73683E-09,B4,FBgn0023407
ACXD,-1.196532346,5.510309262,3.3121E-10,8.33467E-09,ACXD,FBgn0040507
Mmp1,-1.317960814,8.880830615,3.7769E-10,9.47791E-09,Mmp1,FBgn0035049
CG32017,-1.131787174,5.742131682,4.03814E-10,1.00965E-08,CG32017,FBgn0052017
CG13618,3.753090874,1.875520242,4.04575E-10,1.00965E-08,CG13618,FBgn0039203
Cpr62Bb,2.112910259,4.070676662,4.59356E-10,1.1432E-08,Cpr62Bb,FBgn0035280
Cyp6a13,1.879458529,5.051405299,5.25054E-10,1.30311E-08,Cyp6a13,FBgn0033304
CG11842,4.259206825,1.548378552,5.38605E-10,1.33108E-08,CG11842,FBgn0039629
salr,-2.118362572,3.461731085,5.39267E-10,1.33108E-08,salr,FBgn0000287
Gadd45,1.808453576,4.187792522,5.45817E-10,1.34357E-08,Gadd45,FBgn0033153
Fdh,1.028503065,6.679075029,5.58084E-10,1.37004E-08,Fdh,FBgn0011768
CG9617,-1.590235807,4.591771518,6.39283E-10,1.56512E-08,Sgt1,FBgn0265101
CG9733,2.958696239,3.622851575,6.82584E-10,1.66661E-08,CG9733,FBgn0039759
CG6218,-0.979213953,6.518800286,7.06015E-10,1.71917E-08,CG6218,FBgn0038321
CG10444,-1.08716497,6.010107358,7.38098E-10,1.79247E-08,CG10444,FBgn0034494
nec,0.975687499,7.345430167,8.69319E-10,2.10548E-08,nec,FBgn0002930
Mtk,6.387196865,5.224880204,8.90804E-10,2.15175E-08,Mtk,FBgn0014865
CG9396,1.227531121,5.298611782,1.01357E-09,2.44177E-08,CG9396,FBgn0037714
CG5921,-2.07856507,3.622871413,1.10281E-09,2.64967E-08,CG5921,FBgn0029835
Esp,-0.919631498,8.356320644,1.18457E-09,2.83856E-08,Esp,FBgn0013953
CG33472,-0.975498834,6.901566484,1.19938E-09,2.86646E-08,qvr,FBgn0260499
spirit,1.511298056,5.207158985,1.22482E-09,2.91953E-08,spirit,FBgn0030051
SoxN,-0.944920997,5.787029099,1.22822E-09,2.91993E-08,SoxN,FBgn0029123
CR33655,-6.972080665,0.80748579,1.26982E-09,3.00795E-08,CG33655,FBgn0250824
Cyt-c-p,-1.081884741,8.898727311,1.2719E-09,3.00795E-08,Cyt-c-p,FBgn0000409
beat-Ib,-5.485778281,1.249554743,1.27871E-09,3.01615E-08,beat-Ib,FBgn0028645
CG4398,-3.827344634,3.471442224,1.32526E-09,3.11781E-08,CG4398,FBgn0034126
Ih,-1.100504582,7.852291935,1.35791E-09,3.18632E-08,Ih,FBgn0263397
CG42315,-3.697766444,1.862141609,1.47004E-09,3.44051E-08,Ir93a,FBgn0259215
CG7322,1.898451227,3.483172916,1.52286E-09,3.55491E-08,CG7322,FBgn0030968
CG2604,0.974171317,8.691351147,1.57255E-09,3.66146E-08,CG2604,FBgn0037298
CG13043,4.401138185,1.100141236,1.61133E-09,3.7421E-08,CG13043,FBgn0036600
CG7549,-1.767394483,3.815439709,1.61798E-09,3.74791E-08,mtg,FBgn0260386
CG15784,1.299813846,7.857390921,1.62481E-09,3.7541E-08,CG15784,FBgn0029766
Obp83g,-3.783267588,2.184056429,1.71406E-09,3.95022E-08,Obp83g,FBgn0046875
CG15161,-0.961084845,6.016135602,1.72505E-09,3.96542E-08,CG15161,FBgn0032692
CG1532,0.923269717,6.640523637,1.73493E-09,3.97801E-08,CG1532,FBgn0031143
pyd3,-0.978519866,6.101884757,1.7527E-09,4.00858E-08,pyd3,FBgn0037513
CG9119,1.209625462,4.895591515,1.8888E-09,4.30895E-08,CG9119,FBgn0035189
foi,-1.037125706,7.181074222,1.91744E-09,4.36326E-08,foi,FBgn0024236
CG9486,-2.480193415,3.50800034,2.05475E-09,4.66396E-08,AANATL2,FBgn0031791
CG2254,0.942977214,9.828980516,2.1419E-09,4.84961E-08,CG2254,FBgn0029994
qkr58E-3,-0.97299065,5.805195801,2.19793E-09,4.96402E-08,qkr58E-3,FBgn0022984
CG10710,2.633972377,2.603465275,2.36242E-09,5.32222E-08,CG10710,FBgn0036377
CG4797,-1.022392153,8.015660273,2.50106E-09,5.62054E-08,CG4797,FBgn0034909
CG7331,-1.12148099,5.334176237,2.60444E-09,5.83834E-08,Atg13,FBgn0261108
CG41027,-5.365817817,1.131230613,2.6147E-09,5.84682E-08,CG41027,FBgn0085558
CG7900,-1.037484486,8.053187011,2.68057E-09,5.97933E-08,CG7900,FBgn0037548
zormin,1.064949493,8.540540942,2.7186E-09,6.04923E-08,zormin,FBgn0052311
CG12355,-2.52389507,2.485827253,2.77205E-09,6.15301E-08,CG12355,FBgn0040805
Tsp42Ei,1.174674045,6.469204627,2.93161E-09,6.49122E-08,Tsp42Ei,FBgn0033130
Ets65A,-3.311258941,1.941998771,3.09931E-09,6.84576E-08,Ets65A,FBgn0005658
CG18336,-3.071129725,2.49634346,3.46594E-09,7.63689E-08,CG18336,FBgn0040763
cl,0.876232193,6.472821863,3.48419E-09,7.65844E-08,cl,FBgn0000318
CG17224,1.162191774,5.540938545,3.5819E-09,7.8541E-08,CG17224,FBgn0031489
Dpt,6.791139874,4.368164261,3.59252E-09,7.85831E-08,Dpt,FBgn0004240
comm3,1.633124405,3.963271085,3.90923E-09,8.53044E-08,comm3,FBgn0259236
ifc,-1.00721209,7.408987114,3.92899E-09,8.5529E-08,ifc,FBgn0001941
CG3252,1.024898571,7.985016557,4.11391E-09,8.93391E-08,NAAT1,FBgn0029762
CG5155,-7.285311307,1.06811571,4.48541E-09,9.71732E-08,gudu,FBgn0031905
CecA1,4.746110561,1.333927773,4.70502E-09,1.01687E-07,CecA1,FBgn0000276
CG7214,-3.887206349,3.87179766,4.80749E-09,1.03654E-07,CG7214,FBgn0031940
bel,-0.903857371,7.913295308,5.01747E-09,1.07923E-07,bel,FBgn0263231
mal,-0.973503114,5.675638976,5.13491E-09,1.10187E-07,mal,FBgn0002641
CG7079,1.024795998,5.914459623,5.27528E-09,1.12931E-07,CG7079,FBgn0038849
CG15734,-3.671252853,1.878121065,5.36386E-09,1.14556E-07,CG15734,FBgn0030374
CG7016,1.985436115,3.766400551,5.44082E-09,1.15925E-07,CG7016,FBgn0039238
Or19a,2.057796,2.944240215,5.47504E-09,1.1638E-07,Or19a,FBgn0041626
CG32703,-6.909786379,0.759679863,5.50897E-09,1.16826E-07,Erk7,FBgn0052703
Cyp6a21,1.098977135,7.539631155,5.55024E-09,1.17426E-07,Cyp6a21,FBgn0033981
CG4907,-4.291099144,1.374282521,6.57659E-09,1.38815E-07,CG4907,FBgn0039010
CG17549,1.282898751,8.225899384,6.73249E-09,1.41775E-07,CG17549,FBgn0032774
CG33156,1.111854193,5.275602163,6.84587E-09,1.43827E-07,CG33156,FBgn0053156
Psf3,-0.976618235,5.720851255,7.42062E-09,1.5554E-07,Psf3,FBgn0030196
CG13331,-2.082511591,3.090615958,7.66048E-09,1.60196E-07,CG13331,FBgn0033850
CG13117,1.382090128,5.086658791,7.76813E-09,1.62072E-07,CG13117,FBgn0032140
Sdic3,7.055976752,0.690570611,9.0226E-09,1.87811E-07,Sdic3,FBgn0052823
stai,-0.945665097,7.633089808,9.30484E-09,1.93241E-07,stai,FBgn0266521
lox2,-1.847264128,5.455322363,9.86449E-09,2.04394E-07,lox2,FBgn0034660
CG8738,0.991136888,6.160895212,1.01725E-08,2.10295E-07,CG8738,FBgn0033321
CG2107,0.9525548,5.860734039,1.02275E-08,2.10947E-07,CG2107,FBgn0035383
CG34124,-4.723567304,1.257696973,1.03529E-08,2.13049E-07,CG34124,FBgn0083960
l-3-02640,-1.027204822,7.970907521,1.0494E-08,2.15461E-07,l(3)02640,FBgn0010786
fit,5.325579051,3.242555653,1.06574E-08,2.1832E-07,fit,FBgn0038914
Yp2,5.906713335,9.618482496,1.09955E-08,2.24736E-07,Yp2,FBgn0005391
CG14127,-5.714271565,1.45678291,1.22877E-08,2.50581E-07,CCDC151,FBgn0036219
CG8206,0.936458598,7.268952889,1.40574E-08,2.86024E-07,CG8206,FBgn0030679
CG3609,0.950809971,6.746858767,1.48054E-08,3.00566E-07,CG3609,FBgn0031418
Pgm,0.931224628,7.082838709,1.50119E-08,3.04076E-07,Pgm,FBgn0003076
mthl3,2.62663763,2.468536508,1.50508E-08,3.04181E-07,mthl3,FBgn0028956
CG13576,-3.703189415,1.66712446,1.52827E-08,3.08179E-07,Ir60a,FBgn0034994
CG42235,-1.884900264,3.404638913,1.58591E-08,3.19089E-07,CG42235,FBgn0250757
sls,1.56964094,6.875458509,1.58976E-08,3.19153E-07,sls,FBgn0086906
CG33080,0.853914006,6.66697443,1.59674E-08,3.19843E-07,CG33080,FBgn0053080
CG31547,2.958938656,3.492989555,1.62452E-08,3.24366E-07,CG31547,FBgn0051547
D,-5.416537557,1.197539969,1.6265E-08,3.24366E-07,D,FBgn0000411
CG10688,1.238814671,4.604694704,1.66303E-08,3.30921E-07,CG10688,FBgn0036300
CG13698,-0.816963719,6.872604068,1.67134E-08,3.31844E-07,CG13698,FBgn0036773
trn,-1.822446862,3.687062095,1.79234E-08,3.55088E-07,trn,FBgn0010452
CG15065,3.626267492,3.252535987,1.80221E-08,3.56262E-07,CG15065,FBgn0040734
CG5508,1.904926801,4.630294836,1.81247E-08,3.57508E-07,mino,FBgn0027579
CG11073,0.912959859,8.21552662,1.83917E-08,3.61984E-07,CG11073,FBgn0034693
Gr64b,1.407571617,4.260285282,1.93392E-08,3.79806E-07,Gr64b,FBgn0045478
Gr64c,1.433992389,4.943363004,1.96089E-08,3.84266E-07,Gr64c,FBgn0045477
CG34227,3.978073115,4.524405193,1.98404E-08,3.87962E-07,CG34227,FBgn0085256
CG4753,1.109828051,4.974608092,2.05262E-08,4.00505E-07,CG4753,FBgn0036622
CG32354,-1.459878821,4.622243037,2.07019E-08,4.03063E-07,CG32354,FBgn0052354
LpR1,2.422164688,3.34031661,2.17188E-08,4.21951E-07,LpR1,FBgn0066101
CG7582,0.89419419,5.770403788,2.27165E-08,4.40389E-07,CG7582,FBgn0039681
Cyp4ac2,1.292586385,6.836321957,2.28162E-08,4.41374E-07,Cyp4ac2,FBgn0031694
l-2-not,1.215260843,4.758407043,2.28766E-08,4.41596E-07,l(2)not,FBgn0011297
Obp57c,1.117717247,8.611537403,2.33672E-08,4.50105E-07,Obp57c,FBgn0034509
CG8036,-0.923330076,8.17566938,2.39943E-08,4.61201E-07,CG8036,FBgn0037607
CG14196,0.962209965,6.317498228,2.45595E-08,4.71063E-07,CG14196,FBgn0031002
ChLD3,-6.848598785,0.711994806,2.46752E-08,4.72279E-07,ChLD3,FBgn0032598
CG31739,-0.89188937,6.196825006,2.57887E-08,4.91646E-07,CG31739,FBgn0051739
CG9601,-1.531068542,3.972676048,2.57959E-08,4.91646E-07,CG9601,FBgn0037578
CG42286,-3.270205033,1.813710324,2.63525E-08,5.01197E-07,CG45263,FBgn0266801
Obp99c,3.114622642,4.704880243,2.74569E-08,5.21103E-07,Obp99c,FBgn0039682
CG41128,-1.270063113,4.760911245,2.95336E-08,5.59343E-07,CG41128,FBgn0069923
CG14905,-6.963914438,0.804392168,3.01978E-08,5.70726E-07,CG14905,FBgn0038452
CG6579,0.859244938,8.171932815,3.05428E-08,5.76041E-07,atilla,FBgn0032422
Cyp4ac3,3.325304927,1.65463816,3.18025E-08,5.9855E-07,Cyp4ac3,FBgn0031695
CG15293,6.159169267,2.92956625,3.20177E-08,6.00232E-07,CG15293,FBgn0028526
Unc-76,-0.830927232,7.001678324,3.20248E-08,6.00232E-07,Unc-76,FBgn0040395
CG18135,1.327296491,8.874957207,3.29087E-08,6.15521E-07,CG18135,FBgn0036837
Hsc70-2,1.386281915,4.74084017,3.41448E-08,6.37322E-07,Hsc70-2,FBgn0001217
hfw,0.92424818,5.730274508,3.48501E-08,6.49145E-07,hfw,FBgn0001189
CG6928,-1.526229872,5.182858999,3.55201E-08,6.60265E-07,CG6928,FBgn0036240
CR32314,-0.9122356,8.164516406,3.82055E-08,7.08724E-07,nSyb,FBgn0013342
Sp212,1.235458714,4.793903917,3.93148E-08,7.27807E-07,Sp212,FBgn0053329
CG12224,2.692664245,2.294183339,3.94051E-08,7.27988E-07,CG12224,FBgn0037974
CG4267,1.048564791,6.198498084,4.11744E-08,7.59122E-07,CG4267,FBgn0264979
Tsp42A,-6.660582545,0.562660407,4.15986E-08,7.6538E-07,Tsp42A,FBgn0033042
Cpr97Eb,-4.526801975,1.152487559,4.24815E-08,7.80037E-07,Cpr97Eb,FBgn0039481
CG17928,0.945542738,7.798580107,4.34155E-08,7.9557E-07,CG17928,FBgn0032603
NijA,-1.106758027,5.146944717,4.40692E-08,8.05913E-07,NijA,FBgn0036101
PGRP-LC,0.90926699,7.169157549,4.45333E-08,8.12756E-07,PGRP-LC,FBgn0035976
slgA,-0.866778701,8.469342973,4.64868E-08,8.46697E-07,slgA,FBgn0003423
OdsH,-4.919694939,0.760692736,4.66923E-08,8.4873E-07,OdsH,FBgn0026058
Nos,-2.79709349,3.189547021,4.68577E-08,8.50025E-07,Nos,FBgn0011676
CG2893,-2.351841981,3.290957241,4.83445E-08,8.75238E-07,zyd,FBgn0265767
CG17217,6.707989914,0.439973668,5.00231E-08,9.03817E-07,CG17217,FBgn0032419
Haspin,-1.211363829,4.574987101,5.18379E-08,9.34738E-07,Haspin,FBgn0046706
fu12,-0.907925378,7.768302998,5.24831E-08,9.43566E-07,fu12,FBgn0026718
CG33174,-0.852809738,6.590619851,5.25364E-08,9.43566E-07,inaE,FBgn0261244
CG30115,0.864328964,6.027422746,5.54749E-08,9.94365E-07,GEFmeso,FBgn0050115
mfas,1.015290852,7.384945983,5.83406E-08,1.04366E-06,mfas,FBgn0260745
CG40228,-1.038475054,5.210755166,5.94042E-08,1.06059E-06,CG40228,FBgn0063670
CG4000,1.48129137,5.839328672,6.03103E-08,1.07464E-06,CG4000,FBgn0038820
CG42330,1.832990531,3.33228667,6.10064E-08,1.08491E-06,Dscam4,FBgn0263219
Ubi-p5E,0.817457115,7.258149905,6.36431E-08,1.12957E-06,Ubi-p5E,FBgn0086558
CG14507,-2.816355041,1.888409495,6.5661E-08,1.1631E-06,CG14507,FBgn0039655
CG30151,2.814386903,2.300017479,6.60352E-08,1.16744E-06,CG30151,FBgn0050151
Fas1,-0.989054449,9.110435577,6.73565E-08,1.1864E-06,Fas1,FBgn0262742
myoglianin,-0.814234267,6.308202715,6.73702E-08,1.1864E-06,myo,FBgn0026199
CG15506,1.069707816,5.808100828,7.0601E-08,1.2392E-06,CG15506,FBgn0039686
Idgf1,1.564994476,4.780645366,7.0643E-08,1.2392E-06,Idgf1,FBgn0020416
sprt,0.833534724,6.189343739,7.34755E-08,1.28639E-06,sprt,FBgn0082585
CG33523,0.851476615,7.224892557,8.03622E-08,1.40424E-06,Vap-33B,FBgn0053523
CG9603,-0.897545506,8.574976564,8.08024E-08,1.40921E-06,CG9603,FBgn0040529
CG11317,-1.7381467,3.721964079,8.50478E-08,1.48039E-06,CG11317,FBgn0039816
CG8800,-4.921008374,0.760731625,8.58326E-08,1.49118E-06,CG8800,FBgn0033408
CG17122,-1.545907258,3.825370509,8.84113E-08,1.53303E-06,CG17122,FBgn0036962
CG6424,-0.818611567,7.46015125,8.91123E-08,1.54222E-06,CG6424,FBgn0028494
CG34306,-1.628973946,4.585780412,9.13783E-08,1.57842E-06,Cdep,FBgn0265082
CG32364,2.45052081,2.651113387,9.25286E-08,1.59523E-06,CG32364,FBgn0052364
CG14523,1.517043497,4.176475421,9.84848E-08,1.69469E-06,CG14523,FBgn0039612
CG6357,-1.188356389,7.034038072,9.9166E-08,1.70317E-06,CG6357,FBgn0033875
Tpi,0.894309032,8.284686887,1.00497E-07,1.72276E-06,Tpi,FBgn0086355
CG3837,-1.604280666,4.6115496,1.02678E-07,1.75681E-06,Sdr,FBgn0038279
CG15628,-1.181243174,6.53320349,1.03008E-07,1.75912E-06,CG15628,FBgn0031632
CG14693,-3.112469177,1.685282998,1.11939E-07,1.90802E-06,CG14693,FBgn0037837
CG17119,2.201680963,2.480989555,1.12173E-07,1.90842E-06,CG17119,FBgn0039045
CAH1,-0.867690711,7.400950906,1.13985E-07,1.93561E-06,CAH1,FBgn0027844
CG9650,-3.352026911,1.744157674,1.21828E-07,2.0649E-06,CG9650,FBgn0029939
CG3280,2.523517894,2.100946177,1.2498E-07,2.11436E-06,CG3280,FBgn0036017
ths,-1.201429231,4.654297863,1.32098E-07,2.2306E-06,ths,FBgn0033652
CG15544,3.210332269,1.781020552,1.38042E-07,2.32663E-06,CG15544,FBgn0039804
robo3,-1.248820252,4.356589133,1.43607E-07,2.41588E-06,robo3,FBgn0041097
oho23B,0.825115128,8.295938227,1.43872E-07,2.41588E-06,RpS21,FBgn0015521
CG4627,1.670655763,3.392295885,1.54548E-07,2.59033E-06,CG4627,FBgn0033808
CG10514,-3.600750154,2.685159162,1.55024E-07,2.59349E-06,CG10514,FBgn0039312
phr,-1.678812253,3.880493098,1.56075E-07,2.60625E-06,phr,FBgn0003082
Stlk,-1.08787345,5.363738175,1.58205E-07,2.63695E-06,Stlk,FBgn0046692
CHOp24,0.75503055,6.857581347,1.66925E-07,2.77716E-06,CHOp24,FBgn0029709
CG5791,1.195574772,5.713610959,1.6728E-07,2.77796E-06,CG5791,FBgn0040582
CG15545,-4.458370888,1.092055382,1.69143E-07,2.80374E-06,CG15545,FBgn0039806
PGRP-LF,1.507291793,4.470524662,1.70045E-07,2.81353E-06,PGRP-LF,FBgn0035977
CG30345,1.414919809,4.203527468,1.75655E-07,2.90103E-06,CG30345,FBgn0050345
CG17639,0.850514846,8.519778597,1.78883E-07,2.94895E-06,GstD11,FBgn0038029
rho,-1.694711475,3.834559542,1.88049E-07,3.09442E-06,rho,FBgn0004635
Cyp28d1,1.689511957,4.679130645,1.89783E-07,3.11728E-06,Cyp28d1,FBgn0031689
CG31728,3.234452503,1.738448519,1.95611E-07,3.20716E-06,CG31728,FBgn0051728
CG40378,-3.063716661,1.669995995,2.00054E-07,3.27407E-06,CG40378,FBgn0058378
CG32447,-1.35794676,5.818498625,2.10501E-07,3.43881E-06,CG32447,FBgn0052447
CG33138,0.814910212,6.751220832,2.12594E-07,3.46673E-06,AGBE,FBgn0053138
CG5112,0.873236318,5.741474872,2.13086E-07,3.4685E-06,CG5112,FBgn0039341
CG34372,-3.077549132,1.844434353,2.14402E-07,3.48365E-06,CG43795,FBgn0264339
CG9391,0.800601435,6.135229713,2.17352E-07,3.52525E-06,CG9391,FBgn0037063
salm,-1.454705793,3.948012958,2.20125E-07,3.56382E-06,salm,FBgn0261648
CG31176,-1.573624511,3.708923768,2.22603E-07,3.59748E-06,CG31176,FBgn0051176
Cyt-b5-r,6.716813548,4.457009812,2.2538E-07,3.63587E-06,Cyt-b5-r,FBgn0000406
CG6329,-0.999833078,6.544896104,2.28262E-07,3.67527E-06,CG6329,FBgn0033872
Dhc36C,-1.549924575,4.420675351,2.28636E-07,3.67527E-06,Dhc36C,FBgn0013810
CG32372,-0.882515988,6.408923526,2.45781E-07,3.94385E-06,ltl,FBgn0052372
roX2,-2.148622273,3.563350969,2.47107E-07,3.95809E-06,roX2,FBgn0019660
pgant2,-1.065252633,4.875555398,2.57483E-07,4.11699E-06,pgant2,FBgn0031530
RPA2,-1.818580609,3.067711287,2.61282E-07,4.17036E-06,RPA2,FBgn0032906
Yp1,6.076594501,10.20774534,2.70662E-07,4.31245E-06,Yp1,FBgn0004045
glec,-0.841047616,6.650314728,2.7946E-07,4.44479E-06,glec,FBgn0015229
CG31619,-1.28722066,4.376173652,2.80618E-07,4.45007E-06,CG31619,FBgn0051619
CG17018,1.68762401,3.522519583,2.80777E-07,4.45007E-06,CG17018,FBgn0039972
CG3339,-1.688303388,5.992509633,2.8587E-07,4.52285E-06,CG3339,FBgn0039510
CG5778,1.237027552,6.076260329,2.88809E-07,4.56136E-06,CG5778,FBgn0038930
CG31769,1.467041818,5.40694618,2.92092E-07,4.60517E-06,CG31769,FBgn0051769
CG32462,-2.340994954,2.468486984,3.01678E-07,4.74802E-06,CG32462,FBgn0052462
CG16798,3.301941635,1.180937754,3.07817E-07,4.8362E-06,CG16798,FBgn0032856
CG9363,1.243158326,5.808225469,3.09665E-07,4.85679E-06,GstZ2,FBgn0037697
CG12290,-0.878566532,8.199135898,3.16872E-07,4.96122E-06,CG12290,FBgn0039419
Lasp,-0.84162056,7.673558669,3.19719E-07,4.99713E-06,Lasp,FBgn0063485
CG11163,1.339410023,4.230484014,3.5347E-07,5.51511E-06,ZnT41F,FBgn0025693
Inos,0.880681972,7.946504338,3.64484E-07,5.67715E-06,Inos,FBgn0025885
CR33328,-0.85850684,7.339779657,3.67932E-07,5.72099E-06,sqd,FBgn0263396
CG40084,-0.85385125,6.151396139,3.78481E-07,5.87491E-06,uex,FBgn0262124
CG2650,3.125633123,3.529072388,3.99425E-07,6.18938E-06,CG2650,FBgn0000092
ry,1.379337446,4.144241197,4.04149E-07,6.25024E-06,ry,FBgn0003308
CG10035,1.052971394,5.415245142,4.04737E-07,6.25024E-06,CG10035,FBgn0038028
DppIII,-0.816334589,6.564050436,4.08946E-07,6.30446E-06,DppIII,FBgn0037580
CG17271,0.841971998,5.963982522,4.20083E-07,6.46512E-06,CG17271,FBgn0038829
exu,-2.324409915,2.408975155,4.22195E-07,6.48658E-06,exu,FBgn0000615
CG15201,1.276040625,6.187362372,4.27606E-07,6.55857E-06,CG15201,FBgn0030272
dpr5,-1.686592084,3.499617851,4.39427E-07,6.72845E-06,dpr5,FBgn0037908
f,-1.402577846,4.160118403,4.42456E-07,6.76336E-06,f,FBgn0262111
CG3973,-0.996911879,5.651012467,4.55837E-07,6.95614E-06,pigs,FBgn0029881
CG33493,2.210669267,3.10951987,4.58088E-07,6.9787E-06,CG33493,FBgn0053493
Ance-5,3.105677617,2.856053409,4.63854E-07,7.05464E-06,Ance-5,FBgn0035076
CG2233,5.044140609,6.046731946,4.65774E-07,7.07194E-06,CG2233,FBgn0029990
CG4164,0.785867437,6.21159995,4.87563E-07,7.39034E-06,CG4164,FBgn0031256
CG31663,-1.81897163,3.375536613,5.0515E-07,7.64112E-06,CG31663,FBgn0051663
CG5048,-3.501974933,1.596243853,5.05799E-07,7.64112E-06,CG5048,FBgn0036437
mid,-0.758674306,6.322459922,5.0942E-07,7.68297E-06,mid,FBgn0261963
CG6225,-1.002605849,5.307661086,5.73308E-07,8.63211E-06,CG6225,FBgn0038072
CG34056,1.295228466,4.407056947,5.74746E-07,8.63936E-06,CG34056,FBgn0054056
Gprk1,-0.768662993,6.189298705,5.7609E-07,8.64518E-06,Gprk1,FBgn0260798
CG1756,-3.290213797,1.336109037,5.80747E-07,8.70062E-06,CG43155,FBgn0262685
l-2-03659,2.864403546,1.71557609,5.83951E-07,8.72479E-06,l(2)03659,FBgn0010549
CG13408,-2.04936149,2.539359991,5.84292E-07,8.72479E-06,CG13408,FBgn0038929
CG15553,-1.766839034,4.458801379,6.04936E-07,9.01813E-06,CG15553,FBgn0039817
Irp-1B,0.815378171,8.013378023,6.19419E-07,9.21883E-06,Irp-1B,FBgn0024957
CG7296,2.365894787,3.694415889,6.25561E-07,9.29494E-06,CG7296,FBgn0032283
CG11594,1.242012317,4.954599488,6.31642E-07,9.36987E-06,CG11594,FBgn0035484
CG30080,1.79874726,3.396052639,6.33685E-07,9.38476E-06,CG30080,FBgn0050080
CG2065,1.047402693,7.880154351,6.67521E-07,9.86969E-06,CG2065,FBgn0033204
DNApol-iota,-1.240101363,4.12554245,7.11193E-07,1.04982E-05,DNApol-iota,FBgn0037554
CG31846,-1.423494539,3.99568092,7.41894E-07,1.09336E-05,CG42784,FBgn0263354
CG13315,4.921891338,3.729258657,7.45116E-07,1.09632E-05,CG13315,FBgn0040827
CG32412,-1.271706673,4.543935364,7.50211E-07,1.10202E-05,QC,FBgn0052412
Tsp97E,-0.845738843,6.221722332,7.61143E-07,1.11626E-05,Tsp97E,FBgn0039465
CG2004,1.089418281,5.477464732,7.68313E-07,1.12495E-05,CG2004,FBgn0030060
CG31445,1.263678763,4.757765249,7.82321E-07,1.14361E-05,CG31445,FBgn0051445
CG9270,3.192110065,1.389002603,8.10916E-07,1.18349E-05,CG9270,FBgn0032908
CG2930,-0.844410444,7.052592073,8.17008E-07,1.19046E-05,CG2930,FBgn0028491
CG8925,-0.767838963,7.311274709,8.19869E-07,1.1927E-05,CG8925,FBgn0038404
Sodh-1,5.267339322,1.704209236,8.4804E-07,1.2317E-05,Sodh-1,FBgn0024289
CG10211,3.370894205,3.409371825,8.65306E-07,1.25476E-05,CG10211,FBgn0032685
VAChT,-0.931503253,7.732672427,8.73852E-07,1.26512E-05,VAChT,FBgn0015323
Nplp2,5.330194281,5.888199056,9.08993E-07,1.31389E-05,Nplp2,FBgn0040813
syt,-0.836515185,7.660959246,9.209E-07,1.32872E-05,Syt1,FBgn0004242
CG5961,1.131204259,4.549844502,9.23493E-07,1.32872E-05,CG5961,FBgn0038056
CR30009,-3.891652093,1.395285059,9.23664E-07,1.32872E-05,CR30009,FBgn0050009
CG3770,-1.393005728,4.936055775,9.33746E-07,1.34109E-05,CG3770,FBgn0035085
CG15083,0.989573662,5.220714133,9.36153E-07,1.34241E-05,CG15083,FBgn0034399
CG9631,1.115408496,5.28068458,9.74662E-07,1.39542E-05,CG9631,FBgn0027563
Pka-C1,-0.786350746,8.264591917,9.82589E-07,1.40454E-05,Pka-C1,FBgn0000273
l-1-G0469,-1.184324164,4.446128598,9.89673E-07,1.41243E-05,l(1)G0469,FBgn0040153
CG6045,0.862248557,10.53907171,9.96541E-07,1.41999E-05,CG6045,FBgn0038349
CG4467,-1.043473188,4.936050392,1.00723E-06,1.43297E-05,CG4467,FBgn0039064
Obp57b,0.830211964,5.54014357,1.06715E-06,1.51583E-05,Obp57b,FBgn0043534
CG4827,-0.877061694,8.774638281,1.09966E-06,1.55954E-05,veil,FBgn0034225
CG8300,0.814854672,6.799696824,1.11152E-06,1.5739E-05,CG8300,FBgn0029937
Yp3,6.234159322,9.731142655,1.1598E-06,1.6397E-05,Yp3,FBgn0004047
CG10908,0.765497887,6.311187616,1.16651E-06,1.64661E-05,Der-1,FBgn0031376
CG11200,1.129496365,5.579992026,1.17517E-06,1.65624E-05,CG11200,FBgn0034500
CG6776,0.777940794,7.639651919,1.21677E-06,1.7122E-05,GstO3,FBgn0035904
CG11760,-1.067814512,4.668611122,1.22454E-06,1.72046E-05,CG11760,FBgn0037615
CG7991,-3.594994394,0.808947786,1.26819E-06,1.77901E-05,CG7991,FBgn0035260
Sxl,-1.136802637,4.679699876,1.27544E-06,1.78641E-05,Sxl,FBgn0264270
CG2681,-3.025655394,1.28268238,1.29502E-06,1.80973E-05,CG2681,FBgn0024997
CG34370,-1.227503221,4.701637425,1.29609E-06,1.80973E-05,CG34370,FBgn0085399
argos,-0.871111374,5.514713082,1.31295E-06,1.82816E-05,aos,FBgn0004569
knrl,-0.939448809,5.253051376,1.31334E-06,1.82816E-05,knrl,FBgn0001323
Ugt86Da,0.762732638,8.760296487,1.33464E-06,1.85494E-05,Ugt86Da,FBgn0040259
TepIV,1.11268723,9.069394406,1.34291E-06,1.86357E-05,Tep4,FBgn0041180
CG16772,1.260378619,5.775135476,1.3841E-06,1.91778E-05,CG16772,FBgn0032835
CG10616,0.735452764,6.055441017,1.4697E-06,2.03328E-05,CG10616,FBgn0036286
CG31313,0.993761259,8.297321936,1.53548E-06,2.12102E-05,CG31313,FBgn0051313
CG32150,-0.77364644,6.228288632,1.58658E-06,2.18828E-05,CG32150,FBgn0052150
Ugt36Bc,0.770974622,7.949902985,1.60787E-06,2.21425E-05,Ugt36Bc,FBgn0040260
dpr20,-0.788090658,5.665283336,1.61763E-06,2.22431E-05,dpr20,FBgn0035170
CG6746,0.699545344,6.898923091,1.64697E-06,2.2612E-05,CG6746,FBgn0032394
CG17664,-1.940201433,3.426089058,1.66455E-06,2.28188E-05,CG17664,FBgn0034883
CG34035,1.651483002,6.584118939,1.67282E-06,2.28973E-05,"CG42821 , CG42822","FBgn0262003 , FBgn0262004"
ScpX,0.740184656,7.217078605,1.68145E-06,2.29807E-05,ScpX,FBgn0015808
CG32816,-2.669818879,1.576102433,1.68877E-06,2.30458E-05,CG32816,FBgn0052816
CG31937,0.739990561,5.978774941,1.71101E-06,2.33141E-05,CG31937,FBgn0031360
bab2,-0.809340577,7.376107117,1.71635E-06,2.33517E-05,bab2,FBgn0025525
CG15088,-2.118016393,2.674586612,1.76994E-06,2.40445E-05,List,FBgn0034381
cbt,-0.746350085,6.523209571,1.7906E-06,2.42887E-05,cbt,FBgn0043364
Cyp12a4,0.843807722,6.309610058,1.79417E-06,2.43007E-05,Cyp12a4,FBgn0038681
Cyp4p2,2.080547602,2.559723883,1.84532E-06,2.4956E-05,Cyp4p2,FBgn0033395
shep,-0.720706601,6.970348197,1.86466E-06,2.51798E-05,shep,FBgn0052423
GstD10,1.321720366,4.005682114,1.89793E-06,2.55887E-05,GstD10,FBgn0042206
Mis12,-2.147340907,2.626308925,1.9006E-06,2.55887E-05,Mis12,FBgn0035725
PebIII,0.891788591,12.68653032,1.91748E-06,2.57776E-05,PebIII,FBgn0011695
flw,-0.789562962,5.869622966,1.93854E-06,2.6022E-05,flw,FBgn0000711
CG17572,-0.72541831,6.322178728,1.95876E-06,2.62543E-05,CG17572,FBgn0032753
CG31321,1.343849009,4.617130629,1.96647E-06,2.63187E-05,CG31321,FBgn0051321
CG15772,-1.139211019,4.413404158,1.98493E-06,2.65264E-05,CG15772,FBgn0029799
CG15740,-2.276679276,2.377285236,1.99526E-06,2.66251E-05,CG15740,FBgn0030340
beat-IIIb,-1.4475607,3.545544037,1.99967E-06,2.66446E-05,beat-IIIb,FBgn0053179
CG32207,-2.532299628,1.576987284,2.01578E-06,2.68069E-05,CR32207,FBgn0052207
Rdl,-1.231492557,4.773702693,2.01778E-06,2.68069E-05,Rdl,FBgn0004244
CG32006,-0.786040723,6.603268098,2.03818E-06,2.70381E-05,CG32006,FBgn0052006
Arc2,1.250979604,4.277407549,2.04504E-06,2.70892E-05,Arc2,FBgn0033928
CG42392,-2.668234851,1.57499263,2.12096E-06,2.80538E-05,CG42392,FBgn0259738
Fit2,-1.516940347,3.934421906,2.13604E-06,2.8212E-05,Fit2,FBgn0036688
bsf,-0.724591096,6.825163203,2.4069E-06,3.17349E-05,bsf,FBgn0032679
CG34155,-2.322955483,2.267353543,2.4098E-06,3.17349E-05,CG34155,FBgn0083991
Cyp6a23,1.105290917,5.113869575,2.43151E-06,3.19742E-05,Cyp6a23,FBgn0033978
CG10178,0.831977785,7.263969786,2.44808E-06,3.21453E-05,CG10178,FBgn0032684
Gr64a,1.902615709,2.260454073,2.47398E-06,3.24099E-05,Gr64a,FBgn0045479
Tdc1,-1.418993053,4.118347263,2.47541E-06,3.24099E-05,Tdc1,FBgn0259977
RpLP1,0.803785932,9.827240165,2.49317E-06,3.25952E-05,RpLP1,FBgn0002593
CG17493,-0.794750145,6.044960386,2.49886E-06,3.26223E-05,CG17493,FBgn0040010
CG1894,-3.972352136,1.172302892,2.53425E-06,3.30367E-05,CG1894,FBgn0039585
mthl4,2.117155566,1.892448161,2.55457E-06,3.32535E-05,mthl4,FBgn0034219
CG9699,-0.72270709,6.406948615,2.71356E-06,3.52724E-05,Sep4,FBgn0259923
CG13855,-2.545916742,2.922788565,2.82878E-06,3.67173E-05,CG13855,FBgn0038960
CG8369,-1.055768896,9.866565594,2.89028E-06,3.74616E-05,CG8369,FBgn0040532
CG15765,-1.61942654,3.835695697,2.94869E-06,3.8164E-05,CG15765,FBgn0029814
p120ctn,-0.732452504,6.310353386,2.95906E-06,3.82434E-05,p120ctn,FBgn0260799
Cys,0.943423598,7.889747264,2.99227E-06,3.86173E-05,Cys,FBgn0004629
Ir,-1.465965771,4.410485807,3.04648E-06,3.92061E-05,Irk1,FBgn0265042
CG7236,0.762604801,7.850595197,3.04656E-06,3.92061E-05,CG7236,FBgn0031730
pho,-0.766362905,5.537242971,3.0619E-06,3.93474E-05,pho,FBgn0002521
Updo,0.79499811,7.48044318,3.08638E-06,3.96056E-05,Updo,FBgn0033428
CG4623,-0.852774352,5.522253046,3.09366E-06,3.96427E-05,CG4623,FBgn0035587
CG13841,1.086135469,5.248290622,3.10616E-06,3.97465E-05,CG13841,FBgn0040588
CG12835,-1.776657079,2.61430812,3.15289E-06,4.02874E-05,esn,FBgn0263934
Fmo-2,0.760725297,6.509504168,3.21784E-06,4.10593E-05,Fmo-2,FBgn0033079
nAcRalpha-80B,-1.888721661,2.644139843,3.22765E-06,4.11264E-05,nAChRalpha4,FBgn0266347
CG15270,-0.784213593,6.807744475,3.29046E-06,4.18677E-05,CG15270,FBgn0028879
lea,-2.151024357,3.359230874,3.30538E-06,4.19983E-05,lea,FBgn0002543
CG8032,-0.748266507,5.6977965,3.32642E-06,4.22063E-05,CG8032,FBgn0037606
shakB,-2.315067608,2.26622369,3.34142E-06,4.23372E-05,shakB,FBgn0085387
Corin,1.873033315,2.836443142,3.37484E-06,4.27007E-05,Corin,FBgn0033192
CG3036,1.706706496,5.433313507,3.40632E-06,4.30388E-05,CG3036,FBgn0031645
Rgl,-0.769410984,6.844004931,3.52501E-06,4.44347E-05,Rgl,FBgn0026376
CG9766,-1.815278908,3.219472132,3.52664E-06,4.44347E-05,CG9766,FBgn0037229
CG4716,5.901291757,4.860000397,3.69255E-06,4.64603E-05,CG4716,FBgn0033820
CG12643,0.830447771,6.272770681,3.74928E-06,4.71084E-05,CG12643,FBgn0040942
CG9555,0.820232919,5.43875595,3.94828E-06,4.95399E-05,CG9555,FBgn0032085
l-2-05070,0.681638823,7.015684724,3.99709E-06,5.00828E-05,Prosbeta1,FBgn0010590
dnc,-0.726254317,6.886200768,4.05342E-06,5.07183E-05,dnc,FBgn0000479
CG5946,0.727939422,8.955667818,4.06199E-06,5.07552E-05,CG5946,FBgn0036211
Sptr,0.695615888,6.526245516,4.06943E-06,5.07683E-05,Sptr,FBgn0014032
CG3376,-1.046213519,5.190421401,4.07428E-06,5.07683E-05,CG3376,FBgn0034997
yellow-f2,0.8541986,5.395661152,4.17706E-06,5.1932E-05,yellow-f2,FBgn0038105
CG15515,-1.939275142,3.200955949,4.17917E-06,5.1932E-05,CG15515,FBgn0039719
CG32369,-0.791079298,6.335454162,4.48055E-06,5.56007E-05,CG32369,FBgn0052369
CG7433,-0.890451701,6.274812281,4.52909E-06,5.61259E-05,CG7433,FBgn0036927
CG12986,-6.06235503,0.125852112,4.68969E-06,5.80365E-05,CG12986,FBgn0030868
Cyp6w1,0.925039979,12.21265051,4.71794E-06,5.83063E-05,Cyp6w1,FBgn0033065
CG7356,1.285521611,5.269295489,4.74769E-06,5.85937E-05,Tg,FBgn0031975
CG4612,-0.776582494,6.318887368,4.89581E-06,6.03393E-05,CG4612,FBgn0035016
CG32169,-0.779285487,7.989347295,4.99735E-06,6.15069E-05,Rbp6,FBgn0260943
Pli,-0.683511124,6.869081639,5.06073E-06,6.22023E-05,Pli,FBgn0025574
Task7,-3.849015541,0.588084198,5.33751E-06,6.5515E-05,Task7,FBgn0037690
Gef64C,-2.112410295,3.033514567,5.35035E-06,6.55835E-05,RhoGEF64C,FBgn0035574
CG6543,-0.728012074,5.824426952,5.48278E-06,6.71158E-05,CG6543,FBgn0033879
scyl,-0.758761924,7.942002404,5.54508E-06,6.77865E-05,scyl,FBgn0041094
CG30440,-1.013766193,5.286578761,5.56123E-06,6.78921E-05,CG30440,FBgn0050440
CG41026,-4.023108003,0.692782046,5.57202E-06,6.7932E-05,CG41026,FBgn0085557
CG7860,-3.650140481,1.972304827,5.58988E-06,6.80579E-05,CG7860,FBgn0030653
Gel,0.948273321,7.494906361,5.69049E-06,6.91896E-05,Gel,FBgn0010225
CR30068,-1.058493894,5.119892403,5.70758E-06,6.93041E-05,Ih,FBgn0263397
CG16836,2.922563011,1.882320008,6.02901E-06,7.31088E-05,CG16836,FBgn0040735
numb,-0.68839554,7.230602514,6.07409E-06,7.35568E-05,numb,FBgn0002973
CG41129,-2.879198818,1.571572036,6.15777E-06,7.44703E-05,CG41129,FBgn0069922
CG30197,0.802352201,10.07847466,6.39752E-06,7.72663E-05,CG30197,FBgn0050197
yellow-e,-1.86104598,4.356104936,6.4705E-06,7.80434E-05,yellow-e,FBgn0041711
Thor,2.176488113,4.435617921,6.48886E-06,7.81605E-05,Thor,FBgn0261560
CG13003,-1.963676824,3.191384662,6.83521E-06,8.22228E-05,CG13003,FBgn0030798
RpL8,0.771091949,10.15363983,7.2113E-06,8.66314E-05,RpL8,FBgn0261602
ppk,1.693765137,3.934645101,7.30149E-06,8.75985E-05,ppk,FBgn0020258
CG7568,-3.19563185,1.596791075,7.36957E-06,8.8298E-05,CG7568,FBgn0039673
RpL31,0.749553035,9.205581119,7.6161E-06,9.11309E-05,RpL31,FBgn0025286
CG11892,-3.913881941,1.073787208,7.7644E-06,9.27825E-05,CG11892,FBgn0039313
CG13332,1.359028097,4.19107087,7.78897E-06,9.29532E-05,CG13332,FBgn0033851
Rab3,-0.754759277,7.5940307,7.81472E-06,9.31374E-05,Rab3,FBgn0005586
Cyp6a2,-0.915766535,10.44430722,7.89028E-06,9.39141E-05,Cyp6a2,FBgn0000473
Eaat2,-0.701390306,9.619882038,8.19772E-06,9.74136E-05,Eaat2,FBgn0026438
p16-ARC,0.900149211,5.121816761,8.20586E-06,9.74136E-05,Arpc5,FBgn0031437
king-tubby,-0.712351896,5.797596499,8.37207E-06,9.92563E-05,ktub,FBgn0015721
DptB,4.953829714,4.394989353,8.47898E-06,0.000100392,DptB,FBgn0034407
CG6006,-1.445354793,3.379576614,8.71549E-06,0.000103057,CG6006,FBgn0063649
CG33178,0.726255391,8.724528124,8.73836E-06,0.000103193,CG33178,FBgn0053178
CG10383,0.742473495,5.961062853,8.77259E-06,0.000103462,CG10383,FBgn0032699
l-2-k16918,-0.735682697,6.326982602,9.09555E-06,0.000107065,Reph,FBgn0021800
CG3434,-1.083567351,4.885381082,9.10183E-06,0.000107065,CG3434,FBgn0036000
CG7601,0.705759599,5.830280813,9.43964E-06,0.000110894,CG7601,FBgn0027583
Cyp49a1,-1.773385079,2.835881661,9.47875E-06,0.000111209,Cyp49a1,FBgn0033524
Tps1,5.64086956,4.509822122,9.51015E-06,0.000111433,Tps1,FBgn0027560
Spp,0.698873623,6.339530545,9.53994E-06,0.000111637,Spp,FBgn0031260
CG4420,0.678939309,6.11715395,9.64292E-06,0.000112696,rngo,FBgn0030753
G-oalpha47A,-0.731782851,6.85632672,9.74328E-06,0.000113722,Galphao,FBgn0001122
CG4210,-2.059948607,2.348897688,9.8939E-06,0.000115331,CG4210,FBgn0038302
CG34366,-2.973957152,1.272588516,9.95229E-06,0.000115862,Shawl,FBgn0085395
CG15678,1.634318112,4.363798765,9.96728E-06,0.000115887,pirk,FBgn0034647
Jheh1,0.850538775,9.589464534,1.0055E-05,0.000116757,Jheh1,FBgn0010053
CG33289,0.935992929,4.748094543,1.00858E-05,0.000116964,ppk5,FBgn0053289
CG6206,0.95911734,6.479929502,1.01296E-05,0.000117268,LM408,FBgn0027611
Eip63F-1,-0.9337275,4.787237784,1.0138E-05,0.000117268,Eip63F-1,FBgn0004910
CG30033,-2.886820672,2.577036028,1.01994E-05,0.000117827,CG30033,FBgn0050033
CG11951,0.951007022,6.178583004,1.02155E-05,0.000117864,CG11951,FBgn0039656
l-3-neo26,-1.430919696,3.316740388,1.04156E-05,0.000119903,HipHop,FBgn0036815
CG30203,-2.288903715,3.120490452,1.04189E-05,0.000119903,CG30203,FBgn0050203
CG8329,9.019054569,7.125102838,1.07188E-05,0.000123198,CG8329,FBgn0036022
CG16713,-1.636206238,5.06765942,1.08122E-05,0.000124114,CG16713,FBgn0031560
CG3415,0.677037819,7.699272795,1.09713E-05,0.00012578,Mfe2,FBgn0030731
CG9267,0.876084086,5.002148389,1.10791E-05,0.000126855,CG9267,FBgn0032524
pros,-0.706875997,7.089118407,1.11979E-05,0.000128053,pros,FBgn0004595
CG2750,1.95691442,1.933634044,1.13083E-05,0.000129152,CG2750,FBgn0030376
ade5,1.201745539,4.69102577,1.1451E-05,0.000130616,ade5,FBgn0020513
CG17597,1.021368171,4.475845036,1.16344E-05,0.000132542,CG17597,FBgn0032715
PGRP-LA,0.77740112,5.45938395,1.18203E-05,0.000134323,PGRP-LA,FBgn0035975
stck,-0.679806471,6.04278465,1.18206E-05,0.000134323,stck,FBgn0020249
CG5590,0.681895819,6.313583868,1.18553E-05,0.000134548,CG5590,FBgn0039537
Syn,-0.721205641,7.304105065,1.19623E-05,0.000135593,Syn,FBgn0004575
CG31826,-2.202831208,1.895555094,1.22128E-05,0.000138258,CG31826,FBgn0051826
Mdr65,-1.489711613,5.17397257,1.22455E-05,0.00013834,Mdr65,FBgn0004513
CR31808,-1.092831189,6.769194396,1.22506E-05,0.00013834,CG31808,FBgn0062978
RpL32,0.741699029,9.390602384,1.25113E-05,0.000141107,RpL32,FBgn0002626
Nep4,-0.944069005,7.284139299,1.25515E-05,0.000141384,Nep4,FBgn0038818
CG30291,0.69375984,5.794372336,1.28833E-05,0.000144941,CG30291,FBgn0050291
Rad21,-0.727743414,5.973247335,1.33497E-05,0.000150001,vtd,FBgn0260987
CG3812,-0.746803824,5.960042054,1.33905E-05,0.000150273,CG3812,FBgn0030421
CG14232,0.729686016,5.753615532,1.36609E-05,0.000153117,CG14232,FBgn0031061
sNPF,-0.683842547,7.607128434,1.37093E-05,0.000153469,sNPF,FBgn0032840
psh,1.450647772,4.550503337,1.39155E-05,0.000155423,psh,FBgn0030926
CG32204,-1.527371395,2.993003981,1.39182E-05,0.000155423,CG32204,FBgn0052204
hoe2,0.729674433,5.865577395,1.39708E-05,0.000155729,hoe2,FBgn0031649
CG9449,0.839793232,10.31467579,1.39801E-05,0.000155729,CG9449,FBgn0036875
CG3081,-3.292311697,0.848168749,1.4128E-05,0.000157183,CG3081,FBgn0025613
RpL19,0.70475428,9.819529018,1.41575E-05,0.000157317,RpL19,FBgn0002607
CG42258,-0.674704602,6.75129397,1.4186E-05,0.00015744,CG42258,FBgn0259143
Atf6,-0.688846828,5.986175152,1.42048E-05,0.000157455,Atf6,FBgn0033010
CG6972,1.573035773,2.609906011,1.43135E-05,0.000158466,CG6972,FBgn0039008
CG31207,0.739328612,6.530444027,1.44712E-05,0.000160015,CG31207,FBgn0051207
CG2219,-0.722668195,5.949122698,1.44934E-05,0.000160065,Arl4,FBgn0039889
bnb,0.951320305,6.399998736,1.46314E-05,0.000161392,bnb,FBgn0001090
CG11353,-4.769393849,0.689127896,1.49557E-05,0.000164769,CG11353,FBgn0035557
CG17778,0.729293381,7.218618047,1.50003E-05,0.000165058,CG17778,FBgn0023534
inx2,-1.088848881,6.040074255,1.52817E-05,0.00016795,Inx2,FBgn0027108
VhaSFD,-0.770999005,9.12598921,1.54054E-05,0.000169103,VhaSFD,FBgn0027779
CG1702,0.935382721,4.649458943,1.54985E-05,0.000169919,GstT3,FBgn0031117
Tsp42Ed,-0.729727747,7.55547327,1.58387E-05,0.000173257,Tsp42Ed,FBgn0029507
CG31690,-1.482936456,3.792012653,1.58413E-05,0.000173257,CG31690,FBgn0051690
synaptogyrin,-0.72151695,7.729973578,1.66211E-05,0.000181496,Syngr,FBgn0033876
CG1943,-0.775552081,6.113169747,1.66348E-05,0.000181496,CG1943,FBgn0037468
CG12428,0.756915141,5.70334161,1.66588E-05,0.000181538,CG12428,FBgn0039543
CG32032,-0.94701029,5.458525932,1.6737E-05,0.000182171,CG32032,FBgn0043806
Jhe,1.396422617,6.63910496,1.70265E-05,0.000185014,Jhe,FBgn0010052
Parp,-0.903067989,5.10418078,1.70391E-05,0.000185014,Parp,FBgn0010247
CG4329,-1.706933653,2.934795367,1.70814E-05,0.00018525,CG4329,FBgn0034745
CG13715,-2.209342002,1.779887861,1.73745E-05,0.000188203,axo,FBgn0262870
Cyp4e1,0.942436033,5.345254149,1.75573E-05,0.000189955,Cyp4e1,FBgn0015034
Ect3,2.306571428,1.96940186,1.77552E-05,0.000191866,Ect3,FBgn0260746
CG7530,1.014129799,4.462380561,1.79108E-05,0.000193317,CG7530,FBgn0038256
CG15828,4.857389153,4.032775693,1.81988E-05,0.000196191,Apoltp,FBgn0032136
CG31217,0.695471178,6.855237575,1.8597E-05,0.000200245,modSP,FBgn0051217
CG9231,-0.655666228,6.001277197,1.87677E-05,0.000201842,CG9231,FBgn0036887
Hf,0.840069988,8.094753936,1.91477E-05,0.000205684,Hf,FBgn0014000
CG12814,-0.676574904,6.806202244,1.91726E-05,0.000205707,CG12814,FBgn0037796
antdh,0.918928282,12.87997188,1.92247E-05,0.000206022,antdh,FBgn0026268
CG32694,-0.816077648,7.64569014,1.92579E-05,0.000206132,CG32694,FBgn0052694
CG5009,0.677229701,8.344311367,1.96623E-05,0.000210212,CG5009,FBgn0027572
mRpS5,-0.809553268,5.315245562,1.98112E-05,0.000211554,mRpS5,FBgn0044510
CG3191,0.886708848,4.802458274,2.00318E-05,0.000213657,CG3191,FBgn0023525
RpS5a,0.682027532,9.386540151,2.05319E-05,0.000218695,RpS5a,FBgn0002590
dpr9,-0.796266725,5.396626262,2.05526E-05,0.000218695,dpr9,FBgn0038282
CG8858,0.681703135,6.168953943,2.09997E-05,0.00022319,CG8858,FBgn0033698
CG34353,-1.688842741,2.833914461,2.25289E-05,0.000239161,CG34353,FBgn0085382
Orct2,0.85265217,5.528556794,2.2722E-05,0.000240928,Orct2,FBgn0086365
CG9577,0.789977499,5.600421646,2.32306E-05,0.000246032,CG9577,FBgn0031092
Pdp1,-0.681280129,7.772645151,2.33143E-05,0.000246355,Pdp1,FBgn0016694
TRAM,0.87383905,5.117278698,2.33157E-05,0.000246355,TRAM,FBgn0040340
Pros26,0.660809676,7.096382172,2.33591E-05,0.000246526,Prosbeta6,FBgn0002284
CG16998,-2.818125939,0.956925814,2.34045E-05,0.000246717,CG16998,FBgn0035795
CG17843,1.921425894,2.605358556,2.38745E-05,0.000251281,CG17843,FBgn0038919
kek1,-0.892649288,4.964793561,2.38931E-05,0.000251281,kek1,FBgn0015399
CG7995,0.641428922,5.952294587,2.56E-05,0.000268919,Gk,FBgn0035266
CG17374,-2.22066355,2.52527984,2.59324E-05,0.000272094,CG17374,FBgn0040001
CG10253,0.692613288,7.158987285,2.66723E-05,0.000279534,CG10253,FBgn0033983
Spz3,-0.997083683,4.526394663,2.68251E-05,0.000280809,spz3,FBgn0031959
Ugt86Dd,-0.783202214,6.245849167,2.70652E-05,0.000282995,Ugt86Dd,FBgn0040256
CG14033,-2.983364031,0.897325962,2.71665E-05,0.000283725,CR14033,FBgn0046776
CG7532,0.699300649,9.23278005,2.76187E-05,0.000288115,l(2)34Fc,FBgn0261534
CG6643,0.75106658,5.928581877,2.82477E-05,0.000294336,Esyt2,FBgn0266758
GRHRII,1.593510095,5.246610636,2.84486E-05,0.000296088,CrzR,FBgn0036278
CG13836,-3.299317351,0.951058509,2.87092E-05,0.000298261,Irk1,FBgn0265042
CG42402,1.254640967,3.717006216,2.87863E-05,0.000298261,CG42402,FBgn0259821
klg,-0.751789138,5.633833562,2.87876E-05,0.000298261,klg,FBgn0017590
Lim1,-2.931141424,2.07944613,2.87894E-05,0.000298261,Lim1,FBgn0026411
spn-B,-1.62176316,2.61758378,2.88642E-05,0.000298563,spn-B,FBgn0003480
CG32039,-0.997091687,4.574551544,2.88847E-05,0.000298563,CG32039,FBgn0052039
CG8343,8.469124578,7.691573954,2.97105E-05,0.000306749,CG8343,FBgn0040502
amon,-0.693072713,7.189071622,2.989E-05,0.000308249,amon,FBgn0023179
Est-P,1.217854229,4.077011217,3.01952E-05,0.000311042,Est-P,FBgn0000594
B-H1,-0.85880915,5.535358669,3.04808E-05,0.000313625,B-H1,FBgn0011758
al,-2.372114106,1.611114569,3.08368E-05,0.000316928,al,FBgn0000061
CG41623,-0.659627097,6.524708913,3.21798E-05,0.000330355,Ucrh,FBgn0260008
Cat,0.678935406,9.762376442,3.23299E-05,0.000331519,Cat,FBgn0000261
CG32687,1.365731688,4.203341254,3.26473E-05,0.000334394,CG32687,FBgn0052687
fax,-0.764723343,5.901018012,3.3645E-05,0.000344223,fax,FBgn0014163
sty,-0.757452638,5.337619914,3.38514E-05,0.000345622,sty,FBgn0014388
CG11999,0.731288947,5.814436351,3.3896E-05,0.000345622,CG11999,FBgn0037312
CG14692,-0.771999586,8.521391503,3.38965E-05,0.000345622,CG14692,FBgn0037836
CG14538,-3.376201934,1.003995576,3.39729E-05,0.00034601,CG14538,FBgn0031943
CG6426,1.096551782,5.448175642,3.43682E-05,0.000349642,CG6426,FBgn0034162
vir-1,-0.807470948,9.458366607,3.51767E-05,0.000357465,vir-1,FBgn0043841
bmm,0.618633314,6.054131851,3.54389E-05,0.000359725,bmm,FBgn0036449
Pbprp5,0.703852978,12.73659207,3.5546E-05,0.000360407,Obp28a,FBgn0011283
sec13,0.635531585,6.499376759,3.57277E-05,0.000361843,Sec13,FBgn0024509
CG1621,1.212229868,3.964568143,3.61316E-05,0.000365524,Coop,FBgn0263240
NUCB1,0.692279812,7.318275286,3.65776E-05,0.000369622,NUCB1,FBgn0052190
CG9676,8.466479857,6.697615752,3.6754E-05,0.000370931,CG9676,FBgn0030773
l-2-tid,0.643276616,6.226913309,3.67893E-05,0.000370931,l(2)tid,FBgn0002174
CG12187,-1.52620589,2.685855417,3.69533E-05,0.000372169,Fife,FBgn0264606
CG8407,-2.344869773,1.453309212,3.77431E-05,0.000379701,CG8407,FBgn0033687
mspo,-0.897720704,5.256352618,3.83507E-05,0.000385384,mspo,FBgn0020269
CG13333,-3.107426284,1.440816982,3.8907E-05,0.00039054,link,FBgn0033855
CG7328,1.880992984,2.870174357,3.89999E-05,0.000391037,CG7328,FBgn0036942
CG7182,0.927395008,4.705649917,4.00651E-05,0.000401273,CG7182,FBgn0035878
CG9451,0.748401776,6.805103256,4.01885E-05,0.000402063,CG9451,FBgn0036876
nrv2,-0.662412504,8.453065448,4.03655E-05,0.000403032,nrv2,FBgn0015777
CG15745,-1.295288911,3.689312618,4.03745E-05,0.000403032,IP3K2,FBgn0266375
CG7447,-1.950662631,3.008599645,4.06046E-05,0.000404881,slow,FBgn0035539
PGRP-SD,1.626806601,6.483608674,4.08467E-05,0.000406846,PGRP-SD,FBgn0035806
fbp,3.495034872,2.205243238,4.12822E-05,0.000410731,fbp,FBgn0032820
Ipk2,-0.914186158,4.934707111,4.13294E-05,0.000410747,Ipk2,FBgn0031267
CG5895,-1.35777652,4.25569191,4.14087E-05,0.000411084,CG5895,FBgn0036560
l-1-G0136,-0.709235592,5.610781161,4.14586E-05,0.000411127,l(1)G0136,FBgn0026666
CG9588,0.813085112,5.066062904,4.16671E-05,0.000412742,CG9588,FBgn0038166
CG4409,-3.839901957,0.568694479,4.18268E-05,0.00041387,CG4409,FBgn0034128
CG10864,-1.279135733,3.440067112,4.21311E-05,0.000416425,CG10864,FBgn0038621
CG2217,-0.951351372,5.293652922,4.24286E-05,0.000418851,CG2217,FBgn0027544
SP2637,-0.74354874,5.562419962,4.24693E-05,0.000418851,SP2637,FBgn0034371
BBS1,0.753576719,5.501248644,4.27345E-05,0.000420912,BBS1,FBgn0035741
CG4562,1.239403772,4.332414976,4.27714E-05,0.000420912,CG4562,FBgn0038740
CG10361,-2.160327355,2.192092785,4.35218E-05,0.00042783,CG10361,FBgn0036208
Obp56e,2.018360297,4.957229777,4.39307E-05,0.00043138,Obp56e,FBgn0034471
Vap-33-1,-0.650022734,7.537962576,4.42443E-05,0.000433988,Vap-33A,FBgn0029687
CG7778,0.857536751,6.980800565,4.44752E-05,0.000435779,CG7778,FBgn0032025
comt,-0.605199983,6.956231991,4.50457E-05,0.000440892,comt,FBgn0000346
Rya-r44F,0.676216314,6.386843951,4.58121E-05,0.000447907,RyR,FBgn0011286
hgo,1.916732052,4.4027985,4.64177E-05,0.000453338,hgo,FBgn0040211
CG13722,-2.938092856,0.875625219,4.66454E-05,0.00045507,CG13722,FBgn0035553
Sod,0.642870277,9.824505887,4.68843E-05,0.000456907,Sod,FBgn0003462
Prx2540-2,1.016350247,4.26770906,4.73662E-05,0.000461106,Prx2540-2,FBgn0033518
CG33988,-0.959815497,5.246225265,4.80424E-05,0.000467185,Mid1,FBgn0053988
Spn1,0.935809882,5.132305506,4.84971E-05,0.000471053,Spn42Dd,FBgn0028988
knk,1.256524767,3.306218572,4.85444E-05,0.000471053,knk,FBgn0001321
CG10425,0.855060994,4.875879214,4.89774E-05,0.000474745,CG10425,FBgn0039304
Or83b,0.597154585,12.09075406,4.95165E-05,0.000479456,Orco,FBgn0037324
CG13742,-2.060439432,1.856682415,4.96631E-05,0.00048036,CG13742,FBgn0033372
CG40282,3.78157795,0.236465965,4.98967E-05,0.000482103,CR40282,FBgn0039979
CG13188,-1.670823771,2.80535225,5.00664E-05,0.000483226,CG13188,FBgn0033668
CG9663,0.941387945,4.536457698,5.01574E-05,0.000483588,CG9663,FBgn0031516
Ela,3.580128396,1.874321195,5.03721E-05,0.00048514,Ela,FBgn0013949
5-HT7,-2.25127103,1.587028061,5.11852E-05,0.000492383,5-HT7,FBgn0004573
cals,-0.656777508,8.067274942,5.12331E-05,0.000492383,Cals,FBgn0039928
NfI,-0.752236707,5.97344784,5.14469E-05,0.000493912,NfI,FBgn0042696
CG7509,-2.410701953,1.60387552,5.15733E-05,0.0004946,CG7509,FBgn0035575
Osi17,-3.303044146,0.561552494,5.18145E-05,0.000496386,Osi17,FBgn0037427
Or47a,0.621819632,6.675436296,5.22236E-05,0.000499775,Or47a,FBgn0026386
CG8216,0.674355124,7.87505646,5.26839E-05,0.000503647,CG8216,FBgn0033358
RpS25,0.636421096,10.15844338,5.31754E-05,0.000507808,RpS25,FBgn0086472
Lsd-1,0.7726191,5.268787913,5.32419E-05,0.000507896,Lsd-1,FBgn0039114
CG10238,-0.82472208,5.004665105,5.3297E-05,0.000507896,Mocs2,FBgn0039280
CG8485,-0.582824208,6.951025508,5.37647E-05,0.000511812,CG8485,FBgn0033915
CG42348,-0.75398132,5.831372797,5.40104E-05,0.000513611,CG42674,FBgn0261556
regucalcin,0.816785103,6.039742039,5.57833E-05,0.000529912,regucalcin,FBgn0030362
CG6024,-0.822343951,5.04854014,5.61779E-05,0.0005331,CG6024,FBgn0036202
cngl,-1.815002092,2.725682042,5.66211E-05,0.000536561,Cngl,FBgn0263257
CG6472,-3.035677503,0.662884691,5.67059E-05,0.000536561,CG6472,FBgn0034166
CG34384,-0.690263462,6.257240821,5.67208E-05,0.000536561,CG34384,FBgn0085413
Rep3,-2.982508423,0.639541808,5.70363E-05,0.000538981,Drep-3,FBgn0028407
CG5288,0.79857313,6.770315951,5.72675E-05,0.0005406,Galk,FBgn0263199
CG31798,-1.898124205,1.773218475,5.81574E-05,0.000548428,CG31798,FBgn0051798
CG32626,-0.62584237,7.87952556,5.85991E-05,0.000552017,AMPdeam,FBgn0052626
Oatp33Ea,-2.509327687,1.100839328,5.86753E-05,0.000552035,Oatp33Ea,FBgn0032433
CG30499,0.585720448,6.359497736,5.87232E-05,0.000552035,CG30499,FBgn0050499
egh,-0.645231212,8.342495461,5.92545E-05,0.00055645,egh,FBgn0001404
CG10562,0.630801364,6.801418885,5.9851E-05,0.000561468,CG10562,FBgn0039326
Cyp4d2,0.641784514,7.025016943,6.0742E-05,0.000569235,Cyp4d2,FBgn0011576
CG3842,0.638564722,6.975764345,6.09514E-05,0.000570606,CG3842,FBgn0029866
CG9132,-0.623439017,7.05711011,6.1651E-05,0.000576558,CG9132,FBgn0030791
RpL36A,0.647876202,9.136053474,6.17609E-05,0.000576988,RpL36A,FBgn0031980
CG11050,-0.620936728,7.310130315,6.18836E-05,0.000577537,CG11050,FBgn0031836
CG4168,-1.280854617,3.316737546,6.27445E-05,0.000584968,CG4168,FBgn0028888
Pu,0.674113604,7.617432342,6.30601E-05,0.000587304,Pu,FBgn0003162
Cpr47Ef,2.14996158,3.636707299,6.34403E-05,0.000590237,Cpr47Ef,FBgn0033603
CG31705,0.735328133,8.144789263,6.35092E-05,0.00059027,CG31705,FBgn0028490
CG30194,0.632466599,6.167372781,6.42945E-05,0.000596954,"CG44252 , CG44253","FBgn0265187 , FBgn0265188"
RpS3,0.640695583,9.889359946,6.63685E-05,0.000615578,RpS3,FBgn0002622
Tbp-1,0.594854981,6.742923076,6.71783E-05,0.00062245,Rpt5,FBgn0028684
RpS19a,0.704800888,9.196411992,6.87179E-05,0.000636063,RpS19a,FBgn0010412
CG14815,0.617826744,6.546182959,6.9534E-05,0.000642958,Pex5,FBgn0023516
Pbprp2,0.630394966,15.35850282,7.05901E-05,0.000652056,Obp19d,FBgn0011280
CG5326,2.477447303,1.612829355,7.07117E-05,0.000652512,CG5326,FBgn0038983
CG33936,-0.648608834,7.638659422,7.10635E-05,0.000655089,"CG43675 , CG45050","FBgn0263750 , FBgn0266410"
CG12655,0.713141255,5.924928402,7.27794E-05,0.000670223,CG12655,FBgn0031080
gus,-0.64260862,6.153480681,7.4129E-05,0.000681957,gus,FBgn0026238
Sox100B,2.262039237,1.753291521,7.51194E-05,0.000690365,Sox100B,FBgn0024288
CG11055,0.594178973,7.435519827,7.56756E-05,0.000694769,Hsl,FBgn0034491
sano,-0.643082374,5.799104737,7.63202E-05,0.000699976,sano,FBgn0034408
kar,-0.801291651,5.054025083,7.67049E-05,0.000702791,kar,FBgn0001296
Cyt-b5,0.690020372,9.600401836,7.75911E-05,0.00071019,Cyt-b5,FBgn0264294
Cpr64Ac,-4.498615334,4.446449342,7.77457E-05,0.000710885,Cpr64Ac,FBgn0035512
CG13284,0.843250031,6.227749877,7.83318E-05,0.00071552,CG13284,FBgn0032614
Pgi,0.615426899,9.002415486,7.882E-05,0.000719253,Pgi,FBgn0003074
Csp,-0.617025033,7.377476887,7.89359E-05,0.000719583,Csp,FBgn0004179
RpL4,0.644182244,10.28604086,7.94575E-05,0.000723608,RpL4,FBgn0003279
PRL-1,-0.616192931,8.215618263,7.96803E-05,0.000724906,PRL-1,FBgn0024734
Jheh2,0.739092543,9.549673377,7.97708E-05,0.000724999,Jheh2,FBgn0034405
CG17514,-0.611673224,7.199242868,8.05265E-05,0.000731132,CG17514,FBgn0039959
CG14669,-1.707602708,3.180349562,8.12428E-05,0.000736895,CG14669,FBgn0037326
CG14854,1.862798153,1.896494243,8.19372E-05,0.000742448,CG14854,FBgn0038238
csw,-0.623359226,8.673558188,8.28631E-05,0.000750086,csw,FBgn0000382
CG42240,-0.66883609,8.320737384,8.33677E-05,0.000753898,CG42240,FBgn0250869
dgo,0.659729173,5.656190583,8.37012E-05,0.000756156,dgo,FBgn0086898
Snap25,-1.055998011,4.37249396,8.44811E-05,0.00076244,Snap25,FBgn0011288
CG2781,0.702956484,8.070553517,8.46206E-05,0.000762937,CG2781,FBgn0037534
CG2145,1.383254192,4.610441563,8.47762E-05,0.000763578,CG2145,FBgn0030251
Klp68D,-0.620314408,7.582857599,8.51123E-05,0.000765842,Klp68D,FBgn0004381
CG32000,-0.629879673,8.256060649,8.5469E-05,0.000768286,CG32000,FBgn0052000
CG12116,3.538603682,3.448715385,8.60239E-05,0.000772,CG12116,FBgn0030041
Gtp-bp,0.70624223,6.306965235,8.60532E-05,0.000772,Gtp-bp,FBgn0010391
CG32066,-0.716610375,5.441194077,8.65225E-05,0.000775441,CG32066,FBgn0052066
TrpA1,1.569411064,2.778610044,8.70575E-05,0.000779462,TrpA1,FBgn0035934
CG31122,-0.625884685,6.359173281,8.71469E-05,0.00077949,CG31122,FBgn0051122
yip2,0.757578874,6.817369111,8.79678E-05,0.000786054,yip2,FBgn0040064
sad,-2.706083969,0.924600073,8.81141E-05,0.000786505,sad,FBgn0003312
sr,-1.243376587,3.384222226,8.81923E-05,0.000786505,sr,FBgn0003499
CG34365,-0.982719555,4.935595517,8.84786E-05,0.000788279,CG43729,FBgn0263980
GalNAc-T2,0.672236881,5.465846098,9.0056E-05,0.000801543,GalNAc-T2,FBgn0030930
CG10513,-3.291332439,1.988348984,9.21978E-05,0.000819798,CG10513,FBgn0039311
CG18547,1.502232342,3.206554055,9.31428E-05,0.000827387,CG18547,FBgn0037973
CG14777,0.585855188,6.716860271,9.57037E-05,0.0008493,CG14777,FBgn0026872
Nhe3,-0.611512812,6.974230981,9.59854E-05,0.000850723,Nhe3,FBgn0028703
CG6834,-0.64042255,6.749053714,9.60525E-05,0.000850723,CG6834,FBgn0037935
Phk-3,1.717756737,2.743765979,9.65511E-05,0.000854302,Phk-3,FBgn0035089
CG15531,2.783123637,0.623785704,9.72454E-05,0.000859604,CG15531,FBgn0039755
CG14741,0.663629978,9.099192535,9.85605E-05,0.000870377,CG14741,FBgn0037989
CG17684,-1.97723191,2.251694792,9.96191E-05,0.000878866,CG17684,FBgn0263780
Or85f,1.198723348,3.981592323,0.000100028,0.000880922,Or85f,FBgn0037685
desat1,-0.763533661,9.849935299,0.000100047,0.000880922,Desat1,FBgn0086687
CG2064,0.668829635,5.482591316,0.000101834,0.000895392,CG2064,FBgn0033205
CG11299,0.740391327,5.207500687,0.000101889,0.000895392,Sesn,FBgn0034897
RecQ5,-0.825643136,4.737273991,0.000103429,0.000908041,RecQ5,FBgn0027375
drk,-0.565332894,7.028445306,0.000105165,0.000922385,drk,FBgn0004638
RpS15,0.646182204,9.647690789,0.000107,0.000937576,RpS15,FBgn0034138
obst-E,0.585010959,6.649184607,0.000107227,0.000938649,obst-E,FBgn0031737
RpL13A,0.635721595,9.912047824,0.000108242,0.000946617,RpL13A,FBgn0037351
dpr13,-1.433049588,3.715013511,0.000109241,0.000954138,dpr13,FBgn0034286
CG17471,-0.618189224,6.419981692,0.000109313,0.000954138,PIP4K,FBgn0039924
CG10205,2.567546884,3.441941224,0.000109814,0.00095759,CG10205,FBgn0033970
CG8314,0.624745824,5.779590569,0.000110753,0.00096484,CG8314,FBgn0034057
CG13833,0.756786072,9.371992887,0.000111236,0.000967647,CG13833,FBgn0039040
CG7781,-0.712606933,7.881318992,0.000111289,0.000967647,CG7781,FBgn0032021
CG5612,2.113683684,3.153417531,0.000112436,0.000976097,CG5612,FBgn0039529
RpL38,-0.659622881,8.344974846,0.000112477,0.000976097,RpL38,FBgn0040007
fray,-0.58019545,6.856825183,0.000113116,0.000980699,fray,FBgn0023083
CG15547,-0.962713366,4.052429232,0.000115613,0.001001388,CG15547,FBgn0039809
CG12158,4.53900067,4.466081094,0.000118631,0.001026546,CG12158,FBgn0040775
CG31320,-1.37546233,3.026318063,0.000119463,0.00103225,CG31320,FBgn0051320
CG31221,-0.638524176,9.366804475,0.000119519,0.00103225,CG31221,FBgn0051221
Fie,-0.602074512,7.655604188,0.000120178,0.001036952,Fie,FBgn0026592
Toll-6,-1.520374405,2.824393228,0.000123467,0.001064314,Toll-6,FBgn0036494
CG16789,-1.438612301,2.659431082,0.000123799,0.001066161,CG16789,FBgn0037712
Lag1,-0.626980016,7.098693293,0.0001245,0.001071171,schlank,FBgn0040918
Aldh-III,0.636366935,9.67902294,0.000126285,0.001085497,Aldh-III,FBgn0010548
CG6055,-2.533697424,1.119391615,0.000126907,0.001089809,CG6055,FBgn0031918
CG31549,0.717004161,5.243740544,0.000128121,0.001099192,CG31549,FBgn0051549
CG10062,-1.061161245,4.056824677,0.000130573,0.001119166,CG10062,FBgn0034439
CycB3,-1.998797567,2.168697836,0.000130846,0.001120435,CycB3,FBgn0015625
Hmgs,-0.616358972,6.278205504,0.000131068,0.001121278,Hmgs,FBgn0010611
AP-47,0.565491436,6.702977885,0.000131802,0.001126491,AP-1mu,FBgn0024833
CG31205,3.168778506,2.794718365,0.000132927,0.001135029,CG31205,FBgn0051205
VhaM9-7-2,-0.713994149,7.310816915,0.000133362,0.001137671,VhaM9.7-b,FBgn0028663
Rpt3,0.579382238,7.286180733,0.000133676,0.001139276,Rpt3,FBgn0028686
CG18410,-0.681920302,7.397498553,0.000133827,0.001139486,Ude,FBgn0039226
lox,-2.166939833,1.304124335,0.000135049,0.001148804,lox,FBgn0039848
CG18490,-0.578254781,7.40644514,0.000136225,0.00115759,CG42671,FBgn0261553
CG15522,0.731651815,5.408982858,0.000136338,0.00115759,CG15522,FBgn0039723
Or65b,-0.598132469,5.753328175,0.000138592,0.001175626,Or65b,FBgn0041624
RpL27A,0.647328845,10.00779056,0.0001395,0.001182213,RpL27A,FBgn0261606
Cad99C,0.816212945,4.686079148,0.000140327,0.001188107,Cad99C,FBgn0039709
CG13349,0.603785939,7.29558758,0.000141672,0.001198375,Rpn13,FBgn0033886
CG31809,-0.727299133,5.466589862,0.00014371,0.001214478,CG31809,FBgn0051809
Vha44,-0.68883193,9.080373265,0.000145451,0.001228044,Vha44,FBgn0262511
CG31781,-1.558699593,5.453048627,0.000145637,0.001228465,CR31781,FBgn0051781
CG31028,2.331339232,1.292281734,0.000146047,0.001230771,CG31028,FBgn0051028
CG6409,0.902299585,13.79205206,0.00014623,0.00123117,CG6409,FBgn0036106
CG7536,-0.722514553,5.094292502,0.000146841,0.001235156,CG7536,FBgn0030890
CG4502,-0.715992526,5.367168831,0.000147739,0.001240958,CG4502,FBgn0031896
lap,-0.613884919,7.325839399,0.000147805,0.001240958,lap,FBgn0086372
CG3726,0.80215101,4.779527877,0.000148591,0.001246401,CG3726,FBgn0029824
Mst36Fb,-1.919759937,1.721015514,0.000150743,0.001263277,"CG43338 , CG43339 , Mst36Fb","FBgn0263079 , FBgn0263078 , FBgn0261349"
GV1,0.628202682,7.1710181,0.000151134,0.001265377,GV1,FBgn0027790
gry,-0.608040103,7.342342479,0.000151618,0.001268257,gry,FBgn0035416
CG12272,-0.627346226,5.567366207,0.000154137,0.00128791,CG12272,FBgn0036571
CG5224,-0.805970598,5.185187085,0.000154394,0.00128791,GstE11,FBgn0034354
CG6125,0.651991034,6.194474881,0.000154395,0.00128791,CG6125,FBgn0038337
sop,0.639023568,9.952907886,0.000157058,0.001308915,RpS2,FBgn0004867
RpL10Ab,0.602287883,9.431248298,0.000157884,0.001314584,RpL10Ab,FBgn0036213
RpL30,0.611153251,8.441515666,0.000160857,0.001338105,RpL30,FBgn0086710
Tsf3,0.756328463,5.898973185,0.000161965,0.001345,Tsf3,FBgn0034094
CG15666,0.631239183,8.114151744,0.000161984,0.001345,CG15666,FBgn0034622
l-3-05822,-0.568758137,6.869340704,0.000164126,0.001361009,l(3)05822,FBgn0010877
Glt,3.143344779,4.021776059,0.000164213,0.001361009,Glt,FBgn0001114
CG4030,0.616605544,5.703320258,0.000164875,0.001365245,Rbpn-5,FBgn0034585
CG5321,1.204815879,3.356806404,0.000165168,0.001366421,CG5321,FBgn0030575
CG17333,0.715457234,5.094755202,0.000165575,0.001367408,CG17333,FBgn0030239
Sec61beta,0.554144507,6.299398483,0.00016559,0.001367408,Sec61beta,FBgn0010638
CG31847,-0.898754108,6.639776073,0.000169426,0.001397805,CG42784,FBgn0263354
Cct2,-1.011084928,3.953161373,0.00017002,0.001401422,Cct2,FBgn0035231
CG34454,1.763379921,2.318561273,0.00017121,0.00140995,CG34454,FBgn0085483
fas,-0.956247679,4.523197923,0.00017239,0.001418371,fas,FBgn0000633
pwn,1.064459438,4.403181389,0.000175842,0.001445455,pwn,FBgn0003174
CG6151,-0.58082241,6.388266318,0.000176807,0.001451345,fwe,FBgn0261722
CG7497,1.69675928,2.351513471,0.00017688,0.001451345,CG7497,FBgn0036742
CG31199,0.646009678,6.793536744,0.000177657,0.001456403,CG31199,FBgn0051199
Coq2,-1.076454969,3.722355931,0.000179787,0.001472522,Coq2,FBgn0037574
CG9485,1.032713804,5.209898466,0.000180717,0.001478804,CG9485,FBgn0034618
nonA,-0.587371513,7.142862386,0.000180984,0.001479647,nonA,FBgn0004227
SsRbeta,0.624696679,5.767573985,0.000181389,0.001481614,SsRbeta,FBgn0011016
Pp4-19C,-0.600815175,6.139976337,0.00018192,0.001484613,Pp4-19C,FBgn0023177
Vmat,0.794465456,6.776174603,0.00018473,0.001506184,Vmat,FBgn0260964
CG17919,0.621183569,10.27790917,0.000188713,0.001537273,CG17919,FBgn0037433
CG12858,-0.60521617,7.117045147,0.000189095,0.001538014,CG12858,FBgn0033958
Pros29,0.591167747,7.090182522,0.000189145,0.001538014,Prosalpha3,FBgn0261394
Ilp6,-1.669338139,2.341446024,0.000190553,0.00154807,Ilp6,FBgn0044047
mRpS18A,-1.605467985,2.768132299,0.000192686,0.001563997,mRpS18A,FBgn0051450
CG7990,-0.651774912,5.519397334,0.000193601,0.00157001,CG7990,FBgn0030997
moody,-0.646017589,6.440981776,0.00019661,0.001592982,moody,FBgn0025631
RpS20,0.625137992,8.827514189,0.000200146,0.001620177,RpS20,FBgn0019936
CG9335,-1.466919928,4.162560864,0.000200945,0.001625188,twit,FBgn0032895
CG9674,0.597123009,9.797181585,0.000203231,0.001642212,CG9674,FBgn0036663
Pino,-0.588564496,9.367026816,0.000204114,0.001647869,Pino,FBgn0016926
CG12508,1.287242556,3.387194686,0.000205693,0.001659137,CG43861,FBgn0264443
CG10560,0.703916634,8.289552382,0.000205921,0.001659494,CG10560,FBgn0039325
R,-0.567627891,6.999670686,0.000206458,0.001662336,R,FBgn0004636
CG40263,-0.645956663,6.460985842,0.000207625,0.001670247,MFS17,FBgn0058263
CG10186,-2.829008223,0.813071462,0.000209288,0.001682121,CG10186,FBgn0032797
CG13502,-1.071582971,3.685792474,0.000210962,0.001694069,CG13502,FBgn0034692
CG7777,-1.42512768,3.382304065,0.000211289,0.001695192,CG7777,FBgn0033635
onecut,-0.671497264,7.047421893,0.000211515,0.001695495,onecut,FBgn0028996
pim,-2.507397536,1.116433641,0.000214539,0.001718215,pim,FBgn0003087
CG32280,-0.610340384,6.538874248,0.000216759,0.001734457,CG32280,FBgn0052280
CG2680,-1.853975586,1.582917546,0.000217243,0.001736791,CG2680,FBgn0024995
Rpt4,0.594441947,6.689317774,0.000217652,0.001738519,Rpt4,FBgn0028685
CG9706,0.735626513,5.175368302,0.000218109,0.001740631,CG9706,FBgn0036662
Gp150,0.596590182,9.931498276,0.000218532,0.001742471,Gp150,FBgn0013272
CG17786,-1.657404581,3.145944103,0.000219823,0.001751219,CG17786,FBgn0039167
SPR,-1.729484039,1.868357306,0.000221024,0.001759238,SPR,FBgn0029768
Ada2b,-0.757305135,5.091089257,0.000222673,0.001769878,Ada2b,FBgn0037555
RpS26,0.626695288,10.08652484,0.000222753,0.001769878,RpS26,FBgn0261597
CG1299,0.60249313,7.936134958,0.000224745,0.001784134,CG1299,FBgn0035501
CG16790,1.08599764,3.465019664,0.000225999,0.001792514,CG16790,FBgn0037713
Proct,-1.972105131,1.545531046,0.000226427,0.001794333,Proc,FBgn0045038
MED26,-0.574960512,7.045416385,0.00022714,0.001798404,MED26,FBgn0039923
CG17108,1.644277436,9.599872034,0.000229887,0.001818565,CG17108,FBgn0032285
CG6908,0.955318415,9.966403261,0.000230902,0.001824996,CG6908,FBgn0037936
sm,-0.613898919,6.195262268,0.000237487,0.001874872,sm,FBgn0003435
fon,4.282548386,3.589388117,0.000237628,0.001874872,fon,FBgn0032773
Rpn11,0.563872513,6.562792544,0.000238085,0.001876841,Rpn11,FBgn0028694
GstD1,0.564239045,10.90391182,0.000240375,0.001893245,GstD1,FBgn0001149
CG11391,-0.667589856,11.8465485,0.00024242,0.001907682,CG11391,FBgn0038732
CG3563,-0.54612833,6.795159517,0.000243009,0.001909005,jvl,FBgn0263929
Fs,0.934283653,4.092644499,0.000243124,0.001909005,Fs,FBgn0259878
emc,-0.561270928,7.705779848,0.000243222,0.001909005,emc,FBgn0000575
CG32038,-0.596433945,6.251963544,0.000243571,0.001910085,ghi,FBgn0266124
CG4786,-0.72165568,5.130689927,0.000245765,0.001925625,Rcd2,FBgn0037012
CG4068,-0.839679262,7.115387422,0.00024878,0.001947558,CG44774,FBgn0266000
Dgkepsilon,0.577895054,6.542132574,0.000250574,0.001959902,Dgkepsilon,FBgn0020930
Mitf,-0.563823895,6.393548774,0.000252592,0.001973976,Mitf,FBgn0263112
Cyp4s3,1.917042749,1.762061327,0.000256663,0.002004058,Cyp4s3,FBgn0030615
CG2493,0.617482602,6.067532563,0.000256916,0.002004301,CG2493,FBgn0032864
CG31607,0.552781054,6.070104425,0.0002586,0.002015696,CG43394,FBgn0263256
Sox14,0.571850562,6.165903325,0.00026121,0.002034287,Sox14,FBgn0005612
GluRIIA,-1.590000838,3.24992811,0.000263857,0.002053132,GluRIIA,FBgn0004620
nompC,-1.297821631,3.517537819,0.000265245,0.002062154,nompC,FBgn0016920
CG5071,0.699197326,6.028560397,0.000265952,0.002065872,CG5071,FBgn0039347
CG30105,-2.080370345,1.461714618,0.00027188,0.002110109,CG30105,FBgn0050105
RpL13,0.610690913,9.715978594,0.000274413,0.002127936,RpL13,FBgn0011272
bbg,1.305645384,3.612467922,0.000274798,0.002129098,bbg,FBgn0087007
Pur-alpha,-0.597514137,6.339280022,0.000275952,0.002136206,Pur-alpha,FBgn0022361
Or67a,0.750933616,5.205023775,0.000278108,0.002151049,Or67a,FBgn0036009
CG31029,1.697864994,1.65022021,0.000279232,0.002157898,CG31029,FBgn0051029
RpS23,0.598939825,9.391407691,0.000280481,0.002165697,RpS23,FBgn0033912
dlg1,-0.595593118,7.799855302,0.000283429,0.002186589,dlg1,FBgn0001624
CG10777,-0.649572021,6.57523993,0.000284237,0.002190955,CG10777,FBgn0029979
CG31646,-1.309069726,2.859505749,0.000284927,0.002193524,CG31646,FBgn0051646
AcCoAS,-0.572964241,9.482959311,0.000285154,0.002193524,AcCoAS,FBgn0012034
CG31710,-0.944739646,4.079801032,0.000285299,0.002193524,CG31710,FBgn0051710
CG4757,-0.967142805,9.30076311,0.000285916,0.002196397,CG4757,FBgn0027584
Ef1gamma,0.624616711,8.949102135,0.000287816,0.002209113,Ef1gamma,FBgn0029176
MtnB,-1.483346533,2.54851669,0.000288523,0.002212665,MtnB,FBgn0002869
CG15909,-2.125352306,1.192478683,0.000290565,0.002226429,CG15909,FBgn0033090
CG17494,-0.557938766,6.265632731,0.000290963,0.002227594,Slmap,FBgn0040011
yellow-c,1.270850931,4.062790741,0.000291958,0.002233315,yellow-c,FBgn0041713
CG7203,-2.743998836,2.01032923,0.00029348,0.002241888,CG7203,FBgn0031942
CG5073,-0.545197373,6.253734867,0.000293575,0.002241888,Ccm3,FBgn0038331
CG9339,-0.542686705,7.164029377,0.000295734,0.002256472,sky,FBgn0032901
CG17036,1.098189555,4.168692563,0.00029705,0.002264601,CG17036,FBgn0032449
CG6178,0.647683116,6.239049554,0.000299196,0.00227904,CG6178,FBgn0039156
Keap1,0.617021183,5.969597971,0.000302626,0.002303221,Keap1,FBgn0038475
kek2,-0.846355144,4.30563234,0.000304211,0.002313337,kek2,FBgn0015400
gish,-0.556241269,6.238510718,0.000304515,0.0023137,gish,FBgn0250823
thoc6,1.04753498,4.302516416,0.00031187,0.00236759,thoc6,FBgn0036263
CG18186,1.422282741,2.428092933,0.000312724,0.002372084,Oxp,FBgn0034255
Vha26,-0.70788771,9.828364447,0.00031382,0.002378396,Vha26,FBgn0015324
CG7352,-1.279773983,3.307380382,0.000314169,0.002379048,CG7352,FBgn0037581
ATP7,0.562329093,6.269450092,0.000318023,0.002406218,ATP7,FBgn0030343
hth,-0.59872133,8.28543591,0.000319677,0.002416706,hth,FBgn0001235
ORMDL,0.699181111,5.190985355,0.000321996,0.002431059,ORMDL,FBgn0037110
CG40196,-0.875119204,4.373666816,0.000322114,0.002431059,Maf1,FBgn0058196
shi,-0.570136628,8.107793726,0.000322479,0.002431784,shi,FBgn0003392
CG42342,-1.155125583,4.037739913,0.000327559,0.002468033,CG42342,FBgn0259244
FK506-bp2,0.557621465,7.801340734,0.000330037,0.002484631,FK506-bp2,FBgn0013954
alphaTub67C,-3.127357291,0.810284275,0.000331399,0.002492805,alphaTub67C,FBgn0087040
CG3505,0.613241413,5.701177534,0.000333633,0.002507522,CG3505,FBgn0038250
CG9437,0.857792955,4.271121952,0.000334106,0.002508987,hng1,FBgn0034599
Spase18-21,0.538294782,6.490637934,0.00033548,0.002517216,twr,FBgn0262801
CG15312,-0.649640057,7.509718016,0.000337791,0.002532454,CG15312,FBgn0030174
bun,-0.601290403,8.356671852,0.000338683,0.002537034,bun,FBgn0259176
CG18472,-2.879125872,1.143939531,0.000345096,0.002582932,CG18472,FBgn0039463
p47,0.6003856,6.639571936,0.00034571,0.002585381,p47,FBgn0033179
P58IPK,0.529732101,6.828034588,0.000347481,0.002596478,P58IPK,FBgn0037718
CaMKII,-0.628746953,7.431913795,0.000348963,0.0026054,CaMKII,FBgn0264607
CG33087,-0.676380068,5.22206039,0.000349267,0.002605518,LRP1,FBgn0053087
Atg8a,-0.544261244,8.976134183,0.000350033,0.002609073,Atg8a,FBgn0052672
CG7059,1.352831042,2.848402225,0.00035167,0.002619117,CG7059,FBgn0038957
SelR,0.534661075,6.89708454,0.00035247,0.002622911,SelR,FBgn0267376
CG17324,1.29554931,4.047346371,0.000363284,0.00270116,CG17324,FBgn0027074
CG13176,0.540197057,6.190040673,0.000364515,0.002708083,wash,FBgn0033692
CG32843,-0.967435159,4.195556972,0.000368511,0.002735518,Dh31-R,FBgn0052843
Pka-R2,-0.580950124,6.271487073,0.000369311,0.002739209,Pka-R2,FBgn0022382
norpA,-0.612279634,6.81113562,0.000369834,0.002740838,norpA,FBgn0262738
CG13887,0.562595365,7.977082661,0.0003797,0.002810023,CG13887,FBgn0035165
Map205,-0.577610721,5.842790251,0.000379792,0.002810023,Map205,FBgn0002645
Ephrin,-0.577470659,5.913096572,0.000380669,0.002814211,Ephrin,FBgn0040324
Zyx102EF,-0.543301852,6.768066288,0.000384343,0.00283905,Zyx,FBgn0011642
CG9331,0.562400974,5.743486218,0.000386449,0.002852273,CG9331,FBgn0032889
CG1394,1.60102231,4.307695114,0.000387343,0.002856537,CG1394,FBgn0030277
wdp,0.598993943,7.819063527,0.000389846,0.002872652,wdp,FBgn0034718
Cyp28c1,-0.572066441,7.823375096,0.000391533,0.002882729,Cyp28c1,FBgn0030339
rib,-2.157130143,2.513791056,0.00039245,0.002887131,rib,FBgn0003254
CG3363,-0.555055119,5.754494637,0.000393629,0.002893447,ocm,FBgn0266083
CG14801,0.639773202,6.113982888,0.000396001,0.002908517,CG42666,FBgn0261548
CG17715,-0.633929897,5.534267892,0.00039634,0.002908642,CG17715,FBgn0041004
CG41520,-0.603988793,6.994409118,0.000399712,0.002931005,CG41520,FBgn0087011
CG5577,0.660059215,5.408998794,0.00040443,0.002963198,CG5577,FBgn0036759
CG6372,1.520952155,2.17080679,0.000405565,0.002969101,S-Lap1,FBgn0035915
CG17111,0.569018445,7.599301782,0.000410128,0.003000075,CG17111,FBgn0039048
Hsp22,-1.762043121,3.610920647,0.000410787,0.003002282,Hsp22,FBgn0001223
Dhod,-0.746025859,4.892544466,0.000411094,0.003002282,Dhod,FBgn0000447
CkIIalpha,-0.522133947,6.413969007,0.000413566,0.003017899,CkIIalpha,FBgn0264492
CG10654,-1.655888987,2.21479006,0.000414177,0.003019697,CG10654,FBgn0036294
Mdh,-0.614856434,7.771810981,0.000414481,0.003019697,Men-b,FBgn0029155
Adh,2.259981308,1.227722415,0.000415299,0.003023214,Adh,FBgn0000055
Ace,-0.678018644,7.791707431,0.000416115,0.003024877,Ace,FBgn0000024
Prosbeta4,0.553378962,7.038948987,0.000416197,0.003024877,Prosbeta7,FBgn0250746
Mapmodulin,-0.544442825,6.538860815,0.000419662,0.003047608,Mapmodulin,FBgn0034282
Pcd,0.688786617,5.072736635,0.000420248,0.003049415,Pcd,FBgn0024841
Orct,0.754806555,5.279209836,0.000420918,0.003051822,Orct,FBgn0019952
bowl,0.541784849,6.463786453,0.00042414,0.003072719,bowl,FBgn0004893
CG5618,1.039372482,4.344643524,0.000426338,0.003086165,CG5618,FBgn0036975
Hml,1.809957729,4.390807376,0.000427079,0.003087401,Hml,FBgn0029167
CG7408,0.628925585,5.436289856,0.000427192,0.003087401,CG7408,FBgn0036765
bib,-2.601394486,0.83496916,0.000434958,0.003141013,bib,FBgn0000180
CG7556,0.657875882,6.249987804,0.000435898,0.003145288,CG7556,FBgn0030990
ergic53,0.551453966,6.381237786,0.000436736,0.003146319,ergic53,FBgn0035909
CG3107,-0.580562933,6.563559884,0.000436737,0.003146319,CG3107,FBgn0033005
beat-VII,-0.84717444,4.207552184,0.000443354,0.003191181,beat-VII,FBgn0250908
Nipped-A,-0.558011238,6.863558633,0.000443671,0.003191181,Nipped-A,FBgn0053554
cact,0.53467888,7.678208655,0.000446644,0.003207436,cact,FBgn0000250
cue,-0.544320997,6.561156577,0.000446897,0.003207436,cue,FBgn0011204
Fatp,0.565586071,7.178298816,0.000446998,0.003207436,Fatp,FBgn0021953
CG10575,0.646245686,5.583563242,0.000447351,0.003207436,Ppat-Dpck,FBgn0035632
CG14629,2.800944959,3.385926279,0.000448135,0.00320992,CG14629,FBgn0040398
CG3257,-0.543202785,7.181746151,0.000448408,0.00320992,CG3257,FBgn0034978
CG12262,0.642888469,7.943640723,0.000448919,0.003211035,CG12262,FBgn0035811
CG32052,-1.588203051,1.84599478,0.000452057,0.003230921,CG32052,FBgn0044328
CG7910,1.665200996,1.84337224,0.00045266,0.003232674,CG7910,FBgn0037547
Pepck,3.362039543,5.005479575,0.000458805,0.003273967,Pepck,FBgn0003067
CG11753,-0.841333734,4.228937827,0.000467538,0.003333652,CG11753,FBgn0037603
CG8665,2.644455638,1.056520523,0.000479403,0.003415555,CG8665,FBgn0032945
CG31102,1.294518592,2.816065211,0.000482816,0.003437161,CG31102,FBgn0051102
CG9003,-0.539967463,6.526174751,0.000483791,0.003441394,CG9003,FBgn0033639
CG3437,-1.03687793,3.773555658,0.000499188,0.003545924,CG3437,FBgn0035998
CG5644,-0.725578545,5.150727114,0.000499271,0.003545924,CG5644,FBgn0035948
VhaAC39,-0.597743707,8.571442371,0.000501284,0.003557424,VhaAC39-1,FBgn0028665
RpL35A,0.573070745,9.243684583,0.000502299,0.003561825,RpL35A,FBgn0037328
CG30410,0.866608006,4.381722254,0.000506543,0.003589108,Rpi,FBgn0050410
CG4962,1.952560405,2.097872248,0.000507361,0.003592085,CG4962,FBgn0036597
CG40485,-1.823038771,1.74672531,0.000507822,0.00359253,CG40485,FBgn0069973
spict,-0.65761586,5.179286547,0.000508428,0.003594007,spict,FBgn0032451
ru,-1.030230917,3.645414194,0.000509539,0.003599043,ru,FBgn0003295
CG4338,-0.971072609,3.71107176,0.000515599,0.003639001,CG4338,FBgn0038313
Tsp5D,-2.044747213,1.223520068,0.000517641,0.003650564,Tsp5D,FBgn0029837
CG32230,-0.629753274,7.874684674,0.000520236,0.003666003,CG32230,FBgn0052230
CG6859,0.537759807,7.238581648,0.000523044,0.003680099,Pex3,FBgn0036484
CG11737,-0.566794402,5.763203904,0.000523051,0.003680099,CG11737,FBgn0037592
RpLP2,0.576139489,9.481985054,0.000526846,0.003703911,RpLP2,FBgn0003274
Amph,-0.53273239,8.464026159,0.000528537,0.003712912,Amph,FBgn0027356
SytIV,-0.558242052,8.529054902,0.000529913,0.003719682,Syt4,FBgn0028400
CG8086,-0.744616256,7.976452808,0.000532851,0.003737401,CG8086,FBgn0032010
CG42251,-0.6115517,5.436000216,0.000534249,0.003744303,CG43921,FBgn0264542
rogdi,-0.676981526,5.306154954,0.000538026,0.003767848,rogdi,FBgn0036697
CG8331,0.553410962,8.03046537,0.000540256,0.003779766,CG8331,FBgn0033906
CG17732,1.029289029,3.959929298,0.000540564,0.003779766,CG17732,FBgn0036923
CG3634,0.568404487,5.701126682,0.000544609,0.003803941,CG3634,FBgn0037026
CG5639,-0.74608741,5.995778992,0.000544864,0.003803941,CG5639,FBgn0039527
CG7628,-0.609695561,9.652261362,0.000547615,0.003820197,CG42575,FBgn0260795
RpL12,0.574183481,9.461252095,0.000548666,0.003824576,RpL12,FBgn0034968
CG31149,-0.991411208,3.525161223,0.000557111,0.003880451,CG42613,FBgn0261262
Or65c,-0.957586701,4.067133932,0.000562493,0.003914918,Or65c,FBgn0041623
RpL37A,0.547010477,9.085471327,0.000563815,0.003921096,RpL37A,FBgn0261608
CG10996,-2.745192475,0.939676914,0.000568638,0.003951596,CG10996,FBgn0030525
CG10031,-1.209355136,4.425107616,0.000569208,0.003952515,CG10031,FBgn0031563
l-2-gl,-0.528096556,6.762533996,0.000571348,0.003964329,l(2)gl,FBgn0002121
CG9519,0.665919938,7.978279812,0.000580402,0.004024064,CG9519,FBgn0030589
CG40127,-0.613415679,7.303299186,0.000584783,0.004051328,CG40127,FBgn0262116
CG11880,-0.546888332,6.170605487,0.000585539,0.004053452,CG11880,FBgn0039637
gbb,0.612505152,5.821406537,0.000589413,0.004074791,gbb,FBgn0024234
CG5676,-0.560412207,6.662869684,0.000589523,0.004074791,CG5676,FBgn0032200
CG6656,0.786639572,4.303422372,0.000592442,0.004091837,CG6656,FBgn0038912
CG1623,0.548332746,7.544564888,0.000595636,0.004110756,hebe,FBgn0033448
CG4685,-0.593495416,5.908034517,0.000600126,0.004138576,Ssadh,FBgn0039349
sesB,-0.578819565,10.77477949,0.000604858,0.004168029,sesB,FBgn0003360
Sh3beta,-0.5237977,6.058041591,0.000605609,0.004170021,Sh3beta,FBgn0035772
CG32758,-0.541732249,6.144734002,0.000610411,0.004199887,CG32758,FBgn0052758
CG30359,2.650847327,2.895361737,0.000611811,0.004206318,Mal-A5,FBgn0050359
CG30104,0.630874153,5.815726092,0.000621498,0.004267148,NT5E-2,FBgn0050104
cv,0.523155355,6.244086048,0.000621809,0.004267148,cv,FBgn0000394
CG13708,-1.12497494,3.444360271,0.000622076,0.004267148,CG13708,FBgn0035577
Ggamma30A,-0.579725886,5.824613624,0.000625191,0.004285266,Ggamma30A,FBgn0267252
Obp57a,1.066060132,4.760225329,0.000627141,0.004295368,Obp57a,FBgn0043535
CG30338,1.351404827,2.971955194,0.000632435,0.004328344,CG30338,FBgn0050338
Spn27A,0.735882032,6.123586386,0.000633808,0.004334458,Spn27A,FBgn0028990
CG4726,1.580303327,1.867362918,0.000634297,0.004334523,MFS3,FBgn0031307
CG34417,0.559544571,9.001229536,0.000634928,0.004335553,CG34417,FBgn0085446
Sema-5c,-1.208733364,3.255228024,0.000636369,0.004342115,Sema-5c,FBgn0250876
CG6891,-3.018256857,0.42628306,0.000642766,0.004377783,CG6891,FBgn0030955
CG32103,-0.550004539,7.194190866,0.000642794,0.004377783,CG32103,FBgn0052103
Rel,0.705841992,8.184869165,0.000643051,0.004377783,Rel,FBgn0014018
RpL27,0.577705945,9.046839241,0.000644782,0.004386263,RpL27,FBgn0039359
eIF4AIII,-0.639456282,5.666088207,0.000666184,0.00452845,eIF4AIII,FBgn0037573
Vha13,-0.679483022,9.455763533,0.000669119,0.004544975,Vha13,FBgn0026753
tinc,-0.548131276,6.91971263,0.000671684,0.004558974,tinc,FBgn0261649
CHKov1,-0.767647588,5.077952917,0.000675503,0.004581453,CHKov1,FBgn0045761
nvy,-0.706783357,5.096456663,0.000676181,0.004582609,nvy,FBgn0005636
CG16758,2.585075284,2.906735859,0.000681122,0.004612634,CG16758,FBgn0035348
CG31344,-0.542714346,7.769897767,0.000688312,0.004657839,CG31344,FBgn0051344
Vha16,-0.574704901,10.48157127,0.00069781,0.004718573,Vha16-1,FBgn0262736
Gclm,0.493997522,6.400383408,0.000698464,0.004719462,Gclm,FBgn0046114
Btk29A,0.624631264,5.243996241,0.000699781,0.004724827,Btk29A,FBgn0003502
Asator,-0.565176396,7.568075156,0.000703563,0.004746815,Asator,FBgn0039908
Prosbeta2,0.524481191,7.033368441,0.000706591,0.004761603,Prosbeta2,FBgn0023174
CG7409,-1.417542335,6.867233222,0.000706809,0.004761603,CG7409,FBgn0035817
RpL18A,0.56112388,9.816003848,0.000710046,0.004778055,RpL18A,FBgn0010409
CG11356,1.301626892,3.270038141,0.000710309,0.004778055,CG11356,FBgn0030375
tutl,-0.615491194,7.706316908,0.000724355,0.004868915,tutl,FBgn0010473
CG17029,-0.649788509,5.151469101,0.000729735,0.004901434,CG17029,FBgn0036551
CG11727,-0.671303809,5.037340395,0.000732781,0.004917755,Evi5,FBgn0262740
CG5357,-2.295511873,0.761238034,0.000733254,0.004917755,CG43795,FBgn0264339
Or42b,-0.656829126,7.067641673,0.000738528,0.004949451,Or42b,FBgn0033043
CG7786,0.97720239,3.941027809,0.000741986,0.004968944,CG7786,FBgn0034096
CG12605,-0.654395688,5.707308206,0.000757302,0.005067751,CG12605,FBgn0035481
Pka-R1,-0.545701818,8.014096451,0.000764226,0.005110304,Pka-R1,FBgn0259243
CG7841,-0.843894919,4.037363646,0.000767031,0.005123456,CG7841,FBgn0036502
RpL18,0.590013482,9.316111332,0.000767327,0.005123456,RpL18,FBgn0035753
CG34275,-1.591423781,2.018468156,0.000768195,0.005125458,CG45105,FBgn0266566
CG14253,0.664823024,4.846144836,0.000769729,0.005125956,CG14253,FBgn0039467
CG32055,-2.334847344,0.615763957,0.000769801,0.005125956,CG32055,FBgn0052055
CG9497,0.63913696,12.89872817,0.000769971,0.005125956,CG9497,FBgn0031800
CG10137,0.543485297,6.095657631,0.000771379,0.005131547,CG10137,FBgn0032800
CG5391,-1.979298936,1.679311357,0.00078825,0.005239919,CG5391,FBgn0038943
CG1625,0.615187312,5.563693439,0.00079208,0.005261508,dila,FBgn0033447
CG12880,1.403623757,2.488647275,0.000797368,0.005290434,CG12880,FBgn0046258
CG14372,-1.293607346,2.712805898,0.000797606,0.005290434,CG14372,FBgn0038156
path,-0.603388941,9.772688823,0.000798927,0.005293684,path,FBgn0036007
btn,-1.387840225,2.168657133,0.000800004,0.005293684,btn,FBgn0014949
CG42345,-0.542356952,6.808957437,0.00080036,0.005293684,laccase2,FBgn0259247
dtr,-1.428479492,2.333252718,0.000800595,0.005293684,dtr,FBgn0023090
ppk28,-1.503692326,2.106173244,0.000801026,0.005293684,ppk28,FBgn0030795
trp,-1.602996187,1.596721316,0.000810584,0.005352936,trp,FBgn0003861
RpL3,0.549992082,10.35886984,0.000811763,0.005356806,RpL3,FBgn0020910
CG4294,-0.707830521,6.057685063,0.000815645,0.005378494,CG4294,FBgn0034742
scu,0.520565105,6.750094306,0.000816374,0.005379372,scu,FBgn0021765
CG5028,-0.599513964,7.754368332,0.000824028,0.005425854,CG5028,FBgn0039358
fok,-0.571453915,5.808804268,0.000826599,0.005438817,fok,FBgn0263773
hig,-0.740510991,5.037680364,0.000829805,0.005455938,hig,FBgn0010114
AP-2sigma,-0.630583466,5.149575919,0.000835495,0.005489357,AP-2sigma,FBgn0043012
CG9796,-0.517858828,9.208035895,0.000836261,0.005490392,GILT1,FBgn0038149
CG14696,-0.638119416,5.407217695,0.000838504,0.005501121,CG14696,FBgn0037853
Ac3,-0.57522775,5.655854668,0.000839222,0.005501835,Ac3,FBgn0023416
CG16786,0.741161563,5.015427606,0.000842665,0.005520404,CG16786,FBgn0034974
CG10737,0.555918259,9.953207787,0.000846704,0.005542843,CG10737,FBgn0034420
Dgk,-1.04993508,4.663066797,0.000861291,0.005633817,Dgk,FBgn0085390
CG5397,0.600526005,8.66065782,0.000861848,0.005633817,CG5397,FBgn0031327
RhoGAP100F,-0.650569765,6.716586395,0.000871652,0.005693786,RhoGAP100F,FBgn0039883
CG31998,-0.507945823,6.527360551,0.000879603,0.005741568,CG31998,FBgn0051998
CG11655,0.524977488,5.895002911,0.000880679,0.005744442,CG11655,FBgn0030638
CG42369,3.16506161,2.379274532,0.000884134,0.005762816,CG42369,FBgn0259715
Hexo1,0.552728368,6.435196351,0.000890365,0.005799248,Hexo1,FBgn0041630
CG9523,0.650770057,5.199382523,0.000891125,0.005800018,Fic,FBgn0263278
CG12340,-0.541555403,5.906107264,0.000912666,0.005935942,wde,FBgn0027499
bip2,-0.503582288,7.240851675,0.000927426,0.006027599,bip2,FBgn0026262
CG15098,0.545854417,8.806209082,0.00093473,0.006070707,CG15098,FBgn0034398
CG13004,-0.692500789,4.886079923,0.000961789,0.006241954,CG13004,FBgn0030797
Sodh-2,0.847796808,4.416806845,0.000968226,0.006279223,Sodh-2,FBgn0022359
CG8839,0.562752201,8.006351771,0.000969045,0.006280023,CG8839,FBgn0033717
heph,-0.552489866,5.959908557,0.000970158,0.006282731,heph,FBgn0011224
CG7709,2.320527899,0.865202208,0.00097699,0.00632244,Muc91C,FBgn0038642
CG15394,0.966079376,3.786561964,0.000987399,0.00638523,CG15394,FBgn0250835
Or47b,-0.49425189,7.011117569,0.001003131,0.006482324,Or47b,FBgn0026385
CG31814,-1.318283106,2.535213939,0.001010337,0.006524218,CG31814,FBgn0051814
CG32206,-0.693502077,5.538140356,0.001014247,0.006544789,CG32206,FBgn0052206
Osi5,1.985563418,2.262733272,0.001019614,0.006574726,Osi5,FBgn0037413
Or49b,0.774386787,4.381370008,0.001021964,0.006582212,Or49b,FBgn0028963
aru,-0.495842111,7.181879785,0.001022232,0.006582212,aru,FBgn0029095
l-1-G0156,-0.565876427,8.070847933,0.001030211,0.006628865,l(1)G0156,FBgn0027291
CG32155,0.931352308,4.494699546,0.001038249,0.00667374,l(3)72Dp,FBgn0263607
unc-104,-0.5263123,9.688540338,0.001038663,0.00667374,unc-104,FBgn0267002
CG11529,1.23504499,2.781559098,0.001041665,0.006688226,CG11529,FBgn0036264
msi,-0.730809563,4.749764313,0.001042492,0.006688226,msi,FBgn0011666
p,-0.653808964,5.068317006,0.001043138,0.006688226,p,FBgn0086679
CG17189,0.890541288,8.397074867,0.001044369,0.00669137,CG17189,FBgn0039485
CkIalpha,-0.506787273,7.950378151,0.001054803,0.006742838,CkIalpha,FBgn0015024
TM4SF,-0.613049923,7.360701889,0.001055044,0.006742838,TM4SF,FBgn0020372
CG13585,0.529767031,7.669714258,0.001056039,0.006742838,CG13585,FBgn0035020
Vha100-2,-0.53006822,9.547731407,0.001056105,0.006742838,Vha100-2,FBgn0028670
CG12990,-1.772261709,1.691856704,0.001056134,0.006742838,CG12990,FBgn0030859
CG14471,-0.514516911,7.389547594,0.00106517,0.006795727,Src42A,FBgn0264959
CG17931,-0.558218608,5.755532602,0.001070516,0.006825009,CG17931,FBgn0038421
HLH106,0.50779743,8.786622938,0.001073486,0.006839123,HLH106,FBgn0261283
zfh2,-0.605234017,8.150871696,0.001083617,0.006898802,zfh2,FBgn0004607
Lip4,-0.969962539,4.545456607,0.001084485,0.00689946,Lip4,FBgn0032264
l-2-01810,-0.695060632,5.968128818,0.001098697,0.006984959,dmGlut,FBgn0010497
Wwox,0.709347075,4.74172724,0.001103559,0.007004505,Wwox,FBgn0031972
CG17665,-0.525549529,5.955956145,0.001103659,0.007004505,IntS3,FBgn0262117
fkh,-1.320188131,2.554623127,0.001104097,0.007004505,fkh,FBgn0000659
Mtp,1.019715453,4.131609655,0.001109441,0.007033464,Mtp,FBgn0266369
Det,-1.628898417,2.18219611,0.001114425,0.007060109,Det,FBgn0264291
dve,-1.34439088,2.145932768,0.001120982,0.007096675,dve,FBgn0020307
CG13707,-1.961955727,1.454144071,0.0011358,0.007185448,CG13707,FBgn0035578
CG31855,-0.803327207,4.221626827,0.00114505,0.007238893,CG31855,FBgn0051855
CG2701,0.482756129,6.391410897,0.001151515,0.007274675,CG2701,FBgn0024973
CG32267,-1.049734526,3.853503143,0.001157924,0.007310053,CG32267,FBgn0052267
Prosap,-0.54792302,7.384012447,0.001186766,0.007486902,Prosap,FBgn0040752
CheB42b,-1.217909632,3.986248037,0.001188115,0.007490184,CheB42b,FBgn0066293
CG33277,-1.922605633,1.43227675,0.001189635,0.007494532,CG42458,FBgn0259935
Sap47,-0.533495196,7.833346214,0.001203098,0.007574071,Sap47,FBgn0013334
CG5909,0.750538884,5.995718842,0.001207711,0.007597814,CG5909,FBgn0039495
CG14935,1.375609971,3.784282493,0.001208942,0.007600044,Mal-B2,FBgn0032382
CG8223,0.489511643,6.517609134,0.001209748,0.007600044,CG8223,FBgn0037624
lbl,1.190478123,3.104679279,0.0012106,0.007600114,lbl,FBgn0008651
CG9630,-0.981850394,3.448730368,0.001211795,0.00760233,CG9630,FBgn0037561
CG12703,0.522287802,7.256719436,0.001223039,0.007667545,Pmp70,FBgn0031069
CG33474,-2.189289242,0.723326624,0.00123502,0.007737292,CG33474,FBgn0053474
nub,-0.580137557,5.301862769,0.00123735,0.007746517,nub,FBgn0085424
CG6553,-1.225516583,3.063750752,0.001250109,0.007820974,CG6553,FBgn0033880
CG4607,0.561021271,7.949346389,0.00125423,0.007841326,CG4607,FBgn0029932
CG11843,1.482237401,1.961178756,0.00126637,0.007911748,CG11843,FBgn0039630
eag,-0.96522779,4.119676456,0.001282795,0.008008827,eag,FBgn0000535
RhoGAP18B,-0.537910926,6.022389157,0.001284874,0.008016262,RhoGAP18B,FBgn0261461
CG17454,-0.505419896,5.860147144,0.00129108,0.008049423,CG17454,FBgn0039977
dob,1.916829125,1.374193153,0.001294364,0.008062223,dob,FBgn0030607
CG42314,-0.576416208,8.692456629,0.001294918,0.008062223,PMCA,FBgn0259214
dally,-0.679087312,5.345337093,0.00131,0.008150513,dally,FBgn0263930
SdhB,-0.50044807,9.033370515,0.001313309,0.008165474,SdhB,FBgn0014028
CG3759,1.426276403,3.144991713,0.001322961,0.008219825,Mco1,FBgn0032116
CG8964,-2.18061865,0.72662444,0.001330365,0.008256241,CG8964,FBgn0033674
Surf4,0.495449959,7.204618815,0.001330745,0.008256241,Surf4,FBgn0019925
CG3008,0.495348589,6.00836277,0.001332101,0.008256241,CG3008,FBgn0031643
CG3829,1.676780948,3.165379863,0.001332477,0.008256241,CG3829,FBgn0035091
CG6762,0.697644489,4.529381435,0.001337606,0.008282338,CG6762,FBgn0030876
CG9773,-0.829573948,4.060160106,0.001360139,0.008416095,CG9773,FBgn0037609
Lis-1,-0.502236677,8.708879025,0.001369023,0.008465266,Lis-1,FBgn0015754
CG8315,0.567461771,5.491682833,0.001372767,0.008482612,Pex11,FBgn0034058
CG1161,0.494324659,6.357024802,0.001375904,0.008496183,CG1161,FBgn0037313
Pi3K21B,-0.685541396,5.220299441,0.001379017,0.008509587,Pi3K21B,FBgn0020622
mtm,0.503533736,5.695152478,0.001403866,0.008657011,mtm,FBgn0025742
eIF6,0.606228119,5.095677512,0.001410542,0.008692246,eIF6,FBgn0034915
sda,0.540578062,10.06981982,0.001427909,0.008793273,sda,FBgn0015541
SIFR,-1.192688448,2.998288442,0.001433548,0.008821983,SIFaR,FBgn0038880
Rbsn,-0.752468297,4.863632717,0.00144297,0.008873919,Rbsn-5,FBgn0261064
Dyrk3,-0.532533791,6.273560148,0.001445596,0.008884022,Dyrk3,FBgn0027101
Rab26,-0.730559847,5.138073177,0.001446617,0.008884253,Rab26,FBgn0086913
CG4213,1.941886853,1.443676902,0.001467288,0.009005079,CG4213,FBgn0031251
kermit,-0.75548558,4.559985155,0.001474534,0.009043409,kermit,FBgn0010504
RpL11,0.521322809,9.623843712,0.001483257,0.009090737,RpL11,FBgn0013325
CG5973,0.508921807,10.24503072,0.001489046,0.009120028,CG5973,FBgn0031914
CG14401,0.575151237,5.307977087,0.00150022,0.00918224,CG14401,FBgn0032900
CG9175,0.572193543,6.038494483,0.001513322,0.00925616,CG9175,FBgn0031779
X11Lbeta,-0.603074962,6.172657995,0.001526314,0.009329309,X11Lbeta,FBgn0052677
CG4546,-0.586262166,5.350030526,0.001527898,0.009332675,CG4546,FBgn0038373
CG10962,-1.782188243,1.617208177,0.00153081,0.009344149,CG10962,FBgn0030073
acj6,-0.597555811,5.64586992,0.00154417,0.009419331,acj6,FBgn0000028
Dyb,-0.534970115,5.782273261,0.001564902,0.009539353,Dyb,FBgn0033739
por,-0.699584628,4.509367228,0.001581028,0.009631157,por,FBgn0004957
Int6,0.484448893,7.364879809,0.001584612,0.009646483,Int6,FBgn0025582
RpL34b,0.503637608,9.006105844,0.001593524,0.009694206,RpL34b,FBgn0037686
bol,-0.576248381,5.467337389,0.001603398,0.009747709,bol,FBgn0011206
Ef1alpha48D,0.538267119,11.63671272,0.001605376,0.009753175,Ef1alpha48D,FBgn0000556
CG9940,-0.537295331,5.443453813,0.001612142,0.009787695,CG9940,FBgn0030512
CG3544,1.83458835,1.471966994,0.001624055,0.009853399,CG3544,FBgn0031279
DopEcR,-0.590381631,8.430390398,0.001630591,0.009886418,DopEcR,FBgn0035538
dpr7,-0.490160465,6.037001899,0.001657992,0.010045808,dpr7,FBgn0053481
CG13795,1.096224161,3.372649865,0.001686584,0.010212198,CG13795,FBgn0031937
tow,0.727077043,4.440723261,0.001690523,0.010229196,tow,FBgn0035719
RpS16,0.549799992,9.543646652,0.001696257,0.010257016,RpS16,FBgn0034743
Kua,0.51645208,7.95172698,0.001704743,0.010301438,Kua,FBgn0032850
CG16717,-0.648959714,4.964564612,0.00170777,0.010312831,CG16717,FBgn0036028
CG3408,-1.077884387,3.099941436,0.001720947,0.010385461,CG3408,FBgn0036008
alpha-Cat,-0.513365953,6.937876336,0.001724814,0.010401851,alpha-Cat,FBgn0010215
CG31272,-1.775610993,3.916072394,0.001740615,0.010490134,CG31272,FBgn0051272
Cip4,-0.495199551,5.765182931,0.001742484,0.010494399,Cip4,FBgn0035533
Vha55,-0.561937044,10.38495597,0.0017543,0.010558527,Vha55,FBgn0005671
Actr13E,0.535603791,5.694576564,0.001756788,0.01056646,Arp6,FBgn0011741
CG5626,-2.086046052,0.97454912,0.001759403,0.010575066,CG5626,FBgn0036266
Sur-8,-0.61321489,6.24507872,0.00176056,0.010575066,Sur-8,FBgn0038504
CG5885,0.60837357,5.62995434,0.001771353,0.010632828,CG5885,FBgn0025700
CG17082,-0.497785348,6.064669381,0.001786256,0.010712392,conu,FBgn0039994
CG14933,0.560952464,6.716069378,0.00178698,0.010712392,CG14933,FBgn0040968
colt,0.471488027,7.024910372,0.001797152,0.010766226,colt,FBgn0019830
CG4673,0.58950657,6.67157559,0.001806437,0.01081468,Npl4,FBgn0039348
CG7372,-1.096142423,3.66499055,0.001812533,0.010843988,CG7372,FBgn0036522
SP1029,0.646297659,5.510738383,0.001814087,0.010846102,SP1029,FBgn0263236
Yeti,-0.497426601,6.128055565,0.001816614,0.010854026,Yeti,FBgn0267398
CG1358,-0.592686431,7.934078257,0.001827781,0.010913533,CG1358,FBgn0033196
Gfat1,-0.467697975,6.253349455,0.001830102,0.010920173,Gfat1,FBgn0027341
Nmd3,0.554019047,5.391663459,0.001831744,0.010922756,Nmd3,FBgn0023542
CG18012,0.591812261,5.27227079,0.001833999,0.010925808,CG18012,FBgn0038552
Vha68-1,-0.499096731,7.375591439,0.001834675,0.010925808,Vha68-1,FBgn0265262
CG4577,0.812611255,4.116865836,0.001836405,0.010928907,CG4577,FBgn0031306
wun,0.465061131,7.231147331,0.001840131,0.010943871,wun,FBgn0016078
loj,0.724396488,4.569170291,0.001851488,0.011004172,loj,FBgn0061492
Atpalpha,-0.529303117,11.4498289,0.001857522,0.011032777,Atpalpha,FBgn0002921
CG34459,2.908953713,0.041457181,0.001863147,0.01105618,CG34459,FBgn0085488
CG30414,-2.232136539,1.152177842,0.00186391,0.01105618,CG30414,FBgn0050414
CG5532,0.477570127,7.137340957,0.001865143,0.011056232,CG5532,FBgn0034902
Trim9,-2.573182187,0.397866423,0.00187217,0.011090612,Trim9,FBgn0051721
CAH2,1.253793564,10.89531641,0.001874912,0.011099577,CAH2,FBgn0027843
CG9312,1.628996694,3.374836348,0.0018768,0.011103479,CG9312,FBgn0038179
CG1745,-0.655955197,4.765264419,0.001879285,0.01110816,HP5,FBgn0030301
CG1662,0.697660784,4.640805694,0.001880562,0.01110816,CG1662,FBgn0030481
CG13606,-1.04729479,2.914634416,0.00188128,0.01110816,CG13606,FBgn0039161
CG17124,-0.499674569,6.661223487,0.00188762,0.011138315,CG17124,FBgn0032297
Rtnl1,-0.480636624,8.903679576,0.001897251,0.011183507,Rtnl1,FBgn0053113
CG13926,0.857405715,3.956641795,0.001897854,0.011183507,CG13926,FBgn0035243
CG7766,0.476528134,8.147965836,0.001898993,0.011183507,CG7766,FBgn0030087
Kif3C,-0.65152714,5.072670195,0.001906582,0.011220884,Kif3C,FBgn0039925
Scp1,-1.378040535,4.607407221,0.001911155,0.011229492,Scp1,FBgn0020908
CG2862,-0.497473379,8.075918108,0.001912467,0.011229492,CG2862,FBgn0031459
CG15642,0.928661015,3.744559109,0.00191299,0.011229492,CG15642,FBgn0030642
CG34398,0.508286293,6.533394759,0.001913016,0.011229492,CG34398,FBgn0085427
CG13784,-0.535425132,7.230081773,0.00193052,0.011324879,CG13784,FBgn0031897
CG31462,-1.378036501,1.976333254,0.001933313,0.011333909,CG45263,FBgn0266801
CG14757,-0.618455085,4.959221288,0.001947403,0.011409102,CG14757,FBgn0033274
Rpt1,0.495785318,7.369363027,0.001955083,0.011446675,Rpt1,FBgn0028687
CG6999,-1.930918266,0.945963231,0.001959721,0.011466399,CG6999,FBgn0030085
rl,-0.626123041,5.11241167,0.001965525,0.011492917,rl,FBgn0003256
CG9812,0.851033968,6.874086413,0.002003,0.011698808,CG9812,FBgn0034860
Ac78C,0.91065519,3.51887422,0.002003816,0.011698808,Ac78C,FBgn0024150
CG10395,-0.960103532,3.313419864,0.002004622,0.011698808,CG10395,FBgn0033019
Cpr49Ae,-1.471482787,5.248963845,0.002006561,0.011700934,Cpr49Ae,FBgn0033728
CG17839,0.520009626,8.956946922,0.00200875,0.011700934,CG17839,FBgn0036454
Pal,-0.46026562,6.887438099,0.002008872,0.011700934,Pal2,FBgn0262728
RpS13,0.508275044,9.56331754,0.002017454,0.011743349,RpS13,FBgn0010265
Treh,0.501655454,9.31427621,0.002044805,0.011894894,Treh,FBgn0003748
RpL7,0.515502593,9.811315992,0.002050664,0.011921298,RpL7,FBgn0005593
CG40470,-1.923748382,1.067300621,0.002061685,0.011977662,CG40470,FBgn0058470
CG1444,0.528652114,5.927621605,0.002063365,0.011979718,CG1444,FBgn0029975
emp,0.484617963,10.06526149,0.002072977,0.012027795,emp,FBgn0010435
CG42269,-2.11109712,0.812895793,0.002098316,0.012167002,CG42269,FBgn0259164
CG4404,-0.447575678,6.958109656,0.002101431,0.012177244,CG4404,FBgn0030432
Pbp95,-0.877740687,4.004412734,0.002104874,0.012189377,Pbp95,FBgn0037540
CG14464,-0.78271272,4.061677799,0.002112565,0.012226083,CG14464,FBgn0033000
CG4341,-0.680586737,4.799422049,0.002116539,0.012241236,CG4341,FBgn0028481
CG8112,1.992621832,1.108634021,0.002125842,0.012287179,CG8112,FBgn0037612
CG5362,0.472276011,8.951704427,0.002129623,0.01230116,Mdh1,FBgn0262782
Kaz1-ORFB,1.803353362,1.995919877,0.002134785,0.012323097,Kaz1-ORFB,FBgn0063923
Or98a,-0.688725408,5.340590424,0.00213735,0.012330027,Or98a,FBgn0039551
CG4629,-0.741634555,4.245905663,0.002148411,0.012385927,CG4629,FBgn0031299
CG5080,1.718120069,3.451533104,0.002155498,0.01241886,CG5080,FBgn0031313
Ppn,1.442178211,5.663797811,0.002160426,0.012439317,Ppn,FBgn0003137
CG32245,0.49656829,8.675948239,0.002171742,0.012496507,CG42540,FBgn0260657
CG5945,0.802235767,10.82456938,0.002181075,0.012542224,CG5945,FBgn0032494
Hnf4,0.482741898,8.475334697,0.00218813,0.01257479,Hnf4,FBgn0004914
Gp93,0.496037528,8.700221906,0.002193797,0.01259934,Gp93,FBgn0039562
n-syb,-0.469735245,8.778271704,0.002202165,0.012639364,nSyb,FBgn0013342
CG9313,-0.50170426,6.405318502,0.002212606,0.012691225,CG9313,FBgn0034566
Arpc3B,1.853871467,1.075138297,0.002222999,0.012741302,Arpc3B,FBgn0065032
UbcD6,-0.460729477,6.092082568,0.002224157,0.012741302,Ubc6,FBgn0004436
CG5773,2.794655921,3.653659064,0.002239757,0.01282254,CG5773,FBgn0034290
CG31248,-0.599922183,5.267422258,0.002270275,0.01298902,CG31248,FBgn0051248
Or10a,-0.56685457,5.685142347,0.002284733,0.013063469,Or10a,FBgn0030298
Tango9,0.507004769,6.100571253,0.002295074,0.013114291,Tango9,FBgn0260744
Prestin,0.467739793,6.370223587,0.002296667,0.013115103,Prestin,FBgn0036770
Slh,0.497044445,6.072842726,0.002308832,0.013172697,Slh,FBgn0264978
CG8043,-0.849731734,3.774827478,0.002309669,0.013172697,CG8043,FBgn0037610
RpS14b,0.492199847,7.547938633,0.002333536,0.013300419,RpS14b,FBgn0004404
CG16700,-0.839764354,5.927614915,0.00234398,0.013351522,CG16700,FBgn0030816
bnl,-1.423943864,3.417010414,0.002348268,0.013367521,bnl,FBgn0014135
CG42322,-0.545628596,7.909282403,0.002355497,0.013400229,CG42322,FBgn0259222
sif,-0.480429159,6.383951692,0.00236172,0.013427174,sif,FBgn0085447
CG14661,0.445695498,12.42698785,0.002384636,0.013548932,CG14661,FBgn0037288
RpL23A,0.477834689,10.24493282,0.002387027,0.013553991,RpL23A,FBgn0026372
slmo,-0.472356398,7.156894923,0.00239188,0.013564702,slmo,FBgn0029161
Caps,-0.505572049,7.912958125,0.002391916,0.013564702,Caps,FBgn0053653
Tfb1,0.52920859,5.314852288,0.002428826,0.01376538,Tfb1,FBgn0033929
cac,0.803342105,6.626736904,0.002434835,0.013790785,cac,FBgn0263111
CG5948,-0.734313311,6.194919259,0.002464902,0.013952333,CG5948,FBgn0039386
cp309,0.442893767,7.047723535,0.002468853,0.013965947,cp309,FBgn0086690
CG1941,0.597662736,5.364140277,0.002484663,0.014046586,CG1941,FBgn0033214
CG6171,0.79845274,3.889564593,0.002494649,0.014094218,CG6171,FBgn0026737
CG5721,0.630196496,4.857974671,0.002514679,0.014198508,CG5721,FBgn0034315
RpS18,0.502914014,9.88047808,0.002530235,0.014277418,RpS18,FBgn0010411
unc-13,-0.584392014,8.98178401,0.002544254,0.014347562,unc-13,FBgn0025726
l-1-G0045,-1.181644508,2.545420754,0.002560211,0.014428538,l(1)G0045,FBgn0026702
CG30495,0.842010537,3.950946242,0.002576521,0.014511401,CG30495,FBgn0050495
Nap1,0.492989526,7.780723761,0.002587904,0.014566431,Nap1,FBgn0015268
lace,-0.462756586,7.491365946,0.002591598,0.014578143,lace,FBgn0002524
CG11796,1.631789262,5.439757064,0.002605963,0.014649372,CG11796,FBgn0036992
CSN6,0.629831939,4.896074872,0.002607504,0.014649372,CSN6,FBgn0028837
CG14275,0.66088892,5.584343365,0.002610824,0.014651606,CG14275,FBgn0032022
Gycbeta100B,-0.842589605,3.780893746,0.002611145,0.014651606,Gycbeta100B,FBgn0013973
RpS9,0.51909154,9.398164551,0.00262717,0.014732371,RpS9,FBgn0010408
CG12567,-0.472897465,5.778814168,0.002634294,0.01476316,CG12567,FBgn0039958
RpS27A,0.487125269,9.349527639,0.002636524,0.014766497,RpS27A,FBgn0003942
Art4,-0.806528234,3.938793853,0.002640876,0.014775931,Art4,FBgn0037770
RpS30,0.477430946,9.408337146,0.00264148,0.014775931,RpS30,FBgn0038834
Dbi,-0.698088492,7.265219599,0.002647111,0.014798268,Dbi,FBgn0010387
nimC1,1.940107968,1.824611892,0.002660399,0.014863356,NimC1,FBgn0259896
CG7864,0.592457481,5.022314688,0.002668566,0.014899767,Pex10,FBgn0035233
Rack1,0.508839195,9.689847467,0.00267955,0.014951856,Rack1,FBgn0020618
Hr46,-0.68385493,5.078028107,0.00269421,0.015024378,Hr46,FBgn0000448
Pect,-0.473194498,7.474631926,0.00269835,0.015038185,Pect,FBgn0032482
l-2-37Bb,-0.591050175,4.900562842,0.002707301,0.015078763,l(2)37Bb,FBgn0002021
CG42284,0.489932887,9.445289353,0.002719636,0.015138135,CG42284,FBgn0259179
comm2,1.338741133,2.740669177,0.002722571,0.015142478,comm2,FBgn0041160
CG17834,-0.485787284,6.596128224,0.002723769,0.015142478,CG17834,FBgn0028394
Ets98B,0.732304622,4.627789273,0.002748067,0.015268167,Ets98B,FBgn0005659
CG11127,0.732816078,4.14298605,0.002753653,0.0152898,CG11127,FBgn0033178
kek5,0.45349637,6.342779973,0.002767414,0.015356768,kek5,FBgn0031016
bor,-0.593545114,5.315862616,0.002781864,0.015427474,bor,FBgn0040237
mRpL1,-0.696968465,4.296687734,0.002793914,0.015477847,mRpL1,FBgn0037566
Ubc-E2H,-0.474369363,7.366129113,0.002794373,0.015477847,UbcE2H,FBgn0029996
CG4455,-1.229288521,2.808104963,0.002796287,0.015478957,CG4455,FBgn0028506
lectin-46Cb,-1.043623727,3.987680897,0.002799338,0.015486354,lectin-46Cb,FBgn0040092
l-1-G0144,-0.621176984,5.113477516,0.002801626,0.015489527,temp,FBgn0027296
CG13124,0.513173343,8.086177514,0.002803416,0.015489947,CG13124,FBgn0032156
Cyp6d4,1.001875032,3.454547535,0.002831311,0.015634512,Cyp6d4,FBgn0039006
CG34301,-0.748461137,3.966654756,0.002835951,0.015650567,CG34301,FBgn0085330
ems,0.958032915,5.235441556,0.002841216,0.015670053,ems,FBgn0000576
Pros28-1,0.445737483,6.634816751,0.002846975,0.015692235,Prosalpha4,FBgn0004066
CG3246,2.682803864,2.033156265,0.002849792,0.015698184,CG3246,FBgn0031538
CG14084,0.544645416,5.465792153,0.00285426,0.015713216,Bet1,FBgn0260857
CG2010,1.368791645,2.151146713,0.002856276,0.015714735,CG2010,FBgn0039667
CG3975,-0.609379089,5.147963362,0.002861559,0.01573422,Pol32,FBgn0027559
Hsc70-3,0.50014325,9.763881001,0.002864271,0.015739551,Hsc70-3,FBgn0001218
CG8290,-0.544382988,5.472060194,0.002875246,0.015790256,CG8290,FBgn0026573
scrt,-0.72192777,5.575008633,0.002884683,0.015828181,scrt,FBgn0004880
CG30421,-0.494369149,7.021710819,0.002885656,0.015828181,CG30421,FBgn0050421
RpS11,0.482993663,9.279093801,0.002891558,0.01584829,RpS11,FBgn0033699
CG8188,-0.466946614,5.955490165,0.00289283,0.01584829,CG8188,FBgn0030863
CG17486,-0.530836485,5.595459155,0.002896287,0.015857612,CG17486,FBgn0032997
Cyp6a20,-0.616433927,7.32233887,0.002904276,0.015891722,Cyp6a20,FBgn0033980
Tom40,-0.492207674,5.524303876,0.002914468,0.015937834,Tom40,FBgn0016041
out,0.543819784,7.658294195,0.002916462,0.015939093,out,FBgn0259834
Pdi,0.496821777,8.921355343,0.00292016,0.015949651,Pdi,FBgn0014002
CG14961,-1.43190213,3.192110521,0.002926797,0.015976245,CG14961,FBgn0035439
gfA,-1.33099738,1.831260831,0.002937232,0.016023525,nAChRalpha7,FBgn0086778
pncr011-3L,-1.112293426,3.271017418,0.002943742,0.016049344,pncr011:3L,FBgn0083068
Sh,-0.944948118,4.280363729,0.002961197,0.016134774,Sh,FBgn0003380
DopR2,-1.025934187,2.841766909,0.002963126,0.016135553,Dop1R2,FBgn0266137
Cyp9f2,0.465837388,8.396047097,0.002982119,0.016229197,Cyp9f2,FBgn0038037
l-1-G0155,0.47899068,5.829350183,0.002986804,0.016244904,Ykt6,FBgn0260858
tilB,-1.966414726,0.806143966,0.003005258,0.016335441,tilB,FBgn0014395
Cad87A,-0.43315784,6.921767869,0.003028932,0.016445668,Cad87A,FBgn0037963
CG15695,1.822819416,2.513435649,0.003029178,0.016445668,CG15695,FBgn0038832
CG31246,-1.630611361,1.527940729,0.003068598,0.016649677,tinc,FBgn0261649
CG1213,2.718671713,3.690817207,0.003104063,0.016831996,CG1213,FBgn0037387
CG12207,0.470575067,7.087531652,0.003115666,0.016884779,CG12207,FBgn0038220
RpL14,0.462247292,9.173815541,0.003121095,0.016903387,RpL14,FBgn0017579
5-HT1A,-1.453870375,3.04084434,0.003122842,0.016903387,5-HT1A,FBgn0004168
RpL37a,0.501185877,9.466430963,0.00313088,0.016936748,RpL37a,FBgn0030616
rin,-0.449571247,7.119142827,0.003141494,0.016983995,rin,FBgn0015778
CG6327,-0.480411547,8.669383365,0.003143514,0.016984753,CG43693,FBgn0263776
Rrp1,-0.922404722,3.194843789,0.003153168,0.017026728,Rrp1,FBgn0004584
CG14290,-0.50935201,7.1281546,0.003165495,0.017083082,Mpc1,FBgn0038662
CG9609,-0.716034562,4.381314458,0.003169139,0.017092536,CG9609,FBgn0030787
Krn,0.513548796,6.67939192,0.003171327,0.017094133,Krn,FBgn0052179
Oscillin,0.662253268,4.842907163,0.003179457,0.017127736,Oscillin,FBgn0031717
CG33217,-1.033189189,2.850246394,0.003230115,0.017390261,CG33217,FBgn0053217
CG4572,0.52671231,6.867782024,0.003244972,0.017459841,CG4572,FBgn0038738
Aph-4,0.658127125,7.749536112,0.003248129,0.017466425,Aph-4,FBgn0016123
CG11395,2.193281609,3.330195947,0.003253123,0.017482877,CG11395,FBgn0034200
asp,-1.679815156,1.921813915,0.003302501,0.01773769,asp,FBgn0000140
CG6421,0.489146259,6.049248574,0.003305206,0.017741669,CG6421,FBgn0025827
CG6838,0.475898094,6.47681876,0.003327321,0.017849775,ArfGAP3,FBgn0037182
CG8417,0.486652068,6.626237055,0.003333938,0.017874656,CG8417,FBgn0037744
CG17319,-1.652635106,1.163228199,0.003363238,0.018021051,2mit,FBgn0260793
CG8128,0.480413033,5.502943731,0.003366187,0.018026161,CG8128,FBgn0030668
Reg-2,1.175840377,3.025629344,0.003370023,0.018031013,Reg-2,FBgn0016715
CG12734,-0.496360618,5.920789558,0.003372338,0.018031013,Girdin,FBgn0035411
mRpS14,0.671737706,4.450417073,0.003373526,0.018031013,mRpS14,FBgn0044030
CG16947,-0.875280808,3.461835889,0.003375077,0.018031013,CG16947,FBgn0031816
crl,0.42206632,6.914954499,0.00337863,0.018032813,Ubc7,FBgn0267384
Actbeta,-0.441107709,6.177574669,0.003379406,0.018032813,Actbeta,FBgn0024913
CG8317,2.48247339,1.130454695,0.003408799,0.018178921,CG8317,FBgn0034140
CG14950,-1.709551536,1.395602888,0.00341787,0.018216542,Fife,FBgn0264606
CG32668,0.423676024,6.937298091,0.003441073,0.018329395,CG32668,FBgn0052668
CG14762,0.456360096,8.438064871,0.003445939,0.018344498,CG14762,FBgn0033250
Pros54,0.439211936,6.777717017,0.003457744,0.018396501,Rpn10,FBgn0015283
CG31284,-0.474306884,6.424319719,0.003467428,0.018437166,wtrw,FBgn0260005
Aats-ala,0.511645952,6.366242938,0.003476528,0.018469278,Aats-ala,FBgn0027094
insc,-0.889659694,4.011482222,0.003477556,0.018469278,insc,FBgn0011674
Frq2,-1.72797589,1.505281914,0.003489264,0.018520571,Frq2,FBgn0083228
pncr014-3L,-1.925211272,0.668129882,0.003500357,0.018568543,pncr014:3L,FBgn0265295
CG15068,2.303617048,1.631862857,0.003507634,0.018588236,CG15068,FBgn0040733
CheA75a,3.37406355,2.424151961,0.003508185,0.018588236,CheA75a,FBgn0036783
CG12171,0.548078545,5.259849042,0.003520893,0.018639289,CG12171,FBgn0037354
SAK,-0.838982517,3.914016978,0.003521947,0.018639289,SAK,FBgn0026371
obst-B,1.87121959,0.812936221,0.00356391,0.018850332,obst-B,FBgn0027600
scarface,1.267939062,4.320316082,0.003568266,0.018862328,scaf,FBgn0033033
CG18622,0.626068117,4.952727258,0.003570477,0.018862977,CG18622,FBgn0038460
CG6673,0.481020546,6.609024474,0.003574259,0.018871923,GstO2,FBgn0035906
CG17026,0.5650245,5.111183497,0.00357896,0.018885703,CG17026,FBgn0036550
CG3921,-0.522633794,6.282967039,0.003612388,0.01905097,CG3921,FBgn0031571
ventrally-expressed-protein-D,-1.699741714,1.170935897,0.003617974,0.019069299,ventrally-expressed-protein-D,FBgn0053200
CG7516,0.783085445,3.884194124,0.003621566,0.0190771,l(2)34Fd,FBgn0261535
qm,0.478843727,5.620204583,0.003639143,0.019158521,qm,FBgn0019662
fra,-0.871942604,3.6993733,0.003663156,0.019273706,fra,FBgn0011592
Mio,0.443383838,6.437759633,0.00368174,0.019360208,Mio,FBgn0032940
CG15445,0.478462621,5.79588577,0.003688089,0.019382312,CG15445,FBgn0031161
ImpL2,-1.018905672,7.151788806,0.003700551,0.019435016,ImpL2,FBgn0001257
CG9769,0.454006633,7.819956951,0.00370242,0.019435016,CG9769,FBgn0037270
CG3655,-0.476548938,7.829870901,0.003725664,0.019545671,CG3655,FBgn0040397
Oatp58Dc,-1.851307266,1.52538864,0.003734438,0.019580331,Oatp58Dc,FBgn0034716
bft,-1.317650606,2.175195411,0.003742751,0.019612535,CR43314,FBgn0263019
CG30273,1.244803546,3.197822102,0.003760654,0.019694928,CG30273,FBgn0050273
CG32365,-0.770067654,3.91376998,0.003776827,0.019768167,CG32365,FBgn0052365
RpS14a,0.456791825,8.645251724,0.003786868,0.019809244,RpS14a,FBgn0004403
osm-1,0.4583962,7.891018743,0.003803384,0.019884128,Oseg2,FBgn0035317
CG7458,1.005229561,2.892518665,0.003816001,0.019938552,CG7458,FBgn0037144
CG16936,0.448896053,9.532346274,0.003841969,0.02006263,GstE12,FBgn0027590
CG13314,1.588216143,1.588688193,0.003847501,0.020079911,CG13314,FBgn0035949
CG34335,-0.50706913,6.496455831,0.003861393,0.020140776,CR34335,FBgn0085364
CG7896,0.530984044,5.892918814,0.003875277,0.02019849,CG7896,FBgn0039728
CG33170,-0.511230105,5.497459266,0.00387693,0.02019849,CG33170,FBgn0053170
Vha68-2,-0.47167289,10.62470119,0.003889125,0.020250349,Vha68-2,FBgn0263598
Atx2,-0.451977002,7.48507219,0.003893295,0.020260386,Atx2,FBgn0041188
CG10226,-1.260319437,4.702448648,0.003902459,0.020296381,CG10226,FBgn0035695
Or82a,0.647945857,4.655521029,0.003927388,0.02041428,Or82a,FBgn0041621
RpL6,0.471716648,9.771457233,0.003944428,0.020491067,RpL6,FBgn0039857
CG13360,1.721234976,1.676416533,0.003963631,0.020578988,CG13360,FBgn0025620
Atg6,0.542720422,5.424256404,0.003991821,0.020713448,Atg6,FBgn0264325
CG41255,1.909701757,1.129900613,0.004012157,0.020807019,CG41255,FBgn0085581
CG30154,1.631143832,1.201118978,0.004054999,0.021006254,CG30154,FBgn0050154
pinta,-0.703088047,4.262514063,0.004055226,0.021006254,pinta,FBgn0038966
CG34402,1.796640739,0.832991087,0.004069619,0.021068732,CG34402,FBgn0085431
CG31712,-0.491645134,6.073047571,0.004072521,0.021069307,CG31712,FBgn0051712
viaf,0.556356573,5.485018554,0.004074394,0.021069307,viaf,FBgn0036237
raw,0.455307069,7.089320914,0.004078075,0.021076277,raw,FBgn0003209
CG31638,-0.553287488,5.383739174,0.004084511,0.021097471,CG31638,FBgn0051638
CG13350,1.46711438,1.630599213,0.004106991,0.021201459,Ctf4,FBgn0033890
PSR,0.579406851,5.143360941,0.004143566,0.021378056,PSR,FBgn0038948
CG16903,0.478235647,5.844218242,0.004151606,0.021407313,CG16903,FBgn0040394
RpS6,0.484714966,9.946891929,0.004168964,0.021484551,RpS6,FBgn0261592
Hrb98DE,-0.468794711,8.399668838,0.004175786,0.02150744,Hrb98DE,FBgn0001215
CG12119,1.330008717,3.582407232,0.004185004,0.021542638,CG12119,FBgn0030102
CG9123,0.783233336,3.750779039,0.004204876,0.021632602,CG9123,FBgn0030629
RpS17,0.460448843,9.376515212,0.004214055,0.021667484,RpS17,FBgn0005533
CG9914,2.239771069,2.88785142,0.004236296,0.021769452,CG9914,FBgn0030737
lz,1.355693942,1.855162805,0.004271085,0.021935748,lz,FBgn0002576
CG12093,0.453259006,5.957242673,0.004283786,0.02198848,CG12093,FBgn0035372
CG30118,-0.496827382,7.349319205,0.004294287,0.022029861,CG30118,FBgn0050118
Cyp1,0.449786098,9.79575827,0.004328459,0.022192564,Cyp1,FBgn0004432
uzip,-0.4697967,9.168028622,0.00435455,0.022301321,uzip,FBgn0004055
CG14446,-0.47149914,6.35078411,0.004354608,0.022301321,CG14446,FBgn0262730
RpL40,0.491643635,9.813224271,0.004361087,0.022321846,RpL40,FBgn0003941
CG15497,1.151857672,3.573600668,0.004372473,0.022367452,CG15497,FBgn0038894
CG8526,-0.886669717,3.407799328,0.004376934,0.022377604,CG8526,FBgn0037759
CG6903,0.458384264,6.262162728,0.004433332,0.022653121,CG6903,FBgn0029737
Trf2,-0.500463012,5.867765467,0.004481434,0.022885966,Trf2,FBgn0261793
CG6565,-0.496994785,5.484502055,0.004508887,0.023013155,CG6565,FBgn0032513
CG5830,-0.464033625,7.094428362,0.004516145,0.023037182,CG5830,FBgn0036556
CG13907,-0.50258491,7.651511231,0.004531585,0.023102898,CG13907,FBgn0035173
CG14591,0.470594333,6.726634426,0.004536045,0.023112593,CG14591,FBgn0033054
CG30062,1.67950581,1.10777529,0.004550087,0.023171074,CG30062,FBgn0050062
CG17766,-0.440232918,7.424883283,0.004557059,0.023193507,Rbcn-3B,FBgn0023510
ben,-0.429363864,7.486348952,0.004571503,0.02325392,ben,FBgn0000173
CG4641,-0.451241579,6.757553081,0.004576031,0.023263849,nwk,FBgn0263456
Scs-fp,-0.457130006,9.751154922,0.004597521,0.023354346,SdhA,FBgn0261439
CG8616,0.797689896,3.660957904,0.004599002,0.023354346,BHD,FBgn0261111
CG5567,0.427425237,6.581226633,0.004603495,0.023364031,CG5567,FBgn0036760
CG5802,0.479298038,5.576379272,0.004620173,0.023435511,meigo,FBgn0250820
CG33056,0.476667065,6.988528111,0.004630988,0.023477184,CG33056,FBgn0053056
CG10866,-0.687752426,4.48384557,0.004649501,0.023557822,CG10866,FBgn0035475
Tpr2,0.432764307,6.868548562,0.004658056,0.023587937,Tpr2,FBgn0032586
CG40178,-0.485149377,6.37312394,0.00470501,0.023812359,CG40178,FBgn0058178
Rfabg,2.351701779,7.071036492,0.004712504,0.023836934,Rfabg,FBgn0087002
RpL24,0.464266971,9.657933867,0.004715304,0.023837748,RpL24,FBgn0032518
Aats-his,0.425324116,6.682634782,0.004781933,0.024161063,Aats-his,FBgn0027087
mRpS9,-0.497611949,5.984053099,0.004796712,0.024222191,mRpS9,FBgn0037529
Pros25,0.461653097,6.876687918,0.004801594,0.024233297,Prosalpha2,FBgn0086134
CG5882,-2.097400325,0.448375111,0.004814072,0.024269359,CG5882,FBgn0039490
CG13014,0.727442432,3.941834114,0.004814112,0.024269359,CG13014,FBgn0030759
CG5541,0.613300472,4.918047379,0.004841658,0.024394611,CG5541,FBgn0030603
CG7359,0.454602308,6.494548708,0.004845725,0.024399461,Sec22,FBgn0260855
CG4364,0.444699738,6.880143666,0.004848022,0.024399461,CG4364,FBgn0032138
ImpL3,0.643166805,4.804013185,0.004856848,0.024430271,ImpL3,FBgn0001258
CG33205,-1.244624272,7.259188797,0.004861529,0.024440209,CG43897,FBgn0264489
debcl,0.425261396,6.496392752,0.004874949,0.024494042,debcl,FBgn0029131
chinmo,-0.935278196,3.673127578,0.004881952,0.024515595,chinmo,FBgn0086758
tacc,-0.429716733,7.376607536,0.004892707,0.024555952,tacc,FBgn0026620
CG8232,0.427151716,6.656017884,0.004900926,0.024583548,PAN2,FBgn0033352
CG14625,-1.618474781,1.579339874,0.004919136,0.02465849,CG14625,FBgn0040358
Hmgcr,0.455064609,5.637585417,0.004921326,0.02465849,Hmgcr,FBgn0263782
CG41283,-2.345637946,0.196595118,0.004926455,0.024670509,CG41283,FBgn0085598
BicD,-0.421706055,6.876961186,0.004958697,0.024807265,BicD,FBgn0000183
AGO2,0.445087283,8.277369481,0.004959256,0.024807265,AGO2,FBgn0087035
brp,-0.568934119,6.947434001,0.004965191,0.024815417,brp,FBgn0259246
CR32657,-1.919246771,1.276285778,0.00496638,0.024815417,CR32657,FBgn0052657
rst,-0.605706289,4.672103679,0.004985495,0.024897161,rst,FBgn0003285
Aats-cys,0.648299001,4.740795967,0.004995005,0.02491872,Aats-cys,FBgn0027091
RpS8,0.490454582,10.07460777,0.004995329,0.02491872,RpS8,FBgn0039713
CG17272,0.643228766,4.751542553,0.005004426,0.024950322,CG17272,FBgn0038830
RpL23,0.473716659,9.936342751,0.005020026,0.025014294,RpL23,FBgn0010078
CG8310,1.960135284,1.471873757,0.00504051,0.025094891,Vha36-3,FBgn0040377
stan,0.522745107,5.900162955,0.005041756,0.025094891,stan,FBgn0024836
Jhedup,0.492843355,13.02486601,0.00505296,0.025136807,Jhedup,FBgn0034076
CG4872,0.656150907,4.229948912,0.005103014,0.025370387,CG4872,FBgn0030799
Atg2,0.457737115,6.776985961,0.005105531,0.025370387,Atg2,FBgn0044452
CG6356,-0.473205525,7.628888903,0.005121695,0.025430865,CG6356,FBgn0039178
CG10630,-1.99316744,1.499611078,0.005126029,0.025430865,blanks,FBgn0035608
CG7149,-0.410134544,6.851847796,0.005126146,0.025430865,CG7149,FBgn0031948
CG7889,0.786108727,3.739993939,0.00514819,0.025526206,CG7889,FBgn0031003
CG41265,-0.994803758,2.790138677,0.005162849,0.025584847,l(2)41Ab,FBgn0262123
Txl,0.424435574,6.180387145,0.005196205,0.025736029,Txl,FBgn0035631
CG10347,0.592413176,4.782721705,0.005210407,0.025788451,CG10347,FBgn0030342
CG6028,0.470909321,5.577440848,0.005214866,0.025788451,CG6028,FBgn0038924
Cha,-0.48796976,7.336998808,0.005215353,0.025788451,Cha,FBgn0000303
CG4860,1.319786437,1.859560284,0.005239071,0.025891558,CG4860,FBgn0037999
CG15210,-2.243734757,0.885765549,0.005262112,0.025988682,CG15210,FBgn0040850
CG8814,0.465314728,7.91335221,0.005264477,0.025988682,CG8814,FBgn0031478
CG6959,0.542160664,5.349114234,0.005310185,0.026200006,CG6959,FBgn0037956
CG10932,0.642043881,4.856332906,0.005332146,0.026293999,CG10932,FBgn0029969
pgant5,-0.417926391,6.752309966,0.005341462,0.026325568,pgant5,FBgn0031681
CG3011,0.624971955,5.288265064,0.005352111,0.026361919,CG3011,FBgn0029823
mats,0.611863881,4.704481629,0.005354674,0.026361919,mats,FBgn0038965
CG4592,0.652233727,4.294865264,0.005358552,0.026366642,CG4592,FBgn0032162
bai,0.401254869,6.444142462,0.005374603,0.026431225,bai,FBgn0045866
CG14322,-0.59479734,4.87805103,0.005414474,0.026612815,CG14322,FBgn0038532
CG5793,0.463401249,6.075180374,0.00542632,0.026656539,CG5793,FBgn0038858
sima,0.433666379,7.925005082,0.005486343,0.026936751,sima,FBgn0266411
CG13010,2.090042518,0.197211815,0.005500028,0.026980068,CG13010,FBgn0030770
CG7029,-0.424736208,7.840630438,0.005501139,0.026980068,CG7029,FBgn0039026
Asph,0.476934302,5.94276237,0.005553532,0.027222251,Asph,FBgn0034075
CG2177,-0.442390114,6.571899589,0.005566034,0.027268739,Zip102B,FBgn0039902
Hs3st-B,-1.450131507,2.087687548,0.005572043,0.027283382,Hs3st-B,FBgn0031005
CG3104,-0.426355316,7.74136603,0.00559437,0.027363804,CG3104,FBgn0031473
CG1344,-0.542015115,5.195594174,0.005594526,0.027363804,CG1344,FBgn0027507
GXIVsPLA2,0.568575478,5.292012272,0.005601802,0.02737227,GXIVsPLA2,FBgn0036545
CG16978,0.764724663,6.445643157,0.005602316,0.02737227,CG16978,FBgn0040972
Arc-p20,0.506378326,5.603917578,0.005609767,0.027393856,Arpc4,FBgn0031781
CG7263,-0.479446965,5.50830867,0.005657517,0.027612104,AIF,FBgn0031392
kdn,-0.499364048,10.76546758,0.005720735,0.027905571,kdn,FBgn0261955
Prosalpha7,0.412764844,6.719553928,0.005731055,0.027940825,Prosalpha7,FBgn0023175
CG7737,-2.033555246,0.420998007,0.005737043,0.027954931,CG7737,FBgn0033584
CG13658,0.943367313,3.127132155,0.005757108,0.028037582,CG13658,FBgn0039315
Pcmt,0.484703456,6.314444433,0.005772046,0.028095185,Pcmt,FBgn0086768
CG34431,-1.434409057,1.901215684,0.005775749,0.028098071,CG34431,FBgn0085460
baz,0.448917949,7.840672989,0.005786907,0.028137199,baz,FBgn0000163
CG42232,-0.454665469,5.656867608,0.005804665,0.028208362,CG42232,FBgn0250754
CrebA,-0.494304408,5.96382744,0.005823895,0.028286598,CrebA,FBgn0004396
Nipsnap,0.435584616,6.532262388,0.00583774,0.028338604,Nipsnap,FBgn0030724
Vha36,-0.459084879,8.487013996,0.005854688,0.028405611,Vha36-1,FBgn0022097
CG11034,-0.716529912,4.345085585,0.005868722,0.028458419,CG11034,FBgn0031741
CG33160,-1.870849248,0.745800783,0.005881349,0.028504347,CG33160,FBgn0053160
CG1513,0.451285968,8.562822985,0.005896512,0.028549841,CG1513,FBgn0033463
tectonic,0.529204665,5.79175892,0.005897056,0.028549841,"CG42730 , tectonic","FBgn0261683 , FBgn0261697"
Dll,-0.417086861,8.711722154,0.005926564,0.028677335,Dll,FBgn0000157
Tapdelta,0.467632813,6.105255986,0.005978204,0.02891172,Tapdelta,FBgn0021795
CG13404,-1.012888057,3.370045498,0.005982129,0.028915223,CG13404,FBgn0030559
CG9264,0.467638213,6.116572148,0.006033623,0.029148531,tadr,FBgn0032911
CG18343,-0.699595086,4.158597224,0.006047042,0.029197746,CG18343,FBgn0033683
dj-1beta,0.408021859,6.473810973,0.006073396,0.029308706,dj-1beta,FBgn0039802
CG6751,0.640703932,4.34448079,0.006076512,0.029308706,nclb,FBgn0263510
CG11601,0.55940877,5.134454705,0.006085323,0.029335545,CG11601,FBgn0031244
CG32306,0.421743307,6.948899287,0.006098306,0.02938245,CG45186,FBgn0266696
Wnt5,-0.659529389,4.12876296,0.006102971,0.029389254,Wnt5,FBgn0010194
MICAL,-0.440657551,8.646555796,0.006112206,0.029418043,Mical,FBgn0053208
CG31530,-0.991650842,3.033578247,0.006134155,0.029507964,CG44098,FBgn0264907
CG9266,-0.700776617,4.728134621,0.006172238,0.029675358,"CG42238 , CG9266","FBgn0250867 , FBgn0032909"
Rpn7,0.416587182,6.674965114,0.006185319,0.02972243,Rpn7,FBgn0028688
CG32830,-1.107955307,2.352100473,0.006200529,0.029779681,ab,FBgn0264442
RpL22,0.434176968,10.43884055,0.006220123,0.029850946,RpL22,FBgn0015288
CG10671,0.413656468,6.205822063,0.006221976,0.029850946,CG10671,FBgn0035586
CG6038,0.611480632,4.674271124,0.006232996,0.029887944,crim,FBgn0036198
sec5,0.461697046,5.491097576,0.006255951,0.0299821,Sec5,FBgn0266670
CG7872,0.562686638,5.083129574,0.006289251,0.03012571,CG7872,FBgn0030658
CG14105,1.276809438,2.342721226,0.006303349,0.030177241,CG14105,FBgn0036359
CG8026,-0.544398497,6.90134923,0.006353993,0.030394836,CG8026,FBgn0033391
lt,-0.444558878,6.22939044,0.006358681,0.030394836,lt,FBgn0002566
RpL26,0.451564331,9.717246249,0.006358893,0.030394836,RpL26,FBgn0036825
CG5537,0.419704246,6.186386172,0.00641745,0.030658512,CG5537,FBgn0035639
spas,-0.431204581,5.742987009,0.006429797,0.030701262,spas,FBgn0039141
sPLA2,0.850738078,3.574537617,0.00646613,0.030858436,sPLA2,FBgn0033170
CG15879,1.042470798,3.573139672,0.006474855,0.030883761,CG15879,FBgn0035309
capt,0.399943458,6.824914128,0.006481843,0.030900775,capt,FBgn0261458
CG6040,0.421593693,5.93589627,0.006487271,0.030910342,CG6040,FBgn0038679
CG8320,1.381154194,1.482276473,0.006507216,0.030989029,CG8320,FBgn0034059
sec23,0.422613841,8.000421759,0.006511472,0.030992959,Sec23,FBgn0262125
CG4957,-0.789830707,3.436222002,0.006551313,0.031152634,CG4957,FBgn0032205
fw,-0.736649505,5.004012172,0.006551915,0.031152634,fw,FBgn0001083
Ogt,-0.422769225,7.353622037,0.006671238,0.031703293,sxc,FBgn0261403
pncr013-4,-0.826736184,3.30358034,0.006696705,0.031807589,pncr013:4,FBgn0262731
CG31200,0.575347501,7.053184359,0.006700255,0.031807724,CG31200,FBgn0051200
CG11076,-0.43128989,6.149628598,0.006716725,0.031869166,CG11076,FBgn0039929
CG17350,-1.133520587,3.069627381,0.006755115,0.032034495,CG17350,FBgn0032772
CG4851,0.538572217,5.15794663,0.006775383,0.03211375,Ppt2,FBgn0032358
Grasp65,0.436093252,5.777300978,0.006781639,0.03212655,Grasp65,FBgn0036919
Dhpr,0.477220784,5.64476561,0.006796492,0.032180034,Dhpr,FBgn0035964
puc,-0.445761131,6.687888042,0.006815412,0.032252715,puc,FBgn0243512
unpg,0.608767098,4.59557298,0.00686217,0.032456986,unpg,FBgn0015561
smi35A,-0.561024813,5.065469276,0.006872575,0.032489191,Dyrk2,FBgn0016930
CG8451,-0.475938864,7.852632825,0.006881186,0.032512882,SLC5A11,FBgn0031998
alpha-Est3,0.56740306,5.053353059,0.006990985,0.033014407,alpha-Est3,FBgn0015571
CG6347,-1.788223204,1.32291681,0.007009997,0.03308014,CG6347,FBgn0033874
CG15047,2.061107463,0.189459324,0.007012228,0.03308014,CG15047,FBgn0030938
CG14764,-0.429093968,7.023000778,0.007029934,0.033146357,CG14764,FBgn0033236
CG2765,-0.423383454,6.931555623,0.007047306,0.033197117,CG2765,FBgn0035087
Dg,-0.439052634,6.920231387,0.007048049,0.033197117,Dg,FBgn0034072
CG3301,0.477220184,5.609284146,0.007062844,0.033235524,CG3301,FBgn0038878
dpr16,-2.286526034,0.463656578,0.007063561,0.033235524,dpr16,FBgn0037295
EfTuM,-0.391003733,7.029721044,0.007071164,0.033253981,EfTuM,FBgn0024556
Pgd,0.468502046,8.005779533,0.007099834,0.033371436,Pgd,FBgn0004654
Sb,-1.376009706,1.762289141,0.007110533,0.033400395,Sb,FBgn0003319
CG15626,0.523566089,5.042578535,0.007113389,0.033400395,tank,FBgn0031635
CG14291,1.061235221,2.596236094,0.007168139,0.033639981,CG14291,FBgn0038660
CG11148,-0.412917201,7.810942849,0.007173359,0.033646999,CG11148,FBgn0039936
CG18806,0.499757744,12.0062299,0.007183119,0.033675298,OS9,FBgn0042129
r,0.525148472,5.497054833,0.007188569,0.033683369,r,FBgn0003189
MED9,-0.513705669,5.530017492,0.007282548,0.034106033,MED9,FBgn0260401
CG18522,0.416370594,9.365073352,0.007290739,0.034126703,CG18522,FBgn0038347
Cpr,0.475269688,10.2246889,0.007322014,0.034250966,Cpr,FBgn0015623
CG7091,-2.047745637,0.975204387,0.007324869,0.034250966,CG7091,FBgn0038099
CG5428,2.495138159,1.986647895,0.007340999,0.03430863,St1,FBgn0034887
Cyp4e2,0.500632412,10.58023584,0.007358121,0.034370872,Cyp4e2,FBgn0014469
CG32406,-0.9832932,2.749463928,0.007382053,0.034459717,PVRAP,FBgn0052406
Fim,-0.406666495,6.930240272,0.00738477,0.034459717,Fim,FBgn0024238
tw,0.70033066,4.096854653,0.00739183,0.034474856,tw,FBgn0086368
CG34379,0.44825616,5.68021923,0.007461275,0.034775196,Shroom,FBgn0085408
pncr003-2L,1.636584998,1.681170341,0.007465827,0.034775196,"SclA , SclB","FBgn0266491 , FBgn0266492"
CG9886,0.727856784,3.724027909,0.007467775,0.034775196,CG9886,FBgn0031428
Rpn6,0.43021305,7.118369754,0.007478955,0.034802249,Rpn6,FBgn0028689
Cht3,0.668680934,4.124011579,0.007481289,0.034802249,Cht3,FBgn0250907
CG7414,0.422075772,8.651457394,0.007504943,0.034894317,CG7414,FBgn0037135
CG32243,-0.686089057,4.15816295,0.007523753,0.03496378,CG32243,FBgn0052243
CG12016,-0.401451947,6.82498394,0.00752797,0.034965387,CG12016,FBgn0035436
htl,-0.872420795,3.626006872,0.00753572,0.0349834,htl,FBgn0010389
mib1,0.401505609,6.626533753,0.007541415,0.034991858,mib1,FBgn0263601
RpL35,0.445433208,9.36956496,0.00755493,0.035036569,RpL35,FBgn0029785
CG13384,0.502058879,5.505604451,0.007593973,0.035199565,CG13384,FBgn0032036
CG4393,0.690161259,4.542429767,0.007642332,0.035400055,CG4393,FBgn0039075
CG14431,-0.957849835,2.656171907,0.007645064,0.035400055,CG14431,FBgn0029922
CG6123,-1.265943162,1.790255016,0.007667689,0.035486631,CG6123,FBgn0030913
CG8481,-0.454267235,5.567154356,0.007705455,0.035643156,CG8481,FBgn0037747
tafazzin,-0.551821795,4.927377965,0.007760461,0.035879224,Taz,FBgn0026619
CG14511,0.828993649,3.454266618,0.007793444,0.036013287,CG14511,FBgn0039641
CG31038,0.428108069,8.332604243,0.007804488,0.036045882,CG31038,FBgn0051038
Nipped-B,-0.462215388,7.268740519,0.007856839,0.03626913,Nipped-B,FBgn0026401
CG3105,0.454990966,5.553392366,0.007867198,0.036298398,Pask,FBgn0034950
CG8135,0.409278229,7.57561688,0.007877379,0.036326819,CG8135,FBgn0037689
CG31955,-1.008626635,2.537909395,0.007920545,0.036507246,CG31955,FBgn0051955
CG10413,-0.428488409,6.043803309,0.007930592,0.036534914,CG10413,FBgn0032689
CG30427,0.729765809,5.403654712,0.007944306,0.03657944,CG30427,FBgn0043792
CG17841,-0.446551249,7.817024004,0.007999304,0.036811799,CG17841,FBgn0028480
CG5704,0.445432688,5.435476073,0.008004983,0.036811799,CG5704,FBgn0026570
RpL28,0.434634561,9.129312533,0.008006994,0.036811799,RpL28,FBgn0035422
CG15529,1.348180983,1.323428211,0.008020418,0.036854758,CG15529,FBgn0039748
CG12099,0.418143418,7.931807959,0.008031288,0.036885948,CG12099,FBgn0035232
CG6969,1.986246214,0.426666285,0.008042391,0.03691817,cd,FBgn0263986
rpr,1.540147308,1.024036896,0.00805411,0.036953189,rpr,FBgn0011706
Eip55E,0.490834019,5.247195762,0.008102082,0.037154419,Eip55E,FBgn0000566
CG12766,1.646978259,0.759665826,0.008107887,0.037162179,CG12766,FBgn0035476
dare,0.58441464,4.423535417,0.008114928,0.03717559,dare,FBgn0015582
Obp19c,0.705629668,3.720157881,0.00812817,0.037217379,Obp19c,FBgn0031111
CG8478,-1.268802622,1.932028437,0.008142556,0.037264363,CG8478,FBgn0037746
RpL34a,0.376719256,6.945685884,0.008193714,0.037479499,RpL34a,FBgn0039406
CG10345,0.495596178,8.934194045,0.008201257,0.037495017,CG10345,FBgn0027562
Mov34,0.383786662,6.875071894,0.00821733,0.037549497,Rpn8,FBgn0002787
CG9319,0.407695167,6.054250436,0.008228837,0.037583072,CG9319,FBgn0032881
CG10804,-0.494431434,5.300749471,0.008240735,0.037618395,CG10804,FBgn0029663
CG5984,1.914124163,0.711480477,0.008248637,0.037622819,CG5984,FBgn0039500
zfh1,-1.101129104,2.254352847,0.008250034,0.037622819,zfh1,FBgn0004606
eIF-5A,0.415967153,8.653549155,0.00826154,0.037656282,eIF-5A,FBgn0034967
Prosbeta3,0.411152768,6.792531039,0.008273991,0.037694016,Prosbeta3,FBgn0026380
RpLP0,0.428056311,10.03073502,0.008321814,0.037888589,RpLP0,FBgn0000100
msps,-0.435743821,7.995450003,0.008325088,0.037888589,msps,FBgn0027948
Mp20,1.345419804,3.688712028,0.008356875,0.038014102,Mp20,FBgn0002789
CG5390,0.545886015,7.590898714,0.008389461,0.038143127,CG5390,FBgn0032213
CG2083,-0.600776402,4.90233408,0.008400008,0.038154428,CG43444,FBgn0263392
mus209,-1.594949991,0.812025734,0.008400394,0.038154428,PCNA,FBgn0005655
CG15458,1.676549921,0.937783902,0.008439026,0.038310633,CG15458,FBgn0040651
CG15105,1.074064708,4.658431214,0.00845848,0.038379662,tn,FBgn0265356
CG14408,-0.401677451,7.192005839,0.008487357,0.038491355,CG14408,FBgn0030581
GstD9,0.552190494,5.867625572,0.008496615,0.038511808,GstD9,FBgn0038020
CG17734,-0.43058579,7.255635127,0.008500392,0.038511808,CG17734,FBgn0037890
CG30035,-0.599566724,6.636807629,0.008511446,0.038538274,Tret1-1,FBgn0050035
CG6637,0.550728762,4.754888395,0.008514766,0.038538274,lsn,FBgn0260940
CG30428,-0.939623686,2.990394864,0.008546694,0.038650035,CG30428,FBgn0050428
aph-1,0.677460997,3.895965307,0.008548015,0.038650035,aph-1,FBgn0031458
Cenp-C,-0.995907262,3.015467438,0.008571044,0.038734773,Cenp-C,FBgn0266916
smid,0.421640446,6.720127549,0.008585615,0.038781222,smid,FBgn0016983
mth,0.607739059,4.377453619,0.008597683,0.038816324,mth,FBgn0023000
Tango11,-0.391522905,6.299352108,0.008644529,0.039008329,Tango11,FBgn0050404
CG13830,-0.414264473,7.99579636,0.008652401,0.039024357,CG13830,FBgn0039054
CG5375,-0.535751191,4.789915951,0.008668532,0.039077604,CG5375,FBgn0032221
CG8398,1.216892925,2.204063136,0.008689394,0.03914012,CG8398,FBgn0035708
CG6259,0.396403829,6.330698695,0.008691065,0.03914012,CG6259,FBgn0036740
CG11275,0.489151973,5.698287996,0.0087046,0.039181544,CG11275,FBgn0034706
CG34117,0.515696683,5.219001916,0.008720554,0.039233807,CG34117,FBgn0083953
CG31460,-0.987033881,2.950334039,0.008726244,0.039239866,CG31460,FBgn0051460
CG12030,0.445968681,5.630248204,0.008739307,0.039279053,Gale,FBgn0035147
epsilonCOP,0.455169736,5.832672766,0.008769323,0.039394364,epsilonCOP,FBgn0027496
CG32112,-0.515835495,4.962556108,0.008778942,0.039417972,CG32112,FBgn0052112
mRpL32,-0.837387184,3.17770817,0.008797965,0.039483764,mRpL32,FBgn0039835
CG14782,0.40096901,7.147579948,0.008810667,0.039521134,rush,FBgn0025381
CG7708,-0.427328372,7.666552715,0.008841775,0.039640988,CG7708,FBgn0038641
CG10217,-0.419188431,7.138543977,0.00887964,0.039791004,CG10217,FBgn0039113
halo,0.838527727,3.013153556,0.008890615,0.039820435,halo,FBgn0001174
CG31431,0.944674328,3.02575501,0.008905581,0.039867702,CG31431,FBgn0051431
CG11537,-0.381956948,7.065548301,0.009039021,0.040445032,CG11537,FBgn0035400
ttk,-0.394305332,7.628982142,0.009071884,0.04057198,ttk,FBgn0003870
Oseg5,0.427313738,5.839426475,0.009091277,0.040638591,Oseg5,FBgn0032891
CG17129,-0.989357389,2.673020959,0.009106471,0.040680658,CG17129,FBgn0035151
CG6175,-0.453086523,5.934973964,0.009109694,0.040680658,CG6175,FBgn0036152
oa2,-0.650706874,4.675348508,0.009137702,0.040785571,Octbeta1R,FBgn0038980
CG31158,-0.393291707,6.557695961,0.009147708,0.040810071,Efa6,FBgn0051158
CG8132,0.54576,4.627664654,0.009205644,0.041048265,CG8132,FBgn0037687
rab3-GEF,-0.415357929,6.632963144,0.009224857,0.041113644,Rab3-GEF,FBgn0030613
noi,-0.512507888,4.87403385,0.009251269,0.041211026,noi,FBgn0014366
CG9619,0.550250409,4.888759183,0.009256093,0.041212197,Gbs-76A,FBgn0036862
bab1,-0.770761095,3.431532244,0.00927655,0.041264105,bab1,FBgn0004870
ProsMA5,0.411489331,7.158195373,0.009276887,0.041264105,Prosalpha5,FBgn0016697
CG5382,0.468803179,5.437784439,0.0092917,0.041291163,CG5382,FBgn0038950
CG14183,-1.358108726,1.409175041,0.009292187,0.041291163,CG14183,FBgn0036931
CG12851,-0.527320832,4.887539334,0.009296682,0.041291163,CG12851,FBgn0035086
fz,-0.772057702,3.569802601,0.009322558,0.041385743,fz,FBgn0001085
wal,0.388298478,7.238804216,0.009329443,0.041395968,wal,FBgn0010516
Idgf3,0.48207403,8.437855979,0.009335541,0.041402687,Idgf3,FBgn0020414
CG11814,0.422058815,6.595683476,0.009343262,0.041416599,mv,FBgn0265988
CG8399,0.416946752,7.992514263,0.00937021,0.041515681,CG8399,FBgn0034067
CG10576,0.379852402,6.866592546,0.009391815,0.04159101,CG10576,FBgn0035630
mRpL19,-0.667418227,4.060251867,0.009397678,0.041596583,mRpL19,FBgn0037608
CG14186,-0.485699632,5.892345089,0.009405323,0.041610035,CG14186,FBgn0036935
CG18304,1.137640458,2.084914726,0.0094406,0.041723943,CG18304,FBgn0031869
CG34057,1.54782252,0.950871738,0.009443088,0.041723943,CG34057,FBgn0054057
Notum,-1.594157513,2.157627373,0.009446511,0.041723943,Notum,FBgn0044028
CG32091,0.40988818,6.951085628,0.009449545,0.041723943,CG32091,FBgn0052091
CG4733,0.404754849,6.200716355,0.00945983,0.041734911,CG4733,FBgn0038744
CG31019,-0.835215255,3.84868553,0.009461268,0.041734911,CG31019,FBgn0051019
CG9643,0.67260498,3.867766233,0.009505257,0.041908489,CG9643,FBgn0031485
Glycogenin,-0.454484689,6.138531411,0.009520042,0.041953201,"CG44245 , Glycogenin","FBgn0265180 , FBgn0265191"
how,-0.509128296,6.501146701,0.00953585,0.042002374,how,FBgn0264491
CDase,0.851303633,3.04563714,0.009553071,0.042057722,CDase,FBgn0039774
Or65a,-0.423436929,5.733324434,0.009598156,0.042235625,Or65a,FBgn0041625
CG5167,0.40473385,6.919679678,0.009611766,0.042266492,CG5167,FBgn0038038
CG8910,-0.805221335,4.142602619,0.009614528,0.042266492,CG8910,FBgn0025833
CG17760,-1.867665676,0.516044612,0.009677382,0.042522117,CG17760,FBgn0033756
CG3502,1.405851425,1.373306467,0.009690466,0.042558904,CG3502,FBgn0046253
CG14683,-0.437010578,5.888381345,0.009703045,0.042593444,CG14683,FBgn0037822
HBS1,0.46356042,5.476822814,0.009708084,0.042594867,HBS1,FBgn0042712
RpL39,0.40644187,8.740185598,0.009790087,0.042933807,RpL39,FBgn0023170
CG5392,-1.003691226,2.965677085,0.009798436,0.042949573,Reck,FBgn0036463
CG3703,0.56626281,4.45956743,0.009844831,0.043132008,CG3703,FBgn0040348
CG8525,0.920511074,2.682493967,0.009882415,0.043275682,CG8525,FBgn0033735
CG31323,-0.638363965,4.613908659,0.009887452,0.043276763,CG31323,FBgn0051323
CG4019,0.452940537,8.465647327,0.009897318,0.04329897,CG4019,FBgn0034885
CG11448,-0.416447409,8.788431442,0.009935246,0.043443858,CG11448,FBgn0024985
CG31304,0.373763614,6.420117587,0.009945112,0.043465961,CG42788,FBgn0261859
Trap1,-0.422172582,6.17470348,0.010001892,0.043692985,Trap1,FBgn0026761
Strn-Mlck,0.430098314,6.314366507,0.01004092,0.043842278,Strn-Mlck,FBgn0265045
ATbp,-1.005592808,2.707749184,0.010066016,0.043930623,ATbp,FBgn0039946
RpL9,0.433293767,9.135387263,0.010079742,0.043969283,RpL9,FBgn0015756
CG1041,0.422940321,5.53278737,0.010088691,0.043987084,CG1041,FBgn0037440
CG34118,-0.730116239,3.820610159,0.010128664,0.044140065,Gfrl,FBgn0262869
CG3911,0.616271374,4.544149266,0.010139766,0.044167137,Bet3,FBgn0260859
CG30015,0.392933538,7.451929354,0.010155996,0.044216515,CG30015,FBgn0050015
CG3056,-0.437836582,7.569240752,0.010200688,0.044389698,ssx,FBgn0024987
CG12140,0.461223259,6.244368211,0.010212175,0.044418289,Etf-QO,FBgn0033465
5-HT1B,-1.690320056,1.007536463,0.010225956,0.044456829,5-HT1B,FBgn0263116
CG13229,-1.670094246,0.711569171,0.010231185,0.044458165,CG13229,FBgn0033579
Ect4,0.470724233,8.805385819,0.010267053,0.044592573,Ect4,FBgn0262579
CG1135,0.398300394,5.95262726,0.010301202,0.044719394,Rcd5,FBgn0263832
Sobp,0.617938605,4.971369812,0.010307494,0.044725216,Sobp,FBgn0033654
bl,0.437890295,10.54998673,0.010336099,0.044827807,bl,FBgn0015907
CG1749,0.572438006,4.513664063,0.010432996,0.045226336,CG1749,FBgn0030305
RpS24,0.410201686,9.485791351,0.010459166,0.045318035,RpS24,FBgn0261596
CLIP-190,-0.394819202,9.279748741,0.010498116,0.045464996,CLIP-190,FBgn0020503
Mlp60A,1.174291274,4.719312406,0.010525318,0.045560959,Mlp60A,FBgn0259209
CG2258,-0.580083826,5.038407572,0.010577576,0.04576524,CG2258,FBgn0029997
CG5316,-0.480590744,5.188537063,0.010626924,0.04595674,CG5316,FBgn0038704
CG8042,0.373871676,6.356893197,0.010647698,0.046024546,CG8042,FBgn0027554
Cpr51A,0.692331357,4.387130012,0.010698581,0.046222373,Cpr51A,FBgn0033942
fng,0.590411267,5.102950432,0.010720058,0.0462826,fng,FBgn0011591
CG32676,-0.465804049,6.762583191,0.010722768,0.0462826,CG32676,FBgn0052676
alpha-Man-I,-0.386095044,6.71006807,0.010800667,0.046596574,alpha-Man-I,FBgn0259170
CG31279,-0.99454234,3.638070839,0.010831446,0.046694857,CG31279,FBgn0051279
Thiolase,0.394545285,7.128601171,0.010833786,0.046694857,Thiolase,FBgn0025352
CG31302,-0.449295838,6.498436152,0.010931152,0.047092049,Rbp,FBgn0262483
CG12455,0.571777861,4.894922643,0.011008835,0.047404107,"CG42817 , CG42818","FBgn0261999 , FBgn0262000"
CG5036,-0.517594919,5.306730083,0.011086378,0.047715263,Dhit,FBgn0028743
par-6,-0.379073127,6.395473224,0.011121145,0.047826392,par-6,FBgn0026192
Pros26-4,0.393605661,7.224294075,0.011122786,0.047826392,Rpt2,FBgn0015282
CG7219,0.426830038,5.795161497,0.011158575,0.047957455,Spn28Dc,FBgn0031973
CG3368,0.477081043,5.166147197,0.011173955,0.048000716,CG3368,FBgn0039508
CG34371,-0.844073532,3.217551467,0.011180601,0.048006438,CG34371,FBgn0085400
adat,-0.925524141,2.673783595,0.011194172,0.048021448,adat,FBgn0028658
mmd,-0.935316932,2.82342959,0.011194728,0.048021448,mmd,FBgn0259110
CG3153,0.476381012,7.533824953,0.011200342,0.048022729,Npc2b,FBgn0038198
CG1774,0.695310867,4.565840302,0.011228622,0.048102392,CG1774,FBgn0039856
CG6665,-0.467567854,5.329569529,0.011230376,0.048102392,CG6665,FBgn0034172
e-y-1,0.643232494,4.316538284,0.011234896,0.048102392,e(y)1,FBgn0000617
CG8389,0.661771668,3.905573534,0.011310421,0.048402816,CG8389,FBgn0034063
Ipod,-1.10720207,2.07115695,0.01134494,0.04852755,Ipod,FBgn0030187
toe,0.450556398,7.391023515,0.011385927,0.04867982,toe,FBgn0036285
Teh2,-0.441853792,6.031663562,0.011399926,0.048716619,Teh2,FBgn0035505
CG16976,-1.696930249,0.641402153,0.011441812,0.048872494,Fife,FBgn0264606
CG7970,0.41707612,6.432458224,0.011447293,0.048872801,CG7970,FBgn0035252
grh,0.389228917,6.606145072,0.01145347,0.048874346,grh,FBgn0259211
prel,0.392101426,7.551398961,0.011458525,0.048874346,prel,FBgn0033413
CG42265,-1.723553349,0.822121859,0.01146505,0.048874346,CG42265,FBgn0259150
CG18519,1.144959643,1.993258472,0.011473747,0.048874346,CG18519,FBgn0038348
CG6129,0.523176669,5.539802787,0.011474705,0.048874346,Rootletin,FBgn0039152
BG4,-0.884253948,2.958682697,0.011505166,0.048980994,Fadd,FBgn0038928
CG13377,1.010184911,3.515497014,0.011647525,0.049563704,CG13377,FBgn0261446
CG32446,0.391365148,6.267327849,0.0116544,0.049569611,Atox1,FBgn0052446
CG8083,1.046235761,3.0604029,0.011714699,0.049781387,CG8083,FBgn0025709
CG12321,0.388796339,5.922094263,0.011715212,0.049781387,CG12321,FBgn0038577
mAcR-60C,0.476744457,5.636294035,0.011793467,0.050088254,mAChR-A,FBgn0000037
CG32085,-0.412602089,5.906160183,0.011798517,0.050088254,CG32085,FBgn0052085
Mkrn1,-0.413839463,5.806200973,0.011832691,0.050209738,Mkrn1,FBgn0029152
trol,0.776575527,8.475741635,0.011881064,0.050387064,trol,FBgn0261451
CG10999,0.421535086,7.665455335,0.011885636,0.050387064,CG42675,FBgn0261561
boss,0.379675549,7.375099175,0.011951668,0.05064323,boss,FBgn0000206
GATAd,-0.390929644,5.743461341,0.011962833,0.050666778,GATAd,FBgn0032223
Uch-L3,0.602944198,4.296466944,0.012021593,0.050891786,Uch-L5,FBgn0011327
CG10424,0.499288823,5.16921575,0.01209919,0.051196292,CG10424,FBgn0036848
CG9034,-0.45092162,6.010697432,0.012118123,0.051252397,CG9034,FBgn0040931
CHES-1-like,-0.389779173,6.852287035,0.012129933,0.05127834,CHES-1-like,FBgn0029504
cdi,-0.378112126,6.340148222,0.012151536,0.051345637,cdi,FBgn0004876
CG6945,-0.574385683,4.379025758,0.012275267,0.051843738,CG6945,FBgn0036476
Hsc70-5,-0.387586062,8.0095387,0.012280894,0.051843738,Hsc70-5,FBgn0001220
CG11015,-0.402460964,8.014224717,0.012329122,0.052023019,CoVb,FBgn0031830
gol,-0.535737376,4.680466635,0.012350652,0.052089539,gol,FBgn0004919
CG8636,0.394313869,7.195998246,0.01236307,0.05211758,CG8636,FBgn0029629
Cyp4d8,0.429329666,6.70595841,0.012425288,0.052355433,Cyp4d8,FBgn0015033
ps,-0.435429851,7.905624169,0.012432165,0.052359988,ps,FBgn0261552
qkr58E-2,-0.406870025,6.281102745,0.012455946,0.052435703,qkr58E-2,FBgn0022985
CG9279,-0.51219606,5.035299758,0.012465882,0.052453087,CG9279,FBgn0036882
MBD-like,0.65355261,4.067498033,0.012474811,0.052466219,MBD-like,FBgn0027950
alpha-Est10,0.430568507,7.822294399,0.012534147,0.052691244,alpha-Est10,FBgn0015569
Or67b,-0.742765069,3.740693726,0.012569496,0.052815269,Or67b,FBgn0036019
elav,-0.508722684,6.035683531,0.012644386,0.053097834,elav,FBgn0260400
boi,-1.174067984,2.037670298,0.012648499,0.053097834,boi,FBgn0040388
Vhl,0.720264684,3.721827202,0.012717191,0.053361404,Vhl,FBgn0041174
Sr-CI,1.960373744,1.725981118,0.012729795,0.053389493,Sr-CI,FBgn0014033
CG13972,-1.41628578,1.302576914,0.012743645,0.053422781,CG13972,FBgn0039522
tex,-1.209071661,2.502316756,0.012756071,0.053450069,tex,FBgn0037569
La,0.410156252,5.813310894,0.012774448,0.053502257,La,FBgn0011638
Gfr,-1.159635331,2.447076103,0.012791054,0.053546978,nac,FBgn0265351
O-fut1,-0.737579749,3.896638439,0.012859871,0.053810132,O-fut1,FBgn0033901
CG1572,0.647151158,5.352806838,0.012882376,0.053871604,CG1572,FBgn0030309
scramb2,0.394558118,6.578323698,0.012886488,0.053871604,scramb2,FBgn0035390
CG17836,0.476230771,11.01448091,0.012940717,0.054073284,Xrp1,FBgn0261113
ATPCL,0.389358157,8.744254176,0.013022241,0.054388779,ATPCL,FBgn0020236
CG31751,-0.458414597,6.392974511,0.013048026,0.054471288,CG31751,FBgn0086909
Teh3,-0.428517683,5.582429536,0.013083594,0.054594543,Teh3,FBgn0040697
CG42254,0.998662213,2.568622208,0.013111162,0.054684319,CG42254,FBgn0259112
cib,0.453914402,5.531268049,0.013177938,0.054937467,cib,FBgn0026084
CG42257,0.471464042,5.331123849,0.013192316,0.054972042,"CG44249 , Snp","FBgn0265184 , FBgn0265192"
CG15311,-0.410677793,7.307925285,0.013235947,0.055128419,CG43902,FBgn0264503
CG5715,-1.319470356,1.443650931,0.013277825,0.055277361,CG5715,FBgn0039180
CG1707,0.437321936,5.862592192,0.013308714,0.055374952,CG1707,FBgn0033162
sut2,1.365074983,1.289518309,0.013313526,0.055374952,sut2,FBgn0028562
Cchl,-0.366920506,6.70343966,0.013346038,0.055471912,Cchl,FBgn0038925
dgt3,-1.128208751,2.858076699,0.013359445,0.055471912,dgt3,FBgn0034569
CG13255,0.483558839,5.195724157,0.01336012,0.055471912,CG13255,FBgn0040636
CG14855,1.623583504,1.01523913,0.013366074,0.055471912,CG14855,FBgn0038260
CG3556,-0.441034059,8.180026054,0.01336754,0.055471912,CG3556,FBgn0029708
CG1806,0.465252556,5.480656697,0.013415316,0.055644612,CG1806,FBgn0030360
CG9066,0.38038758,8.849964667,0.01344872,0.055757566,MSBP,FBgn0030703
CG33558,-0.388784552,6.046491759,0.013522868,0.056039261,mim,FBgn0053558
tou,-0.372752544,6.719943352,0.013590592,0.05629409,tou,FBgn0033636
CG13966,0.775172873,3.392779613,0.013632875,0.056418364,CG43861,FBgn0264443
Hr38,-1.135669583,3.892814482,0.013633085,0.056418364,Hr38,FBgn0014859
yki,0.418649939,5.62581442,0.013666014,0.056528743,yki,FBgn0034970
timeout,-1.074262551,2.014191021,0.01367699,0.05654825,timeout,FBgn0038118
EcR,-0.364406,6.448425166,0.013733549,0.056756123,EcR,FBgn0000546
Mlc-c,-0.35841972,6.791411818,0.013843246,0.057183303,Mlc-c,FBgn0004687
stumps,-1.022493143,3.183583325,0.013858503,0.057220161,stumps,FBgn0020299
CG15256,-1.218777799,1.717579786,0.01386869,0.057236063,CG15256,FBgn0028880
CG7589,-1.386429762,1.479531109,0.013904109,0.057356038,CG7589,FBgn0036727
Gap69C,0.421855007,6.154802562,0.013951761,0.057526339,ArfGAP1,FBgn0020655
CG8239,-0.864925264,3.145756799,0.013968578,0.057554667,CG8239,FBgn0030683
CCS,0.52839396,4.609567099,0.013971373,0.057554667,Ccs,FBgn0010531
rap,-0.380191256,5.774604058,0.014043929,0.057827192,rap,FBgn0262699
c-3-G,-0.881467998,2.801341266,0.014108912,0.058068297,c(3)G,FBgn0000246
Gyk,0.382851426,6.789173699,0.014168534,0.058269825,Gyk,FBgn0025592
Hcs,-0.3975896,5.732499451,0.014170778,0.058269825,Hcs,FBgn0037332
CG15890,0.419665791,8.558543832,0.014179861,0.058280648,CG15890,FBgn0030576
Tequila,2.126356377,3.913067905,0.01420211,0.058345551,Tequila,FBgn0023479
CG3947,0.463984562,5.172245071,0.014225534,0.058415215,Pex16,FBgn0037019
DmsR-1,-1.426288258,2.261763821,0.014249887,0.058488633,MsR1,FBgn0035331
Aef1,-0.42655247,6.313893402,0.014270737,0.058547608,Aef1,FBgn0005694
CG4780,0.642929065,4.15933591,0.014309941,0.0586818,Membrin,FBgn0260856
kuk,0.433676482,6.351510982,0.014406562,0.059051215,kuk,FBgn0038476
LCBP1,0.752556989,5.146990093,0.014482392,0.059335113,verm,FBgn0261341
mib2,-0.370591497,7.202294302,0.014537256,0.059532896,mib2,FBgn0086442
AGO3,-1.228914997,1.870654628,0.014613028,0.059816083,AGO3,FBgn0250816
CG6416,1.136797567,5.824125143,0.014659214,0.059977962,Zasp66,FBgn0035917
fau,1.089104172,5.525570553,0.014705246,0.060123822,"CG45076 , CG45078 , fau","FBgn0266446 , FBgn0266448 , FBgn0266451"
CG9253,0.464854007,5.195768532,0.014708174,0.060123822,CG9253,FBgn0032919
CG31190,-0.8612119,2.745650261,0.014752423,0.060277428,Dscam3,FBgn0261046
Eno,0.379168504,10.24291709,0.014786859,0.060390816,Eno,FBgn0000579
GstD2,-0.520706213,7.071801677,0.014794472,0.060394605,GstD2,FBgn0010038
nAcRbeta-21C,1.212397449,2.242880588,0.014836806,0.060487272,nAChRbeta3,FBgn0031261
rdx,-0.403275654,6.674665405,0.014841525,0.060487272,rdx,FBgn0264493
CG7339,0.799582867,3.099968092,0.01484283,0.060487272,CG7339,FBgn0036188
CG15602,0.608723783,4.438400293,0.014845426,0.060487272,CG15602,FBgn0030694
RhoGAPp190,-0.370421293,7.128392009,0.01485065,0.060487272,RhoGAPp190,FBgn0026375
RpS4,0.406578731,9.524408343,0.01493679,0.060810706,RpS4,FBgn0011284
CG5599,0.644831374,3.862182833,0.01495574,0.060860429,CG5599,FBgn0030612
comm,0.663957435,3.749879046,0.015019097,0.061090736,comm,FBgn0010105
lectin-24Db,-1.355968397,1.415056524,0.015071426,0.061275995,lectin-24Db,FBgn0040102
CG11686,1.065534338,2.757724615,0.015102162,0.061364833,CG11686,FBgn0040551
Pomp,0.370067196,6.802452755,0.015106862,0.061364833,Pomp,FBgn0032884
Roc1a,0.388792937,6.564664991,0.015172192,0.061577225,Roc1a,FBgn0025638
tipE,-0.359192079,6.325806737,0.015172781,0.061577225,tipE,FBgn0003710
CG10353,0.381632188,6.258930509,0.015211438,0.061694158,CG10353,FBgn0030349
CG4186,-1.252433501,1.335102254,0.015216143,0.061694158,CG4186,FBgn0040634
heix,-0.6125327,4.163390452,0.015222081,0.061694158,heix,FBgn0028375
CG14837,-0.881771107,3.307050445,0.015238523,0.061733103,CG14837,FBgn0035797
CG13779,0.409236472,5.764357032,0.015251665,0.061758647,Sem1,FBgn0266666
Mctp,-0.424611777,8.157790587,0.015265899,0.061788591,Mctp,FBgn0034389
CG9107,0.718543927,3.306400914,0.015293839,0.061852205,CG9107,FBgn0031764
CG14688,-1.121562241,3.989369832,0.015295309,0.061852205,CG14688,FBgn0037819
SP71,-0.689210112,3.522029323,0.015317344,0.061913595,tyn,FBgn0029128
CG9240,0.41142062,5.544570801,0.015379478,0.06210694,CG9240,FBgn0030669
CG9760,-1.482523728,0.834554948,0.015381436,0.06210694,CG9760,FBgn0036259
CG6506,0.700440732,3.502479962,0.015385802,0.06210694,CG6506,FBgn0030874
CG16708,0.391815319,8.366176906,0.015402971,0.062131415,Cerk,FBgn0037315
CG12547,-0.39639699,6.149330652,0.01540562,0.062131415,CG12547,FBgn0250830
lush,-0.421171592,11.23409377,0.015418939,0.062157384,lush,FBgn0020277
dl,0.419692358,7.761730398,0.015434807,0.062186973,dl,FBgn0260632
CG40120,-1.059946136,2.648055267,0.015440046,0.062186973,CG40120,FBgn0058120
CG11825,-0.463859298,5.891520509,0.015461139,0.062230979,CG11825,FBgn0033519
CG18166,-0.839571697,3.348129306,0.01546475,0.062230979,CR18166,FBgn0029526
CG8031,0.56989242,4.454601664,0.015473591,0.062238832,CG8031,FBgn0038110
TpnC41C,-1.446863978,2.050946249,0.015480855,0.062240342,TpnC41C,FBgn0013348
mrt,0.35314017,6.975480639,0.015501054,0.062276565,mrt,FBgn0039507
CaBP1,0.38654659,5.935816349,0.015509277,0.062276565,CaBP1,FBgn0025678
GstD6,-1.044186671,2.214568329,0.015510546,0.062276565,GstD6,FBgn0010042
for,-0.393379338,7.551382198,0.015521478,0.062292772,for,FBgn0000721
CG6322,0.482751304,4.919847464,0.015584937,0.062519682,U4-U6-60K,FBgn0036733
dpr8,-0.664026064,4.860761603,0.015616183,0.062617222,dpr8,FBgn0052600
Las,-0.47848297,5.509961217,0.015625178,0.062625491,Las,FBgn0029158
aralar1,0.376863977,7.648573644,0.015676087,0.062801672,aralar1,FBgn0028646
CG30051,-0.900682047,3.379856533,0.015709128,0.062906146,CG30051,FBgn0050051
m2,0.820056871,3.230805399,0.015729821,0.0629611,E(spl)m2-BFM,FBgn0002592
Con,-0.49082597,4.833489585,0.015740929,0.062977657,Con,FBgn0005775
CG2200,0.526699721,4.900608447,0.015784732,0.063124953,CG2200,FBgn0030447
CAP,-0.397223991,8.881302113,0.015797915,0.063149717,CAP,FBgn0033504
Ripalpha,-0.652693351,3.809600486,0.01583202,0.063258057,Ripalpha,FBgn0032189
Grip75,-0.681476573,3.674063326,0.015866607,0.063368226,Grip75,FBgn0026431
deltaCOP,0.369743843,7.114366597,0.015896252,0.063449647,deltaCOP,FBgn0028969
CG17322,1.21313,1.391338606,0.015903812,0.063449647,CG17322,FBgn0027070
Hel89B,0.360160306,7.04964951,0.015908064,0.063449647,Hel89B,FBgn0022787
CG11160,0.783671838,3.319918565,0.015951802,0.063596018,CG11160,FBgn0030257
CG3004,0.654369465,4.432906749,0.015969526,0.063638594,Lst8,FBgn0264691
CG34380,-0.543448077,5.422416369,0.015985679,0.063674879,CG34380,FBgn0085409
dom,0.370346498,7.828596402,0.016005245,0.063690645,dom,FBgn0020306
GstE9,0.387172139,8.236445362,0.016009,0.063690645,GstE9,FBgn0063491
nvd,-1.159668251,1.873611489,0.016015156,0.063690645,nvd,FBgn0259697
CG12594,-1.087825002,2.074962782,0.016017838,0.063690645,CG12594,FBgn0037941
CheA7a,2.884293895,1.861382265,0.016062034,0.063838284,CheA7a,FBgn0029948
CG12768,-1.497644681,0.887913992,0.016079621,0.063880077,CG12768,FBgn0037206
CG11909,1.296551486,2.738286653,0.016090535,0.063895339,tobi,FBgn0261575
CG12268,-0.388602198,6.478503203,0.016176536,0.064208623,CG12268,FBgn0039131
didum,-0.348865908,6.39537695,0.016212381,0.064322639,didum,FBgn0261397
l-3-L1231,-0.390148556,6.547815832,0.016281236,0.064567466,l(3)L1231,FBgn0086686
Dh31,0.942876227,2.799670802,0.016321012,0.064696805,Dh31,FBgn0032048
Eip75B,-0.360216876,7.353270971,0.016347518,0.064773454,Eip75B,FBgn0000568
bwa,-0.462359979,4.943292069,0.016403601,0.064967177,bwa,FBgn0045064
CG1968,0.42032071,5.850519137,0.016417426,0.064993437,CG1968,FBgn0033401
Ac76E,0.397482105,7.53614607,0.016485124,0.065232857,Ac76E,FBgn0004852
CG15169,0.368667522,8.342785013,0.016499868,0.065262613,CG15169,FBgn0032734
CG33203,-0.402477449,5.526715327,0.016573661,0.065525799,CG33203,FBgn0053203
CG11376,-0.393354605,6.079035785,0.016615425,0.065662183,Zir,FBgn0031216
Rpn12,0.393618511,6.31642921,0.016638995,0.065726577,Rpn12,FBgn0028693
Mlf,-0.355460252,6.708292744,0.016666948,0.065764441,Mlf,FBgn0034051
CG15657,1.542220195,0.860511891,0.016669932,0.065764441,CG15657,FBgn0034595
CG14853,-0.371982608,7.247381553,0.01667042,0.065764441,CG14853,FBgn0038246
CG2641,0.758628518,3.361875718,0.016696407,0.065838211,CG2641,FBgn0037518
CG11203,-0.43725749,5.513158992,0.016709899,0.065862663,CG43901,FBgn0264502
CG10621,2.295797234,1.228037963,0.016743079,0.065964663,CG10621,FBgn0032726
RhoGAP54D,-1.317983496,1.762526251,0.016775334,0.06605373,RhoGAP54D,FBgn0034249
CG32683,-0.511468352,5.03774019,0.016789515,0.06605373,CG32683,FBgn0052683
CG6453,0.357711805,6.412031115,0.01680018,0.06605373,CG6453,FBgn0032643
mub,-0.384101792,7.546122354,0.016801364,0.06605373,mub,FBgn0262737
CG14535,0.565415961,4.435541642,0.016802244,0.06605373,CG14535,FBgn0031955
Gpo-1,0.377415778,7.667521606,0.016838896,0.066169022,Gpo-1,FBgn0022160
Tsp42Eg,0.548165321,4.473104123,0.016863162,0.066235569,Tsp42Eg,FBgn0033128
Pgk,0.373466464,8.683348206,0.016896852,0.066339055,Pgk,FBgn0250906
CG8149,-0.437105984,5.272599628,0.016933052,0.0664523,CG8149,FBgn0037700
CG4452,0.42667384,5.349739848,0.016947305,0.066479355,CG4452,FBgn0035981
MED6,-0.640860727,4.505601339,0.016956598,0.066486938,MED6,FBgn0024330
itp,-0.468947155,6.598928979,0.016973024,0.066522474,ITP,FBgn0035023
M-2-21AB,-0.379263371,7.001563779,0.016991448,0.066565802,Sam-S,FBgn0005278
CG4074,-0.726766943,3.328411705,0.017016975,0.06663691,CG4074,FBgn0037017
sra,0.425536413,6.50611035,0.017037485,0.066688319,sra,FBgn0086370
CycA,-2.035791611,1.631361964,0.017094452,0.066855628,CycA,FBgn0000404
CG6441,-1.116330706,1.692537716,0.017100325,0.066855628,CG6441,FBgn0031920
Pros35,0.363402444,6.837052108,0.01710243,0.066855628,Prosalpha6,FBgn0250843
CG4643,0.438277405,5.237426525,0.017155354,0.067033508,Fsn,FBgn0043010
CG2003,0.878699904,3.373202344,0.017176516,0.067087181,CG2003,FBgn0039886
mRpL12,-0.460268306,4.956977845,0.017202973,0.067143596,mRpL12,FBgn0011787
Pen,-1.454973668,1.462821155,0.017205825,0.067143596,Pen,FBgn0011823
Nnf1b,1.65225634,0.77940417,0.017220971,0.067173684,Nnf1b,FBgn0051658
CG40002,-0.363320651,5.931552752,0.017237575,0.067209432,CG40002,FBgn0058002
Osi7,1.022477173,2.299071822,0.017245686,0.067212049,Osi7,FBgn0037414
CG17896,0.351212525,7.055691362,0.017286926,0.067343722,CG17896,FBgn0023537
CG5807,-0.680947198,3.591736157,0.017296223,0.067350895,CG5807,FBgn0027539
CG11473,-0.511925065,4.620775961,0.017349744,0.067530199,CG42492,FBgn0259994
CG30116,0.390183552,7.479711039,0.01739102,0.067661702,CG30116,FBgn0028496
CG15209,-1.123048875,2.828578615,0.017399963,0.067667357,CG15209,FBgn0030237
CG12170,0.391641338,5.735190608,0.017444298,0.067810582,CG12170,FBgn0037356
CG1090,-0.409790188,5.708410076,0.017504929,0.068017001,CG1090,FBgn0037238
CG3746,1.406859076,1.534894128,0.017522422,0.068051078,CG3746,FBgn0034755
CG7927,0.366306741,5.857532101,0.017528764,0.068051078,CG7927,FBgn0027549
mRpS31,-0.460308381,4.8789953,0.017545914,0.068088397,mRpS31,FBgn0036557
CG13917,0.365431578,7.819752424,0.017560669,0.068116394,CG13917,FBgn0035237
CG8021,-0.864323802,2.658564051,0.01760536,0.068260438,CG8021,FBgn0037602
CG4769,-0.370376907,8.379314461,0.017657388,0.068432794,CG4769,FBgn0035600
ctp,-0.393713634,8.504349388,0.017734056,0.068697675,ctp,FBgn0011760
ab,-0.640212292,3.945386981,0.017740943,0.068697675,ab,FBgn0264442
CG11679,0.635678593,3.911752231,0.017760887,0.06874544,CG11679,FBgn0030678
CG12082,0.428347236,6.001231283,0.017819764,0.068943788,CG12082,FBgn0035402
CG9098,-1.036732642,2.007375097,0.017846402,0.069013388,CG9098,FBgn0031762
key,0.348653138,6.4337251,0.017853032,0.069013388,key,FBgn0041205
CG33777,-1.561401997,0.534721402,0.017890929,0.069130306,CG33777,FBgn0053777
CG2070,1.729837469,0.636377244,0.017953016,0.069340551,CG2070,FBgn0033203
CG1840,0.611999956,4.351534534,0.017975279,0.069396866,CG1840,FBgn0030351
CG13319,0.58641534,4.331856521,0.018044334,0.06963371,CG13319,FBgn0033781
CG18275,-1.241146607,1.33761085,0.018125006,0.06991516,CR18275,FBgn0029523
CG10098,-0.490971973,4.73562741,0.018138601,0.069921758,CG10098,FBgn0037472
CG11791,-0.368413331,7.600853103,0.018142196,0.069921758,CG11791,FBgn0039266
PGRP-SA,1.041370099,2.228803487,0.018179666,0.070036292,PGRP-SA,FBgn0030310
CG17323,-0.683900767,4.055816315,0.018212023,0.070131038,CG17323,FBgn0032713
CG31368,-0.426852962,5.353247339,0.018232783,0.070181067,CG31368,FBgn0051368
CG10527,0.365331876,8.892587665,0.018280696,0.070335522,CG10527,FBgn0034583
Act79B,-1.317232282,5.168215042,0.018290699,0.070337546,Act79B,FBgn0000045
sip1,0.642555706,3.737301778,0.018296793,0.070337546,sip1,FBgn0024191
CG7130,-1.174582847,2.573472368,0.018327384,0.070420137,CG7130,FBgn0037151
CG13868,0.406103295,9.005022549,0.018339261,0.070420137,CG13868,FBgn0034501
CG9220,0.443711796,5.462549743,0.01834292,0.070420137,CG9220,FBgn0030662
CG10263,0.510262853,4.647250413,0.018349458,0.070420137,Hakai,FBgn0032812
inx3,0.490560865,5.896890458,0.018410873,0.070623587,Inx3,FBgn0265274
CG10721,0.509970082,4.622251419,0.018418106,0.070623587,CG10721,FBgn0032846
CG4752,1.001865059,2.922661468,0.018437596,0.070668325,CG4752,FBgn0034733
CG32702,0.482673534,5.013703443,0.018604363,0.071277275,Cubn,FBgn0052702
CG11242,-0.564787409,4.93880776,0.018629242,0.071342338,TBCB,FBgn0034451
CG13685,-0.83784017,2.943536067,0.018662138,0.071438032,CG13685,FBgn0035816
Rpn2,0.365501452,7.702558357,0.01870923,0.071587964,Rpn2,FBgn0028692
CG6954,-0.367298428,7.620264093,0.018777739,0.071819685,wake,FBgn0266418
CG17167,1.447887813,2.082235047,0.018817156,0.071939985,CG17167,FBgn0039941
CG11926,0.506710189,4.758717557,0.018827925,0.071950708,Mon1,FBgn0031640
CG4049,-0.440506795,5.258419913,0.018894414,0.072103971,CG4049,FBgn0034976
CG3902,0.430763791,5.978069519,0.018898579,0.072103971,CG3902,FBgn0036824
CG3356,0.364153526,6.508481334,0.018902524,0.072103971,CG3356,FBgn0034989
CG31063,0.349762512,6.344220925,0.018903798,0.072103971,"CG42813 , CG42814","FBgn0261995 , FBgn0261996"
crc,0.372845472,10.06544761,0.018907938,0.072103971,crc,FBgn0000370
lgs,-0.368610694,7.257351595,0.019007596,0.072453426,lgs,FBgn0039907
Rbp9,-0.369481399,6.224583868,0.019023203,0.072482334,Rbp9,FBgn0010263
CG15473,-1.371505375,1.128246011,0.019037081,0.072504634,CG15473,FBgn0029719
CG2941,-0.976979755,2.277954894,0.019071087,0.072603539,CG2941,FBgn0029686
dpr10,-0.800610045,2.756292665,0.019120389,0.072760571,dpr10,FBgn0052057
c12-2,0.34948796,6.664890262,0.019146827,0.072830498,c12.2,FBgn0040234
SK,-0.440250218,6.649837353,0.019175322,0.072908191,SK,FBgn0029761
CG12821,-0.715802569,3.923040008,0.019236848,0.073072286,Atg10,FBgn0040780
CG31810,1.747741448,0.42893594,0.019241401,0.073072286,CG31810,FBgn0051810
CG42256,0.859568042,4.009975272,0.019242746,0.073072286,Dscam2,FBgn0265296
CG32699,-0.442471621,5.206855212,0.019279147,0.073179755,CG32699,FBgn0052699
CG6290,3.026721043,1.559097433,0.019306352,0.073240909,CG6290,FBgn0030921
E2f,-0.366801224,6.542146508,0.019311473,0.073240909,E2f1,FBgn0011766
Cyp311a1,0.448667248,5.297270756,0.019352717,0.073366532,Cyp311a1,FBgn0030367
CG33279,-1.246609571,1.583715204,0.019410045,0.073552997,CG42458,FBgn0259935
CG10660,0.614538669,4.515934909,0.019445083,0.073654877,CG10660,FBgn0036288
CG8446,0.382627464,7.934156491,0.019472621,0.073728272,"CG42837, CG44242 , CG44243","FBgn0262026, FBgn0265177 , FBgn0265178"
CG6361,0.557656543,4.613225429,0.019483355,0.07373801,Hayan,FBgn0030925
CG8289,-0.462379078,5.148955168,0.019541926,0.073928711,CG8289,FBgn0030854
CG12785,0.566743628,4.090199646,0.019555113,0.073947632,Mat89Ba,FBgn0261286
MESK2,-0.363825626,9.232349572,0.01956758,0.073963816,MESK2,FBgn0043070
asparagine-synthetase,-0.80421537,4.082064656,0.019619703,0.074129818,asparagine-synthetase,FBgn0041607
CG14868,0.405230836,5.536093768,0.019653375,0.074226,CG14868,FBgn0038330
CG6700,-0.403432294,7.426474205,0.019725928,0.074468882,CG6700,FBgn0032305
CG5955,-1.537111709,2.073553878,0.019771124,0.074608325,CG5955,FBgn0036997
CG1359,0.633575542,3.948072339,0.019784016,0.074625624,Bet5,FBgn0260860
CPTI,0.354056971,8.495237184,0.019792453,0.074625624,whd,FBgn0261862
CG7763,1.613202295,0.457320211,0.019800489,0.074625624,CG7763,FBgn0040503
CG10407,1.072175691,1.933883453,0.019861627,0.074824827,CG10407,FBgn0038395
ldlCp,0.444984714,5.144893212,0.019896766,0.074925964,ldlCp,FBgn0026634
Gdh,-0.367535593,7.79799913,0.019970592,0.075172638,Gdh,FBgn0001098
CG10702,-0.645521458,4.198821884,0.019984463,0.075193518,CG10702,FBgn0032752
CG30460,0.355042811,7.140816972,0.020033834,0.075347902,CG30460,FBgn0050460
CG7220,-0.368097426,5.936860681,0.020056174,0.075369332,CG7220,FBgn0033544
CG15170,0.458115117,5.026434186,0.020056218,0.075369332,CG15170,FBgn0032733
AP-1sigma,-0.382887501,5.936380158,0.020066428,0.075376344,AP-1sigma,FBgn0039132
CSN3,0.447998538,5.084726846,0.020149178,0.075655726,CSN3,FBgn0027055
Flo-2,0.352955377,7.125695396,0.020197543,0.075805817,Flo2,FBgn0264078
Dap160,-0.338425027,6.457135123,0.020241507,0.075939276,Dap160,FBgn0023388
CG2947,-0.716392691,3.278948051,0.020270822,0.076017686,HIP-R,FBgn0029676
CG4199,0.362562237,8.587185264,0.020311189,0.07613746,CG4199,FBgn0025628
melt,0.617528761,4.190071115,0.020343459,0.076226797,melt,FBgn0023001
CG31660,0.366345364,6.902165282,0.020387743,0.076361057,pog,FBgn0051660
msl-1,-0.473289809,5.275769462,0.020403303,0.076387668,msl-1,FBgn0005617
CG13717,-0.870292854,2.426252603,0.020438659,0.076488337,axo,FBgn0262870
CG4721,-0.554138629,6.122441624,0.020487093,0.076637847,CG4721,FBgn0039024
CG32582,0.959963549,2.299322835,0.020504488,0.076671169,CG32582,FBgn0052582
CG11253,-1.20413917,1.779689462,0.02051635,0.076683785,Zmynd10,FBgn0266709
CheB42c,-1.030344573,3.457380421,0.020563577,0.076828516,CheB42c,FBgn0066292
Sp1,0.377871088,9.554147324,0.020670458,0.077195914,Sp1,FBgn0020378
CG7870,0.402404186,5.441006171,0.02069963,0.077272917,wol,FBgn0261020
kraken,0.405777156,7.049575512,0.020709056,0.077276172,kraken,FBgn0020545
CG12384,0.350050207,6.686788873,0.020724802,0.077302999,CG12384,FBgn0033624
Srp54,0.352952552,5.954092778,0.020741953,0.077314924,Srp54,FBgn0024285
park,0.500400451,4.501596569,0.020762171,0.077314924,park,FBgn0041100
CG42319,1.069625666,3.326156118,0.020762494,0.077314924,CG42319,FBgn0259219
CG5021,0.407269489,5.441572988,0.020769061,0.077314924,CG5021,FBgn0035944
CG8207,0.490949931,4.744699405,0.02077079,0.077314924,CG8207,FBgn0034035
Nrx-1,-0.399317906,8.969804022,0.020780243,0.07731825,Nrx-1,FBgn0038975
ppk6,-0.969067413,2.368894694,0.020800433,0.077361511,ppk6,FBgn0034489
CG11378,-1.284968142,1.716970261,0.020818521,0.077396922,CG11378,FBgn0040364
CG16779,1.582751731,0.790436652,0.020838305,0.077438604,CG16779,FBgn0037698
MED11,0.572105276,4.029511895,0.020860299,0.077488464,MED11,FBgn0036811
CG7120,0.651816103,3.946322838,0.020893879,0.077581298,CG7120,FBgn0035888
CG6153,0.721907329,3.513479245,0.020916775,0.077634408,CG6153,FBgn0032445
Nmdar1,0.803088553,2.811706698,0.021027879,0.078014725,Nmdar1,FBgn0010399
CG17977,-1.363827426,1.050536585,0.021116918,0.078312907,CG17977,FBgn0040778
Herp,-0.349274181,7.019847101,0.021127416,0.078319687,Herp,FBgn0031950
tnc,1.194058116,1.610785626,0.02126059,0.078778613,tnc,FBgn0039257
cpo,-0.386834244,10.71753491,0.021268656,0.078778613,cpo,FBgn0263995
Best2,0.343771137,6.958722815,0.021284155,0.078803711,Best2,FBgn0035696
CG12746,0.326983686,6.950503793,0.021316698,0.078891869,CG12746,FBgn0037341
CG7675,0.651894992,7.021352895,0.02138015,0.079065877,CG7675,FBgn0038610
mthl1,-0.591251186,3.985635646,0.021385885,0.079065877,mthl1,FBgn0030766
l-1-G0230,-0.382946695,7.670084467,0.021389972,0.079065877,l(1)G0230,FBgn0028342
CG17352,0.912284078,2.935907198,0.021466027,0.079287421,CG17352,FBgn0035880
Spase25,0.372928988,6.060890347,0.02146746,0.079287421,Spase25,FBgn0030306
CG3939,0.626397161,3.704993138,0.021482235,0.079309567,CG3939,FBgn0040396
lva,0.349199357,7.757444809,0.021530594,0.079414279,lva,FBgn0029688
GstE5,0.378761235,7.096491589,0.021531347,0.079414279,GstE5,FBgn0063495
pot,0.365154999,6.514253963,0.02153697,0.079414279,pot,FBgn0250871
Src42A,-0.366921571,8.003976513,0.021555072,0.079448602,Src42A,FBgn0264959
CG11403,-0.979994285,2.542873371,0.021575106,0.079490011,CG11403,FBgn0026876
CG7891,-0.35131414,6.110712598,0.021630327,0.079660977,Gie,FBgn0037551
Pros45,0.348278735,7.306163211,0.021667715,0.079766152,Rpt6,FBgn0020369
Or67c,-0.647181246,4.42562342,0.02168565,0.07979966,Or67c,FBgn0036078
CG11136,-0.705774501,3.571332101,0.02169602,0.079805311,Lrt,FBgn0034540
Mipp2,-0.40078856,5.57942546,0.021715212,0.079843395,Mipp2,FBgn0026060
CG11267,-0.382263311,5.589180297,0.021732374,0.079873991,CG11267,FBgn0036334
CG31451,-0.444861029,5.964249839,0.021782986,0.080027449,CR31451,FBgn0051451
CG18210,-1.552617583,0.603770687,0.021832643,0.080167141,Cngl,FBgn0263257
CG30190,-0.629207897,4.241327229,0.02184657,0.080167141,CG42678,FBgn0261564
CG12582,0.368940447,5.990412,0.021847631,0.080167141,CG12582,FBgn0037215
CG13178,0.38526629,7.626128983,0.021885382,0.080273058,CG13178,FBgn0033685
Fps85D,0.529358726,4.499333421,0.021899366,0.080291748,FER,FBgn0000723
Unc-89,0.52473582,6.156464224,0.021931882,0.080378345,Unc-89,FBgn0053519
lark,0.347267117,6.858472944,0.021970955,0.080488893,lark,FBgn0011640
sqd,-0.347208346,7.708097318,0.022069534,0.080817256,sqd,FBgn0263396
Csk,-0.351636442,8.300506931,0.022179652,0.081187593,Csk,FBgn0262081
mav,-0.43748525,5.707475162,0.022191574,0.081198332,mav,FBgn0039914
CG34138,-1.585654374,0.419026887,0.022223328,0.081238355,CG34138,FBgn0083974
CG7261,-0.380888415,5.610031425,0.022225065,0.081238355,CG7261,FBgn0027509
Reg-5,0.36053443,7.891209438,0.022231497,0.081238355,Reg-5,FBgn0015801
Bmcp,-0.459938739,5.437090588,0.022238483,0.081238355,Bmcp,FBgn0036199
CG6410,0.540008221,4.678904311,0.022250093,0.081247913,Snx16,FBgn0034265
Jupiter,-0.372131798,7.964747122,0.022286829,0.081349177,Jupiter,FBgn0051363
CG34232,1.157266957,1.387572122,0.022309764,0.081392614,CG34232,FBgn0085261
Ptp4E,-0.38575651,7.884126938,0.022316748,0.081392614,Ptp4E,FBgn0004368
CG15701,0.370986885,5.964491681,0.022339769,0.081443695,CG15701,FBgn0034095
CG3847,-0.372075906,6.105762312,0.022363919,0.081498847,CG3847,FBgn0029867
Atac1,0.768706906,2.891768885,0.022429642,0.081674686,Atac1,FBgn0031876
CG14882,0.687613238,3.807801979,0.022438116,0.081674686,CG14882,FBgn0038429
CG13920,-0.539523374,4.444356218,0.022439293,0.081674686,CG13920,FBgn0025712
CG32741,-0.855004344,3.619871496,0.022470441,0.081755119,CG14440,FBgn0029894
Sema-1a,-0.552022574,4.273378685,0.02253854,0.081969876,Sema-1a,FBgn0011259
slmb,-0.339981667,6.874962347,0.022658393,0.082372604,slmb,FBgn0023423
Timp,0.658793386,4.48370204,0.022800823,0.082857052,Timp,FBgn0025879
CG7453,0.463399254,5.146668834,0.022862289,0.083047011,CG7453,FBgn0030991
CG18094,0.660160197,3.441554998,0.022933289,0.083271436,CG18094,FBgn0032791
CG3635,0.82220471,2.977091362,0.022950036,0.083298764,CG3635,FBgn0032981
CalpC,0.484163465,4.622015117,0.022984095,0.083388881,CalpC,FBgn0260450
CG7420,0.564991595,4.804155751,0.023002756,0.083423083,CG7420,FBgn0031344
CG30492,0.349255089,7.666104549,0.023033408,0.083500724,"CG43340 , CG43341","FBgn0263077 , FBgn0263046"
CG7806,-0.371080352,5.886721454,0.023047327,0.083517671,CG7806,FBgn0032018
Rip11,-0.351552724,6.553015675,0.023162527,0.083870487,Rip11,FBgn0027335
CG6983,-0.482667465,4.910214163,0.023164312,0.083870487,CG6983,FBgn0035896
CG5343,-0.476512294,4.92401777,0.023174371,0.083870487,Bug22,FBgn0032248
DNApol-alpha73,0.987840478,2.194826234,0.023181825,0.083870487,DNApol-alpha73,FBgn0005696
CG34242,-0.813587072,3.050021503,0.023199357,0.083900317,CG34242,FBgn0085271
Eph,-0.348418215,7.249521653,0.02322144,0.083946575,Eph,FBgn0025936
CG8965,-0.368688262,6.017290812,0.023254435,0.084032225,rau,FBgn0031745
PH4alphaEFB,-0.542925105,4.914520888,0.023267109,0.084044409,PH4alphaEFB,FBgn0039776
CG11652,-0.633142252,5.279135083,0.023413531,0.084539502,CG11652,FBgn0036194
CG10971,-0.447777838,5.044920638,0.023425432,0.084548684,Hip1,FBgn0036309
CG13116,0.547809653,5.992551339,0.023554375,0.084980121,CG13116,FBgn0032139
CG3740,0.431026706,5.708589025,0.023617038,0.085172186,CG3740,FBgn0023530
CG7544,-0.70156645,3.293212366,0.023698654,0.08543242,CG7544,FBgn0033994
CG4269,1.140830553,2.174491775,0.023811145,0.085803703,CG4269,FBgn0034741
CG5789,0.442177631,4.884819414,0.023898467,0.086084031,CG5789,FBgn0039207
CG9746,0.356154178,5.954622691,0.02394523,0.086218098,ird1,FBgn0260935
kek6,-0.899034489,2.338711191,0.023990364,0.086346195,kek6,FBgn0039862
CG1140,-0.345484428,7.120188386,0.024033359,0.086466493,SCOT,FBgn0035298
dpr3,-0.725903395,4.167559042,0.024049607,0.086490505,dpr3,FBgn0053516
CG15046,0.77783392,4.327195374,0.024073487,0.086541936,CG15046,FBgn0030927
E-bx-,-0.357050392,7.674161729,0.024097724,0.086562069,E(bx),FBgn0000541
Cpr92F,-1.628134178,1.568394645,0.02410374,0.086562069,Cpr92F,FBgn0038819
cathD,0.407929996,8.951309864,0.024107833,0.086562069,cathD,FBgn0029093
Cyp313b1,-1.345621112,1.496108878,0.024126843,0.086595909,Cyp313b1,FBgn0037601
CG6767,-0.358749061,7.021568326,0.024145761,0.08662939,CG6767,FBgn0036030
npf,1.570197222,0.523355623,0.024178126,0.086698398,NPF,FBgn0027109
Rab1,-0.341347517,8.338422219,0.024184189,0.086698398,Rab1,FBgn0016700
CG6672,0.413332069,5.213428735,0.024196626,0.086708576,ZnT86D,FBgn0037875
tgo,-0.358063352,5.914085794,0.02429379,0.087022245,tgo,FBgn0264075
CG13011,1.456309477,1.03586829,0.024345864,0.0871445,sing,FBgn0261245
CG31036,0.353970344,6.528238775,0.024347213,0.0871445,CG31036,FBgn0051036
CG30394,-0.448279885,5.17598906,0.02442511,0.087388691,CG30394,FBgn0050394
RpL17,0.351311423,9.329572396,0.024477941,0.087543041,RpL17,FBgn0029897
CG8507,0.403805894,5.903771887,0.02455494,0.087783668,CG8507,FBgn0037756
CR42217,-1.021609893,2.518239141,0.024586831,0.087862908,CR42217,FBgn0085834
CG14715,0.604986951,3.985065072,0.024602147,0.087882878,CG14715,FBgn0037930
eff,-0.339318788,8.54406768,0.024625517,0.087931589,eff,FBgn0011217
CG12659,-0.926973051,2.286293313,0.024686861,0.088115806,CG12659,FBgn0040929
CG13659,0.641270598,5.149088548,0.024726317,0.088220288,CG13659,FBgn0039319
CG15021,0.642313171,6.372137702,0.024741044,0.088220288,CG15021,FBgn0035544
dome,0.345770807,6.521400096,0.024753591,0.088220288,dome,FBgn0043903
CG4756,-0.526489298,4.447145012,0.024755195,0.088220288,Sap30,FBgn0030788
Act57B,1.124831511,4.855643923,0.02479043,0.088311019,Act57B,FBgn0000044
CG13671,0.499728805,4.715987472,0.024811815,0.088352358,CG13671,FBgn0035867
CG9512,3.032278589,2.682629846,0.024919145,0.088677443,CG9512,FBgn0030593
CG31475,-0.362568515,5.780940285,0.024922739,0.088677443,CG31475,FBgn0051475
CG1620,0.39185519,6.01943079,0.025097378,0.089235272,CG1620,FBgn0033183
Lap1,-0.530562212,4.514754595,0.025099272,0.089235272,Lap1,FBgn0033984
CG4825,0.356579292,5.82329575,0.025240263,0.089701232,CG4825,FBgn0037010
betaTub60D,0.518797348,6.660697002,0.025259557,0.089734503,betaTub60D,FBgn0003888
CG42340,-0.879936147,2.644191737,0.025305022,0.08986068,CG42340,FBgn0259242
CG40351,-0.379882575,6.451595704,0.025337226,0.089939684,Set1,FBgn0040022
CG1902,0.364320715,5.760861181,0.025383851,0.090062979,CG1902,FBgn0033434
Taf5,0.495887049,4.584036236,0.025391898,0.090062979,Taf5,FBgn0010356
Hsromega,0.340738375,7.236709091,0.025421428,0.090132331,Hsromega,FBgn0001234
CG13587,-1.771729218,0.693400606,0.02546801,0.090262064,CG13587,FBgn0035031
CG9164,-1.105466235,2.747324743,0.025497888,0.090332518,CG9164,FBgn0030634
eIF-2alpha,0.346199474,6.368311535,0.025544988,0.090463906,eIF-2alpha,FBgn0261609
CG15706,0.49341223,4.598245448,0.025569906,0.090516665,CG15706,FBgn0034093
l-1-G0007,0.342303671,5.967597733,0.025672704,0.090844971,l(1)G0007,FBgn0026713
CG2185,0.352433166,8.027493245,0.025686144,0.090856941,elm,FBgn0037358
CG13012,0.496847851,5.463174755,0.025787621,0.091151409,CG13012,FBgn0030769
Klp67A,-1.513202558,0.964206642,0.025789573,0.091151409,Klp67A,FBgn0004379
CG34394,-0.399605897,7.685396244,0.025817093,0.09121299,CG34394,FBgn0085423
Wnt6,-0.643652226,3.512650347,0.025832811,0.091232844,Wnt6,FBgn0031902
CG3335,0.67600139,3.623440067,0.026002544,0.091796396,CG3335,FBgn0036018
shf,0.798540608,2.703976861,0.026013463,0.091799072,shf,FBgn0003390
Gcn2,0.368639229,5.553889747,0.026109074,0.092100496,Gcn2,FBgn0019990
Sp7,0.343569226,7.404476628,0.026286181,0.092684695,Sp7,FBgn0037515
CG1826,0.403971768,5.286310626,0.026295204,0.092684695,BTBD9,FBgn0030228
CG4678,-0.483422088,4.756003916,0.026465336,0.093247989,CG4678,FBgn0030778
CG13814,1.4040982,1.068025889,0.026477779,0.093255459,rdgC,FBgn0265959
Srp14,0.474853548,4.601781752,0.026506494,0.093311914,Srp14,FBgn0038808
Sox102F,0.884581113,3.671701024,0.026514466,0.093311914,Sox102F,FBgn0039938
CG9821,-0.345348157,7.555888311,0.026544686,0.093381889,CG9821,FBgn0037636
CG6813,-1.294293155,1.170776175,0.026567468,0.093425655,CG6813,FBgn0037923
CdsA,-0.389725796,7.338680557,0.026601399,0.093508574,CdsA,FBgn0010350
CG8596,0.357720641,5.686738768,0.026611785,0.093508698,CG8596,FBgn0035767
vn,0.573642545,3.951462029,0.026624752,0.093517888,vn,FBgn0003984
h,-0.368084574,7.248185679,0.026752638,0.093930561,h,FBgn0001168
eIF4G,-0.367237532,8.151143575,0.026823327,0.094142168,eIF4G,FBgn0023213
tim,-0.580409943,6.937854343,0.027015584,0.094780112,tim,FBgn0014396
Cyp28a5,-0.383848827,6.180185646,0.027032396,0.094802279,Cyp28a5,FBgn0028940
CG5044,0.510671807,4.72900211,0.027083875,0.094945956,CG5044,FBgn0038326
Ance-3,0.365462908,8.319057906,0.027159533,0.095166898,Ance-3,FBgn0032536
CG14313,0.53272587,4.427303982,0.027167969,0.095166898,CG14313,FBgn0038579
unc79,-0.848388141,3.216940024,0.027247183,0.095407386,unc79,FBgn0038693
eIF-3p40,0.345474009,7.568631446,0.02730058,0.09555732,eIF-3p40,FBgn0022023
CG3683,-0.370940449,6.005318286,0.027311688,0.095559175,NDUFA8,FBgn0035046
CG5823,-0.336048194,6.073996242,0.027386596,0.09578417,CG5823,FBgn0038515
CG2813,-0.377975658,5.571279364,0.027440188,0.095913051,cold,FBgn0031268
CG33331,-0.907316568,2.16745083,0.02744468,0.095913051,CG33331,FBgn0067628
CG40451,-0.324520184,6.867506569,0.027466884,0.095953532,Tim17b,FBgn0263977
Dox-A2,0.327800238,6.891856262,0.02750777,0.096059218,Rpn3,FBgn0261396
CG7188,0.359026288,8.18915591,0.027555211,0.096187704,BI-1,FBgn0035871
milt,-0.341669453,8.31249332,0.027617948,0.096369463,milt,FBgn0262872
scramb1,-0.349556629,6.393050329,0.027707848,0.096645829,scramb1,FBgn0052056
Cp1,0.36662047,8.847463733,0.027765623,0.096809974,Cp1,FBgn0013770
Fili,-0.727648733,3.480436977,0.027852293,0.097074697,Fili,FBgn0085397
CG15237,-0.513426921,4.588837348,0.027894657,0.097184855,CG15237,FBgn0033104
CG6459,-0.4274607,4.948295136,0.027923423,0.097247572,P32,FBgn0034259
CG8397,0.336273846,6.653999442,0.027951704,0.097308551,CG8397,FBgn0034066
CG14153,-0.589108919,6.266881678,0.027964474,0.097315509,CG14153,FBgn0036094
CG3305,-0.360519194,8.152883884,0.028041097,0.097544578,Lamp1,FBgn0032949
CG17691,-0.336539674,7.087079861,0.028097175,0.097669273,CG17691,FBgn0039993
bru-3,0.632538438,3.686119546,0.028098566,0.097669273,bru-3,FBgn0264001
CG34191,0.587586135,3.858295936,0.028173625,0.097892511,CG34191,FBgn0085220
CG14303,-1.03634634,1.829072637,0.028250232,0.098120953,qin,FBgn0263974
CG9628,0.335964874,7.587626234,0.02834485,0.098411751,CG9628,FBgn0036433
CG10674,-0.506345378,4.505443644,0.028484068,0.098845133,CG10674,FBgn0035592
Epac,0.352588689,6.3446668,0.028491557,0.098845133,Epac,FBgn0085421
CG7994,-1.140228319,1.584024633,0.028571744,0.099085272,5-HT2B,FBgn0261929
CG14617,-0.497943733,4.745146375,0.02859167,0.099116328,Cp110,FBgn0031191
CG3625,-0.342109894,9.011633055,0.028643245,0.099257028,CG3625,FBgn0031245
CG30193,-0.634946453,3.507569737,0.02867962,0.099340003,CG42678,FBgn0261564
CG17331,0.334163688,6.628680531,0.028689182,0.099340003,Prosbeta4,FBgn0032596
CG7830,0.353442883,6.475963211,0.028713068,0.09938462,Ostgamma,FBgn0032015
fln,-1.44182905,0.845534793,0.028735787,0.099425161,fln,FBgn0005633
CG9918,-0.583006469,4.806014259,0.028765372,0.099452223,PK1-R,FBgn0038201
EDTP,0.34902728,5.724615712,0.028765625,0.099452223,EDTP,FBgn0027506
Atg12,-0.672387389,3.543350187,0.02878165,0.099469558,Atg12,FBgn0036255
eIF-4B,-0.363665578,6.133364745,0.028822826,0.099573771,eIF-4B,FBgn0020660
msl-2,-0.448498455,5.190809117,0.028870841,0.09970152,msl-2,FBgn0005616
E5,0.649050945,4.103248577,0.028889781,0.099728804,E5,FBgn0008646
Trxr-1,0.342772989,9.000668959,0.028978307,0.099996189,Trxr-1,FBgn0020653
CG9904,0.459103873,4.669474711,0.028995565,0.100017539,Seipin,FBgn0040336
CG6114,-0.359087029,5.854368892,0.02902813,0.100091651,sff,FBgn0036544
CG6455,-0.335012763,7.438370715,0.029128029,0.100397793,CG6455,FBgn0019960
CG2921,0.487893596,5.138719386,0.029317245,0.101002986,CG2921,FBgn0034689
Rac1,-0.333011107,6.032560985,0.029325972,0.101002986,Rac1,FBgn0010333
alpha-Est9,-0.557949454,4.21030248,0.029360936,0.101084867,alpha-Est9,FBgn0015577
sens-2,-0.740333472,3.873155244,0.029403101,0.101150758,sens-2,FBgn0051632
VhaPPA1-1,-0.34963737,8.909320656,0.029408412,0.101150758,VhaPPA1-1,FBgn0028662
axo,-0.42969577,5.552452749,0.029413664,0.101150758,axo,FBgn0262870
CG6986,1.382115636,0.899623266,0.02944797,0.101230198,Proc-R,FBgn0029723
CG14516,0.463346277,4.953603503,0.0295375,0.101499344,CG14516,FBgn0039640
CG9541,0.355537227,8.870269883,0.029584346,0.101621665,CG9541,FBgn0032083
CG11619,-1.179176987,1.354046616,0.029647356,0.101799396,CG11619,FBgn0036836
CG11407,-0.409246243,10.38578036,0.029679138,0.101869807,CG11407,FBgn0038733
CG8486,0.371373431,6.668502158,0.029792344,0.102219535,Piezo,FBgn0264953
CG5941,0.515474311,4.456801572,0.029928809,0.102648772,CG5941,FBgn0029833
CG1887,0.931984594,4.33852439,0.029985332,0.102803601,CG1887,FBgn0035290
CG4289,0.360858588,5.663362838,0.030159176,0.103345528,Pex14,FBgn0037020
CG12012,0.484851814,4.442207354,0.030166278,0.103345528,CG12012,FBgn0035444
HDAC4,-0.343380879,7.842066269,0.030298909,0.103760556,HDAC4,FBgn0041210
CG14015,-0.654970582,3.63001898,0.030329671,0.103801263,CG14015,FBgn0031716
Yippee,0.342194712,6.019117725,0.030342698,0.103801263,Yippee,FBgn0026749
CG9427,0.649784313,4.072848861,0.030345266,0.103801263,CG9427,FBgn0037721
Iswi,-0.359672771,5.81972434,0.030415387,0.104001743,Iswi,FBgn0011604
CG9004,-0.576309892,3.874950109,0.030457161,0.10410518,CG9004,FBgn0035336
plexA,-0.350909149,7.083190902,0.030513595,0.104253383,PlexA,FBgn0025741
Pten,-0.427176465,5.170780633,0.030526951,0.104253383,Pten,FBgn0026379
dbe,-0.542184996,4.014202268,0.0305466,0.104253383,dbe,FBgn0020305
CG33177,0.370408633,8.055488315,0.03054668,0.104253383,CG33177,FBgn0053177
Shal,-0.457042407,4.6577673,0.030585999,0.104348156,Shal,FBgn0005564
l-2-s5379,-0.333677017,6.522582256,0.030622554,0.104433429,sau,FBgn0267378
CG6495,0.343915463,6.793634041,0.030637424,0.104444714,CG6495,FBgn0027550
MRP,0.379338785,9.281284215,0.030663402,0.104493842,MRP,FBgn0032456
CG4330,0.405578824,5.480050558,0.030714924,0.104623113,MFS10,FBgn0030452
nahoda,0.33832353,7.467853972,0.030727023,0.104623113,nahoda,FBgn0034797
CG6921,-0.428375122,6.618060415,0.030736079,0.104623113,bond,FBgn0260942
Liprin-alpha,-0.350101529,5.844668217,0.031010115,0.105516152,Liprin-alpha,FBgn0046704
CG11044,1.526404403,1.157763171,0.031213333,0.106167639,CG11044,FBgn0034484
CG16721,0.322283113,6.984114095,0.031235042,0.106201493,CG16721,FBgn0029820
CG12728,-0.777404736,2.598101572,0.031368636,0.106615598,CG12728,FBgn0029825
CG7694,0.552846657,4.056273627,0.03146433,0.106894649,CG7694,FBgn0038627
CG34396,1.417489643,1.199229834,0.031476522,0.106894649,CG34396,FBgn0085425
CG12672,-0.74789831,3.176502258,0.031486236,0.106894649,CG12672,FBgn0030886
CG33492,-0.892192168,2.181166544,0.031544164,0.107051082,Ir41a,FBgn0040849
vib,-0.3228435,6.402965885,0.031723427,0.107619015,vib,FBgn0262468
Tusp,-0.340380168,6.397011034,0.031788974,0.107799672,Tusp,FBgn0039530
futsch,-0.456376395,7.611185341,0.031800545,0.107799672,futsch,FBgn0259108
opa1-like,-0.323399016,7.09657242,0.031901255,0.108100502,Opa1,FBgn0261276
CG7429,0.613250095,3.762190269,0.032010974,0.108410923,CG7429,FBgn0031979
AP-2,0.946297165,1.965775315,0.032016863,0.108410923,TfAP-2,FBgn0261953
Plc21C,-0.317085784,6.345799592,0.032147999,0.108767656,Plc21C,FBgn0004611
Mnn1,-0.343683271,6.597039604,0.032172642,0.108767656,Mnn1,FBgn0031885
CG1599,0.323572135,6.350768808,0.032177149,0.108767656,Vamp7,FBgn0266186
plexB,-0.434427041,5.070037698,0.032182198,0.108767656,PlexB,FBgn0025740
CG13251,0.318742843,6.968295876,0.032188412,0.108767656,CG13251,FBgn0037014
endoA,-0.309301302,6.921146647,0.032194456,0.108767656,EndoA,FBgn0038659
JTBR,0.575287057,4.231172987,0.032223618,0.108825482,JTBR,FBgn0025820
Gap1,-0.356573508,6.071392822,0.032315915,0.109018229,RasGAP1,FBgn0004390
PpD3,-0.375965379,5.379167952,0.032316048,0.109018229,PpD3,FBgn0005777
GstD5,1.088534355,2.214029286,0.032319724,0.109018229,GstD5,FBgn0010041
CG5196,0.394260776,5.516530953,0.032328961,0.109018229,CG5196,FBgn0038039
Camta,-0.350185642,5.617791609,0.03234961,0.109047154,Camta,FBgn0259234
CG14210,0.874601235,2.808388467,0.032389452,0.109111946,CG14210,FBgn0031040
Cyp4ac1,0.805729191,4.032385381,0.032392986,0.109111946,Cyp4ac1,FBgn0031693
CG7655,0.731571217,3.034326488,0.032591635,0.109740154,CG7655,FBgn0038536
CG7324,0.328128859,7.490614316,0.03262753,0.109820085,CG7324,FBgn0037074
Elongin-C,0.319928885,6.894699894,0.032669618,0.109920794,EloC,FBgn0266711
Sans,0.969312678,2.442793809,0.032719669,0.110048211,Sans,FBgn0033785
CG14135,-0.624011779,3.446883471,0.032765084,0.110159945,CG14135,FBgn0036193
CG6071,1.257970913,2.008560219,0.03288309,0.110515563,CG6071,FBgn0036186
eIF-3p66,0.359910358,7.036916055,0.032939004,0.110662315,eIF-3p66,FBgn0040227
CG33214,0.329966467,7.21460997,0.032970358,0.110698871,Glg1,FBgn0264561
CG5060,-0.500758849,4.601394499,0.032974393,0.110698871,cic,FBgn0262582
Acer,1.344177104,3.851050971,0.032992837,0.110719646,Acer,FBgn0016122
CG10011,-0.331863297,6.227248316,0.033049499,0.110868612,CG10011,FBgn0039590
CG17667,-0.372797825,6.144250826,0.033102697,0.111005853,CG42709,FBgn0261674
CG1236,0.440490333,4.804322966,0.033143647,0.111101933,CG1236,FBgn0037370
ERp60,0.34732495,8.693977841,0.033164242,0.11110795,ERp60,FBgn0033663
CG18432,-0.805083426,3.352645389,0.03317004,0.11110795,CG43370,FBgn0263113
PyK,0.341999376,10.37484867,0.033258,0.111361294,PyK,FBgn0267385
Pax,0.399264178,6.118234862,0.033323519,0.11150861,Pax,FBgn0041789
CG12194,0.341636621,5.802317383,0.033326682,0.11150861,CG12194,FBgn0031636
Tab2,-0.362580398,6.132361396,0.033448314,0.111874145,Tab2,FBgn0086358
CG10732,0.459716289,5.332948007,0.033469665,0.111895135,CG10732,FBgn0036365
GalNAc-T1,-0.478662283,4.791476985,0.033479361,0.111895135,GalNAc-T1,FBgn0034025
mre11,0.5546976,3.970704811,0.033539605,0.112022831,mre11,FBgn0020270
Sirt6,-1.325741062,1.58809318,0.033551372,0.112022831,Sirt6,FBgn0037802
sec15,-0.358586629,5.682369907,0.033554769,0.112022831,Sec15,FBgn0266674
Zasp,0.652657327,5.949344885,0.033576195,0.112052955,Zasp52,FBgn0265991
CG32104,0.396479055,7.956839078,0.03368219,0.112360069,CG32104,FBgn0052104
CG12910,-0.708820776,3.465444813,0.033693096,0.112360069,CG12910,FBgn0033502
CG4196,0.341808823,6.07606206,0.033817401,0.11273299,CG42542,FBgn0260659
CG11885,0.719409351,3.394258202,0.033856799,0.112822693,CG11885,FBgn0031253
CG4570,1.318728187,0.573807692,0.033914916,0.112974688,CG4570,FBgn0037844
TpnC25D,0.894258464,3.803297908,0.033963574,0.11309507,TpnC25D,FBgn0031692
CadN2,-1.383219447,1.337037808,0.034035832,0.113293923,"CadN2 , CG42830","FBgn0262018 , FBgn0262017"
CG1746,-0.353215595,10.68173662,0.034062032,0.113310642,CG1746,FBgn0039830
sas,0.364652305,6.093180448,0.03406594,0.113310642,sas,FBgn0002306
PGRP-LB,0.366099533,7.105615848,0.034084975,0.113332228,PGRP-LB,FBgn0037906
Gs1l,0.334549752,7.189772078,0.03419467,0.113655133,Gs1l,FBgn0019982
CG30284,-1.063144642,1.316563094,0.03421604,0.113684333,CG30284,FBgn0050284
Egfr,0.367972025,6.44471123,0.034241694,0.113727743,Egfr,FBgn0003731
DNApol-epsilon,-0.609453842,3.415810201,0.034311885,0.11391899,DNApol-epsilon,FBgn0264326
CG1969,0.404142453,5.055762585,0.034398234,0.114163721,CG1969,FBgn0039690
CG34453,-1.434566022,0.590061611,0.034548197,0.114619322,CG34453,FBgn0085482
RhoGAP93B,-0.331050522,6.077996232,0.034584669,0.114698201,RhoGAP93B,FBgn0038853
CG8549,0.533910373,3.960107454,0.034606668,0.114729041,CG8549,FBgn0035714
CG8291,-0.348767684,6.329250537,0.034647284,0.114821556,bdg,FBgn0034049
pix,0.329770238,7.873051932,0.034727297,0.115044519,pix,FBgn0086706
CG16974,-0.323102567,7.964785928,0.034753439,0.115088917,CG16974,FBgn0032479
CG32662,-0.357986886,6.495431174,0.034859815,0.115363249,rudhira,FBgn0266019
RpS12,0.349832351,8.804204336,0.034861819,0.115363249,RpS12,FBgn0260441
CG34349,-0.340457455,6.228270582,0.034911218,0.115484416,Unc-13-4B,FBgn0266719
CG11505,-0.3952201,6.343262462,0.034958299,0.115597832,CG11505,FBgn0035424
osp,0.337355246,8.332834792,0.035090917,0.115993907,osp,FBgn0003016
CG7183,-0.448516142,4.634108104,0.035124234,0.116061569,CG7183,FBgn0038583
CG8237,0.463322905,4.669029881,0.035180737,0.116169569,CG8237,FBgn0033350
CG5079,0.521071103,4.549541796,0.035182637,0.116169569,CG5079,FBgn0039346
mun,-0.390910194,7.285049087,0.035260779,0.116385048,Gfrl,FBgn0262869
Or7a,0.370956665,6.236272352,0.035283874,0.116418743,Or7a,FBgn0030016
granny-smith,0.379340427,5.538836198,0.035370452,0.116661796,grsm,FBgn0040493
CG5050,-0.749135433,3.38118236,0.035441261,0.116852684,CG5050,FBgn0032637
CG12608,0.461393796,4.504123828,0.035609905,0.117365882,CG12608,FBgn0030630
CG14509,-0.305278803,6.854698745,0.035696854,0.117595802,CG14509,FBgn0039647
Syn1,-0.41861211,5.066798896,0.035705699,0.117595802,Syn1,FBgn0037130
hang,-0.43069392,6.023447896,0.035805918,0.117882895,hang,FBgn0026575
CG10882,0.31307587,7.249037737,0.035892469,0.118084887,Sec24CD,FBgn0262126
CG8029,-0.34572012,9.595556735,0.035893414,0.118084887,VhaAC45,FBgn0262515
slim,-0.319934407,6.557128533,0.035910882,0.118099347,slim,FBgn0261477
CG4749,-0.80572868,3.015661348,0.036000094,0.118303637,CG4749,FBgn0031308
CG12375,0.362647945,5.328202218,0.036007429,0.118303637,CG12375,FBgn0031987
CG5146,-0.438896566,5.022666098,0.036012287,0.118303637,l(3)psg2,FBgn0035617
CG5602,-0.652205865,3.407278837,0.03606934,0.11844799,DNA-ligI,FBgn0262619
Ctr1B,-0.692837241,3.619481808,0.036090241,0.118473559,Ctr1B,FBgn0062412
B-H2,-0.463407904,5.519170576,0.036270695,0.119014202,B-H2,FBgn0004854
CG6923,0.317949199,6.067627262,0.036289685,0.119014202,CG6923,FBgn0037944
CG15673,0.883411087,2.642332116,0.036296194,0.119014202,CG15673,FBgn0034639
lectin-28C,1.573159782,0.97065506,0.036307631,0.119014202,lectin-28C,FBgn0040099
CG9853,0.398480409,5.259760439,0.036361653,0.11914805,CG9853,FBgn0086605
CkIIalpha-i3,-0.661763584,3.284450522,0.036415134,0.119280029,CkIIalpha-i3,FBgn0025676
wfs1,0.453398,4.612972068,0.036463722,0.119395891,wfs1,FBgn0039003
CG13957,0.505083176,4.426959912,0.036572595,0.119708994,CG13957,FBgn0030739
fs-1-Ya,-1.66309743,0.553653024,0.036586793,0.119712092,fs(1)Ya,FBgn0000927
sut1,0.420059156,5.046037676,0.036726577,0.120125958,sut1,FBgn0028563
CG15072,-0.45854919,4.915754867,0.036849422,0.120450147,Sik3,FBgn0262103
CG5023,1.023884153,3.509916413,0.036852358,0.120450147,CG5023,FBgn0038774
GlyP,0.353300606,8.307531632,0.037064342,0.12109919,GlyP,FBgn0004507
CG1492,-0.512126745,4.064255064,0.03712965,0.121268711,CG1492,FBgn0030361
CG9104,0.428178636,4.874836518,0.037275227,0.12170018,CG9104,FBgn0030800
santa-maria,-0.622433936,5.871821095,0.037290004,0.121704443,santa-maria,FBgn0025697
CG5862,0.346650459,5.655377765,0.037355964,0.121875689,CG5862,FBgn0038868
CG3999,1.701457203,0.397839548,0.037482273,0.122243629,CG3999,FBgn0037801
CG5261,-0.359524216,7.874310436,0.037497696,0.122249795,CG5261,FBgn0031912
ST6Gal,0.448250111,5.116803718,0.037539328,0.122302949,ST6Gal,FBgn0035050
CG31800,-0.478089535,4.516271871,0.037541076,0.122302949,CG31800,FBgn0051800
CG30055,-0.463934986,4.789609231,0.037572556,0.122361382,CR30055,FBgn0050055
CG1812,-0.385645872,5.181900782,0.037612937,0.122448748,CG1812,FBgn0031119
CG8007,-0.495828355,4.491207437,0.037721377,0.122757536,5-HT2B,FBgn0261929
side,0.812826856,2.401279655,0.037737793,0.122766735,side,FBgn0016061
CG5728,-0.506015955,4.54320121,0.037776729,0.122849162,CG5728,FBgn0039182
CG9171,-0.464031199,5.047012455,0.03790817,0.123232244,CG9171,FBgn0031738
CG1908,0.409951584,4.991996062,0.03796069,0.123358589,Lint-1,FBgn0030274
Srp72,0.350292839,5.543923464,0.038008165,0.123468452,Srp72,FBgn0038810
CG9965,-0.64693669,4.372294825,0.038042974,0.123537106,Shab,FBgn0262593
dro4,0.990317646,3.606609701,0.038091898,0.123626829,Drsl4,FBgn0052282
mRpL39,-0.563411869,3.744103865,0.038097973,0.123626829,mRpL39,FBgn0036462
CG32225,0.357143669,5.660391271,0.038118227,0.123648137,CG32225,FBgn0052225
mRNA-capping-enzyme,0.337367432,6.039876231,0.038144092,0.123676546,mRNA-cap,FBgn0030556
Duox,0.796183162,3.026319628,0.038171436,0.123676546,Duox,FBgn0031464
CG31817,-1.520388541,1.007962964,0.038173595,0.123676546,CG31817,FBgn0028899
H15,-0.409107147,6.548984262,0.038181745,0.123676546,H15,FBgn0016660
CG10638,0.329693702,7.627675901,0.038297557,0.124007216,CG10638,FBgn0036290
CG5359,-0.667181333,3.223164935,0.038346928,0.124122589,CG5359,FBgn0037773
blw,-0.353069141,10.68673835,0.038374299,0.124166697,blw,FBgn0011211
CG14804,-0.315980629,6.575718993,0.038455286,0.124384193,Vps26,FBgn0014411
CG18549,0.315662557,6.177492102,0.03853974,0.124612745,CG18549,FBgn0038053
CG34200,-0.429584151,4.897064397,0.038665216,0.12493795,CG34200,FBgn0085229
CG1397,0.572560564,3.732695168,0.038667978,0.12493795,rtv,FBgn0261277
CG1632,-1.110972257,1.18547892,0.038711847,0.125034976,CG1632,FBgn0030027
CG15627,-0.32782675,8.126838198,0.038811,0.12527573,Ir25a,FBgn0031634
Crc,0.32507428,9.523468367,0.038818308,0.12527573,Crc,FBgn0005585
CG5001,0.545576676,4.433690085,0.038827988,0.12527573,CG5001,FBgn0031322
CG7084,-0.834641422,2.266696971,0.038959448,0.12557825,CG7084,FBgn0038938
miple,-0.63847508,3.408106138,0.038969288,0.12557825,miple,FBgn0027111
CG31370,0.639380418,3.746377726,0.038979526,0.12557825,CG31370,FBgn0051370
CG5377,-0.499136371,4.126908737,0.039001157,0.12557825,CG5377,FBgn0038974
NtR,1.300267465,2.378055534,0.039002931,0.12557825,NtR,FBgn0029147
CG32776,-0.676344939,3.750894039,0.039005155,0.12557825,CG42541,FBgn0260658
CG11723,0.508996987,4.468748729,0.039066327,0.125685308,CG11723,FBgn0031391
CG15120,0.693814015,3.211517235,0.039074509,0.125685308,CG15120,FBgn0034454
Trf,0.821974307,2.439269876,0.039080145,0.125685308,Trf,FBgn0010287
Cdk4,-0.412242904,4.876072497,0.039102789,0.12571338,Cdk4,FBgn0016131
CG17121,0.415519358,5.172055598,0.039140621,0.125754051,CG17121,FBgn0039043
26-29-p,0.29783337,7.014035046,0.03914328,0.125754051,26-29-p,FBgn0250848
CG14785,-0.866790414,2.730747209,0.039175204,0.12581187,CG14785,FBgn0027795
CG6854,-0.313681904,6.271355393,0.039210788,0.125881399,"CG45071 , CTPsyn","FBgn0266441 , FBgn0266452"
Gr66a,0.90996803,2.13022602,0.039274348,0.126040661,Gr66a,FBgn0035870
ball,0.629384293,3.4383708,0.039311173,0.126114041,ball,FBgn0027889
RpL36,0.330167546,9.664844123,0.039362345,0.126233377,RpL36,FBgn0002579
rdgC,-0.33979261,6.232149776,0.039377647,0.126237637,rdgC,FBgn0265959
CG9144,0.514254156,4.042529369,0.039450305,0.126425703,Fbw5,FBgn0031773
CG30187,-1.175535438,1.124144066,0.039478141,0.126470044,CG30187,FBgn0050187
CG31523,0.351240611,7.349396417,0.039594958,0.126799308,CG31523,FBgn0051523
danr,1.133555008,1.619514899,0.039630449,0.126867993,danr,FBgn0039283
N,-0.50876738,4.478220898,0.039654541,0.12690015,N,FBgn0004647
CG13625,-0.564004993,4.055923062,0.039682378,0.126912347,CG13625,FBgn0039210
CG17707,-1.147281256,1.183078294,0.039686449,0.126912347,CG17707,FBgn0025835
bsk,-0.297166866,6.883416814,0.039797958,0.127223905,bsk,FBgn0000229
Obp8a,0.59712005,3.699998936,0.039901987,0.127511337,Obp8a,FBgn0030103
CG17646,-0.324379293,6.694687128,0.039953109,0.127629558,CG17646,FBgn0264494
CG2017,0.345345286,7.11544517,0.039971347,0.127642682,CG2017,FBgn0037391
CG13924,-0.906411554,2.161465197,0.040001394,0.127661548,CG13924,FBgn0035286
Mipp1,0.321915221,8.428144155,0.040005517,0.127661548,Mipp1,FBgn0026061
CG6707,-0.304964635,6.892618554,0.040070938,0.127825161,CG6707,FBgn0036058
RNaseP-RNA,-0.784820469,3.067438425,0.040128207,0.127962663,RNaseP:RNA,FBgn0046696
CG10221,0.3282766,5.891285466,0.04019156,0.128116575,Hrd3,FBgn0028475
CG17556,-0.646651688,3.583791817,0.040206761,0.128116575,CG17556,FBgn0038462
CG10038,0.4973038,4.092339074,0.040219018,0.128116575,CG10038,FBgn0038013
Lkr,-1.774083724,0.138312179,0.040235109,0.128122655,Lkr,FBgn0035610
CG17141,0.649856568,3.404975633,0.040394321,0.128584318,CG17141,FBgn0039020
alpha-Est1,0.329753723,9.306838651,0.040440853,0.128637553,alpha-Est1,FBgn0015568
Ciao1,0.314888013,5.889586229,0.040463307,0.128637553,Ciao1,FBgn0033972
CG40439,-0.456768423,4.688077793,0.040467374,0.128637553,CG40439,FBgn0058439
CG9743,0.348793324,5.802218608,0.040468002,0.128637553,CG9743,FBgn0039756
CG4660,0.56074545,4.03614643,0.040511464,0.128730413,CG4660,FBgn0029839
hdm,1.12888762,1.40573973,0.040534626,0.128758724,hdm,FBgn0029977
CG1673,1.837679381,1.852632954,0.040592377,0.128896848,CG1673,FBgn0030482
CG18600,-0.603651389,3.678734124,0.040643028,0.128900794,CG18600,FBgn0038601
sofe,-0.998909473,1.989241074,0.040646326,0.128900794,sofe,FBgn0030242
sinu,-0.325262564,5.91040583,0.040662941,0.128900794,sinu,FBgn0010894
rg,-0.408127142,7.54609604,0.040664936,0.128900794,rg,FBgn0266098
ade2,0.388890908,5.218566229,0.040664962,0.128900794,ade2,FBgn0000052
CG31121,0.615930343,3.560791974,0.040736014,0.12905228,CG31121,FBgn0051121
Galpha49B,-0.306776628,6.319961729,0.040741322,0.12905228,Galphaq,FBgn0004435
Ahcy13,0.311900736,5.912503402,0.040799318,0.129190689,Ahcy13,FBgn0014455
CG31156,-0.497949724,4.187484995,0.040862111,0.129344189,CG31156,FBgn0051156
Sur,1.288173519,0.875397859,0.040940763,0.129509796,Sur,FBgn0028675
C3G,-0.372090614,6.360583376,0.040943101,0.129509796,C3G,FBgn0259228
CG3225,0.661307355,3.279620291,0.041023074,0.129717344,CG3225,FBgn0031631
Spn5,-0.338099708,8.048164694,0.04111057,0.129948525,Spn88Ea,FBgn0028984
CG34127,-0.618693485,3.5825265,0.041197329,0.130177218,CG34127,FBgn0083963
Or43a,0.372444087,5.759748302,0.041276358,0.130381336,Or43a,FBgn0026389
Dref,-0.37806245,5.217315123,0.041295896,0.130397458,Dref,FBgn0015664
CG5859,0.446258752,4.812069254,0.04138559,0.130606944,IntS8,FBgn0025830
RfC3,-1.073506146,2.268619192,0.041391154,0.130606944,RfC3,FBgn0032244
phyl,-0.310040748,6.516638254,0.041433442,0.130694733,phyl,FBgn0013725
CG6014,0.506161951,5.296606684,0.041505428,0.130876063,rgn,FBgn0261258
Rbm13,0.517357533,4.137726513,0.041519902,0.130876063,Rbm13,FBgn0030067
Pxn,0.961053739,2.881393026,0.041552722,0.13093383,Pxn,FBgn0011828
ppk7,1.224503018,1.029398345,0.041622134,0.131106821,ppk7,FBgn0031802
Odc1,1.410374017,2.187800532,0.041731564,0.1314057,Odc1,FBgn0013307
Teh1,-0.584994443,4.157670583,0.041747695,0.131410689,Teh1,FBgn0037766
Mtch,0.318931653,6.522445142,0.041778786,0.13146275,Mtch,FBgn0027786
Gpi1,-0.803993981,2.358222082,0.041817825,0.131520232,Gpi1,FBgn0086448
Spase22-23,0.35778249,5.283127121,0.041826171,0.131520232,Spase22-23,FBgn0039172
CG10565,0.375542225,6.509314655,0.041879672,0.131642643,CG10565,FBgn0037051
CG34325,0.37359866,5.557870668,0.041905972,0.131679497,CG34325,FBgn0085354
mRpS2,0.497113799,4.064461727,0.041979602,0.131864996,mRpS2,FBgn0031639
dbo,-0.315717987,5.917715271,0.042004385,0.131896981,dbo,FBgn0040230
Pka-C3,-0.315025243,6.187079425,0.042046791,0.131984262,Pka-C3,FBgn0000489
Syn2,-0.371076604,6.83688141,0.042360272,0.13292209,Syn2,FBgn0034135
CG32425,-0.318492945,6.087200763,0.04240935,0.132994816,CG32425,FBgn0052425
SerT,0.381518361,8.974979897,0.042412892,0.132994816,SerT,FBgn0010414
Rab27,1.240764108,1.331989884,0.042451226,0.133068833,Rab27,FBgn0025382
IP3K1,0.488120896,4.340461484,0.042504102,0.133188365,IP3K1,FBgn0032147
CG4585,0.399449275,5.980511189,0.042536469,0.133240721,CG4585,FBgn0025335
e,0.905586491,1.900252606,0.042560528,0.133240721,e,FBgn0000527
CG13369,0.380653317,5.260822643,0.042565056,0.133240721,CG13369,FBgn0025640
CG30372,0.314828106,7.548448683,0.042643831,0.133441069,Asap,FBgn0050372
Mcm2,-1.102346828,1.845340278,0.042659114,0.133442673,Mcm2,FBgn0014861
CG5160,1.314306925,1.536210578,0.042712928,0.133533091,CG5160,FBgn0031906
MED28,0.512503279,3.946822773,0.042717582,0.133533091,MED28,FBgn0039337
CG9890,0.553481309,3.882235986,0.042770895,0.1336535,CG9890,FBgn0034814
Cpr65Au,-0.871641254,6.504446696,0.042895644,0.133996975,Cpr65Au,FBgn0042119
CG3731,-0.313150131,9.162492537,0.042959008,0.134132686,CG3731,FBgn0038271
CG10508,-0.336312999,7.058307469,0.042983276,0.134132686,CG10508,FBgn0037060
Past1,0.310523904,7.294029858,0.042983631,0.134132686,Past1,FBgn0016693
14-3-3zeta,-0.312286629,10.21719157,0.043066209,0.134325878,14-3-3zeta,FBgn0004907
kis,-0.362483867,8.829848275,0.043075279,0.134325878,kis,FBgn0266557
Df31,-0.401614529,6.828760271,0.043132,0.134433422,Df31,FBgn0022893
CG6428,0.403997582,5.0914551,0.043139528,0.134433422,CG6428,FBgn0029689
Ugt,0.31554305,6.765457222,0.043308477,0.134913373,Ugt,FBgn0014075
CG9780,1.108782814,3.155042215,0.043432971,0.135254553,CG9780,FBgn0037230
CG4554,-0.483582261,4.219508757,0.043586728,0.135662848,CG4554,FBgn0034734
CG15611,0.419320746,5.532427075,0.043594116,0.135662848,CG15611,FBgn0034194
rn,-1.53831719,0.344318367,0.043738225,0.136064436,rn,FBgn0267337
CG9418,0.564960335,4.03020079,0.0437793,0.136145336,Hmg-2,FBgn0026582
CG11426,0.433739542,4.8651965,0.043795758,0.136149647,CG11426,FBgn0037166
CG12338,0.580984445,3.866278915,0.044009931,0.136768393,CG12338,FBgn0033543
CG4893,0.810200413,3.180625764,0.044089269,0.136967832,CG45057,FBgn0266417
CG5707,0.320552944,6.066402785,0.044104725,0.136968748,CG5707,FBgn0026593
CG10254,-0.300858565,6.28959901,0.044163799,0.137070333,CG10254,FBgn0027512
beat-IV,-0.477315643,4.480058503,0.044167782,0.137070333,beat-IV,FBgn0039089
Adar,-0.342016782,5.951396735,0.044277597,0.137363946,Adar,FBgn0026086
mRpL18,-0.528701438,3.906797408,0.044360113,0.137572695,mRpL18,FBgn0026741
CG13531,0.34442554,5.610449284,0.04458491,0.138222402,CG13531,FBgn0034786
Zpr1,0.439144569,4.761613553,0.044612472,0.138260401,Zpr1,FBgn0030096
CG11444,0.304643355,6.228534561,0.044662403,0.138314725,CG11444,FBgn0029715
krz,-0.336582348,5.905913426,0.044666167,0.138314725,krz,FBgn0040206
CG17883,-0.318427708,6.271468186,0.044675932,0.138314725,CG17883,FBgn0040005
CG41099,-0.297533066,6.895648428,0.044727233,0.138426114,CG41099,FBgn0039955
CG6398,-0.349518098,5.856663164,0.044758178,0.138462127,CG6398,FBgn0030870
Grip163,-0.47948927,4.241004866,0.044769523,0.138462127,Grip163,FBgn0026432
Tango2,0.706447709,3.122808041,0.044921154,0.138883542,Tango2,FBgn0030503
CG12730,-0.334495539,6.488195869,0.044952403,0.138932607,CG12730,FBgn0029771
RhoGAP102A,-0.478411097,4.304684137,0.044991882,0.139007066,RhoGAP102A,FBgn0259216
Sk1,0.310518391,7.526291313,0.045050186,0.139139618,Sk1,FBgn0030300
desert,-1.069495779,2.844898035,0.045112597,0.139284757,Fhos,FBgn0266084
CG32700,-1.214976513,1.16025422,0.045133219,0.139300821,CG32700,FBgn0267253
CG10635,-0.393992739,5.015213611,0.045181844,0.139403272,CG10635,FBgn0035603
CG9987,0.329211325,5.724732686,0.045220456,0.13947477,CG9987,FBgn0032781
CG4225,0.289960617,6.967007147,0.045349512,0.139825083,Hmt-1,FBgn0038376
DDB1,0.335657862,6.218582564,0.045392781,0.139877683,pic,FBgn0260962
cry,0.365161274,8.990531226,0.045397539,0.139877683,cry,FBgn0025680
CG6448,0.31226752,7.084955698,0.045474158,0.140065989,CG42748,FBgn0261802
CG31352,-0.344674283,5.62370201,0.045584259,0.140344152,Unc-115a,FBgn0051352
CG6299,0.338416388,5.820418704,0.045595537,0.140344152,CG6299,FBgn0030641
mts,-0.30009361,8.401794362,0.04571755,0.140637329,mts,FBgn0004177
mRpL37,-0.556516798,4.442480242,0.045729562,0.140637329,"CG42633 , mRpL37","FBgn0261356 , FBgn0261380"
CG31908,0.318793541,6.164294242,0.045745572,0.140637329,CG31908,FBgn0051908
sta,0.358498566,10.17809124,0.045772336,0.140637329,sta,FBgn0003517
CG13393,0.376707178,5.263218332,0.045778952,0.140637329,l(2)k12914,FBgn0263852
lig3,0.425925255,5.083545675,0.045795129,0.140637329,lig3,FBgn0038035
CG14010,0.45619216,4.796651606,0.045799759,0.140637329,CG14010,FBgn0031725
CG15747,-0.447386707,4.481895041,0.04587455,0.140819125,CG15747,FBgn0030474
CG34376,0.476366415,4.40913963,0.045925349,0.140872408,CG34376,FBgn0085405
CG14264,-0.991036241,1.44331713,0.045939392,0.140872408,CG42534,FBgn0260487
stau,-0.307285863,7.448549632,0.045940062,0.140872408,stau,FBgn0003520
CG4324,1.125350803,1.403217079,0.045954282,0.140872408,CG4324,FBgn0034956
CG3568,-0.945182192,2.004439064,0.046047076,0.141108984,CG3568,FBgn0029710
simj,-0.337206046,5.589979222,0.046077694,0.141113314,simj,FBgn0010762
Neurochondrin,1.270869641,2.426390266,0.04607973,0.141113314,Neurochondrin,FBgn0037447
CG5515,0.384194134,4.949949447,0.046224918,0.141509966,CG5515,FBgn0039163
CG8271,-0.344940314,5.910847423,0.046261823,0.141574971,Sln,FBgn0033657
nmdyn-D6,-0.954816617,1.511955621,0.046311737,0.141679726,nmdyn-D6,FBgn0030573
CG16820,1.241337299,2.033829594,0.046346948,0.141739448,CG16820,FBgn0032495
CG42233,0.64211412,3.245619895,0.046391403,0.141827389,CG42233,FBgn0250755
CG9611,0.32009206,6.173584979,0.046483337,0.142060373,f-cup,FBgn0028487
slif,-0.44899691,4.675212231,0.04652924,0.142152572,slif,FBgn0037203
CaMKI,-0.324752891,8.185596565,0.046612674,0.142345543,CaMKI,FBgn0016126
RpS28b,0.320766561,9.335313282,0.046623916,0.142345543,RpS28b,FBgn0030136
CG17267,-1.664472316,0.614337845,0.046742853,0.142637098,CG17267,FBgn0038821
CG11138,-0.326930915,6.263789167,0.046750991,0.142637098,CG11138,FBgn0030400
nwk,-0.383897353,6.559750715,0.046800314,0.142739378,nwk,FBgn0263456
CG5734,0.342117585,5.427509665,0.046836289,0.14280089,CG5734,FBgn0032191
CG7712,-0.304434205,6.827478617,0.046867675,0.142848371,CG7712,FBgn0033570
Lip3,-0.792606925,2.535271518,0.046904961,0.142913799,Lip3,FBgn0023495
CG30441,-1.142344229,1.076437345,0.046934614,0.142955935,CG30441,FBgn0050441
Rab7,-0.304660214,7.760209601,0.0469776,0.143038638,Rab7,FBgn0015795
CG7267,0.453881775,5.882299682,0.047038693,0.143141934,CG44325,FBgn0265413
CG14798,-0.803813523,2.475263107,0.047063884,0.143141934,CG14798,FBgn0029588
CG6766,0.315239592,6.48078141,0.047067721,0.143141934,CG6766,FBgn0032398
CG1233,0.319004362,5.833778849,0.047074904,0.143141934,CG1233,FBgn0035137
SmD3,0.405350738,4.955901544,0.047149947,0.143321878,SmD3,FBgn0023167
CG7920,0.30763417,9.38671503,0.047231588,0.143521751,CG7920,FBgn0039737
ATPsyn-beta,-0.342912184,10.63291701,0.04738156,0.143929055,ATPsyn-beta,FBgn0010217
CG1091,0.337802591,5.728383208,0.047506025,0.144258633,CG1091,FBgn0037470
alpha-Adaptin,-0.316452374,7.302634571,0.047587055,0.14444871,AP-2alpha,FBgn0264855
CG32260,-0.699225614,3.36031742,0.047600599,0.14444871,CG32260,FBgn0052260
apt,-0.557871992,3.910201726,0.047635468,0.144505982,apt,FBgn0015903
GstE3,0.394482518,8.400460541,0.047731735,0.144719029,GstE3,FBgn0063497
Oseg1,-0.307315885,6.265647224,0.047737736,0.144719029,Oseg1,FBgn0265102
Grip84,-0.415913969,4.968954165,0.047759871,0.144737562,Grip84,FBgn0026430
CG7168,0.471946118,4.387843518,0.047809288,0.144838736,CG7168,FBgn0038586
sec63,0.335744304,7.811215994,0.047870933,0.144976871,Sec63,FBgn0035771
CG5646,0.452819787,4.530908102,0.048021592,0.145384403,CG5646,FBgn0039525
Tsp3A,0.813100714,3.452162404,0.048056805,0.145442271,Tsp3A,FBgn0040334
CG7097,-0.309658688,6.634810718,0.048101409,0.145528511,hppy,FBgn0263395
CG15309,-0.376285633,5.124682859,0.048134709,0.145580503,CG15309,FBgn0030183
CG42248,-0.349233871,6.587256256,0.048330127,0.146122613,CG43867,FBgn0264449
CG18259,-0.664746817,3.574234145,0.048348929,0.146130555,CG18259,FBgn0030956
CG6287,0.32303214,8.192243857,0.048462738,0.146425545,CG6287,FBgn0032350
CG1970,-0.311295929,8.272952804,0.048661641,0.146977354,CG1970,FBgn0039909
Catsup,0.329445689,5.944645194,0.04871673,0.147094565,Catsup,FBgn0002022
CG7222,-0.388310883,4.853020122,0.048800258,0.147297537,CG7222,FBgn0033551
CG5484,0.338178494,5.448113654,0.048863689,0.147439734,CG5484,FBgn0039450
Atg18,0.300217845,6.092991729,0.048880295,0.147440594,Atg18a,FBgn0035850
CG13335,0.770547519,4.342742606,0.048923682,0.147522211,"CG42807 , CG42808","FBgn0261989 , FBgn0261990"
Ggamma1,-0.302283613,9.24722842,0.048982209,0.147607512,Ggamma1,FBgn0004921
del,-0.686410528,3.555101939,0.048984649,0.147607512,del,FBgn0086251
CG14864,-0.807296944,2.918164899,0.04901709,0.147656016,CG14864,FBgn0038311
CG30290,0.353178214,5.852429357,0.049098908,0.147838773,Ppcdc,FBgn0050290
alpha-Est5,0.991485646,2.045847422,0.049110489,0.147838773,alpha-Est5,FBgn0261393
CR41510,-0.735830369,3.000485232,0.049252073,0.1482156,CR41510,FBgn0085793
CG6084,0.409046229,6.223076373,0.049275019,0.148235273,CG6084,FBgn0086254
DebB,-0.619794292,3.186397419,0.049420523,0.148623503,SmF,FBgn0000426
CG4406,-0.350464631,5.497293267,0.04943929,0.148630464,CG4406,FBgn0023545
CG42239,-0.581614054,3.491779549,0.049635098,0.149169487,CG42239,FBgn0250868
prod,0.351711999,5.48896232,0.04967715,0.149246218,prod,FBgn0014269
CG4858,0.330754601,5.50624409,0.049700149,0.149265673,CG4858,FBgn0037011
Dredd,0.360171648,5.646815129,0.049735875,0.149323329,Dredd,FBgn0020381
CG30497,-0.305234931,7.620909919,0.049793257,0.149445942,CG30497,FBgn0050497
CG11380,-1.1932553,0.743562077,0.049841505,0.149541068,CG11380,FBgn0040359
CG10559,0.833806442,2.61955908,0.049894378,0.149608383,CG10559,FBgn0039323
CG5214,-0.327685902,8.241532017,0.049897062,0.149608383,CG5214,FBgn0037891
CG18604,-0.335577846,5.502124489,0.050068338,0.150072118,Sik3,FBgn0262103
rhi,-1.293687424,1.098010036,0.050180193,0.150357502,rhi,FBgn0004400
mmy,0.300229767,6.513935527,0.05042709,0.151047193,mmy,FBgn0259749
TyrR,-0.872240933,2.278935014,0.050511827,0.151250861,Oct-TyrR,FBgn0004514
CG8195,-0.329108147,5.419388581,0.050596018,0.151452758,CG8195,FBgn0034032
CG5104,0.364373611,5.125504155,0.050627982,0.151498241,CG5104,FBgn0037009
AdoR,1.288561629,1.104833061,0.050744249,0.151759089,AdoR,FBgn0039747
ND42,-0.316081415,7.665579991,0.05074875,0.151759089,ND42,FBgn0019957
CG31510,-0.401960413,4.879960129,0.050804243,0.151827047,CG31510,FBgn0051510
CG5964,-0.431716559,4.5380169,0.050805088,0.151827047,CG5964,FBgn0036206
corn,-0.309669421,5.693574121,0.050826486,0.151840767,corn,FBgn0259173
Pbgs,0.499596384,4.352683807,0.0509025,0.152010308,Pbgs,FBgn0036271
Pmm45A,-0.297283933,6.01798197,0.050916891,0.152010308,Pmm45A,FBgn0033377
CG14414,0.42961013,5.078387363,0.050951759,0.152064152,CG14414,FBgn0030571
CG15307,0.886790763,1.918808304,0.051027324,0.152225866,CG43740,FBgn0263997
CG7364,-0.302407811,6.272190236,0.051041998,0.152225866,TM9SF4,FBgn0028541
A16,0.453048261,5.159961926,0.051056495,0.152225866,A16,FBgn0028965
Vha14,-0.326459306,7.735617544,0.051337695,0.15301377,Vha14-1,FBgn0262512
RpL7A,0.325672675,10.55171134,0.051365697,0.153046736,RpL7A,FBgn0014026
CG2469,-0.283453649,6.421568516,0.051382667,0.153046823,CG2469,FBgn0035205
CG42389,-0.310642258,7.508574851,0.051432933,0.153146051,CG42389,FBgn0259735
fbl,0.33914492,5.33356358,0.051590151,0.153563566,fbl,FBgn0011205
eIF2B-delta,0.392055975,5.311253258,0.051832401,0.154233832,eIF2B-delta,FBgn0034858
Fancd2,-0.724540597,2.861590522,0.051914986,0.154428707,Fancd2,FBgn0038827
CG1636,-0.312654811,6.217559116,0.051953977,0.154471689,CG1636,FBgn0030030
Ork1,-1.542596658,1.1656851,0.051967352,0.154471689,Ork1,FBgn0017561
CG30038,0.6311275,3.227358615,0.052013457,0.154471689,MCPH1,FBgn0260959
bcn92,0.390969239,4.99726945,0.052017874,0.154471689,bcn92,FBgn0013432
Rpn9,0.287339341,6.793681513,0.052020965,0.154471689,Rpn9,FBgn0028691
Set2,-0.287529785,6.442014472,0.052032029,0.154471689,Set2,FBgn0030486
CG3420,-0.453549717,4.28947844,0.05214016,0.154695777,CG3420,FBgn0033100
CG15432,0.551172414,3.65231888,0.052146614,0.154695777,CG15432,FBgn0031603
CG30423,0.287342944,6.560837321,0.052195526,0.154695777,CG30423,FBgn0050423
lama,-0.335443357,7.278034574,0.05221335,0.154695777,lama,FBgn0016031
CG33260,-1.435512651,0.763200988,0.052231733,0.154695777,CG33260,FBgn0053260
CG15771,-0.334560338,7.833228986,0.052233473,0.154695777,CG15771,FBgn0029801
kst,0.307341108,7.560190047,0.052253133,0.154695777,kst,FBgn0004167
dyn-p25,0.502113081,4.096260159,0.052253617,0.154695777,dyn-p25,FBgn0040228
hd,0.738914402,2.712416553,0.052261624,0.154695777,hd,FBgn0086695
CG12014,-1.161433471,0.934208276,0.052324429,0.154830949,CG12014,FBgn0035445
CG12237,0.3013338,6.375616071,0.052364954,0.154858065,CG12237,FBgn0031048
CG7192,-0.458610273,4.319680672,0.052367876,0.154858065,CG7192,FBgn0030894
MED22,0.402755268,4.635358087,0.052414794,0.15487988,MED22,FBgn0040339
insv,-0.522220946,3.78310804,0.052418801,0.15487988,insv,FBgn0031434
CG14880,1.039425823,2.933198062,0.052426685,0.15487988,CG14880,FBgn0038422
BEAF-32,0.369750138,5.146399736,0.05245605,0.15491597,BEAF-32,FBgn0015602
CG9238,0.722133139,4.425515119,0.052515125,0.155008021,Gbs-70E,FBgn0036428
CG18445,-0.317865852,7.142861258,0.052521536,0.155008021,oys,FBgn0033476
Rtf1,-0.350755417,5.396396674,0.052566108,0.155088901,Rtf1,FBgn0034722
CG5694,-0.411995879,4.661934523,0.052674792,0.155327831,CG5694,FBgn0032197
CG6718,-0.293671903,7.095918677,0.052681478,0.155327831,iPLA2-VIA,FBgn0036053
Trip1,0.296360696,7.351870257,0.052739548,0.155448312,Trip1,FBgn0015834
Marf,-0.306862677,8.464007888,0.052883108,0.155820613,Marf,FBgn0029870
CR41598,-0.366412432,5.187525327,0.053069656,0.156276424,CR41598,FBgn0085811
CG9452,0.424426066,8.022105839,0.053072401,0.156276424,CG9452,FBgn0036877
CG6639,1.13167966,1.882766686,0.053171319,0.15651668,CG6639,FBgn0032638
CG17838,-0.289970712,7.000061047,0.053325209,0.156918546,Syp,FBgn0038826
CG5339,0.484662193,3.960664142,0.05344228,0.157211839,CG5339,FBgn0034925
CG8516,0.302305789,6.606903362,0.05346146,0.157217068,CG8516,FBgn0037757
CG9247,0.305426181,6.106766987,0.053509379,0.157306777,Nbr,FBgn0032924
eap,0.764642095,2.992880141,0.053581738,0.157468256,eap,FBgn0052099
spen,-0.462619828,8.477202875,0.053624499,0.157542674,spen,FBgn0016977
tmod,-0.305779951,6.890025386,0.053709559,0.157698152,tmod,FBgn0082582
CG9281,-0.316903947,7.350294766,0.053738431,0.157698152,CG9281,FBgn0030672
CG7593,0.828535396,1.904210888,0.053738575,0.157698152,CG7593,FBgn0039687
Octbeta3R,-0.294124173,6.257499522,0.053747245,0.157698152,Octbeta3R,FBgn0250910
MED31,0.361324844,5.325653746,0.053807494,0.15782367,MED31,FBgn0037262
mRpL54,-0.54823963,3.800955262,0.053965519,0.158235799,mRpL54,FBgn0034579
CG11576,0.319744989,6.132713711,0.05415755,0.158747343,CG11576,FBgn0039882
AlstR,-1.392075512,0.700533104,0.054183689,0.158756525,AstA-R1,FBgn0266429
CG14945,0.727329285,2.998458526,0.054200414,0.158756525,CG14945,FBgn0032402
CG30085,-0.580807704,3.355004668,0.054213403,0.158756525,Rif1,FBgn0050085
CG14695,1.40642704,1.692798753,0.054310705,0.158989924,CG14695,FBgn0037850
ran,-0.291241416,7.222582295,0.054331415,0.15899903,Ran,FBgn0020255
CG32803,0.43007936,4.421600239,0.054422162,0.159213022,CG32803,FBgn0052803
CG18769,-0.541606394,4.197666411,0.054454972,0.159257436,CG18769,FBgn0042185
para,-0.519024084,6.539181752,0.054619201,0.159686041,para,FBgn0264255
Srp54k,0.307193229,6.696714271,0.054727579,0.15995113,Srp54k,FBgn0010747
BBS4,-0.305436001,6.967055624,0.054853714,0.160267934,BBS4,FBgn0033578
CG14102,-0.643183633,3.20092943,0.054908979,0.160377534,CG14102,FBgn0036906
GstE6,0.292561951,8.684742447,0.054948225,0.160412152,GstE6,FBgn0063494
Mmp2,0.429755363,5.123851515,0.054956344,0.160412152,Mmp2,FBgn0033438
CG3321,-0.315864475,7.996401962,0.055027637,0.160538632,CG3321,FBgn0038224
RhoL,0.392214771,5.327468313,0.055035216,0.160538632,RhoL,FBgn0014380
Gyc76C,0.638675283,3.203881213,0.055134724,0.160744065,"CG42637 , Gyc76C","FBgn0261360 , FBgn0266136"
CG7218,0.326285194,5.432896691,0.055141229,0.160744065,CG7218,FBgn0038569
CG8008,-0.325121432,7.607598954,0.055236961,0.160971196,CG8008,FBgn0033387
spag,-0.465740966,4.185943136,0.055268267,0.161010488,spag,FBgn0015544
CG10561,0.347574971,5.651652341,0.055383712,0.161294796,CG10561,FBgn0002036
CG15111,-0.291738757,6.512331885,0.055502863,0.161589708,CG15111,FBgn0034419
trus,0.329233321,5.423691914,0.055578,0.16175633,trus,FBgn0038055
5PtaseI,-0.390544029,5.101562244,0.055615437,0.161813159,5PtaseI,FBgn0259178
prp8,0.305031071,7.426372666,0.055683517,0.161959077,Prp8,FBgn0033688
CG3209,0.293871575,6.743514158,0.055821055,0.16230686,CG3209,FBgn0034971
CG4766,-0.918517804,1.875823317,0.055906486,0.162469632,CG4766,FBgn0027546
wmd,0.310314645,5.959602848,0.055913005,0.162469632,wmd,FBgn0034876
CG15390,-0.969065676,1.361727758,0.055965072,0.162568636,CG15390,FBgn0031419
Oatp74D,0.618126209,4.165744545,0.056032007,0.162709713,Oatp74D,FBgn0036732
Ent1,0.409055337,5.162341857,0.056070834,0.162709713,Ent1,FBgn0031250
RpS15Aa,0.296647771,8.41457659,0.05608156,0.162709713,RpS15Aa,FBgn0010198
dalao,0.341101528,6.290487197,0.056098123,0.162709713,dalao,FBgn0030093
SrpRbeta,0.411588647,4.547239625,0.056103692,0.162709713,SrpRbeta,FBgn0011509
TfIIB,0.329634686,5.375118286,0.056227613,0.162998582,TfIIB,FBgn0004915
CG6836,0.29943338,8.313251554,0.056239382,0.162998582,CG6836,FBgn0036834
Snx6,0.287156095,7.317501406,0.05628834,0.163088155,Snx6,FBgn0032005
Vang,-0.430544528,4.781166594,0.056331781,0.163161689,Vang,FBgn0015838
CG4884,-0.614860207,3.092291903,0.056494915,0.16358175,CG4884,FBgn0039565
Rab-RP4,0.300261789,5.772283788,0.056533084,0.163620879,Rab18,FBgn0015794
exd,-0.302981249,7.480582998,0.056544652,0.163620879,exd,FBgn0000611
CG1193,-0.515924968,3.883186041,0.05678944,0.164276594,kat-60L1,FBgn0037375
GNBP1,0.367421419,5.1461599,0.056955835,0.164679859,GNBP1,FBgn0040323
tau,0.27574531,6.834209343,0.056965304,0.164679859,tau,FBgn0266579
CG17490,-0.471733331,4.605081141,0.056988741,0.164694909,CG17490,FBgn0040009
CG32937,-0.946982615,2.127415674,0.057089012,0.164872809,FoxP,FBgn0262477
Ice,0.37112396,4.959190801,0.057092684,0.164872809,Ice,FBgn0019972
CG14145,0.56126051,3.51785314,0.05710505,0.164872809,Blos2,FBgn0036118
CG15643,-0.522265334,3.822917366,0.057321193,0.165443981,CG15643,FBgn0030654
CG31548,0.409966924,5.013976902,0.057398135,0.165613144,CG31548,FBgn0051548
Atg9,0.323027562,5.507836644,0.057502959,0.165803632,Atg9,FBgn0034110
capu,-0.318007139,5.945766286,0.057506606,0.165803632,capu,FBgn0000256
CG5235,-0.981120403,1.863006543,0.057519214,0.165803632,CG5235,FBgn0036565
Msr-110,0.307389067,13.49634967,0.057542655,0.165818292,Msr-110,FBgn0015766
CG31643,0.480141679,4.154722987,0.057561661,0.165820168,CG31643,FBgn0051643
CG13937,0.311772295,7.266445923,0.057602172,0.165866364,CG13937,FBgn0035287
Spindly,-0.835161664,2.370097942,0.05762583,0.165866364,Spindly,FBgn0031549
Alk,0.96397508,2.069828577,0.057632778,0.165866364,Alk,FBgn0040505
HmgZ,0.348429978,7.878765885,0.057797616,0.16628779,HmgZ,FBgn0010228
CG2100,0.488464766,3.938936737,0.05790195,0.166534932,CG2100,FBgn0037369
Ssdp,-0.291363538,6.544554042,0.057971153,0.166673844,Ssdp,FBgn0011481
CG4598,0.381775371,5.050181583,0.057987148,0.166673844,CG4598,FBgn0032160
RluA-2,-0.563863117,3.321094196,0.058174198,0.167158303,RluA-2,FBgn0032256
slo,-0.388630516,7.503561675,0.058269754,0.167379636,slo,FBgn0003429
CG42360,-0.619675532,3.590583131,0.05838509,0.16765763,CG42360,FBgn0259742
Shawn,-0.983604789,1.445695776,0.058496192,0.167923293,Shawn,FBgn0031039
mei-W68,-1.045193727,1.15236599,0.058590008,0.168139178,mei-W68,FBgn0002716
pbl,-0.602969063,3.121059894,0.058702705,0.168395653,pbl,FBgn0003041
CG17360,-0.288764052,6.374637056,0.05871666,0.168395653,CG17360,FBgn0037949
sug,1.42129333,0.871531125,0.058889053,0.168836466,sug,FBgn0033782
CG3887,0.284354615,6.756732974,0.058912087,0.168848918,CG3887,FBgn0031670
Gip,0.395035894,4.759267611,0.058985742,0.169006403,Gip,FBgn0011770
ref-2-P,0.33527401,9.115208951,0.059029317,0.169077631,ref(2)P,FBgn0003231
CG13035,-0.523807646,4.542267307,0.059364988,0.1699852,CG44836,FBgn0266099
CG14430,0.312235926,5.720337487,0.059435287,0.170132566,bou,FBgn0261284
Sucb,0.298335791,5.822103351,0.059475942,0.170195013,Sucb,FBgn0029118
CG6023,-0.543328475,3.908365457,0.059506488,0.170203934,CG6023,FBgn0030912
maf-S,0.299657911,6.100849851,0.05951674,0.170203934,maf-S,FBgn0034534
Su-z-2,-0.304017983,6.122138251,0.059583632,0.170341306,Su(z)2,FBgn0265623
Slip1,-0.303705918,6.128080494,0.059651608,0.170481691,Slip1,FBgn0024728
Crk,-0.293094154,5.83992874,0.059726378,0.170627516,Crk,FBgn0024811
CycB,-1.99989359,1.671233475,0.059740407,0.170627516,CycB,FBgn0000405
cni,0.324317356,5.646321828,0.059782048,0.170692485,cni,FBgn0000339
gft,-0.288314157,6.644589137,0.059824784,0.170760536,Cul3,FBgn0261268
CG9232,0.473024791,4.607728463,0.060011466,0.171220066,Galt,FBgn0263200
mira,-1.567883116,1.672493151,0.060023682,0.171220066,mira,FBgn0021776
pie,1.015751736,1.612740096,0.060115624,0.171409636,pie,FBgn0005683
CG31900,0.571790551,3.408541404,0.060128087,0.171409636,CG43394,FBgn0263256
ras,0.314233939,5.806362157,0.060230022,0.171646061,ras,FBgn0003204
CG11321,0.820877991,4.014904611,0.060250044,0.171648973,CG11321,FBgn0031857
PPP4R2r,-0.31605174,5.968869986,0.060408552,0.172046298,PPP4R2r,FBgn0030208
Spat,1.765915923,1.606417715,0.060592752,0.172516522,Spat,FBgn0014031
CG32789,-0.98321611,2.369829371,0.060652762,0.172583455,HIP,FBgn0260484
Dpit47,0.375849431,4.796748882,0.060654469,0.172583455,Dpit47,FBgn0266518
CG6749,0.869149351,2.089417428,0.060756882,0.172820425,CG6749,FBgn0036040
Syx5,0.267643609,6.849764061,0.060798373,0.172837841,Syx5,FBgn0011708
l-1-G0320,0.336473176,6.664307434,0.060801268,0.172837841,l(1)G0320,FBgn0028327
MED18,0.455978826,4.22014884,0.061046252,0.173468569,MED18,FBgn0026873
CG3309,0.540082556,3.627894616,0.061061551,0.173468569,CG3309,FBgn0029756
CG1246,1.064986356,0.997888601,0.06117524,0.173736912,CG1246,FBgn0035360
Mkp3,-0.362264357,5.293991933,0.061295425,0.17402353,Mkp3,FBgn0036844
CG34104,-0.425653179,4.373860087,0.061433797,0.174361584,RhoU,FBgn0083940
CG13893,0.297963074,7.393858662,0.061569556,0.174670211,CG13893,FBgn0035146
otk,-1.249873101,0.663948749,0.061581207,0.174670211,otk,FBgn0004839
ko,0.338326044,6.116724861,0.061656604,0.174829179,ko,FBgn0020294
tud,0.308633734,9.22770051,0.061757489,0.175060293,tud,FBgn0003891
CG17163,-0.510306034,3.723653813,0.061824811,0.175196155,CG17163,FBgn0039942
CG42259,0.634919571,2.880113425,0.062102871,0.175928924,CG42259,FBgn0266569
su-f-,0.336463508,5.477070678,0.062378816,0.176655244,su(f),FBgn0003559
CG2694,-0.589324641,3.282373706,0.062449485,0.176799954,CG2694,FBgn0024991
Syx7,0.269097086,6.808284253,0.062489846,0.176858794,Syx7,FBgn0086377
CG2543,0.73244354,2.864750972,0.062659825,0.177265521,CG2543,FBgn0030407
Lmpt,0.296123441,7.036798368,0.062681545,0.177265521,Lmpt,FBgn0261565
fred,-0.720763191,2.825716524,0.062708679,0.177265521,fred,FBgn0051774
Sply,0.288578155,6.227611902,0.062712155,0.177265521,Sply,FBgn0010591
CG9063,0.279160741,6.731904576,0.062743311,0.177265521,Rich,FBgn0028500
CG31103,0.350750301,5.679965764,0.062751288,0.177265521,CG31103,FBgn0051103
Flo,0.303413026,6.434939642,0.062787023,0.177311023,Flo1,FBgn0024754
Cam,-0.29514976,9.24942812,0.062876238,0.177507478,Cam,FBgn0000253
CG1116,0.324143459,5.465570455,0.062902084,0.177524968,CG1116,FBgn0037297
cul-2,-0.296255495,6.429490628,0.062951329,0.177608465,Cul2,FBgn0032956
klu,0.76562887,3.34396656,0.063373032,0.178742419,klu,FBgn0013469
okr,-0.649638787,3.149869446,0.063436441,0.178865422,okr,FBgn0002989
qtc,-0.289592813,7.689646461,0.063462573,0.178883271,qtc,FBgn0028572
CG6435,0.689568035,5.240623758,0.06349827,0.178928064,CG6435,FBgn0034165
CG9205,0.344304063,5.632954489,0.063638739,0.179267966,CG9205,FBgn0035181
CG8920,-0.305010226,7.473720084,0.063785456,0.179625251,CG8920,FBgn0027529
Eaat1,0.455257111,5.361555367,0.063849099,0.179748444,Eaat1,FBgn0026439
CG3223,0.414016495,4.543606293,0.063871118,0.179754418,CG3223,FBgn0037538
CG3394,0.345962038,5.11430189,0.063910159,0.179808278,CG3394,FBgn0034999
CG33967,-0.363897183,5.170412848,0.063970621,0.17992235,kibra,FBgn0262127
Nedd4,0.31890097,7.905428047,0.063999365,0.179947172,Nedd4,FBgn0259174
Ank,-0.292368123,8.683912116,0.064031339,0.179950782,Ank,FBgn0011747
CG1129,0.342219924,5.335330886,0.064040488,0.179950782,CG1129,FBgn0037279
CG12877,0.399567582,4.76880649,0.064068006,0.17997213,CG12877,FBgn0039544
CG6439,-0.290107497,7.630766336,0.064103775,0.18001663,CG6439,FBgn0038922
Snr1,0.355891867,5.027703519,0.064203591,0.180240908,Snr1,FBgn0011715
CG4996,-0.318889627,5.653686612,0.064281068,0.180402351,CG4996,FBgn0034271
Khc-73,-0.298442676,8.052559636,0.06439407,0.180663363,Khc-73,FBgn0019968
CG14899,0.292907178,5.903697751,0.064424044,0.180691343,Der-2,FBgn0038438
NPC1,-0.30299163,8.183863972,0.064541491,0.180964565,Npc1a,FBgn0024320
CG31120,0.357780733,5.153987907,0.0645855,0.181006451,"CG44254 , PIG-S","FBgn0265189 , FBgn0265190"
CG6796,-0.611691726,2.973118145,0.064596502,0.181006451,CG6796,FBgn0034177
CG31686,1.213011009,0.800179259,0.064852774,0.181668204,CG4267,FBgn0264979
CG14869,-0.716427119,3.913615009,0.064895243,0.181730819,AdamTS-A,FBgn0038341
Adk1,0.291116974,9.353598536,0.065096331,0.182237452,Adk1,FBgn0022709
CG12006,-0.299178722,5.787371546,0.065158515,0.182355025,CG12006,FBgn0035464
CG18812,-0.29655011,8.801224421,0.065209466,0.1824411,CG18812,FBgn0042135
CG4293,0.349027535,5.169850401,0.065250807,0.182500245,CG4293,FBgn0024983
Vps28,0.285810443,6.088453702,0.065287136,0.182545339,Vps28,FBgn0021814
d,0.560331705,3.485890658,0.065315904,0.182569268,d,FBgn0262029
GluRIIE,-0.84235518,2.154448189,0.065397538,0.182740908,GluRIIE,FBgn0051201
tai,0.277100055,7.116563937,0.065441654,0.182758915,tai,FBgn0041092
CG6197,0.332010745,5.330372004,0.065446665,0.182758915,fand,FBgn0033859
eco,0.392657171,4.89078874,0.065464672,0.182758915,eco,FBgn0035766
Nup44A,-0.388512999,4.964773964,0.065493584,0.182783143,Nup44A,FBgn0033247
Pfk,0.285817885,8.197856429,0.065655595,0.183178705,Pfk,FBgn0003071
Ef2b,0.283901238,11.48030449,0.065710941,0.183224239,EF2,FBgn0000559
CG32016,-0.285944836,6.297816838,0.065727834,0.183224239,4E-T,FBgn0052016
CG15528,1.061579183,1.25652782,0.065732761,0.183224239,CG15528,FBgn0039742
kel,-0.365993737,4.963974656,0.065836253,0.18345611,kel,FBgn0001301
SF2,-0.35281146,6.626106197,0.065943802,0.183699139,SF2,FBgn0040284
CG6231,0.332885667,6.570057403,0.066106058,0.184017784,CG6231,FBgn0038720
CG6470,-1.119533471,0.854486637,0.06611162,0.184017784,CG6470,FBgn0030933
l-2-efl,1.352499215,2.355647568,0.066145857,0.184017784,l(2)efl,FBgn0011296
CG1703,0.313247366,5.774710296,0.066152741,0.184017784,CG1703,FBgn0030321
CG17337,-0.298919967,5.737996533,0.066160036,0.184017784,CG17337,FBgn0259979
mRpL23,-0.48776864,4.368238319,0.066286209,0.184311977,mRpL23,FBgn0035335
awd,0.293213395,8.458833976,0.06635202,0.1844382,awd,FBgn0000150
l-1-G0334,-0.300185482,8.619476721,0.066408835,0.184539348,l(1)G0334,FBgn0028325
Eip78C,-0.677813037,2.860525811,0.066473467,0.184662148,Eip78C,FBgn0004865
CG11961,0.333710788,5.49752368,0.066592783,0.184936735,CG11961,FBgn0034436
CG18507,0.292030442,7.650212024,0.066672121,0.185100167,CG18507,FBgn0028527
CG2991,0.298695941,7.600219247,0.066718593,0.185172278,CG2991,FBgn0031474
CG4279,0.552695935,3.652342422,0.066761246,0.185226104,LSm1,FBgn0261067
CG42400,-0.884083161,1.989330482,0.066795422,0.185226104,CG42750,FBgn0261804
CG4573,0.709591454,2.747055785,0.066799496,0.185226104,CG4573,FBgn0036629
Ald,0.285447802,10.27835734,0.067170806,0.186198547,Ald,FBgn0000064
CG12769,-0.467717625,4.055881675,0.067292358,0.186478271,CG12769,FBgn0033252
Nckx30C,-0.363374336,6.249007634,0.067333197,0.186534224,Nckx30C,FBgn0028704
CG6490,-0.438278997,4.351188251,0.067415192,0.186704123,plum,FBgn0039431
CG9986,0.54456147,3.659460461,0.067459159,0.18676863,CG9986,FBgn0039589
GstD7,1.103229693,1.262764078,0.067548259,0.186898628,GstD7,FBgn0010043
RhoGAP5A,0.461450785,4.086779237,0.067554495,0.186898628,RhoGAP5A,FBgn0029778
Nrt,-0.334219874,6.058495021,0.067568178,0.186898628,Nrt,FBgn0004108
CalpA,-0.327824984,7.159316927,0.067602787,0.186937123,CalpA,FBgn0012051
CG31897,-1.196444591,0.674446344,0.067651987,0.186966164,CG31897,FBgn0051897
CG5412,0.540052591,4.085275988,0.067654681,0.186966164,CG5412,FBgn0038806
Rab23,-0.517912048,3.502780039,0.067698476,0.187029979,Rab23,FBgn0037364
eas,0.27976895,8.357878627,0.067806804,0.187271986,eas,FBgn0000536
CG10672,0.279105521,6.726282427,0.067871717,0.187393978,CG10672,FBgn0035588
dikar,-0.710717904,3.036220808,0.067897863,0.187408889,dikar,FBgn0261934
CG34383,-0.345458555,7.563641846,0.06792651,0.187430695,CG34383,FBgn0085412
CG5188,-0.637075557,2.85599477,0.06798276,0.187498457,CG5188,FBgn0032247
CG7207,-0.270950759,6.44320177,0.067995105,0.187498457,cert,FBgn0027569
CG4313,-0.555223042,4.034214804,0.068030218,0.187498457,CG4313,FBgn0025632
CG8003,0.475378878,4.010267439,0.068034087,0.187498457,CG8003,FBgn0036096
Pvf1,-0.311956015,5.699409469,0.068109925,0.18761227,Pvf1,FBgn0030964
CG10512,0.324750089,5.868949798,0.068116919,0.18761227,CG10512,FBgn0037057
eys,-0.334546186,6.511435298,0.068179152,0.187726444,eys,FBgn0031414
CG3277,0.675126745,2.621206726,0.06844874,0.188374962,CG3277,FBgn0031518
gem,-0.330934998,8.645246594,0.068456387,0.188374962,gem,FBgn0050011
CG7365,0.90098721,2.646098751,0.068712226,0.189021391,CG7365,FBgn0036939
mol,0.626468703,3.570216433,0.068739668,0.189039319,mol,FBgn0086711
hay,0.442292186,4.440161692,0.068818053,0.189197287,hay,FBgn0001179
Hcf,-0.273690299,7.268749034,0.069017697,0.189688432,Hcf,FBgn0039904
CG11739,0.584375698,4.270321756,0.06907667,0.189792772,CG11739,FBgn0037239
CG16787,-0.536410664,3.671568763,0.06924831,0.190206517,CG16787,FBgn0034940
CG17180,0.535820067,3.571578019,0.069585754,0.191075288,CG17180,FBgn0035140
en,-0.429117503,4.609352813,0.069656706,0.191211996,en,FBgn0000577
CG11776,-0.312041293,5.827430173,0.06976905,0.191462211,Pif1A,FBgn0261015
CG12075,-0.291895502,6.889128304,0.069797566,0.1914823,CG12075,FBgn0030065
CG12795,0.473270511,4.211036326,0.069982636,0.191931734,CG12795,FBgn0031535
Oat,1.125540435,2.443174152,0.070028297,0.191976503,Oat,FBgn0022774
Acox57D-p,0.328688277,6.341338142,0.07004146,0.191976503,Acox57D-p,FBgn0034628
daw,0.332555137,6.763643954,0.070115951,0.192122386,daw,FBgn0031461
CG10680,0.348445919,7.717588064,0.070183833,0.192194911,CG10680,FBgn0032836
CG32043,-0.287503164,5.910956756,0.070194308,0.192194911,CG44838,FBgn0266101
CG13822,-0.634194971,3.066792216,0.070206244,0.192194911,GILT3,FBgn0039098
Eip63E,-0.295429147,6.384393469,0.070367758,0.192578711,Eip63E,FBgn0005640
Gr47b,1.321850037,1.004118227,0.070464898,0.192786155,Gr47b,FBgn0041241
CG12929,0.516643915,3.431631222,0.070604782,0.193098756,CG12929,FBgn0033429
pes,0.535282025,3.922694336,0.070624607,0.193098756,pes,FBgn0031969
sina,-0.285070547,5.979359712,0.070670037,0.193098756,sina,FBgn0003410
CG40045,-0.31750255,6.188063405,0.070674027,0.193098756,CG40045,FBgn0058045
Sgf11,0.56652222,3.273981242,0.070686029,0.193098756,Sgf11,FBgn0036804
rtGEF,0.310547959,5.689146399,0.070772341,0.193276096,RtGEF,FBgn0015803
CG9336,0.283760839,9.974670283,0.070830701,0.193377017,CG9336,FBgn0032897
TER94,0.302738018,8.937525222,0.070859325,0.193396718,TER94,FBgn0261014
CG8449,0.440501865,4.261835828,0.071002304,0.193728424,CG8449,FBgn0038129
cta,-0.471428942,3.97881283,0.071054967,0.193813578,cta,FBgn0000384
CG5861,0.361013399,4.893441687,0.071252415,0.194293485,CG5861,FBgn0015338
CG13185,0.398854241,4.719582688,0.071392353,0.194616329,CG13185,FBgn0033661
CG1882,0.313712197,7.664635306,0.071528111,0.194927587,CG1882,FBgn0033226
CG10947,-0.459297394,4.111456953,0.071688945,0.195306974,CG10947,FBgn0032857
CG3982,-1.194500577,0.646887901,0.07175977,0.195440991,CG3982,FBgn0035988
Fsh,0.327181691,5.308467469,0.071926923,0.195837197,Lgr1,FBgn0016650
Paip2,-0.354624044,4.964199656,0.071996468,0.195945482,Paip2,FBgn0038100
CG11874,-0.276766687,6.597987423,0.072010073,0.195945482,alpha-Man-Ib,FBgn0039634
CG17739,0.370379495,4.917992403,0.072148059,0.196215732,CG17739,FBgn0033710
Tbh,-1.133679945,1.317412789,0.07215283,0.196215732,Tbh,FBgn0010329
CG14053,-1.038604711,1.18343581,0.072177982,0.196225066,CG14053,FBgn0029603
grn,0.925484355,1.738969164,0.072230084,0.196306773,grn,FBgn0001138
CG32353,0.829696184,1.897151601,0.072262457,0.196306773,CG43078,FBgn0262508
CG7289,0.285123383,6.135061338,0.072273226,0.196306773,CG7289,FBgn0031379
CG3262,-0.301999159,5.668174802,0.072323574,0.19638448,CG3262,FBgn0032986
blot,-0.265593848,6.862481819,0.072405678,0.196548345,blot,FBgn0027660
Ilk,0.265279819,6.421783695,0.072460032,0.196636807,Ilk,FBgn0028427
CG11006,0.273304548,6.372497656,0.072493995,0.196669894,Sap130,FBgn0262714
CG33977,-0.95920832,2.807572473,0.07258588,0.196860054,CG33977,FBgn0053977
CG31300,0.737963614,3.648500061,0.072626547,0.196911232,CG31300,FBgn0051300
CG32554,0.845536253,1.764694268,0.072927285,0.197667294,CG32554,FBgn0052554
CG9518,-1.339060762,1.3272256,0.072978469,0.197746697,CG9518,FBgn0030590
CG8414,-0.626227781,3.245341306,0.073427538,0.198848911,CG8414,FBgn0034073
CG10341,-0.463799764,3.98203659,0.073429263,0.198848911,CG10341,FBgn0032701
CG6574,0.326690561,5.536265354,0.073467621,0.198893164,CG6574,FBgn0037846
nimC4,-1.810041974,0.938117787,0.073759898,0.199564249,NimC4,FBgn0260011
CG13913,0.817345923,2.02514961,0.073776285,0.199564249,mwh,FBgn0264272
Irc,0.352333544,6.164969511,0.073781779,0.199564249,Irc,FBgn0038465
Kap3,-0.275760987,7.334148114,0.073935603,0.199920453,Kap3,FBgn0028421
CG17270,-0.689537361,2.713172748,0.074055172,0.200183848,CG17270,FBgn0038828
Tsp42El,0.360832657,7.167287733,0.074098231,0.200240328,Tsp42El,FBgn0033134
CG30271,0.277921687,8.777487328,0.074142374,0.200299702,CG30271,FBgn0050271
CG32277,-1.243750644,0.228816721,0.074187302,0.20035576,CG32277,FBgn0052277
crol,-0.278420525,8.485612392,0.07420748,0.20035576,crol,FBgn0020309
CG33097,-0.308719167,5.907737716,0.074261326,0.200441237,CG42724,FBgn0261641
Actn,0.269799358,6.572611167,0.074381221,0.200704882,Actn,FBgn0000667
CG18661,0.491744071,3.899059424,0.074423885,0.200760041,CG18661,FBgn0040964
yuri,0.286781456,6.485133635,0.074504775,0.20090542,yuri,FBgn0045842
Su-var-205,-0.282398989,6.15913914,0.074522256,0.20090542,Su(var)205,FBgn0003607
CG6145,0.273216694,8.889070767,0.074681937,0.20127584,CG6145,FBgn0033853
CG8444,-0.286427538,8.925118854,0.075025961,0.202142718,VhaM8.9,FBgn0037671
CG34356,-1.186734371,0.871884616,0.075259401,0.202711219,CG34356,FBgn0085385
CG2147,0.549134983,3.634195132,0.075626658,0.203586521,CG2147,FBgn0030025
gp210,-0.353105247,5.273563125,0.075634785,0.203586521,Gp210,FBgn0266580
Got1,0.280305787,8.801305433,0.075690538,0.203586521,Got1,FBgn0001124
CG10344,-0.636534715,2.707420779,0.075690654,0.203586521,CG10344,FBgn0034729
Dcp2,-0.296582124,6.566630857,0.075697047,0.203586521,Dcp2,FBgn0036534
CG32573,1.109043166,1.681520594,0.075751826,0.203673214,CG32573,FBgn0052573
Lcch3,-0.794077142,2.494168902,0.07580817,0.203764062,Lcch3,FBgn0010240
CG2556,0.306415456,5.363338658,0.075902074,0.20386921,CG2556,FBgn0030396
Aldh,0.311172164,10.15586324,0.075912856,0.20386921,Aldh,FBgn0012036
CG1332,-0.353364355,6.211679069,0.075915518,0.20386921,CG43367,FBgn0263110
CG32196,0.639200038,2.9407367,0.075955792,0.20386921,CG32196,FBgn0052196
Trx-2,-0.299717237,8.520014654,0.075960124,0.20386921,Trx-2,FBgn0040070
alphaTub84D,-0.263907237,7.235208641,0.076000455,0.203916873,alphaTub84D,FBgn0003885
Tsp29Fb,0.272803964,9.453445595,0.076058862,0.204012993,Tsp29Fb,FBgn0032075
vir,0.294925575,5.425109274,0.076140987,0.204172657,vir,FBgn0003977
Sulf1,-0.273587158,6.403198763,0.076202978,0.204278251,Sulf1,FBgn0040271
CG12022,0.601787256,3.360583713,0.076393257,0.204727583,CG42676,FBgn0261562
sun,-0.332653764,7.348009697,0.076465103,0.204859355,sun,FBgn0014391
CG33978,-0.424316066,7.18943597,0.07649547,0.204879952,CG33978,FBgn0053978
larp,0.379574374,8.351794428,0.076547977,0.204902632,larp,FBgn0261618
CG17994,-0.454220711,4.207389736,0.076549301,0.204902632,CG17994,FBgn0033072
CG9919,-0.267793204,6.343243115,0.076659001,0.205135489,CG9919,FBgn0030742
CG30127,-0.480375793,3.983978128,0.076757456,0.205338127,Rgk1,FBgn0264753
Anxb11,0.279040424,7.434945372,0.076990405,0.205900331,AnxB11,FBgn0030749
CG18815,-0.284207409,7.106005206,0.077137889,0.206233704,CG18815,FBgn0042138
alpha-Est8,0.30041356,8.06045393,0.077177194,0.206242172,alpha-Est8,FBgn0015576
CG12370,-0.607139856,3.297453743,0.077189489,0.206242172,Dh44-R2,FBgn0033744
CG4300,-0.272611832,6.353863794,0.077230198,0.206242172,CG4300,FBgn0036272
CG6870,2.129728147,2.250919234,0.077232374,0.206242172,CG6870,FBgn0032652
hen1,0.695221781,3.000386252,0.077288966,0.206284741,Hen1,FBgn0033686
MBD-R2,0.267809815,6.215292107,0.077293983,0.206284741,MBD-R2,FBgn0038016
CG6602,-0.850195994,1.988758177,0.077374571,0.206428681,CG6602,FBgn0035673
Rh7,0.912235166,1.597665076,0.077393618,0.206428681,Rh7,FBgn0036260
CG30109,0.59262972,3.028725647,0.077498047,0.20664621,CG30109,FBgn0050109
CG32628,0.305589006,6.07815577,0.077575176,0.206790836,NnaD,FBgn0265726
CG31472,0.302483119,6.322078577,0.077650912,0.206921313,CG31472,FBgn0051472
CG32138,0.276472172,7.083166865,0.077669933,0.206921313,CG32138,FBgn0052138
bves,-0.263343092,7.048349456,0.077708802,0.206943057,bves,FBgn0031150
CG15440,0.404827284,4.608970616,0.077723909,0.206943057,CG15440,FBgn0031607
CG34114,-0.415829384,4.614730889,0.077762665,0.206985242,CG34114,FBgn0083950
smg,-0.311294859,6.04106337,0.077993553,0.207538662,smg,FBgn0016070
CoRest,-0.270644295,6.521491673,0.078125127,0.207827562,CoRest,FBgn0261573
CG5660,-0.513134874,3.585366961,0.07817506,0.207899174,CG5660,FBgn0035942
CG31935,0.359622793,4.799329347,0.078211086,0.207933771,CG31935,FBgn0051935
CG5758,0.365968103,4.893312117,0.078245442,0.207963908,CG5758,FBgn0032666
CG5522,-0.269609993,6.210669344,0.07854439,0.208683116,CG5522,FBgn0034158
Rpn1,0.297881867,7.438859976,0.07856224,0.208683116,Rpn1,FBgn0028695
dgt4,-1.117607664,1.326608776,0.078819999,0.209306251,dgt4,FBgn0026085
CG11105,-0.783043272,1.964397932,0.078891293,0.209434011,CG44422,FBgn0265595
arr,-0.344989911,5.170198633,0.0790418,0.209771921,arr,FBgn0000119
CG7611,0.274845277,7.362769966,0.079118939,0.209914976,CG7611,FBgn0037094
ATPsyn-gamma,-0.304229493,8.605026895,0.079404514,0.210610799,ATPsyn-gamma,FBgn0020235
CG4972,-0.295544842,5.782431567,0.07944934,0.210667842,CG4972,FBgn0032217
CG11438,-0.496906655,4.191516065,0.079518449,0.210782733,CG11438,FBgn0037164
cdc2rk,0.472255595,3.827325016,0.079539333,0.210782733,cdc2rk,FBgn0013435
rut,-0.289134886,9.043692439,0.079855665,0.211558968,rut,FBgn0003301
CG3638,-0.274743834,6.694290189,0.079941719,0.211724857,CG3638,FBgn0261444
BRWD3,0.264742394,6.922803806,0.080086334,0.211998508,BRWD3,FBgn0011785
CG31191,-1.225584206,0.70201214,0.080091976,0.211998508,CG31191,FBgn0051191
JhI-1,0.5373034,3.90067749,0.080137494,0.212056859,JhI-1,FBgn0028426
CG31950,-0.727552362,2.284946649,0.080260187,0.212273249,CG31950,FBgn0051950
Spred,-0.270419111,6.499963208,0.0802798,0.212273249,Spred,FBgn0020767
CG3907,-0.269479511,7.569017573,0.08028976,0.212273249,CG3907,FBgn0034958
CG31140,-0.318218358,7.3981269,0.080352102,0.212375917,CG31140,FBgn0051140
Noa36,0.36331,4.854933334,0.080442642,0.212553036,Noa36,FBgn0026400
CG9953,0.282395063,6.689948214,0.080750517,0.213304145,CG9953,FBgn0035726
RSG7,-0.291417476,6.637405458,0.080811336,0.2134024,RSG7,FBgn0024941
CG6966,-0.276450789,6.148080019,0.080949472,0.213704715,CG6966,FBgn0038286
CG6744,0.51006488,3.636961335,0.08105898,0.213931295,CG6744,FBgn0037901
GLaz,0.38276931,4.590285875,0.081464747,0.214939406,GLaz,FBgn0033799
CG4950,1.520674586,0.999074537,0.081494298,0.214954595,CG4950,FBgn0036587
CG14312,0.894783761,1.441412494,0.081676723,0.215372889,CG14312,FBgn0038596
CG9099,0.337809022,5.013965659,0.081756616,0.215488559,CG9099,FBgn0030802
CG11534,0.41281843,4.51077461,0.081768295,0.215488559,CG11534,FBgn0046296
CG8944,-0.364184226,4.859860919,0.081925428,0.215793051,CG8944,FBgn0030680
CG6805,0.270567435,7.604122091,0.08193161,0.215793051,CG6805,FBgn0034179
CG2082,-0.435710457,4.790478855,0.081977524,0.21585105,CG2082,FBgn0027608
CG10469,0.622594513,2.770539902,0.082015156,0.215887215,CG10469,FBgn0035678
CG30159,0.270427692,5.947819255,0.082126656,0.216117742,CG30159,FBgn0050159
CG4091,-0.286686346,6.991573231,0.082167625,0.216162587,CG4091,FBgn0034894
qkr54B,-0.318820963,5.489816682,0.082250037,0.216316401,qkr54B,FBgn0022987
CG14020,-0.368340986,4.634013053,0.08231159,0.216415281,CG14020,FBgn0031707
sle,-0.654497484,3.521549133,0.08238189,0.216537095,sle,FBgn0037810
CG7172,-0.367703721,4.906685833,0.082538003,0.216873052,CG7172,FBgn0037102
Lrr47,-0.66496491,2.562867587,0.082557718,0.216873052,Lrr47,FBgn0010398
Pak3,-0.27596613,6.56367638,0.082646075,0.217042047,Pak3,FBgn0044826
Hel25E,0.261474013,6.676873467,0.082677057,0.217060313,Hel25E,FBgn0014189
pnt,-0.301468288,5.602859756,0.082809201,0.217344079,pnt,FBgn0003118
mod,-0.280947284,5.991730931,0.082935841,0.217557084,mod,FBgn0002780
yps,-0.280635369,7.864286745,0.082938521,0.217557084,yps,FBgn0022959
Nhe1,0.25470293,6.387454024,0.082966214,0.217566555,Nhe1,FBgn0026787
ox,-0.260499,6.980227107,0.083003908,0.217602236,ox,FBgn0011227
Pkc98E,-0.276697657,7.331746093,0.083041756,0.217638302,Pkc98E,FBgn0003093
CG31918,-0.869021925,2.408120791,0.083391537,0.21849163,CG31918,FBgn0031678
Cap-H2,-0.3489511,4.925865951,0.083458891,0.218521971,Cap-H2,FBgn0037831
CG2658,0.26134557,6.133937311,0.083472389,0.218521971,CG2658,FBgn0024992
CG42249,-1.578687885,0.254074238,0.083475683,0.218521971,CG42249,FBgn0259101
Appl,-0.286178372,10.41464047,0.083554617,0.218665241,Appl,FBgn0000108
Tie,-0.272007301,8.327640737,0.083620249,0.218773625,Tie,FBgn0014073
Buffy,-0.488720943,4.532003961,0.083869324,0.219361747,Buffy,FBgn0040491
CG31030,0.259871772,6.938266433,0.083929284,0.219455036,CG31030,FBgn0051030
MED27,0.632210799,2.531027099,0.084081254,0.219788786,MED27,FBgn0037359
CG34445,1.088277185,0.818061113,0.084202623,0.220042376,CG34445,FBgn0085474
CYLD,-0.276878332,6.160111499,0.084264791,0.220141156,CYLD,FBgn0032210
CG16865,0.75675538,2.981515716,0.084316758,0.220213238,CG16865,FBgn0028919
tws,-0.251644773,6.950134427,0.084373657,0.220259482,tws,FBgn0004889
betaTub97EF,0.264682915,6.3966812,0.084383226,0.220259482,betaTub97EF,FBgn0003890
CG17259,0.2720247,5.793309905,0.084490828,0.220396212,CG17259,FBgn0031497
CG30377,-1.229902345,0.56588848,0.084502779,0.220396212,CG30377,FBgn0050377
CG15743,0.388207051,4.561629183,0.084508798,0.220396212,CG15743,FBgn0030465
CG12413,0.644181722,2.88170542,0.084597556,0.220564018,CG12413,FBgn0039588
spd-2,-1.231088478,1.016851847,0.08496693,0.221463141,spd-2,FBgn0027500
CG13101,0.283580707,5.97747618,0.085026338,0.221554062,CG13101,FBgn0032084
His4r,0.270637526,9.340776895,0.085079264,0.221628048,His4r,FBgn0013981
CG10419,-0.642807272,2.86816116,0.085138639,0.221718785,Gem2,FBgn0036850
CG15760,-0.473843277,3.862789622,0.0852359,0.221792081,CG15760,FBgn0030508
Tis11,-0.287838797,5.887582801,0.085236864,0.221792081,Tis11,FBgn0011837
CG11107,0.266242239,5.944766109,0.085240437,0.221792081,CG11107,FBgn0033160
pea,-0.359621421,4.845495865,0.085389427,0.222115775,pea,FBgn0086895
Mpp6,-0.694173828,2.311464988,0.085424963,0.222144249,Mpp6,FBgn0032921
CG14478,-0.262615296,7.210381273,0.08549756,0.222234526,CG14478,FBgn0028953
dco,-0.25311658,6.826689451,0.085541409,0.222234526,dco,FBgn0002413
CG32333,0.30547107,6.743178713,0.085542142,0.222234526,CG32333,FBgn0052333
CG7598,0.341565885,4.990103138,0.085558079,0.222234526,CG7598,FBgn0039689
CG33230,0.460495957,3.791580267,0.085732095,0.222603526,CG33230,FBgn0053230
CG15546,1.043235645,1.330427273,0.085794738,0.222603526,CG15546,FBgn0039807
Chi,0.264930236,6.032520012,0.085801046,0.222603526,Chi,FBgn0013764
CG10219,-0.277513916,7.671497018,0.085812088,0.222603526,CG10219,FBgn0039112
CG10617,-0.691043073,2.590279439,0.085823343,0.222603526,Syt12,FBgn0261085
rig,-0.390897703,4.69320179,0.085938993,0.222839512,rig,FBgn0250850
G-salpha60A,-0.257966357,6.594251369,0.086022038,0.222990844,Galphas,FBgn0001123
CG34261,1.078757679,0.919380691,0.086180067,0.22333641,CG34261,FBgn0085290
CG12130,0.32777771,5.019500069,0.086596171,0.224341873,Pal1,FBgn0033466
CG10550,0.316418251,9.763795167,0.086619941,0.224341873,CG10550,FBgn0039321
pAbp,-0.273821183,10.02407147,0.08664255,0.224341873,pAbp,FBgn0265297
CG13293,0.418851166,4.341306859,0.086823234,0.224697913,CG13293,FBgn0035677
Bsg,-0.283852475,7.948193937,0.0868298,0.224697913,Bsg,FBgn0261822
CG17221,0.340421071,5.168415138,0.086972676,0.225003195,CG17221,FBgn0031500
kek3,-0.291937008,6.061561035,0.087053198,0.225147034,kek3,FBgn0028370
CG9849,0.382991201,4.758020973,0.087084974,0.225164755,CG9849,FBgn0034803
CG8680,-0.269645288,6.290335935,0.087175845,0.225335218,CG8680,FBgn0031684
CG42347,1.045694314,2.150594653,0.087207112,0.225351559,sqa,FBgn0259678
CG17278,0.394142204,4.854658513,0.087303715,0.225536678,CG17278,FBgn0046763
CG9815,-1.115109784,0.758299593,0.087339847,0.225565516,CG9815,FBgn0034861
RpII140,0.260481141,6.659607448,0.087540651,0.22601715,RpII140,FBgn0262955
CG18596,-0.325457774,5.191704094,0.087564758,0.22601715,CG18596,FBgn0038953
Lhr,-0.948741667,1.363881188,0.087636763,0.22612333,Lhr,FBgn0034217
CG2791,-0.265788064,7.512521558,0.087680266,0.22612333,CD98hc,FBgn0037533
CG8908,-0.878572163,1.574025658,0.087702273,0.22612333,CG8908,FBgn0034493
CG10176,0.363717086,5.608658047,0.087706016,0.22612333,CG10176,FBgn0032682
CG8493,0.326174425,5.433325829,0.087950172,0.226688119,Den1,FBgn0033716
Mst36Fa,-0.985723798,2.008764571,0.088060183,0.226906928,Mst36Fa,FBgn0086681
CG30094,-0.656944079,2.734193911,0.088123651,0.227005721,CG30094,FBgn0050094
CG7671,0.634963376,2.851781204,0.08823845,0.227131043,Nup43,FBgn0038609
CG3663,0.551607889,3.462049119,0.088244367,0.227131043,CG3663,FBgn0035044
kirre,-0.379998721,5.269044746,0.088247727,0.227131043,kirre,FBgn0028369
asf1,0.287022702,5.516724429,0.088281398,0.22715299,asf1,FBgn0029094
CG12252,-0.296008934,6.049390313,0.088355884,0.227279913,Fcp1,FBgn0035026
Nup75,0.426170549,4.033301734,0.088525881,0.227652379,Nup75,FBgn0034310
CG9394,-0.975617948,1.190925448,0.088682577,0.227990438,CG9394,FBgn0034588
Rac2,-0.272062101,5.925558256,0.088832394,0.228275912,Rac2,FBgn0014011
ari-1,-0.282866477,6.513505048,0.088856155,0.228275912,ari-1,FBgn0017418
CG9455,0.589388919,3.212153069,0.088869425,0.228275912,Spn42Dc,FBgn0033113
Ptp10D,-0.292847185,7.310314502,0.089024789,0.22860999,Ptp10D,FBgn0004370
yellow-f,1.139585487,1.0673078,0.089153544,0.228875566,yellow-f,FBgn0041710
ECSIT,-0.455068811,4.023746287,0.089182246,0.228884207,ECSIT,FBgn0028436
Arf72A,0.329103321,5.196102319,0.089432521,0.229461345,Arl1,FBgn0000115
CG5871,0.323867469,4.996276526,0.08955886,0.229672418,Oga,FBgn0038870
GlcAT-I,0.419481092,4.023953054,0.089565633,0.229672418,GlcAT-I,FBgn0066114
Mpcp,-0.307987999,10.35266948,0.089627372,0.229739619,Mpcp,FBgn0026409
Ddx1,0.337240561,5.129294417,0.089642701,0.229739619,Ddx1,FBgn0015075
CG8443,-0.289658581,6.733254724,0.089709801,0.229846382,clu,FBgn0034087
CG17190,0.885259612,1.768782684,0.089841666,0.230118972,CG17190,FBgn0038761
CG8303,0.545512779,7.948399888,0.089928419,0.23027589,CG8303,FBgn0034143
spz,0.255220316,6.597228922,0.090273885,0.231064909,spz,FBgn0003495
CG1542,0.455702552,3.920481191,0.090287705,0.231064909,CG1542,FBgn0039828
Ddc,0.49968382,4.078763115,0.090322393,0.231088217,Ddc,FBgn0000422
Abl,-0.285408687,7.248725546,0.090451317,0.231352548,Abl,FBgn0000017
CG11883,-0.278583856,5.963969696,0.090495731,0.231400633,CG11883,FBgn0033538
vri,0.558856197,6.069790523,0.090600514,0.231603012,vri,FBgn0016076
CG4887,0.268322016,6.703138723,0.090885882,0.232266777,CG4887,FBgn0031318
Mcm3,-0.71943415,1.98244767,0.0909762,0.232431842,Mcm3,FBgn0024332
CG7039,0.392385209,4.446218008,0.091096592,0.232673626,Arfrp1,FBgn0030088
CG42261,-0.311208773,7.370026247,0.091234148,0.232897804,CG42261,FBgn0259146
CG4847,0.335748809,9.94442453,0.091235923,0.232897804,CG4847,FBgn0034229
CG10639,0.311078635,5.652983609,0.091579681,0.233709276,CG10639,FBgn0032729
CG3436,-0.269144478,5.772246449,0.091662851,0.233855463,CG3436,FBgn0031229
Cyp6u1,0.280692211,5.781723736,0.091753788,0.234021378,Cyp6u1,FBgn0033121
Got2,0.279945769,8.130864565,0.09202716,0.234652374,Got2,FBgn0001125
CG3835,0.298789378,6.596929826,0.09209415,0.234756928,CG3835,FBgn0023507
CG6074,0.541255619,4.061481085,0.092225809,0.235026223,CG6074,FBgn0039486
PICK1,0.311070885,5.126763057,0.092290356,0.235106143,PICK1,FBgn0032447
CG2924,-0.257201768,5.943268164,0.092309219,0.235106143,CG2924,FBgn0023528
mbo,-0.387997687,4.494082877,0.092340236,0.235118852,mbo,FBgn0026207
CG1291,-0.352804827,4.612578315,0.092599078,0.235671506,CG1291,FBgn0035401
CG3983,-0.344182405,4.858828848,0.092640081,0.235671506,Ns1,FBgn0038473
CG1308,-0.31327208,5.439984873,0.092659496,0.235671506,CG43367,FBgn0263110
torp4a,-0.295422478,5.521136404,0.092661633,0.235671506,Torsin,FBgn0025615
Fmr1,-0.256950618,6.600706622,0.092860806,0.236111602,Fmr1,FBgn0028734
CG5385,-0.368587024,4.86945282,0.093092334,0.236633693,l(2)SH0834,FBgn0267365
CG10184,0.754829411,2.33347212,0.093221291,0.236894837,CG10184,FBgn0039094
CG32195,0.468269737,3.952198977,0.093300916,0.23701252,CG32195,FBgn0052195
CG14434,-0.623613919,2.404771981,0.093320072,0.23701252,CG14434,FBgn0029915
Mpk2,0.349590796,4.649327765,0.093589278,0.237629437,p38a,FBgn0015765
stwl,-0.364039962,4.843466363,0.093741106,0.23792222,stwl,FBgn0003459
Slob,-0.300974759,7.678889826,0.093757262,0.23792222,Slob,FBgn0264087
Hip,-0.536917775,3.478994488,0.093799719,0.237963117,HP4,FBgn0035829
CG7730,-0.52237952,3.225752895,0.093850755,0.238025749,CG7730,FBgn0036689
Spc105R,-0.764600864,2.153226185,0.09397891,0.238283883,Spc105R,FBgn0037025
mtacp1,-0.276272378,7.178520131,0.094061314,0.238425902,mtacp1,FBgn0011361
CG10433,-0.34858142,5.589542744,0.0941521,0.23858908,CG10433,FBgn0034638
CG10979,-0.308346086,5.207721951,0.094377931,0.239094288,CG10979,FBgn0037379
CG9009,0.253873091,8.63381409,0.094518946,0.239384401,pdgy,FBgn0027601
CG1888,0.387854358,4.697353526,0.0947934,0.239979724,CG1888,FBgn0033421
CG3652,0.351530394,4.769384465,0.094833073,0.239979724,CG3652,FBgn0031600
snRNP-U1,0.382943102,4.376895768,0.094837005,0.239979724,snRNP-U1-C,FBgn0261792
Sec61alpha,0.280519912,7.874244335,0.094860261,0.239979724,Sec61alpha,FBgn0086357
beat-IIIc,-0.567745025,3.083904059,0.094912129,0.240018548,beat-IIIc,FBgn0032629
CG3566,0.282207825,5.916955917,0.094928744,0.240018548,CG3566,FBgn0029854
SpdS,0.432989625,4.180585282,0.095022221,0.240187674,SpdS,FBgn0037723
CG11208,0.278788876,6.046160579,0.095051554,0.240194613,CG11208,FBgn0034488
CG9572,0.56082035,5.363548813,0.095117286,0.240293502,CG9572,FBgn0031089
CG9296,-0.267072858,5.862673298,0.095167085,0.240352097,PrBP,FBgn0032059
CG14830,-0.286533355,7.20087736,0.09527488,0.240557088,CG14830,FBgn0035755
CG10754,0.389264237,4.280774645,0.095389692,0.240779681,CG10754,FBgn0036314
CG1218,0.359404069,5.048579904,0.095421448,0.240792558,CG1218,FBgn0037377
beltless,-0.910528971,2.837162215,0.09546586,0.240837359,drd,FBgn0260006
Gug,-0.284083861,7.70907672,0.095534324,0.240907299,Gug,FBgn0010825
fdl,0.268986598,6.601881671,0.095546918,0.240907299,fdl,FBgn0045063
CG7047,-0.328574012,7.520882482,0.095605837,0.240988597,Vdup1,FBgn0035103
CG6067,0.348841829,6.211240518,0.095702257,0.241131499,CG6067,FBgn0029828
CG5174,0.256062893,8.07153337,0.095741147,0.241131499,CG5174,FBgn0034345
CG33330,-0.330799456,4.877597407,0.095750534,0.241131499,jvl,FBgn0263929
CG9813,-0.252749891,8.37955606,0.095789274,0.241131499,CG9813,FBgn0038143
CG15456,-0.507051318,3.557788949,0.095795987,0.241131499,CG15456,FBgn0040650
Ten-a,-0.321077672,5.650306534,0.095852723,0.24118374,Ten-a,FBgn0267001
ple,0.291778668,7.541293172,0.095886623,0.24118374,ple,FBgn0005626
CG34348,0.421485897,4.121790633,0.095896833,0.24118374,CG34348,FBgn0085377
CG42241,-1.107429675,0.866776627,0.095995028,0.241338268,Pde8,FBgn0266377
CG10158,0.340513849,4.813388693,0.096011704,0.241338268,Fgop2,FBgn0031871
CG9981,-1.031931677,0.969895281,0.096324607,0.242057441,CG9981,FBgn0030746
bt,0.645902064,6.183465231,0.096378001,0.242124267,bt,FBgn0005666
CG12259,0.484196998,3.480683502,0.096483043,0.24232077,CG12259,FBgn0039557
CG6685,-0.693089251,2.052480737,0.096550669,0.242423219,CG6685,FBgn0036062
CG12179,0.793951383,2.899881205,0.0966011,0.242482449,CG12179,FBgn0025388
scaf6,0.260390545,6.204995717,0.096752392,0.242794752,scaf6,FBgn0261872
NC2beta,0.464816336,3.774782845,0.09700274,0.243355389,NC2beta,FBgn0028926
MCPH1,0.382110577,4.622860597,0.097032914,0.243363504,MCPH1,FBgn0260959
CG14561,-0.965203509,1.824463047,0.097237613,0.243809213,CG14561,FBgn0037149
pxb,-0.699489633,2.281145177,0.097344304,0.244004073,pxb,FBgn0053207
CG31555,-0.518240006,3.930917183,0.097374568,0.244004073,CG11000,FBgn0263353
Mes4,0.534533817,3.564117636,0.097396357,0.244004073,Mes4,FBgn0034726
CG4908,-0.414657477,4.032043428,0.097663388,0.244548654,CG4908,FBgn0032195
CalpB,0.265228913,6.873578489,0.097667871,0.244548654,CalpB,FBgn0025866
ph-d,-0.467989862,3.739427956,0.097699094,0.244559052,ph-d,FBgn0004860
Hr78,0.261959787,6.48125108,0.097730591,0.244570126,Hr78,FBgn0015239
sage,-0.724637939,1.85922613,0.097763037,0.244583572,sage,FBgn0037672
CG17327,0.306504253,5.45717263,0.097960887,0.245010702,CG17327,FBgn0038107
na,-0.299934607,6.244341484,0.09803551,0.245129476,na,FBgn0002917
dpr,0.28559339,5.443718275,0.098076003,0.24516287,dpr,FBgn0040726
CG14141,0.709407176,1.86804355,0.098206797,0.245421909,CG14141,FBgn0036146
CG15479,-0.852773967,1.180358343,0.098246075,0.245446111,CG15479,FBgn0032493
CG34400,-0.290819939,5.974202603,0.09827082,0.245446111,dysc,FBgn0264006
unc-119,-0.267601389,5.598005169,0.098327872,0.245520729,unc-119,FBgn0025549
CG6761,-0.279737488,6.167352008,0.098395533,0.245621786,CG6761,FBgn0036031
pr-set7,-0.370966664,5.07597666,0.098470301,0.245703991,pr-set7,FBgn0011474
Brf,0.355659813,4.538123413,0.098482859,0.245703991,Brf,FBgn0038499
Glut1,0.306105552,7.151093446,0.098601375,0.245931755,Glut1,FBgn0264574
CG31793,0.301440604,5.62636707,0.098735399,0.246198067,CG31793,FBgn0051793
CG30054,-0.732508941,2.320509599,0.098897541,0.246463045,CG30054,FBgn0050054
SMC2,-0.415690075,4.037173947,0.09891567,0.246463045,SMC2,FBgn0027783
CG14721,0.416637864,4.030612622,0.098934215,0.246463045,CG14721,FBgn0037942
CG30357,-0.792324103,1.951885016,0.098950793,0.246463045,CG30357,FBgn0050357
CG32534,0.73539141,2.214304752,0.099033686,0.246601521,CoRest,FBgn0261573
CG1104,0.299881849,5.60631137,0.099162654,0.24685462,CG1104,FBgn0037467
S,-0.354840068,5.141461806,0.099476377,0.24756738,S,FBgn0003310
neb,-0.909201037,1.051566968,0.09981418,0.248339659,neb,FBgn0004374
psidin,0.328144396,4.878439613,0.099944637,0.248595775,psidin,FBgn0243511
ND23,-0.247603032,7.276400937,0.100271177,0.249339338,ND23,FBgn0017567
gce,0.266800014,6.340156141,0.100309323,0.249365555,gce,FBgn0261703
CG6782,-0.586608947,2.936651521,0.100664584,0.250179877,sea,FBgn0037912
CG8233,0.248521683,6.690558819,0.100711881,0.250228585,Rcd1,FBgn0033897
Aats-asn,0.262140938,6.209052953,0.100746708,0.25024629,Aats-asn,FBgn0086443
CG11360,-0.372057854,4.621180745,0.100834413,0.250395296,CG11360,FBgn0039920
cv-c,-0.272216511,7.556246187,0.100987997,0.250707768,cv-c,FBgn0086901
robo,-0.255328687,6.04385019,0.101188061,0.251135424,robo,FBgn0005631
CG6412,-0.251498315,6.435511205,0.101452605,0.251703696,CG6412,FBgn0032646
l-2-06496,0.322656297,4.993396576,0.101472754,0.251703696,l(2)06496,FBgn0010622
CG34180,0.949885316,3.895472573,0.101513735,0.251736229,CG34180,FBgn0085209
CG6726,0.724016987,2.630799756,0.101580467,0.251832585,CG6726,FBgn0039049
CG42377,0.439298629,4.07392276,0.10181194,0.252337191,RhoGEF3,FBgn0264707
CG10107,0.258475446,7.621464739,0.101932441,0.252500124,velo,FBgn0035713
CG4462,0.738587692,3.558773821,0.101933579,0.252500124,CG4462,FBgn0038752
CG17528,-0.245535853,6.117256758,0.102013345,0.252628442,CG17528,FBgn0261387
CG42246,-0.652166375,3.123082548,0.10204971,0.252649241,CG42246,FBgn0259098
CG8611,-0.567899033,3.13470293,0.102380934,0.253399824,CG8611,FBgn0027602
Psf2,-1.040066521,1.575003916,0.10253736,0.253717477,Psf2,FBgn0261976
psq,-0.231879878,6.947707201,0.102806925,0.254277852,psq,FBgn0263102
CG6907,0.372426037,4.560631131,0.102820123,0.254277852,CG6907,FBgn0031711
CG15099,0.251147179,8.101018834,0.103391987,0.255622117,CG15099,FBgn0034400
CG32452,-0.482791718,3.416691677,0.104049544,0.257177451,CG32452,FBgn0052452
CG10208,-0.575278698,2.679511234,0.104175971,0.257350729,CG10208,FBgn0039118
CG4042,-0.399740663,4.302971535,0.104211964,0.257350729,CG4042,FBgn0037018
CG11255,0.284197964,5.944261917,0.104230592,0.257350729,AdenoK,FBgn0036337
CG31012,0.250778529,6.008984932,0.104233597,0.257350729,cindr,FBgn0027598
Chit,0.632939437,6.434147916,0.10456574,0.258100244,CG5210,FBgn0013763
kal-1,0.782924093,1.676925315,0.104599622,0.258113352,Kal1,FBgn0039155
eEF1delta,0.284197097,5.789135085,0.104682825,0.258248126,eEF1delta,FBgn0032198
CG17019,0.290278165,5.852705553,0.105184458,0.259414795,CG17019,FBgn0033783
Scamp,-0.275936799,6.494126426,0.105408266,0.259895817,Scamp,FBgn0040285
CG33144,-0.254332943,8.110870069,0.105466172,0.259900016,CG33144,FBgn0053144
Clbn,-0.284039543,5.467550617,0.105467507,0.259900016,Clbn,FBgn0259152
Myo10A,0.256406501,7.101554352,0.105680854,0.26035474,Myo10A,FBgn0263705
Usp36,0.250563534,6.423637389,0.10576032,0.26047948,scny,FBgn0260936
GstD3,-0.359817416,5.199821501,0.105893385,0.260736125,GstD3,FBgn0010039
mus81,-0.674750902,2.174358561,0.105967938,0.26079078,mus81,FBgn0040347
CG7488,0.324485658,5.188673832,0.105973318,0.26079078,CG7488,FBgn0038106
CG14221,-0.789353627,2.744363021,0.106074808,0.260969449,CG14221,FBgn0031042
ldbr,-0.752166881,1.956617312,0.106189044,0.261179368,ldbr,FBgn0035838
CG6523,0.265382904,5.578457352,0.106276012,0.261322128,CG6523,FBgn0032509
CG34310,-0.573021412,2.901921784,0.106489836,0.261692655,CG34310,FBgn0085339
PDCD-5,0.337796691,4.906941534,0.106508166,0.261692655,PDCD-5,FBgn0036580
CG14636,-0.855575439,1.481484036,0.106541267,0.261692655,CG14636,FBgn0037217
CG3488,-0.264044529,7.512871988,0.106542571,0.261692655,Hydr2,FBgn0014906
CG17032,0.552865236,4.970351875,0.106733364,0.262090028,CG17032,FBgn0036547
Rab10,0.250206266,7.753090486,0.107019714,0.262721764,Rab10,FBgn0015789
Mob3,-0.373119774,4.420475776,0.107106929,0.262806348,Mob3,FBgn0259482
Aats-met,-0.564760368,2.820451434,0.10711235,0.262806348,Aats-met,FBgn0027083
CG34351,1.187142189,0.326431353,0.107266807,0.262944231,CG34351,FBgn0085380
CG2962,1.092652877,0.732215117,0.10726983,0.262944231,CG2962,FBgn0030186
CG7139,0.235119031,6.855188311,0.107296653,0.262944231,CG7139,FBgn0027532
CG15352,0.901400928,1.438889708,0.10733376,0.262944231,rdgA,FBgn0261549
Plap,0.286749291,5.363558426,0.10736404,0.262944231,Plap,FBgn0024314
Syx16,0.320127716,4.884609882,0.107365966,0.262944231,Syx16,FBgn0031106
SmB,0.369900147,4.434829311,0.10737229,0.262944231,SmB,FBgn0262601
l-2-k09022,0.377529646,4.370521724,0.10749272,0.263167815,l(2)k09022,FBgn0086451
CG31360,-0.466656056,3.54144531,0.107528011,0.26318289,CG31360,FBgn0051360
CG5131,-0.496484879,3.402810419,0.107685996,0.263439059,CG5131,FBgn0032644
CG15877,0.557131169,3.012700783,0.107719004,0.263439059,CG15877,FBgn0035337
CG4238,-0.250986457,7.466324221,0.107720156,0.263439059,CG4238,FBgn0031384
CG3632,0.238733352,6.828739348,0.107827434,0.26363005,CG3632,FBgn0030735
CG12693,1.143499102,1.050510357,0.10786928,0.263656623,CG12693,FBgn0029705
CG11848,-0.279416394,5.460419064,0.107896672,0.263656623,Bili,FBgn0039282
CG1134,0.51877784,3.502084495,0.108070965,0.264011114,Mul1,FBgn0035483
CG7338,0.313558917,5.113359256,0.108207136,0.264272307,CG7338,FBgn0037073
CG4880,-0.728671916,2.075470382,0.108388813,0.264644469,CG4880,FBgn0030803
Art7,-0.431044386,4.18406214,0.108539726,0.264941336,Art7,FBgn0034817
CG32250,-0.249521794,6.641242728,0.108645681,0.265128331,CG32250,FBgn0052250
CG8353,-0.757149039,1.649953002,0.108859673,0.265578796,CG8353,FBgn0032002
mthl10,0.321801455,5.022308035,0.109060826,0.265997706,mthl10,FBgn0035132
rk,1.014926991,1.153188308,0.109136018,0.266109255,rk,FBgn0003255
CG5053,-0.250556294,6.714614409,0.109209526,0.266162163,RASSF8,FBgn0261986
CG7484,0.279425899,5.446802503,0.109216641,0.266162163,CG7484,FBgn0036745
CG5742,-0.298984229,5.173909767,0.109321162,0.266345032,CG5742,FBgn0034304
CG9669,0.386614843,4.373497786,0.109584369,0.266813266,CG9669,FBgn0036667
CG7430,-0.272482272,8.565608695,0.109587241,0.266813266,CG7430,FBgn0036762
ap,1.015046146,1.773378692,0.109601951,0.266813266,ap,FBgn0000099
trio,-0.252532285,8.10780984,0.109771026,0.267152869,trio,FBgn0024277
RpS29,0.256828942,9.529451741,0.109936513,0.267483561,RpS29,FBgn0261599
CG32191,0.300722126,5.417342826,0.110054447,0.267698405,CG32191,FBgn0052191
tty,-0.270868313,5.946086647,0.110186199,0.267946736,tty,FBgn0015558
CG10463,0.503236601,3.161342768,0.110239863,0.268005091,CG10463,FBgn0032819
Cyp308a1,0.293908332,9.182145801,0.11050466,0.268576568,Cyp308a1,FBgn0030949
Lsd-2,-0.259167625,7.927650739,0.110608411,0.268756425,Lsd-2,FBgn0030608
CG8860,0.348693698,4.542777189,0.1109284,0.269320009,CG8860,FBgn0033691
nmd,0.242872208,6.01868248,0.110929295,0.269320009,nmd,FBgn0005322
CG34319,-0.559937373,3.530099543,0.11093744,0.269320009,Hk,FBgn0263220
CG32537,0.388199324,4.436631371,0.110959605,0.269320009,CG32537,FBgn0052537
lds,-0.448774297,3.996311242,0.111001444,0.269349192,lds,FBgn0002542
CG7337,0.249908292,8.198305875,0.111101425,0.269413334,CG7337,FBgn0031374
CG8993,-0.242708268,6.434293767,0.111127528,0.269413334,CG8993,FBgn0035334
CG5168,0.235676442,6.727267554,0.11116329,0.269413334,CG5168,FBgn0032246
CG7049,0.324162064,4.901487682,0.111169129,0.269413334,CG7049,FBgn0035102
Cdc27,-0.260957785,5.862035891,0.111176988,0.269413334,Cdc27,FBgn0012058
CR32658,-0.398164453,4.583047401,0.111307685,0.269657716,CR32658,FBgn0040859
eIF5,-0.240648882,8.327070348,0.111412008,0.269838091,eIF5,FBgn0030719
CG9992,0.420970323,4.276703022,0.111454245,0.269868038,CG9992,FBgn0030744
CG2846,0.278637841,5.87972002,0.111537862,0.269911051,CG2846,FBgn0014930
Ugt86Dg,0.98676925,0.632953317,0.111548517,0.269911051,Ugt86Dg,FBgn0040253
CG3402,0.401874513,4.105284641,0.111561641,0.269911051,CG3402,FBgn0035148
CG2371,0.397239911,4.105999734,0.111721699,0.270133499,CG2371,FBgn0030323
CG10730,0.831026225,1.780816689,0.111735922,0.270133499,CG10730,FBgn0032843
CG13980,0.487269783,3.500188034,0.11174329,0.270133499,CG42534,FBgn0260487
Or83c,-0.482979834,3.761242621,0.111814162,0.270232515,Or83c,FBgn0037399
CG11750,-0.3918523,4.159928105,0.111885531,0.27033268,Pa1,FBgn0030294
Dsk,1.083463078,0.958456146,0.111940538,0.270393267,Dsk,FBgn0000500
CG4433,-0.285679154,5.441806277,0.112021512,0.270516531,CG4433,FBgn0038763
Su-dx-,-0.256205132,8.063483188,0.112118227,0.270660533,Su(dx),FBgn0003557
CG3313,0.45408771,3.766826654,0.112141064,0.270660533,CG3313,FBgn0037980
CG4351,0.357655235,4.454047917,0.112299736,0.270924603,CG43313,FBgn0263005
CG9117,0.66066888,1.921217686,0.112337675,0.270924603,CG9117,FBgn0031766
CG10738,0.564244818,3.930406506,0.112340443,0.270924603,CG10738,FBgn0036368
CG17599,0.24673918,6.816259363,0.112403605,0.271004582,CG17599,FBgn0031196
upd3,0.979192186,1.127267509,0.112646537,0.271451078,upd3,FBgn0053542
CG8740,0.2744932,7.605255788,0.112648892,0.271451078,CG8740,FBgn0027585
CG9667,0.436749827,3.820694981,0.112689511,0.271476544,CG9667,FBgn0037550
Takr86C,0.354190486,4.486498474,0.112985432,0.272094209,TkR86C,FBgn0004841
CG1268,-0.323859448,5.137479199,0.11300614,0.272094209,VhaM9.7-a,FBgn0035521
Gpdh,0.256112762,8.418749155,0.113086612,0.272215416,Gpdh,FBgn0001128
Magi,0.298520874,5.45068543,0.113245022,0.272524115,Magi,FBgn0034590
CG17974,1.043943694,1.086822609,0.11343183,0.272900972,CG17974,FBgn0034624
CG8092,-0.275814991,6.146159287,0.113566847,0.273120179,row,FBgn0033998
Nurf-38,0.241827815,8.597842456,0.113583409,0.273120179,Nurf-38,FBgn0016687
porin,-0.265056615,9.716713359,0.113683684,0.273288558,porin,FBgn0004363
CG11306,0.246035322,5.979973401,0.11377295,0.273430388,CG11306,FBgn0037108
CG18143,0.351704781,4.599768434,0.113883293,0.273622783,DhpD,FBgn0261436
7B2,0.240060135,8.476001031,0.114052735,0.273957035,7B2,FBgn0041707
CG2263,0.275978333,5.40711598,0.114090685,0.273975345,CG2263,FBgn0030007
CG9186,0.284543847,5.598445894,0.11414962,0.274044025,CG9186,FBgn0035206
Amy-p,-1.421019425,0.318659039,0.114361897,0.274480705,Amy-p,FBgn0000079
CG12038,0.363621594,4.556133416,0.114479556,0.274690122,CG12038,FBgn0035179
ash1,-0.255726744,5.902573752,0.114658789,0.275047132,ash1,FBgn0005386
CG17510,-0.252138523,6.284150699,0.114696236,0.275063923,Fis1,FBgn0039969
omd,0.316386631,5.028066425,0.114727002,0.275064685,omd,FBgn0038168
Tm1,-0.292697342,6.813921454,0.114761065,0.275073352,Tm1,FBgn0003721
CG31111,-0.699373025,2.027340739,0.114795495,0.275082892,CG31111,FBgn0051111
CG7881,1.137063789,0.952530914,0.115010897,0.275525972,CG7881,FBgn0033048
Sry-alpha,-0.860701439,1.756789569,0.11547672,0.276568581,Sry-alpha,FBgn0003510
Fkbp13,0.261553718,6.546343778,0.11563812,0.276881731,Fkbp14,FBgn0010470
Hsc70-4,0.25755638,11.20930628,0.115746294,0.277067308,Hsc70-4,FBgn0266599
CG4963,-0.272841976,7.709304086,0.115799263,0.277120672,mfrn,FBgn0039561
CG11166,0.245594479,6.418089672,0.116306538,0.278260928,Eaf,FBgn0033166
Smg5,0.238372416,7.367895292,0.116387569,0.278381068,Smg5,FBgn0019890
ash2,0.290598375,5.303896846,0.116444841,0.278444334,ash2,FBgn0000139
CG1847,0.307663445,5.311593363,0.116485518,0.278467894,CG1847,FBgn0030345
KdelR,0.225631652,6.86769673,0.116590388,0.278644858,KdelR,FBgn0267330
snmRNA-158,0.461808286,3.702325298,0.116776326,0.278915113,snmRNA:158,FBgn0065104
CG30496,0.4853409,3.550985503,0.116779756,0.278915113,CG30496,FBgn0050496
CG4966,0.234883298,6.133092033,0.116796089,0.278915113,HPS4,FBgn0034261
CG6405,-0.420997804,4.197041105,0.116915638,0.279126816,CG6405,FBgn0032428
beta-Cop,0.274212857,7.214507915,0.117030509,0.279327244,beta'COP,FBgn0025724
CG2608,-0.372188735,4.610256887,0.11714511,0.279526921,CG2608,FBgn0032870
CG31676,-0.294475998,7.297822341,0.11730404,0.279832242,CG31676,FBgn0051676
CG8067,0.461190816,3.594217042,0.117353094,0.279875357,CG8067,FBgn0033891
CG13204,0.301450061,5.107616458,0.117408301,0.27993312,CG13204,FBgn0033627
CG18178,-0.443109657,3.87816784,0.117478586,0.280026793,CG18178,FBgn0036035
Scm,-0.23605311,6.521260896,0.117568661,0.280167578,Scm,FBgn0003334
l-2-35Bd,0.547565357,3.357564842,0.117725281,0.280466821,l(2)35Bd,FBgn0001974
CG15356,0.329707598,4.716711225,0.118244845,0.281611756,CG15356,FBgn0031377
in,0.494846531,3.558601077,0.118268209,0.281611756,in,FBgn0001259
betaCop,0.25135887,7.378215538,0.118464608,0.282005077,betaCOP,FBgn0008635
CG5335,-0.432636561,3.86673535,0.118635018,0.282336343,CG5335,FBgn0034365
esc,-0.687250525,2.452096842,0.11878497,0.282583815,esc,FBgn0000588
CG1354,-0.235769636,6.470316633,0.118808486,0.282583815,CG1354,FBgn0030151
CG17127,0.781167041,1.816269779,0.118844556,0.282583815,CG17127,FBgn0032299
Tim8,-0.317477765,4.96437559,0.118864124,0.282583815,Tim8,FBgn0027359
Rad51C,0.717332708,1.758110041,0.118977988,0.282780096,Rad51C,FBgn0033389
svp,-0.864069726,3.140735803,0.119267132,0.28339276,svp,FBgn0003651
to,-0.349039551,11.80830119,0.119351919,0.283519653,to,FBgn0039298
Clk,0.265637334,5.640586879,0.119593555,0.284018973,Clk,FBgn0023076
Smg6,0.236938845,7.43761345,0.119787765,0.284331264,Smg6,FBgn0039260
CG31075,-0.300396028,7.835164494,0.119788,0.284331264,CG31075,FBgn0051075
CG32234,-0.398816871,4.122329142,0.119953874,0.284650196,axo,FBgn0262870
Neu3,-0.293557121,6.513666626,0.120186815,0.285050754,Meltrin,FBgn0265140
jbug,0.246083207,9.840116485,0.120199049,0.285050754,jbug,FBgn0028371
inv,0.305949648,5.08867831,0.12025636,0.285050754,inv,FBgn0001269
mRpL14,-0.392884772,4.103147285,0.120259511,0.285050754,mRpL14,FBgn0040389
Alh,-0.248925785,6.500272779,0.120280438,0.285050754,Alh,FBgn0261238
CG16941,0.28599506,5.344562252,0.120399831,0.285258869,CG16941,FBgn0266917
GstE4,0.240684054,11.38042102,0.120464253,0.285336671,GstE4,FBgn0063496
CG6276,0.298051127,5.226215506,0.120594042,0.285569221,CG6276,FBgn0038316
aux,-0.263417732,6.201704306,0.120930607,0.286265329,aux,FBgn0037218
CG3294,0.431571402,3.625024338,0.120967231,0.286265329,CG3294,FBgn0031628
CG11617,-0.857883728,1.101059477,0.120987489,0.286265329,CG11617,FBgn0031232
CG32281,-0.60177777,3.012938413,0.121014754,0.286265329,CG32281,FBgn0052281
CG8230,0.234016535,6.388867812,0.121271091,0.286796606,CG8230,FBgn0027607
HDAC6,0.259672141,7.392770798,0.121450599,0.287102981,HDAC6,FBgn0026428
rdgA,0.293308424,6.045774681,0.121464201,0.287102981,rdgA,FBgn0261549
CG4877,-0.326340128,4.636875705,0.121646613,0.287458934,RAF2,FBgn0036624
Nlp,0.285406904,5.867704264,0.121716126,0.287547982,Nlp,FBgn0016685
CG34113,-0.347577597,4.794224449,0.121806401,0.287686021,CG34113,FBgn0083949
CG7381,0.227246577,7.052700531,0.12220753,0.288552732,CG7381,FBgn0038098
CG30398,-1.100492787,0.262634269,0.122237249,0.288552732,CG30398,FBgn0050398
Nrg,-0.255605428,7.534122425,0.122329713,0.288695567,Nrg,FBgn0264975
CG7011,0.39811254,4.129032556,0.122832047,0.289758532,CG7011,FBgn0036489
CG5198,-0.391412034,3.925905795,0.122866781,0.289758532,holn1,FBgn0032250
imd,0.305070212,5.064659882,0.122876349,0.289758532,imd,FBgn0013983
CG10585,0.256409411,5.563180325,0.122945629,0.289773572,CG10585,FBgn0037044
lqf,-0.238287463,7.919928007,0.122946879,0.289773572,lqf,FBgn0028582
Map60,-0.397575134,3.883285174,0.12301334,0.289818657,Map60,FBgn0010342
spri,-0.235253815,6.596656751,0.123030169,0.289818657,spri,FBgn0085443
su-s-,0.231883535,6.549087093,0.123176948,0.290088777,su(s),FBgn0003575
sgg,-0.242597414,8.442825934,0.123266248,0.290223426,sgg,FBgn0003371
CG6842,0.233280023,7.128861138,0.12331401,0.290260232,Vps4,FBgn0027605
AlkB,-0.548195717,2.847848085,0.123458053,0.290427412,AlkB,FBgn0065035
CG7800,-0.588654956,2.817682246,0.123468066,0.290427412,CG7800,FBgn0037552
CG14814,-0.52424269,2.844036241,0.12348148,0.290427412,CG14814,FBgn0023515
skf,-0.255870587,6.175070757,0.123679222,0.290816785,metro,FBgn0050021
CG4866,0.51032411,2.984929755,0.123753988,0.290846305,CG4866,FBgn0034232
CG2292,-0.627422962,2.512000478,0.123756165,0.290846305,CG2292,FBgn0033479
Tsp42Ea,-0.229916248,6.308836325,0.124050104,0.291461285,Tsp42Ea,FBgn0029508
CG7110,-0.248570145,5.773347785,0.124246786,0.291847494,CG7110,FBgn0032521
rec,-0.720921431,1.561285516,0.124290858,0.291875127,rec,FBgn0003227
drongo,0.245410568,7.483887743,0.124573151,0.292462019,drongo,FBgn0020304
Fas2,-0.271369878,6.686521003,0.124657243,0.292546676,Fas2,FBgn0000635
CG10877,-0.770480939,1.419692481,0.124673976,0.292546676,CG10877,FBgn0038804
CG9990,-0.263448848,9.861152787,0.124718692,0.292575607,CG9990,FBgn0039594
CG13745,-0.602675845,2.917194952,0.124839076,0.292758803,FANCI,FBgn0033354
CG15368,0.770653615,1.501772202,0.124861597,0.292758803,CG15368,FBgn0030104
CG30387,-0.255431087,7.206151968,0.125123443,0.293227522,CG42672,FBgn0261554
A3-3,-0.320472456,5.821233091,0.125126422,0.293227522,Atf3,FBgn0028550
CG17593,0.242394064,6.414028929,0.125256727,0.293456761,CG17593,FBgn0031544
CG6680,0.248766346,7.24107933,0.12529974,0.293481424,Spn77Ba,FBgn0262057
PEK,0.234192881,6.598533462,0.125366169,0.293560905,PEK,FBgn0037327
CG14968,-0.403398568,3.829660829,0.125590912,0.29401096,CG14968,FBgn0035431
CG9149,0.341820143,4.575387982,0.125722762,0.294243377,CG9149,FBgn0035203
mRpS26,0.313626678,4.762161135,0.12584558,0.294381696,mRpS26,FBgn0036774
cm,0.341448913,4.548587039,0.125847034,0.294381696,cm,FBgn0000330
alphaTub84B,0.242291159,10.19634347,0.126177467,0.295078238,alphaTub84B,FBgn0003884
CG15449,0.90787193,1.193093309,0.126399264,0.295520432,CG15449,FBgn0031146
CG5276,0.306522991,4.778354875,0.126537749,0.295767666,CG5276,FBgn0037900
CG10019,-0.667577574,2.068506537,0.126706369,0.296085187,CG10019,FBgn0031568
CG8360,0.27691086,5.271129037,0.126771514,0.296160811,CG8360,FBgn0032001
CG10657,0.249001565,6.159442694,0.12702545,0.296677332,CG10657,FBgn0036289
Grip,-0.521973242,2.844035957,0.127216839,0.297047537,Grip,FBgn0029830
Tsp74F,0.240443589,8.596568151,0.127424432,0.297455381,Tsp74F,FBgn0036769
CG3626,0.237447724,6.072794151,0.127483092,0.297500447,CG3626,FBgn0029706
gfzf,0.275775478,5.426797759,0.1275096,0.297500447,gfzf,FBgn0250732
UbcD10,-0.268001554,6.344947824,0.127560428,0.297542191,Ubc10,FBgn0026316
bhr,-0.229784085,6.109105106,0.127852017,0.298126845,akirin,FBgn0082598
CG17840,0.312958901,4.86318581,0.127877078,0.298126845,CG17840,FBgn0031611
JhI-26,0.242007406,7.21266515,0.127934174,0.298183006,JhI-26,FBgn0028424
CG31116,-0.264268896,6.187579016,0.127978994,0.298210533,ClC-a,FBgn0051116
CG4041,0.297680759,5.219395189,0.128096163,0.298406584,CG4041,FBgn0029736
CG8058,-0.238886278,8.75503512,0.128162795,0.298416549,Hydr1,FBgn0033382
CG32533,0.363405203,4.38836808,0.128166505,0.298416549,CG32533,FBgn0052533
PpV,0.268902518,5.51705244,0.128289524,0.298626014,PpV,FBgn0003139
CG3808,-0.526133,3.024041609,0.128548549,0.299151878,CG3808,FBgn0036838
Elp3,0.405121628,4.393924396,0.128681458,0.299368896,Elp3,FBgn0031604
CG34265,-1.191761182,1.033579283,0.12870808,0.299368896,CG34265,FBgn0085294
eIF3-S8,0.250301175,8.260117404,0.128919645,0.299783804,eIF3-S8,FBgn0034258
Ada,0.66509456,1.730771263,0.129143319,0.300193778,Ada,FBgn0037661
Prx2540-1,-0.701036571,1.908374867,0.12916241,0.300193778,Prx2540-1,FBgn0033520
CG14079,0.328205665,4.792866834,0.129221469,0.300253793,CG14079,FBgn0036849
CG34413,-0.244405106,7.187814926,0.129333987,0.300437964,NKAIN,FBgn0085442
CG7772,0.2844254,5.954334707,0.129405737,0.300527359,CG7772,FBgn0030883
CG15717,0.442258378,3.561109712,0.129481932,0.300627029,CG15717,FBgn0030451
iHog,-0.474445404,3.412247012,0.129748368,0.301168233,ihog,FBgn0031872
CG3071,0.390013173,3.992005705,0.12983273,0.301240346,CG3071,FBgn0023527
l-1-G0193,0.233858491,7.278617913,0.129846126,0.301240346,l(1)G0193,FBgn0027280
CG6938,0.237535977,7.827981697,0.129925081,0.301346132,CG6938,FBgn0036235
YL-1,0.367409467,4.05511522,0.130137807,0.301686031,YL-1,FBgn0032321
CG42238,-0.639421686,2.242165488,0.130138417,0.301686031,CG42238,FBgn0250867
CG10600,-0.229114513,6.53717772,0.130221144,0.301800363,CG10600,FBgn0032717
Bsg25D,-0.225339545,6.761958178,0.130424211,0.302193466,Bsg25D,FBgn0000228
Pink1,0.253926708,8.11325394,0.130680137,0.302708809,Pink1,FBgn0029891
e-y-2,0.422858125,3.548793622,0.130718919,0.302721024,e(y)2,FBgn0000618
Atg4,0.226700681,6.050495167,0.130904986,0.30307423,Atg4a,FBgn0031298
CG10627,0.340686847,4.486206361,0.130970239,0.30311092,nst,FBgn0036298
Hil,0.278518552,6.319752121,0.130987938,0.30311092,Hil,FBgn0050147
CG5337,-0.248420855,5.858563926,0.131061701,0.303203946,CG5337,FBgn0032249
eca,0.328451891,4.558013371,0.131335187,0.303758852,eca,FBgn0069242
mRpL48,0.329638177,4.650990854,0.13139066,0.303809373,mRpL48,FBgn0031357
Tcp-1eta,0.257982178,6.25904144,0.131466827,0.303907705,Tcp-1eta,FBgn0037632
xmas-2,-0.45515584,3.697335987,0.131550715,0.304009057,xmas-2,FBgn0028974
CSN1b,0.2419725,5.797854257,0.131577973,0.304009057,CSN1b,FBgn0027057
CG11265,-0.242986467,5.743220819,0.131648192,0.304093522,Trf4-1,FBgn0030049
Lig4,0.322395775,4.7919595,0.132055722,0.304848611,Lig4,FBgn0030506
Spec2,-0.452979225,3.927711665,0.132098156,0.304848611,Spec2,FBgn0044823
CG13089,-0.384536227,4.17427891,0.132099052,0.304848611,PIG-U,FBgn0032052
Nha2,-0.908516639,2.261500649,0.132118307,0.304848611,Nha2,FBgn0263390
CG14763,-0.766366931,1.707438065,0.132147545,0.304848611,CG14763,FBgn0033243
CG9007,-0.266633686,7.61878756,0.132177553,0.304848611,upSET,FBgn0036398
l-2-35Df,0.323216823,4.770084857,0.132241362,0.304917934,l(2)35Df,FBgn0001986
Nopp140,-0.279355836,5.537277165,0.132297833,0.304970305,Nopp140,FBgn0037137
Tao-1,-0.239164775,7.47750599,0.132554774,0.305484651,Tao,FBgn0031030
CG4390,0.23721218,5.939454974,0.132639484,0.305574792,CG4390,FBgn0038771
scra,-0.616289693,2.512518053,0.132661538,0.305574792,scra,FBgn0261385
dpr17,-0.527083853,2.647468846,0.132736851,0.305670332,dpr17,FBgn0051361
CG11048,-0.623107213,2.686848874,0.132809701,0.30567921,Efhc1.2,FBgn0034487
CG32767,-0.248023924,5.706118128,0.132812879,0.30567921,CG32767,FBgn0052767
CG11963,-0.239654565,7.852769017,0.132842216,0.30567921,skap,FBgn0037643
Drl-2,-0.343357967,4.859806114,0.133035056,0.306044996,Drl-2,FBgn0033791
CG31473,0.821991507,1.031034048,0.133214385,0.306307454,CG31473,FBgn0051473
CG9634,-0.358326984,4.531597425,0.133216957,0.306307454,CG9634,FBgn0027528
CG7529,0.693049168,1.988026241,0.133477026,0.306827342,Est-Q,FBgn0037090
smo,-0.419594599,3.789878296,0.133655482,0.307159406,smo,FBgn0003444
CG12159,0.362886929,4.49983163,0.133820941,0.307433917,CG12159,FBgn0033232
Vps16A,0.287347558,5.448960834,0.133842993,0.307433917,Vps16A,FBgn0261241
mRpL3,-0.327897292,4.660924619,0.134556436,0.308940441,mRpL3,FBgn0030686
CG11807,0.257785719,5.430872215,0.134567261,0.308940441,CG11807,FBgn0033996
Rb97D,-0.250583656,5.711879186,0.134820201,0.309418115,Rb97D,FBgn0004903
rdo,-0.580545702,3.094272644,0.134843826,0.309418115,rdo,FBgn0243486
CG1115,0.273504608,5.482302053,0.134923761,0.309522919,Vps37B,FBgn0037299
cnn,0.231013924,6.801382343,0.13516933,0.310007547,cnn,FBgn0013765
CG5555,0.264228544,5.377066796,0.135473186,0.310625573,CG5555,FBgn0038686
CG8060,-0.297700657,4.971058149,0.135510228,0.310631667,CG8060,FBgn0034113
CG14977,0.395919294,4.552712723,0.135643368,0.310857988,CG14977,FBgn0035469
Teh4,0.328110895,5.25822243,0.135870926,0.311300518,Teh4,FBgn0035504
hbs,-0.704325891,2.938711414,0.136075887,0.311691065,hbs,FBgn0029082
CG4707,0.414265997,3.818266962,0.136162618,0.311810671,CG4707,FBgn0035036
MESR4,-0.225408616,6.59275738,0.136216245,0.311854425,MESR4,FBgn0034240
CG12736,0.303606575,4.862090997,0.136970582,0.313444769,CG12736,FBgn0033184
CTCF,-0.294757433,5.267226522,0.136980291,0.313444769,CTCF,FBgn0035769
dei,-0.603423895,3.24119527,0.137070731,0.313523714,tx,FBgn0263118
CG5966,-0.589682066,2.20109946,0.137084201,0.313523714,CG5966,FBgn0029831
CG32062,-0.413939397,4.000773944,0.137151942,0.313599253,A2bp1,FBgn0052062
mor,0.233813044,6.715115746,0.137472877,0.314253534,mor,FBgn0002783
CG13436,-0.731117961,1.839362242,0.137626825,0.314525863,CG13436,FBgn0034532
CG34125,0.360669081,4.595239435,0.137870766,0.315003666,CG34125,FBgn0083961
foxo,-0.267692277,6.056035629,0.137983995,0.315135362,foxo,FBgn0038197
eIF3-S9,0.249696042,7.910770556,0.138008928,0.315135362,eIF3-S9,FBgn0034237
MESR3,-0.232026374,6.984135306,0.138033056,0.315135362,MESR3,FBgn0032694
ome,0.280769783,5.561359683,0.138272018,0.315601164,ome,FBgn0259175
CG18273,0.362539148,4.207240122,0.138350808,0.315701239,CG18273,FBgn0029525
LanA,-0.884869149,3.459053037,0.138404959,0.31574505,LanA,FBgn0002526
CG11882,-0.614819382,2.322007645,0.138527248,0.315944246,CG11882,FBgn0039642
CG11790,-0.248867374,5.911091842,0.13857737,0.315978789,CG11790,FBgn0039265
CG31104,0.883171741,1.389361738,0.138641342,0.316044887,CG31104,FBgn0051104
Rep2,-0.407490109,4.258134552,0.138758264,0.316231624,Drep-2,FBgn0028408
CG3038,-0.534698187,2.525020564,0.138886379,0.316443769,CG3038,FBgn0040373
Pgant35A,0.358394508,4.545802155,0.138935207,0.316475204,Pgant35A,FBgn0001970
nopo,-0.719323963,1.806052562,0.139086576,0.316740138,nopo,FBgn0034314
Chd64,0.293554201,6.328173753,0.139153066,0.316811694,Chd64,FBgn0035499
CG5691,0.485880852,4.014640391,0.139205717,0.316851713,mv,FBgn0265988
l-3-mbt,-0.231579451,6.466136537,0.139251948,0.316877102,l(3)mbt,FBgn0002441
CG18869,-0.57943724,3.34202008,0.139412918,0.317133836,CG18869,FBgn0042179
CG3156,0.326337846,4.698920771,0.139466814,0.317133836,CG3156,FBgn0023536
Hsp83,0.345888863,9.813385237,0.139470083,0.317133836,Hsp83,FBgn0001233
Srp19,0.29482121,5.078661828,0.139823937,0.317858441,Srp19,FBgn0015298
CG2051,-0.34264336,4.432253281,0.14022699,0.318527229,CG2051,FBgn0037376
mus210,-0.229593945,6.031131997,0.140235407,0.318527229,mus210,FBgn0004698
CG6867,0.228301569,6.645910964,0.14025947,0.318527229,CG6867,FBgn0030887
CG10581,0.502933461,2.993624653,0.140275346,0.318527229,CG10581,FBgn0037046
CG10462,-0.276181817,5.063951362,0.140294426,0.318527229,CG10462,FBgn0032815
CG3040,-0.275931194,5.119962571,0.140410887,0.318711546,CG3040,FBgn0029925
CG9170,-0.245874914,7.569941378,0.140468168,0.318761474,CG9170,FBgn0030716
CG18356,-0.991464862,0.618408433,0.140598106,0.318976215,CG42663,FBgn0261545
CG11362,-1.092155108,0.556338742,0.140828958,0.319419736,CG11362,FBgn0034737
CG3085,-0.909615849,1.103862209,0.140874618,0.319443097,CG3085,FBgn0034816
CG3287,-0.238989591,6.675316382,0.140956132,0.319547727,koi,FBgn0265003
Picot,-0.314946555,8.507592288,0.141204114,0.320029594,Picot,FBgn0024315
CG8191,0.575225367,2.80332449,0.141392562,0.320376325,CG8191,FBgn0030675
z,0.238087445,5.929189531,0.141645086,0.320868031,z,FBgn0004050
CG9065,0.229483696,6.092216722,0.141743904,0.320951682,CG9065,FBgn0030610
CG32756,-0.46724586,3.227290514,0.141762869,0.320951682,CG32756,FBgn0052756
snRNP70K,-0.232940601,5.759765441,0.141788594,0.320951682,snRNP-U1-70K,FBgn0016978
CG32109,-0.402049477,3.721218915,0.1418265,0.320957064,CG32109,FBgn0052109
qua,0.316709133,4.904758364,0.141990451,0.321169535,qua,FBgn0003187
CG7358,0.23680873,6.740104735,0.142012927,0.321169535,CG7358,FBgn0030974
I-2,-0.241162855,5.554611024,0.142027041,0.321169535,I-2,FBgn0028429
sca,-0.646892556,2.053165972,0.142133266,0.32132931,sca,FBgn0003326
CG8097,-0.661498976,2.119321048,0.142339662,0.321715412,CG8097,FBgn0030660
Shab,-0.24858895,6.101366126,0.142634424,0.322300997,Shab,FBgn0262593
CG1942,-0.434622434,3.900211389,0.142759386,0.32245751,CG1942,FBgn0033215
CG4674,-0.338978662,4.394059981,0.142775076,0.32245751,Leash,FBgn0037856
CG6005,-0.409606877,3.906400934,0.142919649,0.322703352,CG6005,FBgn0038672
eIF2B-alpha,0.318598304,4.641371161,0.142964967,0.322725014,eIF2B-alpha,FBgn0039726
CG3214,-0.237843376,6.912921249,0.143399333,0.323547958,CG3214,FBgn0031436
CG1598,0.252078465,6.10157625,0.143401154,0.323547958,CG1598,FBgn0033191
CG31347,-0.550670756,2.32292232,0.143472367,0.32359563,CG31347,FBgn0051347
Prp18,0.451494319,3.411636869,0.143497794,0.32359563,Prp18,FBgn0027784
yellow-d,0.828799077,3.714539766,0.143529742,0.32359563,yellow-d,FBgn0041712
CG34273,-0.907281547,1.977544768,0.143827347,0.324185691,CG34273,FBgn0085302
CG34352,0.288950288,9.583601932,0.144351132,0.32528514,mgl,FBgn0261260
CG13027,-0.838992707,1.132009426,0.144423943,0.325297523,Obp73a,FBgn0036681
CG34423,0.315440777,5.125371063,0.144428643,0.325297523,CG34423,FBgn0085452
CG33469,0.947393144,0.607611542,0.144477092,0.325298017,CG33469,FBgn0053469
CG9977,-0.232280921,7.209205974,0.144500879,0.325298017,CG9977,FBgn0035371
CG9360,0.237154913,7.025903738,0.144554485,0.325337623,CG9360,FBgn0030332
CkIIalpha-i1,-0.532972163,2.686428864,0.144644899,0.325384642,CkIIalpha-i1,FBgn0015025
DAT,-0.749414092,1.687706067,0.144647412,0.325384642,DAT,FBgn0034136
CG4567,-0.345934379,4.487415957,0.144829827,0.325713881,ico,FBgn0263133
sxe2,-0.31682042,8.442459796,0.145104361,0.326250075,sxe2,FBgn0038398
l-3-01239,-0.271633164,5.135521633,0.145329575,0.32666701,l(3)01239,FBgn0010741
Act42A,-0.42655072,4.609190604,0.145362119,0.32666701,Act42A,FBgn0000043
CG11419,0.464909317,3.578216259,0.145719581,0.327388881,APC10,FBgn0034231
CG3529,0.220460262,6.612343276,0.145829815,0.327555083,CG3529,FBgn0035995
CG6059,1.061872705,0.449643044,0.14601924,0.327899033,CG6059,FBgn0039491
trx,-0.250899448,7.921983888,0.146095894,0.327989639,trx,FBgn0003862
CG10590,-0.265083534,5.595352135,0.146442762,0.328563362,CG10590,FBgn0035622
CG33256,0.776051719,1.810197368,0.146464405,0.328563362,Lmpt,FBgn0261565
Cyp12e1,0.41455666,3.626435167,0.146487395,0.328563362,Cyp12e1,FBgn0037817
CG13252,0.278787059,5.203119048,0.146497433,0.328563362,CG13252,FBgn0037016
Mocs1,-0.221205449,8.513209581,0.146533295,0.328563362,Mocs1,FBgn0263241
CG32778,0.357121905,4.200220507,0.146677732,0.328744211,CG43689,FBgn0263772
CG31414,-0.849736088,2.233520316,0.146686729,0.328744211,CG31414,FBgn0051414
CG10470,-0.32182688,4.807839526,0.146993902,0.32935092,CG10470,FBgn0032746
CG8012,0.367699515,4.063263699,0.147314429,0.329987243,CG8012,FBgn0040832
Pc,-0.324953366,4.424834196,0.147351528,0.329988525,Pc,FBgn0003042
CG10126,0.235206676,8.844978713,0.147443085,0.330111729,CG10126,FBgn0038088
CG34246,-0.518904728,2.750559124,0.147707875,0.330622633,Hsc20,FBgn0263606
slv,0.329313118,4.552598492,0.147808441,0.330676915,slv,FBgn0025469
CG7422,-0.407395292,5.693992709,0.147882768,0.330676915,Snmp2,FBgn0035815
CG16899,-0.64999959,2.926587419,0.147898464,0.330676915,FoxP,FBgn0262477
CG14439,0.27211845,8.027019505,0.147905074,0.330676915,CG14439,FBgn0029898
Rsf1,-0.219766795,6.563920554,0.147915144,0.330676915,Rsf1,FBgn0011305
Lsm10,-0.940442851,0.963918094,0.147985003,0.330720788,Lsm10,FBgn0033554
beta4GalT7,-0.498736187,3.417506275,0.148007986,0.330720788,beta4GalT7,FBgn0039258
amn,-0.82846978,1.161463322,0.14806355,0.330763134,amn,FBgn0086782
nbs,-0.287991879,4.798272513,0.148344599,0.33130905,nbs,FBgn0261530
CG2852,0.238315603,6.484502597,0.148424075,0.331355356,CG2852,FBgn0034753
CG31636,-0.865793864,1.244576911,0.14843869,0.331355356,CG31636,FBgn0051636
CG18262,0.524775256,2.694044881,0.148604675,0.331643932,CG18262,FBgn0030012
mip40,-0.387087699,4.078494764,0.148657646,0.33168021,mip40,FBgn0034430
CG12121,-0.22359536,6.373348868,0.148702883,0.33169922,CG12121,FBgn0030109
mei-P26,-0.305897794,4.907801105,0.149306957,0.332964466,mei-P26,FBgn0026206
mbl,-0.262940275,6.575744912,0.149404602,0.333099995,mbl,FBgn0265487
CG1637,0.231154485,7.471760387,0.149472494,0.333169136,CG1637,FBgn0030245
CG7386,-0.58403101,2.570828668,0.149706961,0.333609444,CG7386,FBgn0035691
wun2,-0.762282126,2.458387929,0.149765933,0.333658554,wun2,FBgn0041087
CG12868,0.383690167,4.729831386,0.150177024,0.334491922,CG12868,FBgn0033945
tra,0.413160239,3.786441811,0.150368863,0.334621746,tra,FBgn0003741
CG4484,0.4957045,3.788042982,0.150369102,0.334621746,Slc45-1,FBgn0035968
Trn,-0.225236801,6.510905865,0.150371352,0.334621746,Trn,FBgn0024921
hdc,0.30731013,4.614794779,0.150383472,0.334621746,hdc,FBgn0010113
tamo,0.214969139,6.946234977,0.150475471,0.334662609,tamo,FBgn0041582
CG8142,0.555318051,2.311086465,0.150475926,0.334662609,CG8142,FBgn0030871
CG34163,-0.587264413,2.258476552,0.150734698,0.335155614,CG34163,FBgn0085192
CG13622,0.540013231,2.815243524,0.150780777,0.335173095,CG13622,FBgn0039202
Mtl,-0.345064321,4.215901241,0.150816762,0.335173095,Mtl,FBgn0039532
CG5516,0.409560164,3.383928416,0.150868206,0.33520496,CG5516,FBgn0038389
CG4165,0.256123779,5.452231472,0.150950176,0.33530462,CG4165,FBgn0029763
CG5708,-0.243664943,5.528804291,0.15099152,0.335314009,CG5708,FBgn0032196
CG10289,-0.244689938,5.560088089,0.151143002,0.335485001,CG10289,FBgn0035688
CG3714,-0.272727586,7.668556508,0.15116534,0.335485001,CG3714,FBgn0031589
aay,-0.268163755,8.767083183,0.151202525,0.335485001,aay,FBgn0023129
htt,0.227400047,7.212605347,0.15121706,0.335485001,htt,FBgn0027655
CG33145,-0.341122065,4.218961921,0.151315586,0.335621166,CG33145,FBgn0053145
gammaCop,0.212556703,6.833617966,0.151431354,0.335795495,gammaCOP,FBgn0028968
Fit1,0.22454026,6.810914293,0.151955375,0.336874811,Fit1,FBgn0035498
Aats-trp,-0.279474326,5.227295133,0.152114078,0.337143912,Aats-trp,FBgn0010803
CG5792,-0.23288573,5.816040509,0.152210928,0.337275821,Pih1D1,FBgn0032455
CG32654,0.222052832,7.70917935,0.152399145,0.337454238,Sec16,FBgn0052654
png,-1.069940454,0.557105492,0.15243129,0.337454238,png,FBgn0000826
FKBP59,0.214890731,6.014602906,0.152439799,0.337454238,FKBP59,FBgn0029174
jumu,-0.469659943,3.496974332,0.152483649,0.337454238,jumu,FBgn0015396
mRpL50,0.375430447,3.817857633,0.152535259,0.337454238,mRpL50,FBgn0028648
CG3585,-0.219503081,8.625545805,0.152539814,0.337454238,Rbcn-3A,FBgn0023458
jeb,-0.451196139,4.686891892,0.152563482,0.337454238,jeb,FBgn0086677
C15,0.820019503,1.02367176,0.152590277,0.337454238,C15,FBgn0004863
CG3702,0.215522802,6.898824992,0.152762654,0.33769201,CG3702,FBgn0031590
CG11755,-0.784497667,1.575739304,0.152813631,0.33769201,CG11755,FBgn0037611
CG11266,0.223689221,7.656387236,0.152839543,0.33769201,Caper,FBgn0031883
CG9410,-0.59928659,2.371977245,0.152847313,0.33769201,CG9410,FBgn0033086
CG8498,-0.268861906,5.190442832,0.153019228,0.33798917,CG8498,FBgn0031992
CG32576,-0.392480164,3.979903018,0.153061638,0.338000205,CG32576,FBgn0052576
Or33c,-0.993491555,0.621999776,0.153176792,0.338171833,Or33c,FBgn0026390
CG3797,0.219331933,5.790916622,0.153302234,0.338366084,CG3797,FBgn0036842
CG3542,-0.287308873,4.941540354,0.153403984,0.338426506,CG3542,FBgn0031492
CG10131,1.108503813,0.526710011,0.153452796,0.338426506,CG10131,FBgn0033949
CG13807,0.37736217,4.031348623,0.15347204,0.338426506,CG13807,FBgn0035323
CG33757,-0.742008967,2.03589993,0.153479455,0.338426506,CG33757,FBgn0053757
CG13139,0.250324016,5.408428339,0.153642656,0.338703697,lft,FBgn0032230
skpA,-0.225580185,7.595387997,0.153882174,0.339119548,skpA,FBgn0025637
CG31065,-0.87134294,0.830597276,0.15390637,0.339119548,ppk31,FBgn0051065
CG9536,0.240665214,5.535359999,0.154024918,0.339298003,CG9536,FBgn0031818
CG14060,-0.272993006,5.074029289,0.154245195,0.339700412,Exn,FBgn0261547
CG11984,0.216631184,7.324816706,0.15443967,0.340045814,CG11984,FBgn0037655
drosha,-0.263868705,5.112527019,0.15468199,0.340496369,drosha,FBgn0026722
CG14879,-0.419677283,4.167477921,0.154965464,0.341037272,CG14879,FBgn0038419
CG34422,0.219000487,6.685271715,0.155123628,0.341302206,CG34422,FBgn0085451
Prat,0.280949704,4.943363971,0.155203816,0.341368378,Prat,FBgn0004901
CG4729,0.210560161,6.313297582,0.155229278,0.341368378,CG4729,FBgn0036623
CG7637,0.621615294,1.899570769,0.155356417,0.341564826,CG7637,FBgn0033548
ppk19,-0.559883282,2.449076063,0.155658726,0.34208673,ppk19,FBgn0039679
CG14024,0.466893777,3.369559535,0.155669532,0.34208673,CG14024,FBgn0031697
CG32394,-0.228598355,6.512144382,0.15571033,0.342093172,dikar,FBgn0261934
CG4848,0.265275491,5.215209268,0.155905933,0.34243963,CG4848,FBgn0037998
Ost48,0.252894145,7.045010034,0.155964291,0.342484542,Ost48,FBgn0014868
CG1244,-0.865505826,0.980138944,0.156085591,0.342667613,MEP-1,FBgn0035357
wus,-0.930022245,0.899359259,0.156230282,0.342901936,wus,FBgn0030805
Tsp39D,-0.229515841,7.32481872,0.156325822,0.343028292,Tsp39D,FBgn0032943
Rbf,0.226219059,6.188974403,0.156451914,0.343151687,Rbf,FBgn0015799
CG12096,0.269798758,5.000019678,0.156458025,0.343151687,CG12096,FBgn0030457
stj,-0.239313724,6.114212841,0.15665799,0.343506864,stj,FBgn0261041
CG10417,-0.232741344,6.315882407,0.156830564,0.343736245,CG10417,FBgn0033021
rha,-0.506739778,3.140187751,0.156838699,0.343736245,rha,FBgn0027376
CG11877,0.304406515,5.037572464,0.156953613,0.343791835,Atg14,FBgn0039636
CG9384,-0.228015165,7.74163271,0.156987355,0.343791835,CG9384,FBgn0036446
CG18268,-0.472573044,2.986936224,0.156991372,0.343791835,CG18268,FBgn0037520
CG7294,1.103138637,0.451667999,0.157016284,0.343791835,CG7294,FBgn0032284
CG6192,-0.241240031,5.987256885,0.157142747,0.343957574,Reps,FBgn0032341
ETHR,0.431492555,5.082855655,0.157168127,0.343957574,ETHR,FBgn0038874
CG15387,-0.76954143,1.252206249,0.157378983,0.344213656,CG15387,FBgn0031403
CG8312,-0.232254527,9.542950907,0.157398567,0.344213656,CG8312,FBgn0037720
CG10189,0.413469343,3.572348358,0.157399448,0.344213656,CG10189,FBgn0032793
pygo,-0.25609827,5.488452374,0.157639596,0.344581761,pygo,FBgn0043900
sli,-0.251677789,6.518170309,0.157644058,0.344581761,sli,FBgn0264089
CG14657,-0.263875204,5.080497191,0.157923633,0.345109362,CG14657,FBgn0037282
Hlc,0.243530298,6.56672755,0.157996744,0.345185631,Hlc,FBgn0001565
CG31495,-0.625353004,2.267850122,0.158040913,0.345198647,CG31495,FBgn0051495
CG33054,0.324988551,4.405719575,0.158097579,0.345238948,CG33054,FBgn0053054
CG2063,0.330671665,4.642800439,0.158295929,0.345470626,CG2063,FBgn0033400
l-1-G0269,-0.232975048,5.466940798,0.158316608,0.345470626,Dd,FBgn0029067
Opbp,0.345505843,4.252225374,0.158318396,0.345470626,Opbp,FBgn0050443
CG12007,0.273082404,5.179772883,0.158571711,0.34593983,CG12007,FBgn0037293
CG17361,-0.649453322,2.449819325,0.158619997,0.345961626,CG17361,FBgn0036395
CG6370,0.222674167,7.432341743,0.159153207,0.34704081,OstDelta,FBgn0034277
CG17033,0.270719522,4.987188795,0.159241599,0.347107144,elgi,FBgn0036546
CG5037,-0.214129211,6.684716927,0.159297722,0.347107144,CG5037,FBgn0032222
CG5033,0.343300565,4.140783825,0.159298895,0.347107144,CG5033,FBgn0028744
Cyp4ae1,-0.421323686,3.428119149,0.159627157,0.347738543,Cyp4ae1,FBgn0015036
CG32801,-0.596617475,2.364371683,0.159703454,0.347820879,CG32801,FBgn0052801
CG10307,0.417342803,3.992330726,0.159840837,0.348036183,CG10307,FBgn0034655
KH1,0.405663691,3.477225744,0.160199922,0.348733999,Dbp21E2,FBgn0086130
gd,-0.894906313,0.56396672,0.160285422,0.348836064,gd,FBgn0000808
yellow-d2,-0.64889736,2.383284617,0.1603751,0.34894717,yellow-d2,FBgn0034856
Sce,0.337598416,4.489049138,0.160793386,0.34966079,Sce,FBgn0003330
RpS10b,0.231560228,9.458544339,0.160799094,0.34966079,RpS10b,FBgn0261593
mrj,-0.214695749,6.322859122,0.160819192,0.34966079,mrj,FBgn0034091
CG15618,0.358039516,4.44538104,0.161071505,0.35009958,CG15618,FBgn0031077
CG2211,0.354088622,4.023668264,0.161133111,0.35009958,CG2211,FBgn0035211
CG15240,-0.734009943,1.715342722,0.161176381,0.35009958,CG42541,FBgn0260658
CG9791,-0.330665636,4.269531249,0.161178487,0.35009958,CG9791,FBgn0037232
Pabp2,-0.259471181,5.891341949,0.161214772,0.35009958,Pabp2,FBgn0005648
Cyp4p3,0.409909838,3.393857176,0.161530963,0.350663733,Cyp4p3,FBgn0033397
aPKC,0.222118622,5.957171434,0.161552187,0.350663733,aPKC,FBgn0261854
CG8520,-0.223776238,5.958305812,0.161785341,0.35108546,CG8520,FBgn0033734
CG14778,0.618578412,2.256243314,0.162045572,0.35156573,CG14778,FBgn0029580
CG2182,0.207234864,6.988538909,0.162287913,0.352006965,CG2182,FBgn0037360
BBS8,0.228146621,6.265340521,0.162354249,0.352057636,BBS8,FBgn0031255
Bzd,0.340935004,4.066728003,0.162389215,0.352057636,Bzd,FBgn0011566
alien,0.236547552,5.850205249,0.162444678,0.352093383,alien,FBgn0013746
crn,0.241415337,5.565907811,0.162747067,0.352664189,crn,FBgn0000377
Pkcdelta,0.71523721,3.289249639,0.162909663,0.352856508,Pkcdelta,FBgn0259680
CG34439,-0.223332835,6.113664501,0.162913935,0.352856508,CG34439,FBgn0085468
CG3860,-0.203982386,6.832697282,0.16297553,0.352905307,CG3860,FBgn0034951
CG9850,-0.394395017,5.273247778,0.163362062,0.353655295,CG9850,FBgn0034903
CG3781,0.321769661,4.413112413,0.163400177,0.353655295,CG3781,FBgn0029853
CG4594,-0.586944258,2.866156825,0.163559189,0.353833984,CG4594,FBgn0032161
lack,-0.214232096,7.449289757,0.163561071,0.353833984,Smurf,FBgn0029006
CG7058,-0.298260711,4.598189817,0.163702725,0.354055643,CG7058,FBgn0030961
p130CAS,0.237909598,5.590610271,0.163941249,0.354486655,p130CAS,FBgn0035101
CG10467,0.280647692,5.119108391,0.164409679,0.355414464,CG10467,FBgn0035679
Or13a,-0.336586519,4.641330028,0.164473897,0.355433671,Or13a,FBgn0030715
CG1399,-0.21516581,6.346841623,0.164497252,0.355433671,CG1399,FBgn0033212
CG14621,0.314511209,4.452946686,0.164623582,0.355621578,CG14621,FBgn0031183
14-3-3epsilon,-0.209621042,8.523525507,0.165116956,0.3566021,14-3-3epsilon,FBgn0020238
tef,-0.556843046,2.495935374,0.165380217,0.35694657,tef,FBgn0086350
sced,-0.29841126,4.5749439,0.165382109,0.35694657,sced,FBgn0013732
CG6116,0.23751819,5.492100073,0.16539499,0.35694657,Uvrag,FBgn0032499
dpr11,-0.307935015,5.297545574,0.165573249,0.357245936,dpr11,FBgn0053202
CG8176,-0.201054667,6.823641132,0.165927626,0.357925065,CG8176,FBgn0037702
NHP2,0.412242024,3.443604779,0.165988853,0.357936228,NHP2,FBgn0029148
CG7849,0.402175107,3.660952558,0.166012043,0.357936228,CG7849,FBgn0033060
CG13578,0.247170782,7.5871187,0.166055658,0.357944837,CG13578,FBgn0035000
CG15096,0.395911981,6.551661335,0.166397903,0.358597007,CG15096,FBgn0034394
poe,0.225196899,9.223723692,0.166517383,0.35876891,poe,FBgn0011230
CG11876,-0.244503417,8.062504319,0.166782989,0.359255489,CG11876,FBgn0039635
CG7988,-0.667525913,2.151245954,0.167183893,0.360033203,CG7988,FBgn0038582
CG15819,-0.259611207,5.530875981,0.16727621,0.360082284,Ziz,FBgn0260486
CG8503,0.973673861,0.937799094,0.167286401,0.360082284,CG8503,FBgn0033917
CG14375,-0.538967246,3.355402895,0.16779759,0.361096578,CCHa2,FBgn0038147
CG7816,0.219365641,6.164463808,0.167893993,0.361217987,Zip99C,FBgn0039714
Stim,0.209573315,7.199796058,0.168512376,0.362462096,Stim,FBgn0045073
tsh,0.837563798,1.223233766,0.168616586,0.362599915,tsh,FBgn0003866
Tsp42Ef,-0.224107115,9.819191243,0.16888203,0.363084308,Tsp42Ef,FBgn0033127
CG11967,0.312024781,4.829061418,0.16897439,0.363196441,CAHbeta,FBgn0037646
Cyp9h1,0.809918872,2.302695584,0.169261529,0.363700601,Cyp9h1,FBgn0033775
Mi-2,0.227485308,7.852342901,0.169289465,0.363700601,Mi-2,FBgn0262519
CG8270,-0.370382317,3.995445826,0.169439641,0.36393669,CG8270,FBgn0035703
E-Pc-,-0.211175686,7.299520729,0.169622331,0.364242487,E(Pc),FBgn0000581
syd,-0.208784676,7.187847277,0.16995051,0.364860481,syd,FBgn0024187
CG9114,-0.52834229,3.15738348,0.170048377,0.364983852,CG9114,FBgn0030628
und,0.207843482,6.688734715,0.17013455,0.365037907,und,FBgn0025117
CG14314,0.206524158,6.264366569,0.170165425,0.365037907,CG14314,FBgn0038581
Dnz1,0.328964112,4.5229858,0.170194782,0.365037907,Dnz1,FBgn0027453
CG12400,-0.209090548,6.754448485,0.170425142,0.365445225,CG12400,FBgn0031505
CG8326,0.464594759,3.48069566,0.170748829,0.366052426,CG8326,FBgn0030851
CG6310,0.681694141,1.895041483,0.170800333,0.366075968,CG6310,FBgn0036121
CG5890,0.427008217,3.197750061,0.170991477,0.366349247,CG5890,FBgn0039380
Mob4,-0.22555718,6.468083298,0.171013311,0.366349247,Mob4,FBgn0259483
CG11247,-0.230883307,5.525729503,0.171049493,0.366349247,CG11247,FBgn0037120
Gr93a,-0.572026853,2.656352169,0.171222909,0.366633742,Gr93a,FBgn0041229
CG10077,-0.25285886,9.87188851,0.171315041,0.366744095,CG10077,FBgn0035720
Ndg,1.21758905,1.907876069,0.171426361,0.366820451,Ndg,FBgn0026403
CG34136,-0.624830432,2.331438675,0.171431918,0.366820451,CG34136,FBgn0083972
CG30491,0.366434485,3.924962283,0.171515401,0.366912179,CG30491,FBgn0050491
CG14985,0.45238102,3.452287887,0.171557713,0.36691581,CG14985,FBgn0035482
CG6016,0.217277014,7.860222302,0.171654705,0.367036356,bbc,FBgn0033844
ssp3,-0.265941209,5.180995436,0.171792514,0.367244101,ssp3,FBgn0032723
TfIIA-L,0.218403228,7.30385375,0.171849569,0.36727916,TfIIA-L,FBgn0011289
CG13250,-0.831370792,1.127757459,0.171908776,0.3673188,CG13250,FBgn0037013
CG16985,0.319264812,4.444845266,0.172086723,0.367612072,CG16985,FBgn0035355
CG33096,0.341170001,4.066829273,0.172350983,0.368036023,CG33096,FBgn0053096
Cbl,-0.248171673,5.515493452,0.172366661,0.368036023,Cbl,FBgn0020224
LanB1,0.285996182,5.226697059,0.172448958,0.368124737,LanB1,FBgn0261800
CG14805,0.239934505,5.512261807,0.172615055,0.368336267,CG14805,FBgn0023514
CG9691,0.223998503,10.23717265,0.172629594,0.368336267,CG9691,FBgn0030160
CRMP,-0.204831635,6.838421917,0.172708901,0.368418467,CRMP,FBgn0023023
CG14285,0.908023052,1.380559293,0.172773907,0.368470131,CG14285,FBgn0038674
olf413,0.320632181,4.26772303,0.172833682,0.368510616,olf413,FBgn0037153
CG5991,0.378885253,5.014382364,0.172938886,0.368647923,CG5991,FBgn0026576
CadN,-0.254634955,6.264524601,0.173048215,0.368793955,CadN,FBgn0015609
CG9723,0.480265445,2.852947176,0.17313309,0.368887814,CG9723,FBgn0030768
pck,0.209358308,6.415965764,0.173267843,0.36908788,pck,FBgn0013720
Edem2,0.206212749,6.620135199,0.173419833,0.369261252,Edem2,FBgn0032480
Tgt,0.469870024,3.194889548,0.173430982,0.369261252,Tgt,FBgn0031321
alphaPS4,0.928053288,0.437649937,0.173528828,0.369337968,ItgalphaPS4,FBgn0034005
CG8830,-0.207840878,6.485756611,0.173548779,0.369337968,DUBAI,FBgn0033738
CG3534,0.311147616,4.532417753,0.173646043,0.369457926,CG3534,FBgn0038463
CG33303,0.202308629,6.351200517,0.173747926,0.369540876,CG33303,FBgn0053303
CG42358,0.387197331,3.515715186,0.173766841,0.369540876,CG42358,FBgn0259704
CG15914,0.515570648,2.556567763,0.173846517,0.369623308,CG15914,FBgn0030700
CG9338,0.205384581,6.65400488,0.174297998,0.370291407,CG9338,FBgn0032899
KaiRIA,0.834133609,0.868334979,0.174302446,0.370291407,GluRIID,FBgn0028422
CG34120,0.275095289,11.3280262,0.174302999,0.370291407,CG34120,FBgn0083956
CG2663,-0.876674218,0.690754994,0.174324702,0.370291407,CG2663,FBgn0037323
kay,-0.208439094,7.382156475,0.17451599,0.370610591,kay,FBgn0001297
Sps2,-0.253731558,5.218126241,0.174596341,0.370694088,Sps2,FBgn0032224
CG42354,-1.037365649,0.4438397,0.174872031,0.371192183,CG42354,FBgn0259700
Scgbeta,0.295496145,4.943081077,0.175058639,0.371484119,Scgbeta,FBgn0038042
CG5384,0.244449403,6.237487922,0.175131147,0.371484119,CG5384,FBgn0032216
CG7099,0.30835327,4.641772778,0.175132927,0.371484119,CG7099,FBgn0032517
CG5222,0.360673027,3.92625883,0.175382184,0.371925504,IntS9,FBgn0036570
CG5585,0.39634183,3.580169376,0.175562337,0.372220173,Rbbp5,FBgn0036973
CG9917,0.2261457,8.677097049,0.17569338,0.372410603,CG9917,FBgn0030740
Su-fu-,0.272843992,4.769842107,0.175749697,0.372442591,Su(fu),FBgn0005355
CG11656,-0.843464193,0.92025548,0.175797194,0.372455875,CG11656,FBgn0038109
her,-0.266984541,4.897561019,0.175870861,0.372524586,her,FBgn0001185
Ance,0.253183226,6.566293251,0.175970467,0.372648194,Ance,FBgn0012037
CG8412,-0.263523799,5.20591484,0.176023663,0.372673488,CG8412,FBgn0037743
Invadolysin,0.213492007,7.548345443,0.176337238,0.373233632,Invadolysin,FBgn0086359
CG4928,-0.219921636,11.10546794,0.176387555,0.373233632,CG4928,FBgn0027556
CG32791,0.983536352,0.905672451,0.176412177,0.373233632,CG32791,FBgn0052791
CG9941,0.211062175,6.542797028,0.176539018,0.373414537,CG9941,FBgn0030514
CG1698,0.369943972,3.923111879,0.176712034,0.373596778,CG1698,FBgn0033443
CG9689,-0.811725885,1.021991474,0.176718428,0.373596778,CG9689,FBgn0030159
CG7069,0.784648137,1.134773808,0.176749239,0.373596778,CG7069,FBgn0038952
PhKgamma,0.210037956,7.223389009,0.176834944,0.373641294,PhKgamma,FBgn0011754
CG7955,0.200603799,6.599076656,0.176853019,0.373641294,ABCB7,FBgn0035244
Clic,-0.226850745,5.805136497,0.176933047,0.373722972,Clic,FBgn0030529
CG11590,0.449332262,3.696469188,0.177044195,0.373870327,CG11590,FBgn0030545
l-3-04053,0.232017919,5.419407005,0.177280268,0.37428136,l(3)04053,FBgn0010830
cdc2,-0.70406026,2.074753339,0.177645459,0.374964737,Cdk1,FBgn0004106
CG12753,0.198840124,7.112693249,0.177761847,0.375122759,ema,FBgn0038427
Sry-delta,0.313348415,4.491441698,0.177893199,0.375312275,Sry-delta,FBgn0003512
Dscam,-0.290199089,6.174573808,0.178024658,0.375501929,Dscam1,FBgn0033159
Lac,-0.208496487,7.434647919,0.178073279,0.375516808,Lac,FBgn0010238
CG5987,0.63991646,1.831456508,0.178227308,0.375753909,CG5987,FBgn0039501
Mnf,-0.205022623,6.784947157,0.178646171,0.376530314,fd68A,FBgn0036134
homer,-0.214017548,5.715167182,0.178702493,0.376530314,homer,FBgn0025777
CG12534,0.272714577,4.782920064,0.178720609,0.376530314,Alr,FBgn0031068
CG8034,-0.25885338,5.530782275,0.178786865,0.376582079,CG8034,FBgn0031011
atl,0.208119824,8.325870523,0.178842542,0.376611544,atl,FBgn0039213
CG4497,-0.436923515,3.367880529,0.178940886,0.376730823,CG4497,FBgn0031895
a,0.281570787,4.652517949,0.179373504,0.377553643,a,FBgn0000008
Spx,0.373087368,4.221542281,0.179600346,0.377943052,Spx,FBgn0015818
InR,0.253995661,5.547905736,0.179799918,0.378258983,InR,FBgn0013984
CG4896,-0.238577633,5.97340505,0.179834219,0.378258983,CG4896,FBgn0031319
CG18765,0.755174685,1.422500759,0.180260984,0.379068372,CG18765,FBgn0042110
Hus1-like,-0.571316226,2.555965009,0.180468559,0.37941656,Hus1-like,FBgn0026417
CG5290,0.379914412,3.68062062,0.180690241,0.379794237,CG5290,FBgn0036772
mod-mdg4-,0.208242365,8.331613232,0.18090727,0.380083666,mod(mdg4),FBgn0002781
Tom70,-0.275620901,5.101716008,0.180912084,0.380083666,Tom70,FBgn0032397
CG12320,0.496960327,2.958589678,0.181144324,0.380483103,CG12320,FBgn0038590
Elongin-B,0.191956681,6.997722066,0.181278208,0.38067581,EloB,FBgn0023212
ds,0.410092234,5.276160698,0.181376801,0.380741492,ds,FBgn0000497
eyg,0.205054907,6.749079516,0.181404526,0.380741492,eyg,FBgn0000625
CG6195,0.259814927,4.905170289,0.181435923,0.380741492,CG6195,FBgn0038723
CG2046,0.26996026,5.153703693,0.181502559,0.380792875,CG2046,FBgn0037378
CG3176,-0.939714134,0.58973804,0.181931931,0.381445521,CG3176,FBgn0029524
Tango6,-0.434888952,3.605966159,0.181945316,0.381445521,Tango6,FBgn0032728
CG4593,0.33276861,4.079417907,0.181978149,0.381445521,CG4593,FBgn0029929
gb,-0.383607489,3.830769246,0.181982532,0.381445521,gb,FBgn0039487
CG2767,0.207007687,6.164968133,0.182062898,0.381525451,CG2767,FBgn0037537
Aats-lys,0.210822974,6.02557153,0.182247737,0.381625616,Aats-lys,FBgn0027084
CG5548,-0.218358888,6.324712101,0.18226187,0.381625616,CG5548,FBgn0030605
CG15014,-0.342076773,3.964840282,0.182263201,0.381625616,CG15014,FBgn0035532
G9a,-0.241072278,5.853131453,0.182279669,0.381625616,G9a,FBgn0040372
CG18292,0.233793252,5.335073596,0.182366432,0.381718802,CG18292,FBgn0030269
CG33231,0.482610936,2.955988294,0.18258875,0.382095614,CG45186,FBgn0266696
CG9801,0.236025179,5.47980717,0.182720616,0.382283011,CG9801,FBgn0037623
CG7177,-0.207254645,7.487278614,0.18298363,0.382626335,Wnk,FBgn0037098
CG18616,0.289569085,4.61399506,0.183001274,0.382626335,Not10,FBgn0260444
CG8735,0.335135565,4.710410368,0.183026577,0.382626335,CG8735,FBgn0033309
CG5180,0.318632368,4.352818634,0.183054131,0.382626335,CG5180,FBgn0043457
Sod2,-0.202583309,7.449699674,0.183150321,0.382738838,Sod2,FBgn0010213
CG10747,0.257432316,5.461540916,0.183242565,0.382843046,CG10747,FBgn0032845
CG10092,-0.403336933,3.51369703,0.183486963,0.383049785,CG10092,FBgn0037526
W,-0.529547804,2.447222668,0.18349508,0.383049785,W,FBgn0003997
l-3-03670,-0.198790227,6.813553353,0.183502754,0.383049785,l(3)03670,FBgn0010808
CG12123,-0.431604213,3.423844926,0.183511121,0.383049785,CG12123,FBgn0030039
ird5,0.356875456,4.008346818,0.183848069,0.383664462,ird5,FBgn0024222
CG8080,-0.352350992,3.864805159,0.18398578,0.383863172,CG8080,FBgn0033373
CG31531,-0.202295844,7.038832938,0.184163008,0.384144219,CG43427,FBgn0263346
CG32594,0.256466369,5.606019491,0.18435562,0.384457218,be,FBgn0052594
Su-var-3-9,0.197614207,6.40948379,0.184639584,0.384960536,"eIF-2gamma , Su(var)3-9","FBgn0263740 , FBgn0263755"
ecd,0.23954912,5.276700205,0.184883594,0.385380339,ecd,FBgn0000543
CG32856,0.441779169,3.705866763,0.18525645,0.38606846,CG32856,FBgn0052856
Rab2,-0.204728187,7.839442177,0.185450259,0.386383219,Rab2,FBgn0014009
CG2183,-0.364970683,4.14661963,0.185726164,0.386868841,Gasz,FBgn0033273
Aut1,0.258437905,5.826308714,0.185870893,0.387081062,Atg3,FBgn0036813
Dhap-at,0.210266007,6.566686904,0.185961257,0.387179994,Dhap-at,FBgn0040212
cnir,-0.562083977,1.804719943,0.186065002,0.387306735,cnir,FBgn0243513
CG14482,-0.212963693,6.576644812,0.186213767,0.387408829,CG14482,FBgn0034245
CG4365,0.202951568,6.333856126,0.186286872,0.387408829,CG4365,FBgn0037024
CG11206,-0.224416667,7.071725832,0.18631584,0.387408829,Liprin-gamma,FBgn0034720
ltd,0.291554357,6.598373395,0.186324261,0.387408829,ltd,FBgn0002567
cos,-0.298799944,4.413741594,0.186328466,0.387408829,cos,FBgn0000352
lectin-46Ca,-0.493044815,3.08060126,0.186445169,0.387562278,lectin-46Ca,FBgn0040093
CtBP,-0.203782398,7.826190413,0.18654199,0.387674336,CtBP,FBgn0020496
tomosyn,-0.207513445,6.958042787,0.187439883,0.38945076,Tomosyn,FBgn0030412
CG31782,-0.499312604,2.509874716,0.187491551,0.389468537,"CR43669 , CR43670 , CR43671","FBgn0263744 , FBgn0263745 , FBgn0263746"
Fs-2-Ket,-0.230691599,5.867114237,0.187776757,0.389971317,Fs(2)Ket,FBgn0262743
Cht11,0.353833651,4.091917891,0.18784324,0.390019727,Cht11,FBgn0029913
CG6695,0.216959182,5.729777474,0.187944587,0.390140488,CG6695,FBgn0039215
CG13096,0.422219467,3.69392492,0.188105024,0.390383824,CG13096,FBgn0032050
bin3,0.202601116,6.6286,0.188382609,0.390870116,bin3,FBgn0263144
Bub3,0.317085195,4.296543818,0.188478121,0.390978495,Bub3,FBgn0025457
CG10147,0.425852826,3.139524249,0.188640594,0.391163747,CG10147,FBgn0035702
CG8500,0.212972032,7.124434848,0.188654023,0.391163747,CG8500,FBgn0037754
mbm,0.445941596,2.958644575,0.188703383,0.391176311,mbm,FBgn0086912
Men,0.209879143,9.986253769,0.189065404,0.391836858,Men,FBgn0002719
CG4655,0.29870746,4.534712067,0.189241078,0.392110986,Cad86C,FBgn0261053
CG17982,0.379788018,3.375533897,0.189556338,0.392618288,CG17982,FBgn0030006
CG14132,-0.505772727,3.09409162,0.189572833,0.392618288,CG14132,FBgn0040817
CG16979,0.309759419,4.810082527,0.189848574,0.393099247,CG16979,FBgn0036512
CG7456,0.207352336,5.928304782,0.19003062,0.393314848,CG7456,FBgn0032258
chn,-0.208572266,8.573599986,0.190050508,0.393314848,chn,FBgn0015371
CG33506,-0.343205408,3.801235713,0.190086636,0.393314848,CG33506,FBgn0053506
az2,-0.416647866,3.23588357,0.190126847,0.393314848,az2,FBgn0025185
CG10362,0.204340478,5.980921602,0.190217058,0.393411379,CG10362,FBgn0030358
CG7834,0.204778851,7.219061843,0.190361708,0.393586668,CG7834,FBgn0039697
CG4287,-0.211610372,5.964133227,0.190388946,0.393586668,CG4287,FBgn0038388
CG3501,-0.26847724,5.062535341,0.190624937,0.393923731,CG3501,FBgn0034791
mRpS11,-0.273127658,4.683640557,0.190639202,0.393923731,mRpS11,FBgn0038474
CG12576,0.201319148,6.886739798,0.190993608,0.394444935,CG12576,FBgn0031190
egr,-0.473505767,3.811631228,0.19100263,0.394444935,egr,FBgn0033483
CG10257,-0.208175745,6.306669868,0.191048148,0.394444935,CG10257,FBgn0033985
Nup154,-0.251712513,5.015658435,0.191066088,0.394444935,Nup154,FBgn0021761
CG10570,0.38158423,8.869332467,0.19129893,0.394772582,CG10570,FBgn0040992
CG3548,-0.406571811,4.041849693,0.191312194,0.394772582,CG3548,FBgn0035033
CG3711,-0.209457169,6.384361689,0.191372897,0.394807663,CG3711,FBgn0040344
CG10225,0.267067522,5.229466822,0.191520784,0.394992915,RanBP3,FBgn0039110
ave,0.390779094,3.431985129,0.191550139,0.394992915,ave,FBgn0050476
CG33095,-0.301114487,4.704671175,0.191663876,0.395137256,CG33095,FBgn0053095
miple2,0.62935481,1.842157348,0.191797539,0.395322602,miple2,FBgn0029002
CG3074,-0.318157979,5.180305813,0.192100655,0.395857052,Swim,FBgn0034709
CG11915,0.726761589,3.229085705,0.192193477,0.39595801,Lmpt,FBgn0261565
Dip-C,0.235996541,5.846127801,0.192258918,0.396002523,Dip-C,FBgn0000455
c12-1,0.287843553,4.735713374,0.192372049,0.396145222,c12.1,FBgn0040235
cv-2,-0.281561508,5.150950787,0.19251298,0.396345092,cv-2,FBgn0000395
CG34133,-0.214286921,5.86988585,0.192620115,0.396475307,CG34133,FBgn0083969
RpL15,0.208932103,9.752155898,0.192706811,0.3965634,RpL15,FBgn0028697
CG13074,-0.370620921,3.770294516,0.193051113,0.397071041,CG13074,FBgn0036567
Indy,0.201873519,8.577538723,0.193142143,0.397071041,Indy,FBgn0036816
CG34159,-0.238816311,5.490470989,0.193151359,0.397071041,CG34159,FBgn0085188
CG11454,0.354506447,4.40153289,0.19315274,0.397071041,CG11454,FBgn0031224
CG13192,0.40367191,3.584544946,0.193173259,0.397071041,CG13192,FBgn0033653
CG8907,-0.811582964,1.386285079,0.193440527,0.397422188,CG8907,FBgn0038466
CG9590,0.240840394,5.192213848,0.193481095,0.397422188,CG9590,FBgn0038360
CG7985,-0.394762413,3.429206248,0.193484898,0.397422188,CG7985,FBgn0028499
Nup58,0.352606928,4.427522298,0.193520058,0.397422188,Nup58,FBgn0038722
betaTub56D,0.210506092,9.744239048,0.193735793,0.397709443,betaTub56D,FBgn0003887
Patj,0.207780981,6.127387751,0.193747981,0.397709443,Patj,FBgn0067864
wit,-0.215732919,6.596105102,0.193889856,0.397910259,wit,FBgn0024179
mip120,0.251225363,5.075208746,0.194011509,0.397936299,mip120,FBgn0033846
mnb,-0.201372984,5.924213111,0.194026234,0.397936299,mnb,FBgn0259168
Arf51F,-0.203345564,6.275107114,0.194036943,0.397936299,Arf51F,FBgn0013750
CG5674,-0.310309178,4.478200053,0.194115428,0.397936299,CG5674,FBgn0032656
CG8833,-0.372987414,3.881577509,0.194122788,0.397936299,CG8833,FBgn0036386
CG31538,0.793175216,1.344269555,0.194205937,0.398016432,CG31538,FBgn0051538
ttm50,-0.242263117,5.261662123,0.194335359,0.398134507,ttm50,FBgn0250874
CG15250,-0.667699264,1.636602402,0.194359995,0.398134507,CG43386,FBgn0263216
CG5059,0.222202282,6.371001494,0.194395762,0.398134507,CG5059,FBgn0037007
wuho,0.277353566,4.682901402,0.194553384,0.398308174,wuho,FBgn0029857
Est-6,0.286804395,10.9751889,0.194568737,0.398308174,Est-6,FBgn0000592
Faf,0.194016233,6.920188256,0.194619502,0.398321836,Faf,FBgn0025608
mei-9,-0.356265411,3.819690575,0.1947581,0.398515215,mei-9,FBgn0002707
EfSec,-0.500151413,2.286791818,0.194866098,0.398645908,EfSec,FBgn0034627
Tsp66E,-0.216463982,6.506241421,0.195043168,0.39890945,Tsp66E,FBgn0035936
CG17724,-0.232059199,5.938144704,0.195100368,0.39890945,CG17724,FBgn0033802
CG14965,-0.663417833,1.84543962,0.195127392,0.39890945,CG14965,FBgn0035414
CG15822,0.559293549,2.159329139,0.195185519,0.39892331,CG15822,FBgn0035308
CG7081,0.345003122,4.011074861,0.195243486,0.39892331,Pex2,FBgn0035876
CG6904,0.234853147,5.989990532,0.195266646,0.39892331,GlyS,FBgn0266064
ligatin,-0.261617997,5.098924045,0.195331918,0.398966436,ligatin,FBgn0041588
p115,0.229204928,5.330231597,0.195478559,0.399175702,p115,FBgn0040087
Adk2,0.21442635,6.137580186,0.195666342,0.399468865,Adk2,FBgn0022708
Aly,0.199396022,6.893305625,0.195850452,0.399754403,Ref1,FBgn0010774
CG5466,-0.316127819,4.170243755,0.196265589,0.400511255,CG5466,FBgn0038815
CG2712,0.449856218,2.961133655,0.196339032,0.400570644,CG2712,FBgn0024975
CG7370,-0.676579673,1.778904639,0.196629537,0.401072756,CG7370,FBgn0037133
CG8594,0.219636096,5.84154633,0.19676429,0.401178206,ClC-b,FBgn0033755
TppII,0.207238403,6.703433341,0.196801243,0.401178206,TppII,FBgn0020370
jigr1,0.211418533,6.087579954,0.196814458,0.401178206,jigr1,FBgn0039350
Dnr1,-0.203591411,8.122514402,0.196888246,0.401238081,dnr1,FBgn0260866
CG4004,-0.319076331,4.281316425,0.196988721,0.401352302,CG4004,FBgn0030418
Nup214,-0.21220977,5.589012226,0.19706542,0.401418039,Nup214,FBgn0010660
MICAL-like,-0.221780537,5.669990817,0.197285222,0.40177518,MICAL-like,FBgn0036333
Gapdh2,0.21653044,9.763606538,0.197524999,0.402172829,Gapdh2,FBgn0001092
wee,-0.202971862,5.749834392,0.197648616,0.402333844,Wee1,FBgn0011737
CG5431,0.377442511,3.694681717,0.197773866,0.402430484,St3,FBgn0265052
CG10465,-0.213941816,5.915800705,0.197807527,0.402430484,CG10465,FBgn0033017
ferrochelatase,0.205276495,6.958200663,0.19782973,0.402430484,FeCH,FBgn0266268
Cct1,0.203469609,7.872179073,0.197905674,0.402494339,Cct1,FBgn0041342
mit-1-15,0.297383235,4.832428791,0.198067014,0.402731805,Zw10,FBgn0004643
CG34228,-0.305941374,4.268393545,0.198421842,0.403351341,CG34228,FBgn0085257
CG7705,0.249947521,5.02476593,0.198461004,0.403351341,CG7705,FBgn0038639
CG33090,-0.274590796,4.810716514,0.198534026,0.403408995,CG33090,FBgn0028916
CG33123,0.202631581,5.718862948,0.198657281,0.40356867,CG33123,FBgn0053123
CG33057,-0.60789715,1.759205427,0.198801967,0.403771802,CG33057,FBgn0053057
CG12991,-0.193729009,7.020399993,0.19915572,0.404399364,CG12991,FBgn0030847
wdb,-0.207957259,7.884946259,0.199353372,0.404691746,wdb,FBgn0027492
CG6049,-0.233376757,5.570416316,0.199432828,0.404691746,barc,FBgn0037081
D1,-0.211998809,7.359056736,0.199434099,0.404691746,D1,FBgn0000412
Pak,-0.195446722,6.078969662,0.199576645,0.404859026,Pak,FBgn0014001
Tango14,0.266999814,5.164740013,0.199644513,0.404859026,Tango14,FBgn0031312
CG8726,-0.191535731,7.110786835,0.199650981,0.404859026,CG8726,FBgn0033244
CG6770,-0.227782794,9.089058929,0.199785743,0.405041382,CG6770,FBgn0032400
CG5746,-0.201595636,6.7156653,0.199852389,0.405085593,CG5746,FBgn0039186
Mnt,-0.223161342,6.405400527,0.200081583,0.405459179,Mnt,FBgn0023215
CG31159,-0.453711112,2.623383194,0.200201262,0.405591855,EF-G2,FBgn0051159
CG10080,0.221974809,5.52823846,0.200236846,0.405591855,mahj,FBgn0034641
CG42366,0.222870781,5.853832512,0.200434739,0.405891354,CG42366,FBgn0259712
CG2118,-0.316150032,4.180249304,0.200474565,0.405891354,CG2118,FBgn0039877
CG34355,0.588687801,2.554976483,0.200560622,0.405974604,CG34355,FBgn0085384
MrgBP,0.2399866,5.121967235,0.200706271,0.406178417,MrgBP,FBgn0033341
CG31612,-0.66113773,1.495568917,0.200773421,0.406223311,CG31612,FBgn0051612
Or46a,0.297230795,4.467223738,0.200831864,0.406250573,Or46a,FBgn0026388
CG14984,0.29709129,4.928015503,0.200888677,0.406274525,CG14984,FBgn0035480
CG3621,-0.211358984,6.754826336,0.201030517,0.406470388,CG3621,FBgn0025839
Mob2,-0.20181937,8.062173119,0.201367197,0.407060027,Mob2,FBgn0259481
SP1070,-0.223307482,5.983041837,0.201417925,0.407071485,uif,FBgn0031879
Pde6,-0.219967037,7.996573487,0.201476133,0.407098051,Pde6,FBgn0038237
CG9356,0.302843018,4.599605862,0.201544875,0.407145886,CG9356,FBgn0037688
CG11771,-0.201531366,6.271905425,0.201724329,0.407417301,CG11771,FBgn0039252
Cad96Ca,0.218144369,5.496102917,0.201859449,0.407599075,Cad96Ca,FBgn0022800
CG6232,0.450641098,2.724379078,0.201954772,0.407615774,loh,FBgn0032252
unc-13-4A,0.358758278,3.813220672,0.201957959,0.407615774,unc-13-4A,FBgn0035756
CG32667,0.550820975,2.869426997,0.202012649,0.407635084,ssp7,FBgn0052667
CG8460,-0.332492841,4.040083505,0.202298377,0.408099459,CG8460,FBgn0031996
pn,-0.268648909,4.705983701,0.202333128,0.408099459,pn,FBgn0003116
CG12625,-0.577070592,1.802170515,0.202524651,0.408327768,CG44422,FBgn0265595
ex,-0.254231746,5.169188309,0.202545037,0.408327768,ex,FBgn0004583
CG17364,0.22045618,6.115838316,0.202581919,0.408327768,CG17364,FBgn0036391
Ski6,-0.522632496,2.332403112,0.202764623,0.408604864,Ski6,FBgn0032487
CG33098,0.873772501,1.084662719,0.202842884,0.408671412,CG33098,FBgn0053098
mRpS6,-0.334630734,3.97275776,0.203308759,0.409518691,mRpS6,FBgn0035534
Taf12,-0.203879884,5.78401769,0.203682223,0.410179491,Taf12,FBgn0011290
Chrac-16,0.438539765,2.903377006,0.203917343,0.410561462,Chrac-16,FBgn0043001
CG5281,0.386591166,4.256706859,0.203993291,0.410622859,CG5281,FBgn0037902
CG8281,0.329284414,4.303511755,0.204130378,0.41080727,CG8281,FBgn0035824
CG8679,0.336170051,3.916923504,0.20443625,0.411331199,CG8679,FBgn0032934
bgm,-0.204472855,8.688081838,0.204600115,0.411555786,bgm,FBgn0027348
cyc,0.240085244,5.401517687,0.204638985,0.411555786,cyc,FBgn0023094
CG11008,-0.340646183,3.910250487,0.204834692,0.411857691,CG42588,FBgn0260965
Act5C,0.196351762,9.809704284,0.205085279,0.412269785,Act5C,FBgn0000042
CG8247,-0.584956396,1.847881409,0.205218316,0.412445443,Spt,FBgn0033348
T3dh,0.51249591,2.70668292,0.205640351,0.41320172,T3dh,FBgn0017482
CG2540,0.272599973,4.601894567,0.205732297,0.413294545,CG2540,FBgn0030411
CG5181,0.344010406,4.789419632,0.205982033,0.41362823,CG5181,FBgn0031909
Pkc53E,-0.37497925,4.6556212,0.205989972,0.41362823,Pkc53E,FBgn0003091
CG33181,0.212263107,8.137243926,0.206191424,0.413940738,CG33181,FBgn0053181
CG3353,0.390248312,3.363064767,0.206277947,0.414022434,CG3353,FBgn0038869
CG8837,-1.007155357,1.515621918,0.206579738,0.414462081,CG8837,FBgn0031520
CG12772,0.220880521,5.324323998,0.206588748,0.414462081,CG12772,FBgn0030055
CG10632,0.217965709,5.432010513,0.206845328,0.4148847,sowah,FBgn0036302
CG4616,-0.410552852,3.30443234,0.207054046,0.415211154,FLASH,FBgn0033806
CG14812,0.296260989,4.431095813,0.207396984,0.415735335,CG14812,FBgn0026090
skd,-0.200687428,7.315395056,0.207407478,0.415735335,skd,FBgn0003415
thoc5,0.350031378,4.081284359,0.207493374,0.415815249,thoc5,FBgn0034939
Gr21a,0.348168736,5.147129914,0.207657986,0.416052838,Gr21a,FBgn0041250
CHIP,-0.22092975,5.524330597,0.20822903,0.417077036,CHIP,FBgn0027052
CG31650,-0.214640039,5.44975096,0.208261513,0.417077036,CG31650,FBgn0031673
chif,-0.195393896,6.393707558,0.208439357,0.417340681,chif,FBgn0000307
CG14542,-0.19974767,5.88650763,0.208517568,0.417404766,Vps2,FBgn0039402
CG9243,-0.268576035,5.215460102,0.208589496,0.417456249,"CG43345 , CG43346","FBgn0263050 , FBgn0263051"
CG12486,0.636964747,1.638274196,0.20884088,0.41786678,pHCl,FBgn0264908
CG15661,0.227647993,8.80550887,0.209044123,0.418109833,CG15661,FBgn0034605
CG11968,0.277269358,4.769674429,0.209054917,0.418109833,RagA-B,FBgn0037647
Lar,-0.213310263,7.024595171,0.209251408,0.41839697,Lar,FBgn0000464
CG31082,0.217558023,6.070269599,0.209291112,0.41839697,scrib,FBgn0263289
CG9778,0.25440424,4.794237446,0.209533844,0.418789546,Syt14,FBgn0261086
HLHm3,0.30321682,4.272733835,0.209738808,0.419106479,E(spl)m3-HLH,FBgn0002609
CG4586,-0.878773003,0.581995195,0.209901491,0.419210789,CG4586,FBgn0029924
Idgf4,-0.251017301,10.54969429,0.209911544,0.419210789,Idgf4,FBgn0026415
mRpL20,-0.337662092,3.968296417,0.20993022,0.419210789,mRpL20,FBgn0036335
CG8209,0.214403442,5.614356147,0.210182779,0.419622369,CG8209,FBgn0035830
bigmax,0.273849399,4.598560138,0.210295822,0.419755293,bigmax,FBgn0039509
CG9855,0.20559648,5.799071488,0.210572337,0.420194023,CG9855,FBgn0037242
CG8372,0.236393952,5.067357627,0.210610783,0.420194023,CG8372,FBgn0032000
Caf1,0.261414157,4.989326383,0.210655162,0.420194023,Caf1,FBgn0263979
CG9870,-0.664028203,1.20939932,0.210794346,0.420378835,CG9870,FBgn0031422
CG16863,0.405428761,3.186050042,0.211094944,0.420885395,CG16863,FBgn0028931
CG14082,0.305957163,4.114147688,0.211144371,0.420891052,CG14082,FBgn0036851
CG4538,-0.192277324,7.22744793,0.211291654,0.420896322,CG4538,FBgn0038745
CG16989,0.198160559,6.282101291,0.211317709,0.420896322,CG16989,FBgn0025621
CG7639,-0.256734301,4.891993985,0.211319055,0.420896322,CG7639,FBgn0033989
CG4203,0.326751035,3.840269226,0.211333376,0.420896322,CG4203,FBgn0038300
Osi8,-0.204818809,7.854889103,0.211519117,0.421173398,Osi8,FBgn0037415
TwdlG,-0.426503069,3.377658974,0.211755405,0.421550976,TwdlG,FBgn0037225
CG1463,-0.39628988,3.722527704,0.211836254,0.421619017,CG1463,FBgn0030406
scrib,0.18998285,7.868469187,0.211923438,0.421699635,scrib,FBgn0263289
CG7201,0.594151136,1.944547687,0.21198565,0.421730535,CG7201,FBgn0035865
w,-0.77459813,0.941640346,0.212096289,0.421857744,w,FBgn0003996
CG11221,0.520736466,2.501033616,0.212338949,0.422247428,CG11221,FBgn0031855
CG5285,0.447411046,2.903283576,0.212477105,0.422429174,CG5285,FBgn0038490
CG7720,0.182167963,6.978479904,0.212557318,0.422495668,CG7720,FBgn0038652
Egm,0.20636525,5.527896267,0.212611828,0.422511054,Egm,FBgn0086712
eIF2B-beta,0.22295941,5.421852792,0.213008222,0.423205691,eIF2B-beta,FBgn0024996
CG1105,0.210866253,5.641993229,0.213061233,0.423209765,CG1105,FBgn0037465
CG4133,0.199065818,6.216446597,0.213103965,0.423209765,CG4133,FBgn0031257
Mlp84B,0.489682286,6.065383762,0.213353552,0.423612305,Mlp84B,FBgn0014863
CG14223,0.463339937,2.916307976,0.213483536,0.42377725,CG14223,FBgn0031053
FucTA,-0.277955818,4.949738085,0.21365037,0.424015256,FucTA,FBgn0036485
Vps20,0.258358623,5.268180583,0.213896636,0.424410764,Vps20,FBgn0034744
CG9947,0.194796697,7.546595545,0.213994875,0.42451245,CG9947,FBgn0030752
CG5613,0.544262227,2.4994015,0.214258868,0.424942834,CG5613,FBgn0030839
CG6330,-0.207444878,6.61573509,0.214375897,0.424995509,CG6330,FBgn0039464
OstStt3,0.214579659,7.818061939,0.2143837,0.424995509,OstStt3,FBgn0011336
CG17922,-0.187904293,6.135514956,0.214426558,0.424995509,CngB,FBgn0266346
CG13876,0.494176061,2.799014392,0.214486056,0.425020187,CG13876,FBgn0035109
CG12077,0.667506372,1.693061614,0.214796379,0.425541773,PIG-C,FBgn0035435
Syx8,0.290248225,4.748223,0.214860829,0.425573273,Syx8,FBgn0036643
CG5199,-0.417230494,3.398587345,0.214937685,0.425573273,CG5199,FBgn0036994
Ipk1,-0.456509661,3.327627214,0.214953602,0.425573273,Ipk1,FBgn0050295
Su-H-,0.204873821,7.987943746,0.215096591,0.42576306,Su(H),FBgn0004837
CG12204,0.414793817,3.217638579,0.21516676,0.425808654,CG12204,FBgn0031022
CG8386,0.278232968,4.707430432,0.215368637,0.425913825,CG8386,FBgn0034061
CG4558,-0.326312528,4.140868494,0.215387324,0.425913825,CG4558,FBgn0029914
dlp,-0.343755867,3.688574915,0.215441908,0.425913825,dlp,FBgn0041604
CG15207,-0.308706219,4.310565333,0.215479903,0.425913825,CG43901,FBgn0264502
CG31195,-0.185312426,6.595255201,0.215491547,0.425913825,CG31195,FBgn0051195
Mf,0.592128788,6.156085444,0.215520364,0.425913825,Mf,FBgn0038294
levy,-0.201352774,8.994721027,0.215549924,0.425913825,levy,FBgn0034877
shrb,-0.182168901,7.028291454,0.215644958,0.42600843,shrb,FBgn0086656
CG12945,-0.227931062,5.233993175,0.216065871,0.426746628,CG12945,FBgn0037755
CG6020,0.191561065,8.940496808,0.216176616,0.426872033,CG6020,FBgn0037001
CG2022,0.733490813,1.058329409,0.21655285,0.427521513,CG2022,FBgn0037292
CG12897,-0.518540838,2.321953738,0.216721018,0.427760035,CG42732,FBgn0261698
Samuel,0.302395771,4.150877968,0.21684138,0.427893752,Samuel,FBgn0032330
nemy,-0.429963704,3.071572352,0.216883495,0.427893752,CG42708,FBgn0261625
CG12163,0.230735921,8.026887463,0.216955634,0.427942619,CG12163,FBgn0260462
CG11412,-0.186979954,6.099725646,0.217033631,0.428003018,CG11412,FBgn0024362
CG4468,0.639977582,2.082937208,0.217247697,0.428331665,Xport,FBgn0038749
CG5463,-0.374581425,3.649531289,0.217392925,0.428524478,CG5463,FBgn0039153
CG32132,-0.296199551,4.789818413,0.217710559,0.429056978,dysc,FBgn0264006
jim,0.216844816,6.525759479,0.217846387,0.429223882,jim,FBgn0027339
CG13373,-0.408227709,3.174269797,0.217890273,0.429223882,CG13373,FBgn0029522
CG1753,-0.200438596,6.016054016,0.218388133,0.430110834,Cbs,FBgn0031148
CG18540,1.181958698,0.640758399,0.218549968,0.430320119,CG18540,FBgn0034326
tth,0.203737861,6.212850056,0.218589664,0.430320119,tth,FBgn0030502
CG7461,0.193657409,7.420493178,0.218654435,0.430353848,CG7461,FBgn0034432
CG10623,0.268006431,4.669887985,0.218803234,0.430552912,CG10623,FBgn0032727
CG9318,-0.194093029,7.243213285,0.219021039,0.430887644,CG9318,FBgn0032880
rad50,-0.25580761,5.086190495,0.219115365,0.430979361,rad50,FBgn0034728
dwg,0.311165416,4.474104146,0.21919082,0.431033929,dwg,FBgn0000520
CG5455,-0.196939855,7.684357044,0.219545873,0.431638175,CG5455,FBgn0039430
cer,0.294589573,4.992616349,0.219863665,0.432168918,cer,FBgn0034443
CG14980,0.278908317,4.660108342,0.22007737,0.432437876,Ccz1,FBgn0035470
CG16965,-1.13202206,0.851133222,0.220120018,0.432437876,CG16965,FBgn0032387
CG18428,-0.289005675,4.305835221,0.220144099,0.432437876,CG18428,FBgn0039149
btd,0.273805,5.252264466,0.220207924,0.432469214,btd,FBgn0000233
CG9526,-0.185243984,6.88484717,0.220264491,0.432486289,frj,FBgn0031815
CG10053,0.41194717,2.782718709,0.220588492,0.433028344,CG10053,FBgn0037490
Acon,0.201541156,9.952559484,0.22071453,0.433181634,Acon,FBgn0010100
slp1,0.234330697,5.302344444,0.220949497,0.43345674,slp1,FBgn0003430
CG11210,0.207244448,6.257861719,0.220950663,0.43345674,CG11210,FBgn0033259
asl,-0.478473136,2.488559452,0.221233479,0.433917336,asl,FBgn0261004
sd,0.189148942,6.064256767,0.221354374,0.434060216,sd,FBgn0003345
CG34406,-0.534089461,2.165549579,0.221414236,0.434083379,"CG44002 , CR44003","FBgn0264744 , FBgn0264745"
CG1951,0.218548655,5.362046828,0.221492031,0.434106577,CG1951,FBgn0039623
Gnf1,-0.250909228,4.932263813,0.221541642,0.434106577,Gnf1,FBgn0004913
l-2-37Cb,0.322739848,4.177249589,0.221570227,0.434106577,l(2)37Cb,FBgn0086444
CG14709,0.236996781,6.20803821,0.221670857,0.434209566,Mrp4,FBgn0263316
CG7326,-0.359228109,3.786725412,0.221833528,0.434434011,CG7326,FBgn0030970
CG7397,-0.331067991,4.018938907,0.222099002,0.434859642,CG43102,FBgn0262562
mRpL16,0.233179462,4.957712255,0.222438785,0.435430549,mRpL16,FBgn0023519
Slu7,0.251725996,4.919554304,0.222562869,0.435579065,Slu7,FBgn0039626
CG4101,-0.300076301,4.498863551,0.222854577,0.436055502,CG4101,FBgn0025558
CG5445,-0.195421004,6.064981579,0.222987691,0.436221481,CG5445,FBgn0030838
car,-0.250257181,4.880665215,0.22313381,0.436412826,car,FBgn0000257
CG31759,-0.591486903,1.536555937,0.22341944,0.436876888,CG31759,FBgn0051759
CG14982,0.208678871,5.409271646,0.223647102,0.437227423,CG14982,FBgn0035477
CG6769,0.256747352,4.984369663,0.223894369,0.437616124,CG6769,FBgn0030878
CG1907,0.195864907,7.200719232,0.223951494,0.437633094,CG1907,FBgn0039674
nrv1,-0.187419758,7.616970505,0.224045079,0.43772129,nrv1,FBgn0015776
Sap-r,0.199371245,10.12627721,0.224170647,0.437795066,Sap-r,FBgn0000416
CG9302,0.270751431,4.670593828,0.224179762,0.437795066,CG9302,FBgn0032514
CG42270,-0.198759531,7.54452777,0.224296228,0.437927843,CG42684,FBgn0261570
CG10165,-0.322856617,3.945432521,0.224504307,0.438167607,CG10165,FBgn0032801
CG8632,-0.208824226,5.989054749,0.224544704,0.438167607,ZnT49B,FBgn0033762
nkd,0.255070164,4.834509422,0.224564536,0.438167607,nkd,FBgn0002945
RluA-1,0.311907154,4.511960966,0.224909373,0.438745687,RluA-1,FBgn0051719
Taf1,0.178769574,6.752096193,0.225137882,0.439096637,Taf1,FBgn0010355
CG11368,0.828215094,4.224492215,0.22527847,0.439275998,CG11368,FBgn0040923
PP2A-B-,-0.184395035,7.952955424,0.225595211,0.439798691,PP2A-B',FBgn0042693
Pk61C,-0.194323411,7.494971812,0.225867164,0.440224535,Pdk1,FBgn0020386
mRpS28,-0.313662406,3.924059455,0.225911107,0.440224535,mRpS28,FBgn0034361
CG6509,0.186352725,7.333067636,0.226574935,0.441353774,CG6509,FBgn0032363
CG1486,0.17764497,6.863086486,0.226622693,0.441353774,CG1486,FBgn0031174
Pcf11,0.198793287,7.634652313,0.226649494,0.441353774,Inr-a,FBgn0264962
CG6406,-0.21106703,5.439682113,0.226705306,0.441353774,CG6406,FBgn0034269
CG4511,0.198703402,5.940574513,0.226734875,0.441353774,CG4511,FBgn0037843
pncr008-3L,0.797855548,1.130686712,0.227325384,0.442290183,pncr008:3L,FBgn0047000
CG13428,1.22215123,4.847177289,0.227350174,0.442290183,CG13428,FBgn0034515
CG13827,0.427785789,2.768117502,0.227362808,0.442290183,CG13827,FBgn0039068
CG4496,-0.436892511,3.168522591,0.227417773,0.442301865,CG4496,FBgn0031894
CG9839,0.345049098,3.854936524,0.22762735,0.442614181,CG9839,FBgn0037633
toc,-0.190328282,7.735683257,0.227882033,0.443014049,toc,FBgn0015600
mus304,-0.473695889,2.620131654,0.228063767,0.44324752,mus304,FBgn0002901
CG15817,-0.197700452,6.463279323,0.228100257,0.44324752,CG15817,FBgn0028476
CG9596,0.451879195,2.687667644,0.228190767,0.44332804,CG9596,FBgn0031832
FR,-0.349408892,3.826947108,0.22831523,0.443347871,FMRFaR,FBgn0035385
CG4686,0.285239126,5.013720446,0.228367332,0.443347871,CG4686,FBgn0038739
CG8519,-1.177791336,0.136328445,0.228368475,0.443347871,CG8519,FBgn0035711
CG13376,0.773317268,0.71720609,0.228397276,0.443347871,CG13376,FBgn0029518
CG4389,0.197070758,7.551225117,0.228886759,0.444049383,Mtpalpha,FBgn0028479
Mef2,-0.195425791,7.120983052,0.2288935,0.444049383,Mef2,FBgn0011656
CG18787,0.657239542,1.03691572,0.22890613,0.444049383,CG18787,FBgn0042125
CG5690,-0.44268215,2.857276484,0.229405742,0.444923029,Cnb,FBgn0035295
CG10069,0.263516226,4.656464874,0.229551435,0.445028933,MFS16,FBgn0034611
CG15814,0.178973758,6.396129915,0.229558869,0.445028933,CG15814,FBgn0030873
Nf1,-0.202294981,6.668238766,0.22967184,0.445152415,Nf1,FBgn0015269
Papss,0.241716273,5.048725382,0.229874718,0.445450064,Papss,FBgn0020389
CG14321,0.376260383,3.376901992,0.230035305,0.445590319,CG14321,FBgn0038540
CG15251,0.81230807,1.372759498,0.230045744,0.445590319,CG43386,FBgn0263216
CG12003,0.64730191,1.452441186,0.230349019,0.446082109,CG12003,FBgn0035234
CG7054,0.187995755,6.210149969,0.23040449,0.446093906,CG7054,FBgn0038972
CG2972,0.253917226,4.56127591,0.231217998,0.447573043,CG2972,FBgn0030177
Hsp26,-0.438420884,3.289883136,0.231423068,0.447874035,Hsp26,FBgn0001225
CG6015,0.208723333,5.501269218,0.231961384,0.448819692,CG6015,FBgn0038927
pUf68,0.205515204,7.752232276,0.232086667,0.448965941,pUf68,FBgn0028577
pkaap,0.196242123,5.776524523,0.232438699,0.449550675,pkaap,FBgn0040079
CG14216,0.206654997,5.346903028,0.232572278,0.449663048,Ssu72,FBgn0031054
CG6610,0.467742038,3.024153651,0.23262181,0.449663048,CG6610,FBgn0035675
jet,0.356625384,4.079344477,0.23266228,0.449663048,jet,FBgn0031652
CG30044,-0.18384351,7.825255457,0.232732983,0.449663048,s-cup,FBgn0050044
CG5110,0.281160617,4.165080349,0.232745673,0.449663048,CG5110,FBgn0032642
sbb,-0.184711895,7.378110933,0.232986669,0.450032408,sbb,FBgn0010575
CG17712,0.277690315,4.339746467,0.233096666,0.450148627,CG17712,FBgn0027597
Met,0.259098547,4.879990301,0.233229011,0.450219184,Met,FBgn0002723
Nhe2,-0.182108441,6.914432327,0.233232874,0.450219184,Nhe2,FBgn0040297
CanA1,0.917765545,0.798025376,0.233339425,0.45032864,CanA1,FBgn0010015
CG32164,-0.357849492,3.486161094,0.23345258,0.450450792,CG32164,FBgn0042177
FK506-bp1,0.276760886,4.510359332,0.233572364,0.45058568,FK506-bp1,FBgn0013269
mRpS34,0.318500222,4.03541527,0.233631548,0.450603631,mRpS34,FBgn0260460
CG6915,0.276938895,4.63708704,0.233696137,0.4506158,CG43163,FBgn0262719
CG31374,0.625708305,3.234109358,0.23374202,0.4506158,sals,FBgn0051374
nonA-l,-0.230327111,5.326604636,0.233787498,0.4506158,nonA-l,FBgn0015520
CG34122,-0.574436015,1.838420973,0.233899136,0.450734811,plx,FBgn0261261
SamDC,-0.264816389,4.585691344,0.23419458,0.451207898,SamDC,FBgn0019932
wek,0.376881661,3.417625191,0.23440579,0.451486466,wek,FBgn0001990
CSN8,-0.345418665,3.517725254,0.23443912,0.451486466,CSN8,FBgn0261437
CG8306,0.191883746,8.640906021,0.23475133,0.451991371,CG8306,FBgn0034142
CG15385,0.179164562,6.28100713,0.235163248,0.452670964,CG15385,FBgn0031397
CG9779,-0.190373334,6.141898018,0.235204506,0.452670964,Vps24,FBgn0037231
CG3267,0.276798302,4.305039975,0.235496967,0.453137295,CG3267,FBgn0042083
yemalpha,0.282578968,4.267017534,0.235772673,0.453571195,yem,FBgn0005596
CG14040,0.303119734,3.983302064,0.235860809,0.453644145,CG14040,FBgn0031676
CG14005,-0.332866919,3.852174293,0.235972825,0.453686032,CG14005,FBgn0031739
Rpb11,-0.346145762,3.726975554,0.235987867,0.453686032,Rpb11,FBgn0032634
CG8408,-0.198905651,6.265966843,0.236033247,0.453686032,stas,FBgn0030850
CG5857,0.316972581,4.045181147,0.236118957,0.453754235,Ndc1,FBgn0039125
CG14481,-0.675601611,1.008583625,0.236261362,0.453931336,"CG42561 , CG42562","FBgn0260763 , FBgn0260764"
CG6227,0.222318039,5.260546362,0.236389019,0.454080034,CG6227,FBgn0030631
Gal,0.405928111,3.897130567,0.236818386,0.454628011,Gal,FBgn0001089
CG13999,-0.45158151,2.898412665,0.236888592,0.454628011,CG13999,FBgn0031753
Gli,-0.206382232,7.008228679,0.236952798,0.454628011,Gli,FBgn0001987
CG31633,-0.277977752,4.26789448,0.23696864,0.454628011,CG31633,FBgn0051633
CG7656,0.216983845,5.229674323,0.237003223,0.454628011,CG7656,FBgn0036516
CG11226,-0.747972332,0.823126273,0.237064875,0.454628011,CG11226,FBgn0037195
PNUTS,-0.214533115,7.99218613,0.237072863,0.454628011,PNUTS,FBgn0053526
CG9328,0.288714347,4.525150803,0.237076883,0.454628011,CG9328,FBgn0032886
CG9368,-0.292525161,4.029621631,0.237136287,0.454645419,CG9368,FBgn0036890
CG4666,0.679004642,1.165932439,0.237385939,0.454977613,CG4666,FBgn0029838
CG30022,0.213516448,6.30039478,0.23741028,0.454977613,CG30022,FBgn0050022
CG7506,-0.30937717,4.241125214,0.237577976,0.455202426,CG7506,FBgn0035805
flfl,-0.187403133,7.370275313,0.238429851,0.456657389,flfl,FBgn0024555
CG42237,0.201965439,6.647742791,0.238438444,0.456657389,CG42237,FBgn0250862
CG15431,0.439115659,2.637824443,0.23856644,0.456805684,CG15431,FBgn0031602
Hr96,0.181955652,6.258389621,0.238898763,0.457345078,Hr96,FBgn0015240
CG13933,0.187753008,6.257693751,0.238959733,0.457364878,CG13933,FBgn0035270
CG33155,-0.593979946,1.844837563,0.239160586,0.457652348,CG33155,FBgn0053155
ken,-0.202535008,5.826891696,0.239322202,0.457864628,ken,FBgn0011236
CG18744,-0.791973649,0.987731253,0.239392638,0.457902413,CG18744,FBgn0042101
CG7866,0.251762898,5.053247664,0.239524359,0.457980484,"CG42557 , CG42558","FBgn0260759 , FBgn0260760"
ARP-like,0.18812037,5.864329161,0.239534845,0.457980484,Manf,FBgn0027095
U2af50,0.178863666,6.268426856,0.239652419,0.458108327,U2af50,FBgn0005411
Suv4-20,-0.1840575,7.192587075,0.239770694,0.458237456,Hmt4-20,FBgn0025639
CG13125,-0.442283427,3.467167954,0.240235333,0.458958803,TbCMF46,FBgn0032163
CG7131,-0.522350866,2.341862648,0.240249743,0.458958803,CG7131,FBgn0038598
serp,0.468745714,2.763872392,0.240447194,0.459238891,serp,FBgn0260653
CG5447,0.278156134,4.365819134,0.240733894,0.459689282,CG5447,FBgn0039427
pan,-0.246140569,6.279699156,0.241328649,0.460727603,pan,FBgn0085432
CG15470,0.727140807,0.870853602,0.241401389,0.460744385,CG42594,FBgn0260971
ppk14,-0.627171199,1.246455607,0.241439442,0.460744385,ppk14,FBgn0031803
CG1234,-0.313566625,3.849112105,0.241681976,0.461109814,CG1234,FBgn0037489
mRpL33,-0.364699813,3.648896413,0.241867012,0.461365411,mRpL33,FBgn0040907
GstE2,0.405054966,3.141024732,0.241973609,0.461471307,GstE2,FBgn0063498
CG14589,0.742744323,0.772713289,0.242276248,0.461950955,CG14589,FBgn0033063
CG7616,0.282098664,4.46671423,0.242456824,0.46219771,CG7616,FBgn0036142
CG10139,0.317324808,3.884866938,0.242627488,0.462363841,CG10139,FBgn0033951
CG11455,-0.173607547,6.886285051,0.242656315,0.462363841,CG11455,FBgn0031228
CCKLR-17D1,0.338541777,7.961177616,0.242697513,0.462363841,CCKLR-17D1,FBgn0259231
CG10741,0.229022978,5.06022084,0.242784322,0.462431703,Tgi,FBgn0036373
CG16908,-0.317309818,3.920509333,0.242877832,0.462512297,CG16908,FBgn0037741
CG4680,0.185001598,8.723034541,0.24345338,0.463510609,Grp,FBgn0036627
HisCl1,-0.447746863,2.834570511,0.243515696,0.463531563,HisCl1,FBgn0037950
sns,0.258265714,5.152276363,0.243577963,0.463552417,sns,FBgn0024189
CG11347,-0.180287821,8.894319205,0.243632499,0.463558551,DOR,FBgn0035542
CG14650,0.181521533,5.857343605,0.243824635,0.463826438,CG14650,FBgn0037252
scb,0.276731571,5.096097841,0.243980624,0.464025465,scb,FBgn0003328
Nmnat,-0.194575373,5.508494458,0.244061718,0.464032946,Nmnat,FBgn0039254
CG15216,-0.337842089,4.021137396,0.244087288,0.464032946,CG42748,FBgn0261802
CG32750,0.568420757,2.110108917,0.244299537,0.464213994,CG32750,FBgn0052750
CG12264,0.208881022,6.637608539,0.244383393,0.464213994,CG12264,FBgn0032393
gig,0.175502372,6.663458588,0.24438502,0.464213994,gig,FBgn0005198
CG8569,0.316745093,4.124813718,0.244388062,0.464213994,CG8569,FBgn0033752
DNApol-alpha180,0.540626412,2.054147154,0.244755763,0.464814707,DNApol-alpha180,FBgn0259113
CG3279,-0.329906023,3.756692471,0.244837478,0.464872169,Vti1,FBgn0260862
CG11920,-0.417033995,3.046278188,0.245198832,0.465393003,CG11920,FBgn0039274
CG10082,-0.194639117,7.48979727,0.245214821,0.465393003,CG10082,FBgn0034644
Fak56D,-0.181446223,6.573302018,0.24539211,0.465631657,Fak,FBgn0020440
CG6550,0.337020526,3.494696182,0.245561685,0.465653971,CG6550,FBgn0034214
drl,-0.41177037,3.009689516,0.245590252,0.465653971,drl,FBgn0015380
olf186-M,0.208959443,5.289741673,0.245600309,0.465653971,olf186-M,FBgn0015522
glu,-0.39419618,3.574714962,0.245643619,0.465653971,glu,FBgn0015391
CG10260,0.177348872,8.071066039,0.245661593,0.465653971,PI4KIIIalpha,FBgn0267350
CG7702,-0.528833085,1.78284899,0.245728356,0.465682813,CG7702,FBgn0038638
GlcAT-P,-0.176916507,6.890220977,0.245783657,0.465689924,GlcAT-P,FBgn0036144
sol,0.18210616,7.425234643,0.246098056,0.466187846,sol,FBgn0003464
Rapgap1,-0.185499077,7.58422165,0.246220712,0.466322413,RapGAP1,FBgn0264895
pigeon,-0.268786048,4.29278912,0.246312236,0.466397976,pigeon,FBgn0010309
CG6388,0.367592048,3.93382861,0.24644682,0.466555024,CG6388,FBgn0032430
Ndc80,-0.733247477,0.786759,0.246528488,0.466611851,Ndc80,FBgn0030500
RpI1,0.266171689,4.777835714,0.246706409,0.466850796,RpI1,FBgn0019938
sec3,-0.232051801,5.11179472,0.246969575,0.467250919,Sec3,FBgn0266669
CG6321,0.348334438,3.496901269,0.247127151,0.467451149,CG6321,FBgn0036117
CG9664,0.177426205,6.471188289,0.247180163,0.467453547,CG9664,FBgn0031515
CG13165,-0.342057869,3.364058163,0.247240246,0.467469314,CG42700,FBgn0261611
CG31674,-0.410743788,3.185390226,0.247445529,0.467717101,CG31674,FBgn0051674
noe,-0.21039922,8.531384682,0.247474844,0.467717101,noe,FBgn0026197
iotaTry,-0.898316328,0.554170997,0.247700499,0.468045662,iotaTry,FBgn0015001
CG14956,0.184850269,5.904570236,0.24791774,0.468358189,BtbVII,FBgn0263108
CG7009,0.292436158,4.045179449,0.248114093,0.468631134,CG7009,FBgn0038861
CG17904,0.227443548,5.094377104,0.248455168,0.469177255,CG17904,FBgn0032597
sip3,0.193180805,6.561331755,0.248556842,0.469271161,sip3,FBgn0039875
CG9684,-0.293262531,4.034859871,0.248855673,0.469737182,CG9684,FBgn0037583
CG1597,0.185691781,6.104175783,0.24906544,0.470034925,CG1597,FBgn0030289
grau,0.250740284,4.842289469,0.249120745,0.470041104,grau,FBgn0001133
CG9154,-0.343891329,3.29737716,0.249178597,0.470045725,CG9154,FBgn0031777
CG12081,0.2261703,5.003421196,0.249227255,0.470045725,CG12081,FBgn0030053
CG17598,0.177149213,6.161768371,0.249326588,0.470134918,CG17598,FBgn0031194
POSH,-0.257708544,4.560241518,0.249565219,0.470486685,POSH,FBgn0040294
CG12360,-0.192731412,5.833454455,0.249884613,0.470990527,CG12360,FBgn0038111
Crag,0.185757599,7.770373954,0.249945036,0.471006145,Crag,FBgn0025864
neur,-0.252067972,4.651324819,0.250078391,0.471132352,neur,FBgn0002932
Dsp1,-0.189484204,6.381056336,0.250116312,0.471132352,Dsp1,FBgn0011764
CG34106,-0.488071346,1.940251684,0.250289861,0.471360977,CG34106,FBgn0083942
CG13016,0.336311369,3.463241836,0.250540944,0.471646779,CG13016,FBgn0033899
CG6325,-0.307191397,4.09861566,0.250546036,0.471646779,CG6325,FBgn0037814
CG11168,0.24023811,5.023028637,0.250675696,0.47179255,CG11168,FBgn0039249
CG14220,0.307317954,4.036805503,0.250740938,0.471817044,CG14220,FBgn0031036
CG7441,-0.239010324,5.222453449,0.251308629,0.472786788,CG7441,FBgn0036763
CG4935,0.476882339,2.513083098,0.251639306,0.473310325,CG4935,FBgn0028897
gw,-0.181834082,8.486660181,0.251831823,0.473573832,gw,FBgn0051992
Fur1,-0.181887052,7.634019008,0.252229954,0.474223809,Fur1,FBgn0004509
CG9866,0.235394927,5.289797726,0.252398597,0.474442141,Atxn7,FBgn0031420
CG6425,-0.848398452,0.491317953,0.2525765,0.474677782,CG6425,FBgn0039449
CG14528,1.005105853,0.420978958,0.252638087,0.474694775,CG14528,FBgn0039611
CG3831,-0.321595687,3.801405714,0.252732347,0.474773139,CG3831,FBgn0034804
CG2260,0.357354832,3.227631954,0.253018298,0.475211497,CG2260,FBgn0030000
CG6752,-0.337365445,3.397659727,0.25308203,0.475232397,CG6752,FBgn0038296
ssh,0.171357531,6.761143243,0.253201033,0.475289972,ssh,FBgn0029157
CG6444,0.25484951,4.663915046,0.253228993,0.475289972,Dpy-30L1,FBgn0032293
CG32137,-0.177147645,8.233292717,0.253270525,0.475289972,CG32137,FBgn0052137
Caki,-0.177492349,7.338796019,0.253572481,0.475757797,CASK,FBgn0013759
CG31367,-0.26902068,5.709157653,0.253654846,0.475800064,CG42724,FBgn0261641
Unr,-0.182604063,7.021339487,0.253700344,0.475800064,Unr,FBgn0263352
CG13776,-0.391681858,2.880233533,0.254001174,0.476265382,"CG43321 , CG43322","FBgn0263026 , FBgn0263027"
CG2006,0.446120747,2.579949709,0.254207141,0.476552669,CG2006,FBgn0039664
CG32458,-0.270150238,4.45892533,0.254911944,0.477774794,nrm,FBgn0262509
dm,-0.270729602,4.522079689,0.255124377,0.478037626,dm,FBgn0262656
CG14867,-0.567238852,1.635700864,0.255158007,0.478037626,Rbp,FBgn0262483
slp2,-0.220516098,4.935134078,0.255370607,0.478336732,slp2,FBgn0004567
mri,0.210434795,5.297051124,0.255706305,0.478866244,mri,FBgn0035107
Cnx99A,0.174698393,8.116813768,0.256113066,0.479528588,Cnx99A,FBgn0015622
CG11414,-0.188056392,6.209615476,0.256710496,0.480393647,CG11414,FBgn0035024
sqz,-0.357035698,3.547761673,0.256717328,0.480393647,sqz,FBgn0010768
CG3532,-0.218057306,5.049403707,0.256760141,0.480393647,GCC185,FBgn0037979
fru,0.19184041,6.541498757,0.256787793,0.480393647,fru,FBgn0004652
Ssb-c31a,-0.25110223,4.610759614,0.257141141,0.480955087,Ssb-c31a,FBgn0015299
Rap2l,-0.219826623,5.555177308,0.257398969,0.481313026,Rap2l,FBgn0025806
chrw,0.263669912,4.450061235,0.257439068,0.481313026,RabX1,FBgn0015372
ck,-0.173673389,6.769820918,0.257557604,0.481435008,ck,FBgn0000317
CG7757,0.204017756,5.44987011,0.257667112,0.481540069,Prp3,FBgn0036915
Or85b,0.218306499,5.751731141,0.257801868,0.481692259,Or85b,FBgn0037590
Nufip,-0.455382613,2.420690046,0.258064385,0.482083055,Nufip,FBgn0036812
vig,-0.172165199,6.995642785,0.258132844,0.482111249,vig,FBgn0024183
nompB,-0.179715673,5.762998016,0.258357596,0.482270274,nompB,FBgn0016919
Rab-RP3,0.255109785,4.620361262,0.258372864,0.482270274,Rab19,FBgn0015793
CG33960,-0.260977,4.588070006,0.258482285,0.482270274,Sema-2b,FBgn0264273
CG13650,-0.199229905,6.643462559,0.258485232,0.482270274,CG13650,FBgn0039277
Sin1,-0.286221303,4.026780192,0.258548449,0.482270274,Sin1,FBgn0033935
CG1316,0.178931837,5.768359318,0.258619612,0.482270274,CG1316,FBgn0035526
CG17341,0.65989132,1.538977457,0.25863194,0.482270274,CG17341,FBgn0028906
CG15629,0.777577368,0.609714933,0.258668877,0.482270274,CG15629,FBgn0031630
CG8001,0.224728041,4.949727087,0.258698445,0.482270274,CG8001,FBgn0035268
CG8924,-0.344670464,3.685367855,0.258780871,0.482324405,CG8924,FBgn0030710
CG10724,0.219817673,5.343972144,0.259125771,0.482867619,flr,FBgn0260049
Gbeta13F,-0.173748831,7.120614591,0.259197854,0.482902333,Gbeta13F,FBgn0001105
Rala,-0.177991456,5.987948109,0.25937169,0.48307664,Rala,FBgn0015286
ATPsyn-Cf6,-0.178000814,8.498244145,0.25939836,0.48307664,ATPsyn-Cf6,FBgn0016119
CG3624,0.653490378,2.731536174,0.259626698,0.483402223,babos,FBgn0034724
CG10006,0.616759824,1.159982014,0.259806047,0.483566629,Zip71B,FBgn0036461
Gbp,0.22541703,4.894306456,0.259822052,0.483566629,Prp19,FBgn0261119
CG9520,-0.182849325,5.817945557,0.260112641,0.483969611,C1GalTA,FBgn0032078
CG5482,0.160301482,6.965531613,0.26014572,0.483969611,CG5482,FBgn0034368
CG13663,0.29746121,3.838179865,0.260919962,0.485310055,CG13663,FBgn0039291
Rfx,0.18644556,6.907961125,0.261116619,0.485575862,Rfx,FBgn0020379
CG11902,0.259892009,4.602787489,0.261214562,0.48558238,CG11902,FBgn0028647
l-2-35Bg,0.190742778,5.822704222,0.261227625,0.48558238,CIAPIN1,FBgn0001977
unc-5,-0.181567956,5.783093306,0.261367742,0.485742889,unc-5,FBgn0034013
Moe,-0.173672841,9.40967275,0.261467537,0.48582841,Moe,FBgn0011661
l-3-neo38,-0.219400928,5.332665805,0.261761376,0.486274372,l(3)neo38,FBgn0265276
CG6750,0.17910242,6.09331124,0.262021437,0.486654999,CG6750,FBgn0032292
nuf,0.168262421,7.544840905,0.262074006,0.486654999,nuf,FBgn0013718
CG33092,0.930705085,1.349880017,0.262160966,0.486685633,P5CDh2,FBgn0053092
Nedd8,-0.281709995,4.082597428,0.262198248,0.486685633,Nedd8,FBgn0032725
CG7341,0.614871346,1.148926102,0.262343471,0.48685516,CG7341,FBgn0036777
l-2-37Cg,-0.506570968,2.140667614,0.262406487,0.486872089,l(2)37Cg,FBgn0086447
CG31288,0.351680465,7.690777045,0.262489477,0.486926065,CG31288,FBgn0051288
CG14518,-0.506771504,1.948326811,0.262592655,0.486987752,CG14518,FBgn0039621
CG18265,-0.362595449,3.575307504,0.262630543,0.486987752,CG18265,FBgn0036725
otu,-0.935889209,0.727713641,0.262745111,0.487100213,otu,FBgn0003023
DNApol-alpha50,0.680828421,0.857854836,0.262979921,0.487435495,DNApol-alpha50,FBgn0011762
CG10990,-0.196698637,6.715791199,0.263196532,0.487736918,Pdcd4,FBgn0030520
CG4725,0.824585425,0.462593591,0.263313288,0.487799731,CG4725,FBgn0039022
CG15295,-0.484294099,2.824612702,0.26336185,0.487799731,CG43347,FBgn0263072
ed,0.197523657,6.013662148,0.263392416,0.487799731,ed,FBgn0000547
CG33505,-0.45591767,2.455569557,0.263463891,0.487811203,U3-55K,FBgn0053505
CG3032,-0.556303509,1.815915111,0.263506605,0.487811203,CG3032,FBgn0029928
CG12106,0.407483841,2.715657933,0.263755008,0.488171019,CG12106,FBgn0030100
CG30466,-0.326049169,3.468689875,0.263966337,0.488342841,CG30466,FBgn0050466
CG11844,-0.168717557,6.869401683,0.263987995,0.488342841,vig2,FBgn0046214
pst,-0.225016486,8.079488825,0.264040113,0.488342841,pst,FBgn0035770
CG1531,0.166583119,6.563751445,0.264064067,0.488342841,CG42593,FBgn0260970
CG5629,-0.207169096,5.608604225,0.264294592,0.488669125,Ppcs,FBgn0261285
CG4681,-0.661392837,0.877899337,0.264458033,0.488871265,CG4681,FBgn0069913
CG18324,-0.240898642,4.744379487,0.264952237,0.489682643,CG18324,FBgn0033905
CG15459,0.476766466,1.941156272,0.265016434,0.489682643,CG15459,FBgn0031108
CG32344,-0.313598842,3.987417748,0.265060134,0.489682643,CG32344,FBgn0052344
CG9948,-0.485654022,2.51916185,0.265113771,0.489682643,CG9948,FBgn0035721
CG11093,-0.289580755,3.894683186,0.265248255,0.489830895,fuss,FBgn0039932
Tollo,-0.305158667,4.077577319,0.265334908,0.489890774,Tollo,FBgn0029114
CG3397,0.73160311,1.559092507,0.265712902,0.490488425,CG3397,FBgn0037975
CG1275,0.200644881,5.467974045,0.26578484,0.49052099,CG1275,FBgn0035321
CG31554,0.434521884,3.370564114,0.265951774,0.490666094,CG42675,FBgn0261561
CG13090,0.285990498,3.913560955,0.26597209,0.490666094,CG13090,FBgn0032054
CG31086,-0.32280277,3.699269722,0.266054853,0.490718567,CG31086,FBgn0051086
CG4764,0.204987108,5.349063512,0.266144491,0.490783697,Vps29,FBgn0031310
SRm160,-0.182763228,6.241252861,0.266232224,0.490845289,SRm160,FBgn0036340
CG12765,0.341925264,3.637694753,0.266898563,0.491973398,fsd,FBgn0033813
LamC,0.170209025,6.532670156,0.267005058,0.492026708,LamC,FBgn0010397
NitFhit,0.207125655,5.60749667,0.267036413,0.492026708,NitFhit,FBgn0024945
CG10949,-0.297141205,4.021908021,0.267467851,0.492584684,CG10949,FBgn0032858
MAPk-Ak2,-0.172099009,7.759154182,0.267487453,0.492584684,MAPk-Ak2,FBgn0013987
CycK,0.197720799,5.83957886,0.267502818,0.492584684,CycK,FBgn0025674
Rpb5,0.286509526,4.439893222,0.267738966,0.492919059,Rpb5,FBgn0033571
CG2225,-0.210312228,5.372222451,0.26823302,0.493728017,CG2225,FBgn0032957
CG12253,-0.457536919,2.441569735,0.268560581,0.494230249,CG12253,FBgn0026148
Fer2LCH,-0.176493795,9.735122837,0.268792391,0.494556101,Fer2LCH,FBgn0015221
CG2321,-0.484037439,2.259218428,0.268904808,0.494662195,CG2321,FBgn0039663
GluClalpha,-0.605645448,1.301112682,0.269039514,0.494710565,GluClalpha,FBgn0024963
Mlc2,0.474184958,5.831648787,0.269082528,0.494710565,Mlc2,FBgn0002773
Adk3,0.321973047,3.771104827,0.269095386,0.494710565,Adk3,FBgn0042094
Mhcl,-0.171394765,6.797504302,0.269225902,0.494806081,Mhcl,FBgn0026059
Rab6,-0.171653394,6.648076763,0.269325901,0.494806081,Rab6,FBgn0015797
CG32551,1.464389271,1.177990778,0.269351202,0.494806081,CG32551,FBgn0052551
CG9795,-0.166856845,6.356870353,0.269366428,0.494806081,CG9795,FBgn0037234
ptr,-0.171052081,7.677059974,0.269475673,0.494906125,ptr,FBgn0003159
CG11151,0.171282904,7.704774785,0.269542119,0.494927541,CG11151,FBgn0030519
cyp33,0.293825995,3.965302297,0.269627316,0.494983372,cyp33,FBgn0028382
CG3893,-0.526281259,1.606567207,0.269954667,0.495366191,arx,FBgn0036826
CG10348,0.482990514,2.242268103,0.269965566,0.495366191,CG10348,FBgn0032707
CG17816,-0.179132847,7.168766467,0.270038042,0.495366191,CG17816,FBgn0037525
CG11695,0.257415862,4.617352942,0.270055179,0.495366191,CG11695,FBgn0030316
poly,0.217410297,5.264352786,0.270130515,0.495403791,poly,FBgn0086371
CG15738,0.342466606,3.979424899,0.270245652,0.495422731,sicily,FBgn0030352
CG2656,0.297272891,4.549421893,0.270304652,0.495422731,CG2656,FBgn0037478
RN-tre,-0.1730095,6.152180294,0.270305362,0.495422731,RN-tre,FBgn0020620
CG6443,0.285005717,4.257436767,0.270639939,0.495935336,CG6443,FBgn0032290
CG12909,-0.456084298,2.550755116,0.271107899,0.496692103,CG12909,FBgn0033507
Cad88C,0.40898829,2.641469407,0.271396999,0.497120943,Cad88C,FBgn0038247
Wsck,0.252607575,4.579064861,0.271485691,0.497182593,Wsck,FBgn0046685
pcm,0.184292007,5.681243773,0.271910906,0.497860381,pcm,FBgn0020261
Eip93F,0.186262227,6.583628926,0.271978442,0.497883131,Eip93F,FBgn0264490
dgt6,0.378292136,2.861797184,0.272478312,0.498697138,dgt6,FBgn0039638
CG14234,-0.195308823,5.4156541,0.27258221,0.498786245,CG14234,FBgn0031065
Pglym78,0.174375837,8.168572508,0.272945125,0.499349182,Pglym78,FBgn0014869
CG6791,-0.187017544,5.870351904,0.273388228,0.500058564,CG6791,FBgn0037918
CG1845,0.189463574,5.479053663,0.273613128,0.500284846,Br140,FBgn0033155
HLHm7,-0.651909425,0.882439183,0.273641658,0.500284846,E(spl)m7-HLH,FBgn0002633
Cf2,0.178699276,6.125478171,0.273678073,0.500284846,Cf2,FBgn0000286
mtSSB,0.310434877,3.596268998,0.273764279,0.50034119,mtSSB,FBgn0010438
pll,0.305149389,4.335038988,0.273919144,0.500522966,pll,FBgn0010441
Sse,-0.921595738,0.443174501,0.274286384,0.501092658,Sse,FBgn0035627
CG30349,0.24926964,4.637357315,0.274643102,0.501642901,CG30349,FBgn0050349
or,0.272401381,4.091998467,0.274812833,0.501851451,or,FBgn0003008
Smc5,-0.27464121,4.125201079,0.27491724,0.501940652,Smc5,FBgn0052438
Ho,-0.197464962,5.545506582,0.275080383,0.502137034,Ho,FBgn0037933
cbs,0.205764434,4.936367551,0.275248105,0.502341693,cbs,FBgn0086757
CG34342,0.175919497,8.166731107,0.275384115,0.502488406,CG34342,FBgn0085371
CG17612,-0.36354203,2.919185418,0.275725345,0.503009444,CG17612,FBgn0031597
Pep,0.177145729,8.444885426,0.275816611,0.503074352,Pep,FBgn0004401
CG5989,0.217832359,5.013537842,0.27646516,0.504155482,CG5989,FBgn0017429
CG17683,-0.166651772,6.226122702,0.276565878,0.504155711,CG17683,FBgn0262115
CG8116,-0.293850012,4.020032513,0.276576899,0.504155711,CG8116,FBgn0037614
CG16712,-0.544749605,6.361189491,0.277285015,0.505344528,CG16712,FBgn0031561
mip130,0.213579481,5.107992982,0.277714326,0.505976829,mip130,FBgn0023509
pncr012-2L,0.605373212,1.567578595,0.277746741,0.505976829,Uhg3,FBgn0259936
Cks85A,0.400984613,2.708337375,0.277799986,0.505976829,Cks85A,FBgn0037613
CG10566,-0.238102772,4.70432139,0.277875519,0.506012385,CG10566,FBgn0037050
CG15816,0.625154427,2.30449491,0.277989169,0.506025026,CG42684,FBgn0261570
mael,0.92363088,0.213068652,0.278018132,0.506025026,mael,FBgn0016034
CG11898,-0.948546719,0.419712579,0.278126342,0.506025026,CG11898,FBgn0039645
Amyrel,-0.891558824,0.432842119,0.278144844,0.506025026,Amyrel,FBgn0020506
Rep4,-0.247531124,4.420947249,0.278162528,0.506025026,Drep-4,FBgn0028406
CG15443,0.283345656,4.162623574,0.278342895,0.506240266,CG15443,FBgn0031609
CG13982,-0.40712228,2.659015745,0.27839292,0.506240266,CG13982,FBgn0031811
Sdc,0.167542007,6.275532905,0.278562296,0.506446324,Sdc,FBgn0010415
fs-1-K10,-0.228300888,4.841456613,0.279178392,0.507396193,fs(1)K10,FBgn0000810
cpb,0.165759021,6.044567319,0.279197086,0.507396193,cpb,FBgn0011570
GNBP2,0.181120005,6.07558233,0.279356573,0.507501702,GNBP2,FBgn0040322
fab1,-0.719377768,0.682011196,0.279367497,0.507501702,fab1,FBgn0028741
dsd,-0.160307091,6.320207835,0.279453312,0.507555532,dsd,FBgn0039528
CG4743,-0.360232319,3.246898264,0.279595406,0.507711538,CG4743,FBgn0039357
CG33213,-0.435491198,2.414990588,0.27980634,0.507924539,CG33213,FBgn0053213
CG9705,-0.187717159,6.447331371,0.279825153,0.507924539,CG9705,FBgn0036661
CG6567,0.30671442,3.731582681,0.279930657,0.508013973,CG6567,FBgn0037842
CG14964,0.518491532,2.507251914,0.280018883,0.508072021,CG14964,FBgn0035410
Sec61gamma,0.210092144,5.345929514,0.280180696,0.508263535,Sec61gamma,FBgn0031049
Prosbeta5,0.164398983,7.476971824,0.280466652,0.508662489,Prosbeta5,FBgn0029134
Hsc70-1,0.65696868,3.074545933,0.28051323,0.508662489,Hsc70-1,FBgn0001216
CG2519,-0.177055137,7.320889823,0.280570476,0.508664194,CG2519,FBgn0037336
Pde9,-0.294543768,4.381627969,0.280973804,0.509293208,Pde9,FBgn0259171
Arc42,0.199333378,5.463585431,0.281031975,0.509296462,Arc42,FBgn0038742
CG5510,0.218133953,4.772461651,0.281191928,0.509398712,CG5510,FBgn0039160
Arp14D,-0.165537145,6.316497202,0.281201171,0.509398712,Arp2,FBgn0011742
Pms2,-0.275933004,3.969276492,0.281279815,0.509439024,Pms2,FBgn0011660
coro,-0.194769016,5.626287889,0.281409092,0.509473943,coro,FBgn0265935
CG17689,0.248040828,5.494254207,0.281411886,0.509473943,Spt20,FBgn0036374
Karl,-0.621148885,1.805646941,0.282430339,0.511215323,Karl,FBgn0030334
CG34186,-0.309459116,3.63860098,0.282705253,0.511610428,Rpb12,FBgn0262954
CG41240,-0.381534156,3.08092371,0.282821867,0.511685218,CG41240,FBgn0085568
Obp19b,-0.258488816,4.994042909,0.282936534,0.511685218,Obp19b,FBgn0031110
CG4984,-0.887555873,0.473222094,0.28302247,0.511685218,CG4984,FBgn0034267
CG13365,-0.215027517,4.817344079,0.283022995,0.511685218,CG13365,FBgn0029529
ci,-0.188703651,5.3048166,0.28302978,0.511685218,ci,FBgn0004859
CG32591,-0.456067135,2.287154208,0.283356874,0.51217407,CG32591,FBgn0052591
CG4461,0.707917685,2.891724873,0.283502371,0.512334551,CG4461,FBgn0035982
betaInt-nu,0.517712933,2.328408133,0.283773047,0.512686353,Itgbetanu,FBgn0010395
MRG15,0.226285308,5.054687072,0.283810543,0.512686353,MRG15,FBgn0027378
yin,-0.340904962,4.179684612,0.284486261,0.513804255,yin,FBgn0265575
CG7770,-0.171114847,5.701402416,0.284672545,0.514037932,CG7770,FBgn0036918
Hex-C,0.578949258,1.512708414,0.28482449,0.51412452,Hex-C,FBgn0001187
CG6066,-0.36678689,3.329052965,0.284834317,0.51412452,CG6066,FBgn0039488
gprs,-0.212630303,5.511600004,0.285042305,0.51439716,gprs,FBgn0024232
CG7646,-0.180364137,5.638368595,0.285212678,0.514549584,CG7646,FBgn0036926
CG30475,-0.311652917,3.665295958,0.285254577,0.514549584,aPKC,FBgn0261854
CG7000,-0.173360141,10.53897503,0.285347298,0.514549584,Snmp1,FBgn0260004
MYPT-75D,0.16402842,7.21483532,0.285354595,0.514549584,MYPT-75D,FBgn0036801
Galpha73B,-0.21887312,5.798074954,0.285425399,0.514574548,Galphaf,FBgn0010223
Kr-h2,0.174589413,7.815525985,0.285622851,0.51482778,Kr-h2,FBgn0266449
CG13005,-0.451303784,2.667558251,0.285802406,0.515044878,CG13005,FBgn0030794
CG4738,0.217455964,4.787014892,0.285857319,0.515044878,Nup160,FBgn0262647
CG14463,0.307889751,3.683635986,0.286040719,0.515272553,CG14463,FBgn0037535
tub,0.183492492,5.535710771,0.286197702,0.515452559,tub,FBgn0003882
SP1173,-0.197724912,6.734468725,0.286276072,0.515490938,SP1173,FBgn0035710
CG5013,0.355503306,3.182781308,0.286349979,0.515521266,CG5013,FBgn0038396
CG13025,-0.3792562,3.05663679,0.286534961,0.515662529,CG13025,FBgn0036660
Gga,0.179695314,5.493046884,0.286542605,0.515662529,Gga,FBgn0030141
Sin,0.268784388,4.053214667,0.28674217,0.515874449,Sin,FBgn0028402
CG3704,-0.259276173,4.398929049,0.286774572,0.515874449,CG3704,FBgn0040346
CG18302,-0.200264562,7.423763927,0.287000825,0.516092427,CG18302,FBgn0032266
CG14834,0.778902074,0.90325898,0.287010001,0.516092427,CG14834,FBgn0035768
gatA,-0.271329642,3.953928183,0.287497338,0.516709367,gatA,FBgn0260779
CG7839,-0.240674927,4.486994947,0.28753559,0.516709367,CG7839,FBgn0036124
Cdk7,0.28904158,3.811878985,0.287578419,0.516709367,Cdk7,FBgn0263237
CG15160,-0.208384387,5.029035141,0.287581879,0.516709367,CG15160,FBgn0032688
mRpS30,-0.200910096,5.478759503,0.287679832,0.516734373,mRpS30,FBgn0030692
CG1971,-0.565941159,1.95118748,0.287710194,0.516734373,CG1971,FBgn0039881
CG8791,0.506116248,1.758871587,0.287792496,0.516771192,CG8791,FBgn0033234
Cdk8,0.460464753,2.524032056,0.287871529,0.516771192,Cdk8,FBgn0015618
CG4119,-0.178614202,5.834561766,0.287902304,0.516771192,CG4119,FBgn0028474
CG32521,-0.162761339,8.794398977,0.288069912,0.516969325,CG32521,FBgn0052521
CG10933,0.415709551,2.446015307,0.288308125,0.517294061,CG10933,FBgn0034264
CG42339,-0.309104488,3.733096704,0.288491381,0.517520083,CG42339,FBgn0259241
CycG,-0.165700819,9.408932021,0.288851121,0.518062543,CycG,FBgn0039858
snRNP69D,-0.392831526,2.864243983,0.288948894,0.518135035,SmD1,FBgn0261933
CG7272,-0.18957258,7.238117396,0.289076765,0.51826146,CG7272,FBgn0036501
CG9531,0.229443691,4.692237777,0.289142506,0.518276469,CG9531,FBgn0031817
CG15321,-0.50762724,2.092840285,0.289829048,0.519343803,nej,FBgn0261617
YT521-B,-0.17464025,7.095453587,0.28987351,0.519343803,YT521-B,FBgn0027616
CG3499,-0.163141044,6.035940353,0.289928299,0.519343803,CG3499,FBgn0034792
Rpn5,0.15542357,6.882322763,0.289997542,0.519343803,Rpn5,FBgn0028690
DIP1,0.176929497,7.704349438,0.290073663,0.519343803,DIP1,FBgn0024807
sws,0.162756765,8.188858592,0.290085487,0.519343803,sws,FBgn0003656
if,0.167602705,7.293866522,0.290140378,0.519343803,if,FBgn0001250
Nsf2,0.160133987,6.275110289,0.290355043,0.519625091,Nsf2,FBgn0266464
Jafrac1,-0.16333964,9.592482672,0.290475527,0.519737752,Jafrac1,FBgn0040309
Bka,-0.353061362,3.299346518,0.290664831,0.519973481,Bka,FBgn0010520
koi,-0.345822191,3.294334926,0.291150829,0.520519427,koi,FBgn0265003
CG4676,-0.55054894,1.296242548,0.291156189,0.520519427,CG4676,FBgn0033815
CG5798,-0.174565137,5.523907817,0.291277748,0.520519427,Ubpy,FBgn0038862
CG3409,0.169768941,6.796398352,0.291306316,0.520519427,CG3409,FBgn0033095
CG1120,-0.398558179,3.117898703,0.291356199,0.520519427,IntS10,FBgn0035462
lin-28,-0.677944519,0.806457022,0.291363067,0.520519427,lin-28,FBgn0035626
CG11873,-0.193105841,6.687191915,0.291373339,0.520519427,CG11873,FBgn0039633
CG18213,-0.522298639,1.919559605,0.291473346,0.520595137,CG18213,FBgn0038470
CG6196,0.368410237,3.088378809,0.291795826,0.521040214,Trs33,FBgn0266722
RhoBTB,0.184650325,7.108672864,0.291840797,0.521040214,RhoBTB,FBgn0036980
Ptpa,0.229073583,4.996953879,0.291914644,0.521040214,Ptpa,FBgn0016698
Hexo2,0.2915055,4.064450892,0.291953239,0.521040214,Hexo2,FBgn0041629
CG34294,-0.387415231,3.084385233,0.29217231,0.521310798,tau,FBgn0266579
CG3149,0.168885088,5.714173486,0.292220266,0.521310798,CG3149,FBgn0027564
CG33116,-0.344495338,3.557076704,0.29249826,0.521703707,CG33116,FBgn0053116
CG8108,0.173763353,7.700479716,0.292880184,0.522171701,CG8108,FBgn0027567
cactin,0.232530464,5.087667094,0.292921462,0.522171701,cactin,FBgn0031114
CG5886,-0.302490163,3.709028575,0.292948181,0.522171701,CG5886,FBgn0039379
beat-IIa,-0.529347444,1.876663325,0.292991848,0.522171701,beat-IIa,FBgn0038498
CG9172,-0.158347414,7.570714,0.293128539,0.522194367,CG9172,FBgn0030718
Obp18a,0.619637822,2.62071875,0.293188612,0.522194367,Obp18a,FBgn0030985
CG15365,0.338489573,3.210992831,0.293198063,0.522194367,CG15365,FBgn0030077
CG4230,-0.161576264,6.271734575,0.293283677,0.522194367,CG4230,FBgn0031683
CG17265,0.342971194,3.688321829,0.293293582,0.522194367,CG17265,FBgn0031488
Atf-2,0.160764595,7.048233687,0.293493337,0.522447056,"Atf-2 , CG44247","FBgn0265193 , FBgn0265182"
CG6739,0.760223128,0.621677551,0.293577643,0.522494174,CG6739,FBgn0031926
CG13563,0.791901093,0.695691755,0.293673904,0.522562547,CG13563,FBgn0034966
Ppt1,0.386322241,2.740235102,0.293949269,0.522949527,Ppt1,FBgn0030057
Nc73EF,-0.169099574,10.37264717,0.294537314,0.523892517,Nc73EF,FBgn0010352
CG4537,0.50074838,1.788529791,0.29499128,0.524522574,CG4537,FBgn0032153
CG7787,-0.271380555,3.855437678,0.29500766,0.524522574,CG7787,FBgn0032020
CG9921,-0.187995696,6.523703938,0.295089701,0.524527051,CG9921,FBgn0030743
Rca1,0.324702759,3.612470064,0.295126301,0.524527051,Rca1,FBgn0017551
Rbp1,-0.175948043,5.810395036,0.295259117,0.52465829,Rbp1,FBgn0260944
Nca,-0.164749741,5.79046984,0.295365558,0.52465829,Nca,FBgn0013303
CG1311,0.16906939,5.962932971,0.29537437,0.52465829,CG1311,FBgn0035523
br,-0.68995628,1.178312847,0.295446815,0.524683806,br,FBgn0000210
CG32187,0.380102014,2.82633989,0.295581278,0.524767005,CG32187,FBgn0052187
CG13630,0.24318001,4.870500576,0.295648243,0.524767005,CG13630,FBgn0039219
CG2144,0.2077175,4.860309911,0.295748106,0.524767005,CG2144,FBgn0033187
CG14476,0.1650735,9.556834678,0.295757814,0.524767005,CG14476,FBgn0027588
CG7180,0.17102153,5.554058932,0.295820431,0.524767005,CG7180,FBgn0032673
CG6808,-0.446647494,2.069558305,0.295842192,0.524767005,CG6808,FBgn0037921
Cyp12b2,0.174173298,5.830005146,0.295943168,0.524783956,Cyp12b2,FBgn0034387
SmG,-0.242790374,5.285159877,0.295967927,0.524783956,SmG,FBgn0261791
CG6630,-0.159137378,6.632312086,0.29616758,0.524999693,Ziz,FBgn0260486
Vps36,0.245955756,4.525675375,0.296205826,0.524999693,Vps36,FBgn0086785
CG2865,0.302514757,3.861773936,0.296321386,0.525101491,CG2865,FBgn0023526
dpr6,0.689446553,0.681225395,0.296523174,0.525257789,dpr6,FBgn0040823
CG11089,0.26128215,4.209059377,0.296525872,0.525257789,CG11089,FBgn0039241
CG31183,-0.325144499,4.083092039,0.29667276,0.525330345,CG31183,FBgn0051183
LIMK1,-0.160384382,6.236276719,0.296687326,0.525330345,LIMK1,FBgn0041203
CG31637,0.179283088,8.142898735,0.296741283,0.525330345,CG31637,FBgn0051637
CG12267,-0.435842748,2.594619274,0.296801636,0.525334244,CG12267,FBgn0038057
Tctp,0.161090179,9.23705289,0.297084703,0.525732264,Tctp,FBgn0037874
CG7175,0.359752235,3.075416705,0.297243142,0.525909625,mTerf5,FBgn0038584
CG40376,-0.679050794,0.89037348,0.297392802,0.525972949,CG40376,FBgn0058376
CG14174,-0.477887599,2.153900412,0.297395376,0.525972949,CG14174,FBgn0036036
phr6-4,0.430089634,2.277246081,0.297505397,0.526064545,phr6-4,FBgn0016054
RpII15,-0.268333858,4.143850564,0.297582292,0.52609754,RpII15,FBgn0004855
Sox15,0.170254494,7.119224386,0.297899233,0.526554818,Sox15,FBgn0005613
Mo25,-0.16244572,6.675719118,0.297982367,0.526598729,Mo25,FBgn0017572
CG4615,-0.183789174,6.179757483,0.298139912,0.526774099,CG4615,FBgn0029935
CG1309,0.160491639,6.582661744,0.298254767,0.526800673,CG1309,FBgn0035519
SC35,0.177556715,6.136725006,0.298343518,0.526800673,SC35,FBgn0265298
CG11899,0.160181613,6.580567182,0.298382691,0.526800673,CG11899,FBgn0014427
CG1792,-0.313330796,3.673790905,0.298388205,0.526800673,CG1792,FBgn0039860
CG34134,0.396604897,2.349326494,0.298606981,0.527003188,CG34134,FBgn0083970
fs-1-h,-0.163056192,7.60070336,0.298619584,0.527003188,fs(1)h,FBgn0004656
CG15118,0.164850729,5.976089961,0.298905693,0.527405083,CG15118,FBgn0034418
CG9740,0.336841213,3.103064191,0.298986133,0.527444001,Ibf2,FBgn0037669
CG10373,0.153975672,6.763130214,0.299093489,0.527530374,Jwa,FBgn0032704
BCL7-like,-0.262493376,4.198005132,0.299394189,0.527957661,BCL7-like,FBgn0026149
CG11030,0.249305565,4.424005831,0.299456589,0.527964642,CG11030,FBgn0031736
jar,-0.161344337,7.922076259,0.299522435,0.527977693,jar,FBgn0011225
vls,-0.323979675,3.137213985,0.299732676,0.528226365,vls,FBgn0003978
SA,0.174581411,5.588052447,0.299780449,0.528226365,SA,FBgn0020616
CG14614,-0.164673197,5.728107881,0.299903839,0.528338201,wap,FBgn0266848
CstF-50,0.297970492,3.446210009,0.299960885,0.528338201,CstF-50,FBgn0039867
CG8334,0.172979712,7.513983517,0.300277606,0.528792962,CG8334,FBgn0036913
CG30020,-0.197136595,5.422473934,0.300442466,0.528831914,CG30020,FBgn0050020
Pvr,-0.185326031,7.695250056,0.300462291,0.528831914,Pvr,FBgn0032006
CG1514,0.177898664,6.865707456,0.300475339,0.528831914,snz,FBgn0029976
Dok,-0.346117694,4.079653272,0.300663063,0.529059235,Dok,FBgn0029944
CG30342,0.275411396,4.201051655,0.300789541,0.529178717,Prp38,FBgn0050342
Eip74EF,-0.19217155,5.240591316,0.300906235,0.529280944,Eip74EF,FBgn0000567
CG8199,0.224058074,4.882597066,0.301010773,0.529361752,CG8199,FBgn0037709
CG10286,-0.252953255,4.230501016,0.301182385,0.529560464,CG10286,FBgn0037439
CG13631,-0.205782301,5.098701075,0.301436853,0.529833544,CG13631,FBgn0040600
SNF1A,0.161202961,7.933484759,0.30146643,0.529833544,AMPKalpha,FBgn0023169
mld,-0.171496445,7.3252301,0.301557858,0.529833544,mld,FBgn0263490
wge,0.15565383,6.552349882,0.301572292,0.529833544,wge,FBgn0051151
Aats-val,0.186103184,6.488720991,0.301771674,0.529934308,Aats-val,FBgn0027079
m,-0.965985314,0.323132956,0.301775771,0.529934308,m,FBgn0002577
CG7845,0.295997351,3.713745268,0.301805625,0.529934308,CG7845,FBgn0033059
ik2,-0.257625572,4.376927577,0.301926274,0.52995268,ik2,FBgn0086657
CG5969,-0.240082508,4.640764946,0.301933412,0.52995268,CG5969,FBgn0036998
Or88a,0.228876269,5.177351339,0.302272022,0.530443948,Or88a,FBgn0038203
CG7466,-0.162237522,7.086606358,0.302350693,0.530478958,CG7466,FBgn0031981
CG14647,0.22052603,4.761033969,0.302514663,0.530663586,CG14647,FBgn0037244
Patr-1,-0.183575876,5.539566962,0.302577657,0.530671045,Patr-1,FBgn0266053
veg,0.255418127,4.286129068,0.303055917,0.531406668,PIG-V,FBgn0265174
dnt,0.334467594,3.110661681,0.303208001,0.531531918,dnt,FBgn0024245
CG7166,-0.242649465,4.346972098,0.303245019,0.531531918,CG7166,FBgn0037107
CG2911,0.349491941,3.033734878,0.303319311,0.531559002,CG2911,FBgn0037350
CG9393,-0.25697339,4.309296114,0.303466891,0.531714487,CG9393,FBgn0037710
l-1-G0004,0.250688451,4.436367409,0.303641026,0.531916431,l(1)G0004,FBgn0027334
yu,-0.189963059,5.459781173,0.303763592,0.531943807,spoon,FBgn0263987
CG10466,-0.486634341,2.121811505,0.303806984,0.531943807,CG10466,FBgn0032822
rok,-0.157041781,6.002401646,0.303833302,0.531943807,Rok,FBgn0026181
CG33774,0.244518935,4.244371941,0.303921982,0.531995966,CG33774,FBgn0053774
CG13424,0.552164051,1.86424407,0.304096895,0.532199021,lms,FBgn0034520
Syx17,-0.173225101,5.500914205,0.304196819,0.532239608,Syx17,FBgn0035540
Rab8,-0.16184795,7.166080531,0.304237917,0.532239608,Rab8,FBgn0262518
alpha-Est2,0.392919436,2.868729692,0.304355839,0.532301652,alpha-Est2,FBgn0015570
mRpS17,-0.253316472,4.263215963,0.304449311,0.532301652,mRpS17,FBgn0034986
CG5810,0.752604746,0.605892044,0.304492697,0.532301652,CG5810,FBgn0038866
Nep3,-0.26109089,4.249811757,0.304516695,0.532301652,Nep3,FBgn0031081
CG30343,-0.318257143,3.482625307,0.304624684,0.532301652,CG30343,FBgn0050343
Tsp42En,0.157235333,7.1404926,0.304626914,0.532301652,Tsp42En,FBgn0033135
dpr18,-0.599646182,1.457213731,0.304711815,0.532347038,dpr18,FBgn0030723
pug,0.30857198,5.495854486,0.304857727,0.532498977,pug,FBgn0020385
Usp7,-0.159935985,7.628197656,0.305042477,0.532697414,Usp7,FBgn0030366
Als,-0.494390544,1.752248825,0.305089265,0.532697414,conv,FBgn0261269
CG10068,0.204496243,5.092929459,0.305370827,0.532901412,CG10068,FBgn0037473
Sc2,0.164112444,7.470449136,0.30538155,0.532901412,Sc2,FBgn0035471
ric8a,-0.302496396,3.397279193,0.305383065,0.532901412,ric8a,FBgn0028292
tsu,0.199480538,4.939330944,0.305639323,0.533245585,tsu,FBgn0033378
CG7914,-0.446656254,2.048238852,0.305772336,0.533363145,CG7914,FBgn0030995
CG15803,-0.168189138,6.166707333,0.305874351,0.533363145,CG15803,FBgn0038606
CG7510,0.182974823,9.23741394,0.305883822,0.533363145,CG7510,FBgn0036741
CG12029,-0.772558542,1.019014465,0.306205202,0.533820492,dar1,FBgn0263239
CG32163,0.294025324,3.626244196,0.306504829,0.533972881,CG32163,FBgn0052163
CG10399,0.367373572,2.731643324,0.306515653,0.533972881,CG10399,FBgn0031877
Rab40,0.173291975,5.559080637,0.306517876,0.533972881,Rab40,FBgn0030391
CG8064,0.292743573,4.093429278,0.306529042,0.533972881,CG8064,FBgn0038597
CG11141,0.161940218,5.896209658,0.306679682,0.534132302,CG11141,FBgn0033177
CG3774,-0.151889672,6.943243575,0.307519056,0.535490969,Efr,FBgn0029849
CG3198,-0.159539696,5.79353523,0.307733375,0.5357609,CG3198,FBgn0029887
CG12024,0.189059891,5.181196094,0.307850696,0.535861886,CG12024,FBgn0035283
Rheb,0.153891934,6.877503045,0.307959999,0.535948879,Rheb,FBgn0041191
CG8187,-0.247982767,4.130622063,0.308358161,0.536538449,CG8187,FBgn0034027
CG12404,0.159796861,5.840555397,0.308531133,0.53664855,CG12404,FBgn0032465
CG1837,0.156849555,6.298600688,0.308540244,0.53664855,prtp,FBgn0030329
CG17359,-0.443298308,2.079736062,0.308735077,0.536786216,CG17359,FBgn0036396
CG5144,-0.465709412,1.694083778,0.308738231,0.536786216,CG5144,FBgn0035957
CG13793,0.646602212,2.103927709,0.308880909,0.536929333,CG13793,FBgn0031935
tor,-0.888464949,0.895908891,0.308939415,0.536929333,tor,FBgn0003733
Arc-p34,-0.196347187,5.24505059,0.309082802,0.537075213,Arpc2,FBgn0032859
CG5010,-0.159900151,7.889063561,0.309298864,0.537347296,CG5010,FBgn0260747
Ranbp11,0.195388035,5.394911381,0.309596577,0.537658236,Ranbp11,FBgn0053139
CG11103,0.244196938,4.287147557,0.309596872,0.537658236,CG11103,FBgn0030522
CG15639,-0.36705014,3.306810951,0.309660658,0.537665651,"CG43778 , CG43779","FBgn0264308 , FBgn0264301"
Rpb7,0.265766165,3.879485632,0.309936231,0.538040721,Rpb7,FBgn0051155
CG6617,0.2431027,4.95646702,0.310245128,0.538454049,CG6617,FBgn0030944
CG6182,0.365014606,3.029227739,0.310293533,0.538454049,CG6182,FBgn0039158
slik,-0.15903388,7.947987029,0.310545999,0.538788661,slik,FBgn0035001
CG7504,0.358472101,3.212578282,0.310980511,0.539438928,CG7504,FBgn0035842
CG9001,0.530455943,1.671886379,0.311185693,0.539589859,ste24b,FBgn0034175
CG4658,0.147609783,6.87365524,0.311186979,0.539589859,CG4658,FBgn0032170
CG8468,-0.842132975,2.125997566,0.311671306,0.54032596,CG8468,FBgn0033913
Gr39a,0.773124983,0.684371086,0.311763937,0.540382848,Gr39a,FBgn0264556
CG6479,0.315458536,3.395277783,0.312130646,0.540869718,CG6479,FBgn0036710
CG14755,0.282467379,4.080860872,0.312164568,0.540869718,pdm3,FBgn0261588
Gmd,0.224308109,4.719683673,0.312240886,0.54089821,Gmd,FBgn0031661
MED20,0.326303508,3.056364083,0.312335635,0.540958614,MED20,FBgn0013531
CG15097,0.345594804,3.358214039,0.312548846,0.541224128,CG15097,FBgn0034396
CG32541,-0.26195919,4.669811343,0.313317899,0.542451877,CG43759,FBgn0264090
elk,0.872685569,0.426775211,0.313681995,0.542876214,Elk,FBgn0011589
CG15168,0.213179124,4.820750397,0.313683179,0.542876214,CG15168,FBgn0032732
CG32021,-0.202230221,5.159045197,0.313787428,0.542952619,CR43361,FBgn0263093
dbr,-0.155577401,5.975700484,0.313886008,0.543019188,dbr,FBgn0067779
CG7101,0.334474716,3.262785551,0.313968306,0.543057568,CG7101,FBgn0030963
CG32529,-0.177917145,7.226308015,0.314144957,0.543259101,Hers,FBgn0052529
CG11722,-0.294873828,3.681513728,0.314243683,0.543321963,CG11722,FBgn0037777
rb,0.149243743,6.317603297,0.314301591,0.543321963,rb,FBgn0003210
312,-0.262083926,3.938583373,0.314422739,0.543427401,312,FBgn0029514
CG8258,0.148257432,7.005272159,0.314531374,0.543444242,CG8258,FBgn0033342
Rph,-0.473232537,2.490709299,0.31456402,0.543444242,Rph,FBgn0030230
eIF-2beta,0.156336434,6.630963314,0.31461295,0.543444242,eIF-2beta,FBgn0004926
Hdc,0.509837413,1.595117026,0.314716503,0.543519191,Hdc,FBgn0005619
CG17230,-0.272362501,3.776822347,0.314900645,0.543591671,CG17230,FBgn0046225
CG15735,0.171425668,5.615810214,0.314915764,0.543591671,CG15735,FBgn0030364
Gs1,0.297187292,5.333675595,0.314962233,0.543591671,Gs1,FBgn0001142
CG12118,-0.274546344,3.940451979,0.315032632,0.543591671,CG12118,FBgn0030101
Aats-leu,0.212062909,5.156157548,0.31505933,0.543591671,Aats-leu,FBgn0027085
Cad96Cb,0.960968405,0.139767669,0.315182003,0.54365269,Cad96Cb,FBgn0039294
Acf1,-0.173174782,5.678530059,0.315215053,0.54365269,Acf1,FBgn0027620
Orc6,-0.64438283,1.023155347,0.31528359,0.543667103,Orc6,FBgn0023180
hyd,-0.152216682,7.733175807,0.315609018,0.544022498,hyd,FBgn0002431
CG32795,0.157200615,6.188012229,0.31561013,0.544022498,CG32795,FBgn0040384
Shaw,0.234168044,5.024569147,0.31576299,0.544157146,Shaw,FBgn0003386
CG14407,-0.154764269,5.788269398,0.315825632,0.544157146,CG14407,FBgn0030584
pyx,-0.456621619,2.675606054,0.315869909,0.544157146,pyx,FBgn0035113
CG8490,0.315200496,3.574445035,0.315929182,0.544157146,CG8490,FBgn0033715
CG13923,0.276132136,3.759541833,0.316031792,0.544230121,CG42676,FBgn0261562
msn,0.156987757,6.904703864,0.316179715,0.544371281,msn,FBgn0010909
CG30296,0.14989734,6.047800674,0.316244384,0.544371281,RIC-3,FBgn0050296
HtrA2,-0.319831227,3.42974442,0.316294538,0.544371281,HtrA2,FBgn0038233
twin,0.157040497,6.273421626,0.316462218,0.544556129,twin,FBgn0011725
CG15523,0.170380328,5.674129813,0.316661177,0.544794719,CG15523,FBgn0039727
HP1c,0.239445455,4.359866132,0.317047026,0.54535469,HP1c,FBgn0039019
CG1516,0.159805616,8.661434761,0.317226754,0.545559966,CG1516,FBgn0027580
CG1074,0.230440116,4.485386666,0.317401813,0.545643966,CG1074,FBgn0037250
CG1172,-0.156146085,5.95030843,0.317411568,0.545643966,CG1172,FBgn0264712
CG18048,-0.316015909,3.401392368,0.317456795,0.545643966,CG18048,FBgn0037435
boca,0.168571142,5.602090976,0.3176283,0.545834899,boca,FBgn0004132
CG1518,-0.178853963,5.694615946,0.317932352,0.546253493,CG1518,FBgn0031149
CG4449,-0.285811381,3.650035903,0.318202484,0.546613661,CG4449,FBgn0039065
CG2278,0.251268818,4.058046439,0.318319449,0.546710628,CG2278,FBgn0030017
CG8793,0.174257822,5.669570559,0.31839908,0.54674345,l(3)76BDm,FBgn0260655
CG4857,0.144409363,6.99768171,0.318592172,0.546971054,tyf,FBgn0026083
CG17751,0.509405682,1.403557754,0.318682961,0.547022965,CG17751,FBgn0038717
wnd,-0.157675963,6.604649949,0.31886995,0.547157082,wnd,FBgn0036896
128up,0.207052114,5.123694144,0.318917996,0.547157082,128up,FBgn0010339
RpL21,0.158234087,9.803414701,0.318942793,0.547157082,RpL21,FBgn0032987
Snap,-0.153835942,8.052755095,0.319089712,0.547305194,alphaSnap,FBgn0250791
Tudor-SN,0.171330637,6.523147023,0.319253731,0.547439073,Tudor-SN,FBgn0035121
l-2-37Cc,-0.148515889,6.745654189,0.319318131,0.547439073,l(2)37Cc,FBgn0002031
tsr,0.162909557,7.768035519,0.319349559,0.547439073,tsr,FBgn0011726
pen,0.205696348,4.719895718,0.319539477,0.547660716,pen,FBgn0015527
Paf-AHalpha,-0.240915093,4.184904556,0.31967668,0.547791943,Paf-AHalpha,FBgn0025809
CG1582,0.163486206,6.028692498,0.319851714,0.547836245,CG1582,FBgn0030246
Jhebp29,0.16732844,5.418651589,0.319863165,0.547836245,CG3776,FBgn0035088
pelo,-0.172477826,5.298656399,0.319884458,0.547836245,pelo,FBgn0011207
CG17600,0.223384508,4.754932725,0.320367374,0.548465743,CG17600,FBgn0031195
CG10631,-0.171963925,6.24677782,0.320373448,0.548465743,CG10631,FBgn0032817
CG14043,0.20240796,4.860779237,0.320511053,0.548597357,CG14043,FBgn0031659
CG30274,0.152598705,7.231711312,0.320841791,0.549059432,CG30274,FBgn0050274
Vps25,0.188569014,5.307380287,0.321010835,0.549192293,Vps25,FBgn0022027
CG10366,0.228995022,4.632428671,0.321043235,0.549192293,CG10366,FBgn0032814
CG18437,-0.574918806,1.213249236,0.321101803,0.549192293,unc80,FBgn0039536
CG10194,0.301397266,3.54636878,0.32120521,0.549265165,CG10194,FBgn0032790
CG13484,0.317322818,3.120389408,0.321361703,0.549380545,CG13484,FBgn0036406
CG1092,0.685958739,1.363193717,0.321394308,0.549380545,CG1092,FBgn0037228
cno,-0.170462018,8.085009033,0.321522767,0.549455147,cno,FBgn0259212
hpo,-0.208777493,4.701368218,0.321559593,0.549455147,hpo,FBgn0261456
CG33635,-0.39189634,2.60838741,0.32183907,0.549828699,CG33635,FBgn0053635
mei-41,0.277161934,3.585703792,0.321912057,0.549849409,mei-41,FBgn0004367
CG4663,0.151852409,6.313832335,0.322142345,0.550133065,Pex13,FBgn0033812
Mgat1,0.169312364,6.025572964,0.322199917,0.550133065,Mgat1,FBgn0034521
CG11597,-0.331529899,2.975187654,0.322439195,0.550437583,CG11597,FBgn0036212
CG6353,0.278176852,3.854755582,0.322679016,0.550742911,CG6353,FBgn0038893
CG11334,-0.198539942,5.226166595,0.322995712,0.551179309,CG11334,FBgn0039849
CG7600,0.148126504,6.060044938,0.323206944,0.551428181,CG7600,FBgn0064766
Smg1,0.149118543,6.684187365,0.323291016,0.551428181,nonC,FBgn0263968
rdgB,-0.168461785,6.52390415,0.32332467,0.551428181,rdgB,FBgn0003218
CG2218,0.179699438,5.391993308,0.323613392,0.551816419,CG2218,FBgn0039767
CG3680,0.165041142,6.190887637,0.323776474,0.551990313,CG3680,FBgn0037027
CG17746,-0.181744106,5.275247351,0.323998193,0.552079827,CG17746,FBgn0035425
mTerf3,0.275393715,3.685351341,0.324066035,0.552079827,mTerf3,FBgn0037008
CG33228,-0.592321515,2.336543036,0.324071818,0.552079827,CG33228,FBgn0261373
CG7145,-0.155380905,9.079489009,0.32412235,0.552079827,P5CDh1,FBgn0037138
twi,0.704600333,0.422351496,0.324134537,0.552079827,twi,FBgn0003900
S1P,-0.253488329,4.052667969,0.324357952,0.552269992,S1P,FBgn0037105
CG31145,-0.153255724,7.646779393,0.32437964,0.552269992,CG31145,FBgn0051145
CG10914,0.306432357,3.751536801,0.324429582,0.552269992,CG10914,FBgn0034307
CG5913,-0.231055339,4.628741869,0.324541441,0.552356325,CG5913,FBgn0039385
CG8589,-0.639778594,0.952468712,0.3246965,0.552411623,tej,FBgn0033921
CG10418,0.277678743,3.709397599,0.324735917,0.552411623,CG10418,FBgn0036277
CG1529,-0.257265503,3.978254393,0.324810033,0.552411623,CG1529,FBgn0031144
Ric,-0.153316599,7.787779394,0.324818523,0.552411623,Ric,FBgn0265605
CG4813,0.406722114,3.349522256,0.325206632,0.552854617,CG4813,FBgn0039013
CG1983,0.246281621,4.47932658,0.325237368,0.552854617,CG1983,FBgn0039751
CG5018,-0.351942658,3.031427373,0.325262595,0.552854617,l(3)72Dn,FBgn0263605
mRpS23,-0.285273347,3.606156698,0.325436299,0.553019017,mRpS23,FBgn0260407
CG15400,0.353750184,2.94787129,0.325481748,0.553019017,G6P,FBgn0031463
bon,0.148501585,6.410816051,0.325579241,0.553080643,bon,FBgn0023097
Eip63F-2,-0.526103905,1.542353945,0.32602917,0.55374084,Eip63F-2,FBgn0004911
Apf,-0.355194032,3.488182546,0.326095218,0.55374891,Apf,FBgn0051713
CG5323,0.275442756,3.983450574,0.32627456,0.553949329,CG5323,FBgn0034362
CG7376,-0.33643955,3.185292716,0.326484549,0.554201694,CG7376,FBgn0035689
Rrp45,-0.353201345,2.659313816,0.3267433,0.554536722,Rrp45,FBgn0030789
ana2,0.510981921,1.25613076,0.326919335,0.554731269,ana2,FBgn0027513
dmt,-0.201502631,4.942677606,0.327010459,0.554781688,dmt,FBgn0016792
CG13392,0.296450752,3.516202463,0.327530903,0.55549702,CG13392,FBgn0032033
CG34381,0.188640783,5.854108745,0.327570906,0.55549702,TrissinR,FBgn0085410
CG31673,0.22259226,4.522123493,0.327616573,0.55549702,CG31673,FBgn0051673
Dip2,0.255733022,4.023479256,0.327902779,0.555807264,Dip2,FBgn0040466
CG6043,0.366205959,4.695011508,0.327922594,0.555807264,CG44085,FBgn0264894
CG11248,-0.202917366,4.744679558,0.328089171,0.555985289,CG11248,FBgn0037117
CG15630,-0.317521156,3.257788427,0.328813197,0.557107732,CG15630,FBgn0031627
CG6073,0.278071293,3.473259284,0.328945111,0.557226726,CG6073,FBgn0039417
CG2249,-0.164289095,8.021963988,0.329217067,0.557582861,CoVIIc,FBgn0040773
CG15414,-0.71038768,0.857339688,0.330031526,0.55882521,CG15414,FBgn0031542
CG7837,0.255516758,4.095221019,0.33007431,0.55882521,CG7837,FBgn0039696
CG13163,-0.379578871,3.317498813,0.33029403,0.559001796,CG13163,FBgn0033712
snoRNA-Psi28S-3571,-0.778855202,0.901602204,0.330302367,0.559001796,snoRNA:Psi28S-3571,FBgn0082954
CG13775,-0.598550446,1.55803548,0.330557097,0.559328116,CG13775,FBgn0031874
exba,-0.149299947,9.013660877,0.330760203,0.559351753,kra,FBgn0250753
RpII215,0.139592351,6.953794531,0.330801346,0.559351753,RpII215,FBgn0003277
CG7828,0.2682153,3.807488954,0.33081366,0.559351753,APP-BP1,FBgn0261112
PNGase,-0.171860612,5.710536119,0.330818731,0.559351753,Pngl,FBgn0033050
CG15202,0.261436852,4.784643296,0.330926097,0.559428586,CG15202,FBgn0030271
CG1962,0.149709157,6.002271278,0.331025696,0.559492262,Cen,FBgn0032876
ksr,0.15240617,6.028651845,0.331622002,0.560293405,ksr,FBgn0015402
CG6289,-0.485017406,2.365523141,0.331640857,0.560293405,Spn77Bc,FBgn0036970
Ide,-0.147977456,7.589667513,0.331685757,0.560293405,Ide,FBgn0001247
CG14998,-0.152386622,8.21746285,0.331912253,0.56057119,ens,FBgn0264693
CG9772,-0.367959565,2.555211137,0.332693136,0.561785007,Skp2,FBgn0037236
CG32485,0.179861967,5.849891013,0.332820181,0.561894508,CG32485,FBgn0052485
CG12918,0.223419144,4.455112987,0.332912378,0.561945145,sel,FBgn0263260
CG11418,-0.276781647,3.812851269,0.333375153,0.562527036,CG11418,FBgn0024360
Top1,-0.139426454,7.017693986,0.333381642,0.562527036,Top1,FBgn0004924
CG5525,0.147781338,6.39147654,0.333570753,0.562690734,CG5525,FBgn0032444
CG4603,-0.174944016,5.509614947,0.33364079,0.562690734,CG4603,FBgn0035593
Bin1,0.299819079,3.316725322,0.333665515,0.562690734,Bin1,FBgn0024491
CG31803,-0.477918242,2.161857566,0.333803267,0.562817976,CG31803,FBgn0051803
Sema-2a,-0.230897573,4.603461986,0.333997157,0.562954914,Sema-2a,FBgn0011260
CG3270,-0.543761592,1.297409491,0.334009114,0.562954914,CG3270,FBgn0033093
CG5808,-0.292312982,3.253891252,0.334088144,0.562983081,CG5808,FBgn0027617
CG10151,-0.251908095,4.165534674,0.334180951,0.563012679,CG10151,FBgn0033960
CG11109,0.215683802,4.593153566,0.334230351,0.563012679,CG11109,FBgn0037200
CG30272,0.655912042,0.555974102,0.334515134,0.563387346,CG30272,FBgn0050272
Cyp12a5,0.188649034,4.96122673,0.334893846,0.563843213,Cyp12a5,FBgn0038680
synj,-0.145582432,6.741024402,0.334910636,0.563843213,Synj,FBgn0034691
dos,0.169397632,5.300694671,0.334994067,0.563878592,dos,FBgn0016794
Ctr1A,-0.155224817,6.199358574,0.335316162,0.56429868,Ctr1A,FBgn0062413
CG10175,0.985653746,2.295931406,0.335418109,0.56429868,CG10175,FBgn0039084
CG10650,-0.245167979,4.18957595,0.335431029,0.56429868,CG10650,FBgn0046302
CG1418,0.254113897,4.24204847,0.335655921,0.564571885,CG1418,FBgn0033468
CG8378,-0.186845647,5.193329904,0.335830151,0.564759788,CG8378,FBgn0027495
CG2976,0.17973373,5.207711832,0.336052793,0.565029021,Fnta,FBgn0031633
CstF-64,0.271226044,3.628519816,0.336289815,0.565322328,CstF-64,FBgn0027841
CG30089,0.171170818,6.266979076,0.336455764,0.565482901,CG30089,FBgn0050089
CG42324,-0.226481515,4.616611868,0.336510524,0.565482901,CG42324,FBgn0259224
CG6878,-0.236953922,4.649880616,0.336596165,0.565521621,CG6878,FBgn0036488
CG14946,0.380330204,3.02191133,0.337003738,0.566101109,CG14946,FBgn0032405
CG8359,-0.447197173,1.768230146,0.337166866,0.56626984,hng2,FBgn0037634
CG15861,-0.510949116,1.876024004,0.337260471,0.566321766,CG15861,FBgn0035084
CG11309,0.155367969,5.863634875,0.337488029,0.566528944,CG11309,FBgn0037070
oaf,-0.207173314,4.777714266,0.337509274,0.566528944,oaf,FBgn0011818
CG14074,-0.39079799,2.415113891,0.337857782,0.566904203,CG14074,FBgn0036818
CG4278,-0.240539623,4.154449738,0.337858338,0.566904203,CG4278,FBgn0014092
LBR,-0.288008728,3.541514723,0.338080495,0.567171623,LBR,FBgn0034657
CG3589,0.211552208,4.565309097,0.338432472,0.567620547,CG3589,FBgn0035065
CG11699,0.158570156,5.540404711,0.338473753,0.567620547,CG11699,FBgn0030311
Tsp,0.36188648,3.582010745,0.338677976,0.567857615,Tsp,FBgn0031850
CG8234,-0.660957633,0.740601943,0.339301209,0.568797016,Tret1-2,FBgn0033644
CG1667,0.244924817,4.179392266,0.33936651,0.568800938,CG1667,FBgn0033453
CG8228,-0.233054904,4.28644249,0.339456069,0.568845506,Vps45,FBgn0261049
CG15028,-0.276005911,3.685892455,0.339669226,0.569010351,CG43737,FBgn0263994
CG2807,0.155551261,6.518278157,0.339736633,0.569010351,CG2807,FBgn0031266
CG32355,0.150128608,7.494023741,0.339779215,0.569010351,CG43078,FBgn0262508
Sld5,-0.157873452,7.034041329,0.339812301,0.569010351,Sld5,FBgn0039403
CG17258,-0.520524141,1.110213544,0.339911858,0.569010351,CG17258,FBgn0031496
CG14109,0.6045949,1.18300958,0.339932352,0.569010351,CG14109,FBgn0036364
l-1-dd4,-0.203069993,4.689195498,0.340077037,0.569147083,Grip91,FBgn0001612
CG10495,-0.292609811,3.217593429,0.340144269,0.569154162,CG10495,FBgn0032750
CG3371,0.191719447,5.329682697,0.340210683,0.569159872,ebd1,FBgn0035153
CG13367,0.215150424,4.470457776,0.340374344,0.56932824,CG13367,FBgn0025634
net,-0.510411821,1.40951679,0.340559862,0.569533098,net,FBgn0002931
CG12104,0.223434784,4.452484333,0.340705373,0.569670986,CG12104,FBgn0035238
CG31755,0.491150177,2.156741779,0.340799329,0.569722638,SoYb,FBgn0051755
alpha-Est4,0.475554908,1.605941389,0.340981649,0.569840794,alpha-Est4,FBgn0015572
CG8707,0.198121065,4.901726193,0.340996163,0.569840794,RagC-D,FBgn0033272
hoip,0.282679851,3.552307599,0.341134686,0.56996685,hoip,FBgn0015393
CG32815,-0.203486138,5.159635112,0.34140296,0.570113586,CG32815,FBgn0052815
CG7607,-0.434165233,2.198698618,0.341411677,0.570113586,CG7607,FBgn0036145
CG9548,0.298983747,3.38096592,0.341411833,0.570113586,CG9548,FBgn0031822
kek4,0.328059638,3.218514635,0.341583059,0.570294097,kek4,FBgn0032484
su-Hw-,-0.164720438,5.590193898,0.342053492,0.570949674,su(Hw),FBgn0003567
CG8768,-0.206362785,4.721663642,0.342148605,0.570949674,CG8768,FBgn0033769
wkd,-0.141625989,6.633749249,0.342165324,0.570949674,wkd,FBgn0037917
Hk,-0.173720897,7.692571238,0.34227522,0.571027578,Hk,FBgn0263220
cdc23,0.361222786,2.934718475,0.34237687,0.571084661,Cdc23,FBgn0032863
Pitslre,0.170144556,7.778675114,0.342435866,0.571084661,Pitslre,FBgn0016696
CG14200,0.146668982,6.689436973,0.342640222,0.571094262,CG14200,FBgn0031023
CG10435,0.176765125,5.148708783,0.342672479,0.571094262,CG10435,FBgn0037539
Nep1,-0.145455303,8.854656616,0.342686557,0.571094262,Nep1,FBgn0029843
CG5171,0.652804589,2.150263285,0.34271376,0.571094262,CG5171,FBgn0031907
CG9626,0.656981234,0.740273964,0.342757703,0.571094262,CG9626,FBgn0037565
CG12948,0.288267274,3.657354384,0.342895621,0.571218705,CG12948,FBgn0037739
disco,-0.248875348,4.198991822,0.342997828,0.571283624,disco,FBgn0000459
CG7692,-0.225508596,4.927579831,0.343209154,0.57153023,CG7692,FBgn0036714
sav,0.237325717,4.365390903,0.343442195,0.571742726,sav,FBgn0053193
CG32448,-0.259818852,3.903894869,0.343463336,0.571742726,CG32448,FBgn0052448
lig,0.149767014,8.616570703,0.3436317,0.571917608,lig,FBgn0020279
CG15922,-0.280341948,3.747632922,0.343820197,0.572125927,CG15922,FBgn0040575
CG13364,0.150825924,6.06181695,0.343981839,0.572241944,CG13364,FBgn0026879
CG31357,0.201185488,4.951912206,0.344016604,0.572241944,CG31357,FBgn0051357
CG12010,0.335543904,2.746276776,0.344520375,0.572974424,CG12010,FBgn0035443
CG12112,-0.236300353,4.136937953,0.344597152,0.572996627,CG12112,FBgn0030048
CG31997,0.151759145,7.381225917,0.344764134,0.573168787,CG31997,FBgn0051997
CG10959,-0.470851426,1.777356283,0.344840886,0.573190903,CG10959,FBgn0030010
CG4925,-0.290910644,3.591986378,0.344967081,0.573295182,CG4925,FBgn0036614
CG42271,0.138940742,6.379617486,0.345311076,0.573761313,CG42271,FBgn0259166
CG9629,0.562095665,1.321730496,0.345442333,0.573833769,CG9629,FBgn0036857
CG4901,-0.248128533,4.200902043,0.345481721,0.573833769,CG4901,FBgn0032194
CG8455,0.228110405,4.28432692,0.345852566,0.574344133,PGAP5,FBgn0031997
Ate1,0.166339729,6.367100905,0.346696068,0.57561447,Ate1,FBgn0025720
UbcD2,-0.207299377,4.675180444,0.346744957,0.57561447,Ubc2,FBgn0015320
shark,0.224397388,4.763216084,0.347036899,0.575993266,shark,FBgn0015295
CG30169,0.278756866,3.804627704,0.347112902,0.576013585,Brca2,FBgn0050169
RfC38,-0.330293782,2.955268523,0.347332132,0.576219562,RfC38,FBgn0028700
Ef1beta,-0.157813295,7.491150539,0.347364593,0.576219562,Ef1beta,FBgn0028737
l-3-70Da,-0.239872024,4.033813559,0.347447366,0.576251056,Pex1,FBgn0013563
Tkr,0.611166026,0.636504576,0.347680325,0.576531581,lov,FBgn0266129
CG32647,-0.180340537,5.545787518,0.34797304,0.576864249,CG32647,FBgn0052647
CG15729,-0.642486933,0.962582589,0.348008651,0.576864249,CG43921,FBgn0264542
CG42390,0.226198066,7.104527519,0.348112738,0.576930925,CG42390,FBgn0259736
CG13449,-0.538541375,1.23914483,0.34832116,0.577170462,CG13449,FBgn0036520
Nc,-0.330015414,3.167060598,0.348481372,0.577239851,Nc,FBgn0026404
Pdsw,0.142220392,7.289468847,0.348490829,0.577239851,Pdsw,FBgn0021967
CG5205,0.166417751,5.270691606,0.348746548,0.577557528,CG5205,FBgn0038344
Ravus,-0.331671478,3.084289749,0.348951184,0.577790506,Ravus,FBgn0038128
lin-52,-0.285099117,3.735079817,0.349081116,0.577798939,lin-52,FBgn0029800
RnpS1,0.205487828,4.655824523,0.349098052,0.577798939,RnpS1,FBgn0037707
CG31467,0.427216104,2.344022845,0.34915241,0.577798939,CG31467,FBgn0051467
CG18641,0.550844791,0.949110514,0.349263631,0.577798939,CG18641,FBgn0031426
Xpd,0.264888857,4.061901318,0.349276069,0.577798939,Xpd,FBgn0261850
CG17508,0.137428894,6.958759072,0.350079003,0.579021185,CG17508,FBgn0039970
CG30381,0.386278557,2.205701098,0.350151222,0.579034622,CG30381,FBgn0050381
alt,-0.144107007,6.937012227,0.350230103,0.579059069,alt,FBgn0038535
RhoGAP71E,-0.180489847,4.98086313,0.350512731,0.579332591,RhoGAP71E,FBgn0036518
CG30470,0.614788106,1.344573548,0.350662528,0.579332591,CG43729,FBgn0263980
dpr2,-0.255980327,3.985685882,0.350709136,0.579332591,dpr2,FBgn0261871
hyx,-0.157527568,5.476679846,0.35070978,0.579332591,hyx,FBgn0037657
XRCC1,-0.243955641,4.044784096,0.3507224,0.579332591,XRCC1,FBgn0026751
CG1265,0.221290428,4.355284382,0.350780305,0.579332591,CG1265,FBgn0035517
CG15186,0.205164671,5.305058062,0.350973684,0.579546018,CG15186,FBgn0037448
CG15896,0.331261284,2.875746467,0.351233093,0.579868377,CG15896,FBgn0029858
pnut,-0.156770264,6.052906106,0.351332467,0.579926458,pnut,FBgn0013726
CG5087,0.163220748,5.62984994,0.351618571,0.580292687,CG5087,FBgn0035953
CG30106,0.413951564,1.657471556,0.351682852,0.580292764,CCHa1-R,FBgn0050106
CG3570,0.337427775,3.168697409,0.351974392,0.58066776,CG3570,FBgn0035035
NPFR1,0.4408104,1.720914332,0.352254618,0.581023959,NPFR,FBgn0037408
Mst85C,0.260737557,3.704403591,0.352444456,0.581230963,Mst85C,FBgn0028708
CG16935,0.144610049,6.271380213,0.352667872,0.581461432,CG16935,FBgn0033883
CG4281,0.170816058,5.296190655,0.352751104,0.581461432,CG4281,FBgn0025626
trpgamma,0.481370308,1.818227885,0.352777298,0.581461432,Trpgamma,FBgn0032593
CG3662,0.143807149,9.556775794,0.352892884,0.581545844,CG3662,FBgn0031285
CG11099,-0.185261918,5.385927957,0.353018613,0.581646935,CG11099,FBgn0034485
CG3530,-0.147378846,7.480048591,0.35314035,0.581741415,CG3530,FBgn0028497
morgue,0.240181093,4.464225929,0.353294963,0.581743352,morgue,FBgn0027609
CG7239,0.224010162,4.453774555,0.353322156,0.581743352,CG7239,FBgn0031740
Spf45,0.17081131,5.254371637,0.35333471,0.581743352,Spf45,FBgn0086683
CG33189,-0.900346334,0.326548888,0.353622259,0.582105988,CG33189,FBgn0053189
CG3815,0.205662215,4.379484811,0.353743826,0.582105988,CG3815,FBgn0029861
CG9911,0.138634218,6.814282082,0.35374827,0.582105988,CG9911,FBgn0030734
CG6241,-0.283180609,3.325859386,0.353843395,0.58215648,TAF1B,FBgn0037792
Or92a,0.193877843,7.353224354,0.354399539,0.58288536,Or92a,FBgn0038798
ics,0.207522687,4.599592437,0.354486176,0.58288536,ics,FBgn0028546
coilin,-0.249596788,4.009869483,0.354546273,0.58288536,coil,FBgn0033265
CG10188,0.159154389,5.689888733,0.354567285,0.58288536,CG10188,FBgn0032796
CG34401,-0.169443316,6.130181967,0.354716336,0.58288536,CG34401,FBgn0085430
Gmer,0.333539289,3.243029825,0.354725303,0.58288536,Gmer,FBgn0034794
uri,-0.267543997,3.602010112,0.354770357,0.58288536,uri,FBgn0035025
ewg,-0.152569767,6.431226313,0.354802589,0.58288536,ewg,FBgn0005427
CG5741,-0.222760452,4.485883222,0.355091023,0.583253145,CG43783,FBgn0264305
CG6764,0.140613465,6.606336491,0.355161941,0.583263584,RpL24-like,FBgn0037899
CG10802,0.153389552,5.576112695,0.355243739,0.583291883,CG10802,FBgn0029664
CG5844,-0.19779499,5.000677597,0.355314323,0.583301762,CG5844,FBgn0038049
MED19,-0.163287163,5.466467268,0.355560202,0.583516194,MED19,FBgn0036761
CG4841,0.17388699,6.60311689,0.355574125,0.583516194,tweek,FBgn0261671
CG33107,0.314771222,3.206218723,0.355995028,0.584100813,CG33107,FBgn0053107
CG33276,-0.474601466,1.816847125,0.35622939,0.58437921,CG33276,FBgn0053276
aft,0.238210048,3.857300506,0.356709828,0.58499107,aft,FBgn0026309
Gr10a,-0.144385014,6.58644925,0.35673188,0.58499107,Gr10a,FBgn0045502
Pfrx,0.151984909,6.932898078,0.356860921,0.585096471,Pfrx,FBgn0027621
Cwc25,-0.251023398,4.129416704,0.356959232,0.585151461,Cwc25,FBgn0031452
CG13826,0.235831058,4.117569017,0.357111224,0.585181626,cnc,FBgn0262975
ZnT63C,0.141741792,6.24730139,0.357156887,0.585181626,ZnT63C,FBgn0035432
bys,-0.25291491,3.991561051,0.35717196,0.585181626,bys,FBgn0010292
Cyp9c1,-0.251780305,4.524197725,0.357396019,0.585442545,Cyp9c1,FBgn0015040
CG32428,0.166536425,5.370981946,0.357498031,0.585494254,CG32428,FBgn0052428
CG3192,-0.143830294,7.211474363,0.357557206,0.585494254,CG3192,FBgn0029888
abo,-0.278728334,3.562362957,0.357679036,0.585587606,abo,FBgn0000018
RpL29,0.140068479,7.969998353,0.358113337,0.586192406,RpL29,FBgn0016726
MED7,0.23588559,4.002771656,0.358302922,0.586384826,MED7,FBgn0051390
csul,0.218025186,4.303253818,0.358360707,0.586384826,csul,FBgn0015925
CG3226,-0.180968488,5.183722634,0.35873653,0.586893482,CG3226,FBgn0029882
CG31453,-0.702201793,1.042169255,0.358925487,0.586928288,pch2,FBgn0051453
CG17027,0.140506013,6.517866001,0.358926344,0.586928288,CG17027,FBgn0036553
CG15589,-0.538601598,1.244020847,0.358965713,0.586928288,Osi24,FBgn0037409
pont,-0.211847809,4.604354431,0.359064938,0.586928288,pont,FBgn0040078
CG5147,0.213085341,4.248881093,0.359082649,0.586928288,CG5147,FBgn0036775
CG8370,0.145918054,5.907169355,0.3591945,0.587004905,CG8370,FBgn0034060
CG6418,-0.171406095,5.122185326,0.359472048,0.587352231,CG6418,FBgn0036104
Sug,-0.169089275,5.276037774,0.35965732,0.587548686,Sug,FBgn0036191
CG12155,0.189241294,5.301859725,0.359816348,0.587659758,CG12155,FBgn0029957
CG8771,-0.220111036,4.253223344,0.359855411,0.587659758,CG8771,FBgn0033766
CG6144,-0.159293093,5.325224553,0.360246838,0.588192651,CG6144,FBgn0032259
CG10646,0.245398271,3.790564517,0.360465193,0.588442817,CG10646,FBgn0036292
CG34409,-0.614408543,0.600450849,0.360883457,0.589019178,CG34409,FBgn0085438
CG6843,0.274168236,3.865989005,0.36101689,0.589130525,CG6843,FBgn0036827
Rim,-0.180648135,6.185966241,0.361131775,0.589192946,Rim,FBgn0053547
CG5916,-0.224661269,4.478527745,0.361185581,0.589192946,CG5916,FBgn0038401
CG8010,0.257678785,3.979551775,0.361331511,0.589283996,CG8010,FBgn0031008
CG4820,0.312971676,3.004917081,0.361467434,0.589283996,CG4820,FBgn0037876
CG6985,-0.554472987,1.713333401,0.361490895,0.589283996,CG6985,FBgn0039017
ND75,-0.144214498,9.104578154,0.361551624,0.589283996,ND75,FBgn0017566
Trax,-0.259214788,3.800355366,0.361567544,0.589283996,Trax,FBgn0038327
TORC,-0.165881634,5.403324498,0.361821912,0.5895922,Crtc,FBgn0036746
CG7146,0.200684413,4.598151945,0.361976595,0.589737883,Vps39,FBgn0038593
CG12054,-0.161869633,5.790601037,0.36209337,0.589821764,CG12054,FBgn0039831
dpr19,-0.181094306,4.854361476,0.362309749,0.590061688,dpr19,FBgn0032233
Irp-1A,0.135530069,6.373178998,0.362371291,0.590061688,Irp-1A,FBgn0024958
CG8494,-0.154716612,5.616500195,0.362521344,0.590199644,CG8494,FBgn0033916
CG11095,0.270000899,3.668149778,0.362737809,0.590445652,CG11095,FBgn0030528
CG5780,0.191662045,4.635960833,0.362942808,0.590658703,CG5780,FBgn0032446
CG8155,0.157597686,5.58287977,0.36299946,0.590658703,CG8155,FBgn0034009
CG4991,-0.17701741,5.365488442,0.363156506,0.590807829,CG4991,FBgn0030817
Dl,0.277685364,3.716231066,0.363279736,0.590884594,Dl,FBgn0000463
CG15279,0.247585323,4.246355573,0.363354877,0.590884594,CG15279,FBgn0028886
Pof,0.222342193,4.275350922,0.363478765,0.590884594,Pof,FBgn0035047
Ent2,0.171906726,5.613096478,0.363513767,0.590884594,Ent2,FBgn0263916
CG4553,-0.385643415,3.037693497,0.363530726,0.590884594,CG4553,FBgn0039336
CG1461,0.50038238,7.265869741,0.363635365,0.590925459,CG1461,FBgn0030558
Ubc84D,0.62290765,0.407822585,0.363708906,0.590925459,Ubc84D,FBgn0017456
CG16833,-0.171628144,5.473114047,0.363758784,0.590925459,CG16833,FBgn0026147
CG16970,-0.299112882,3.982797402,0.363829972,0.590925459,CG43778,FBgn0264308
AP-1gamma,-0.139053736,7.608624347,0.363944245,0.590925459,AP-1gamma,FBgn0030089
CG11784,-0.290425869,3.412708132,0.363980116,0.590925459,GstE13,FBgn0033381
CG5645,-0.355211926,3.156168478,0.364013746,0.590925459,CG5645,FBgn0036254
CG9246,0.27022667,3.895756427,0.364179863,0.591088911,CG9246,FBgn0032925
CG11158,-0.237681608,3.992722059,0.364294041,0.591152881,CG11158,FBgn0030511
CG4789,0.162804471,6.109876561,0.364350149,0.591152881,CG4789,FBgn0030792
CG12702,-0.579903422,1.580288677,0.364422356,0.591163864,CG12702,FBgn0031070
CG4611,-0.257494622,3.720403874,0.36473824,0.591407666,CG4611,FBgn0035591
CG3817,0.368528913,2.939750577,0.364739723,0.591407666,CG3817,FBgn0038275
hkl,-0.137167247,6.978352659,0.364769041,0.591407666,Acn,FBgn0263198
CG30007,-0.208251963,4.671713118,0.364991019,0.591642507,CG30007,FBgn0050007
CG7492,0.142395898,6.556047959,0.365050069,0.591642507,CG7492,FBgn0035807
CG13964,0.336849543,3.096347002,0.365110358,0.591642507,sick,FBgn0263873
CG6272,-0.175679277,4.972756059,0.365229674,0.591729712,CG6272,FBgn0036126
CG12344,-0.153885816,7.635979509,0.365423116,0.59193696,CG12344,FBgn0033558
CG5594,-0.154800588,7.509462995,0.365530596,0.592004913,kcc,FBgn0261794
RnrL,-0.3108151,3.815424134,0.365609905,0.592027224,RnrL,FBgn0011703
Syx18,0.201753852,4.937719333,0.365922711,0.592427558,Syx18,FBgn0039212
CG32068,0.177122549,5.188159154,0.366108282,0.592621792,CG32068,FBgn0052068
Os-E,0.147478058,13.22581441,0.366353524,0.592912528,Obp83b,FBgn0010403
CG11596,0.201872734,4.788326688,0.366753845,0.593454099,CG11596,FBgn0023522
CG11802,-0.201344682,4.573293727,0.366893653,0.593574007,CG11802,FBgn0030346
CG6230,0.145234422,6.266468367,0.366968777,0.593589244,CG6230,FBgn0027582
jdp,0.15865752,6.945621282,0.367284036,0.593992836,jdp,FBgn0027654
CG5840,0.655297845,0.5027887,0.367366402,0.594019702,P5cr-2,FBgn0038516
CG13602,0.69332669,0.837072845,0.367688181,0.594054546,"CG43998 , CG43999","FBgn0264740 , FBgn0264741"
SPoCk,-0.146759863,9.53065671,0.36769678,0.594054546,SPoCk,FBgn0052451
CG34362,0.214121953,4.516492926,0.367742308,0.594054546,CG34362,FBgn0085391
smt3,-0.15467921,7.026494094,0.367750399,0.594054546,smt3,FBgn0264922
CG1814,-0.152040803,5.687237336,0.367801166,0.594054546,CG1814,FBgn0033426
CG33171,-0.255403868,3.513038683,0.367801257,0.594054546,Mp,FBgn0260660
CG7044,-0.141722958,5.772538821,0.367848254,0.594054546,CG7044,FBgn0038854
Rlb1,-0.321438808,3.445662345,0.367963359,0.594128961,Rlb1,FBgn0014022
CR33987,-0.783377354,0.325576681,0.36803156,0.594128961,CR33987,FBgn0053987
CG14450,-0.261905144,3.704797319,0.368091631,0.594128961,CG14450,FBgn0037184
Neos,0.234687383,4.141017636,0.368445999,0.594594704,Neos,FBgn0024542
NaCP60E,-0.222932302,5.71130264,0.368631955,0.594697806,NaCP60E,FBgn0085434
Arf102F,-0.135886295,6.702409285,0.368641545,0.594697806,Arf102F,FBgn0013749
CG14054,0.48121839,1.284764914,0.368788853,0.594829226,CG14054,FBgn0029596
Dlc90F,-0.136390516,6.95547874,0.368970398,0.594946981,Dlc90F,FBgn0024432
Ku80,0.23752525,4.488759516,0.368993573,0.594946981,Ku80,FBgn0041627
CG13123,-0.387710277,2.01023098,0.369106265,0.595022483,CG13123,FBgn0032150
CG15011,0.24189105,3.735930797,0.369250653,0.595149045,CG15011,FBgn0035518
l-2-06225,0.14602959,8.68962199,0.36959562,0.595536249,l(2)06225,FBgn0010612
His3-3A,0.140041878,7.739135601,0.369622731,0.595536249,His3.3A,FBgn0014857
Cyp4d14,-0.241347693,3.939503752,0.369837401,0.595724389,Cyp4d14,FBgn0023541
CG34391,-0.647431299,0.775046808,0.369871386,0.595724389,CG34391,FBgn0085420
CG7277,-0.140481951,6.562360413,0.369997185,0.595810464,CG7277,FBgn0031713
par-1,-0.139281201,9.048019031,0.370089597,0.595810464,par-1,FBgn0260934
CG6345,0.272022955,3.358870586,0.370122684,0.595810464,CG6345,FBgn0037816
CG10795,0.209282859,4.465231897,0.370268745,0.595939398,CG10795,FBgn0034626
CG31678,0.144587239,6.309685174,0.370398859,0.596042624,CG31678,FBgn0051678
gk,-0.173532586,5.155467372,0.370489396,0.596073928,gk,FBgn0020300
zf30C,0.141487227,6.145077439,0.370594819,0.596073928,zf30C,FBgn0022720
Axs,0.226040497,4.194009933,0.370616256,0.596073928,Axs,FBgn0000152
CG17721,0.33232838,3.065438264,0.370850104,0.596343866,CG17721,FBgn0037885
CG34357,-0.473055386,1.441870056,0.371064325,0.596582152,CG34357,FBgn0085386
CG32264,-0.130822027,6.987739936,0.371220067,0.59662039,CG32264,FBgn0052264
CG15435,-0.309087954,3.062574535,0.371220192,0.59662039,CG15435,FBgn0031608
RfC40,-0.291242663,3.773214938,0.371454806,0.596881757,RfC4,FBgn0260985
CG1021,-0.151823655,6.264276522,0.371514957,0.596881757,Dmtn,FBgn0037443
CG10237,0.150294402,10.61228088,0.371705801,0.597082184,CG10237,FBgn0032783
Mekk1,0.143919379,6.540206079,0.37187907,0.597208833,Mekk1,FBgn0024329
CG30156,-0.422616994,2.41431838,0.37200872,0.597208833,CG30156,FBgn0050156
CG1017,0.184479362,4.901484431,0.372041514,0.597208833,Mfap1,FBgn0035294
CG6597,-0.172673895,5.14680204,0.37207644,0.597208833,CG6597,FBgn0036967
SRPK,-0.129970318,7.007083969,0.372115178,0.597208833,SRPK,FBgn0026370
CG8635,0.171752434,5.247357341,0.372244823,0.597236048,CG8635,FBgn0033317
CG14194,0.136205997,6.053985095,0.3723031,0.597236048,CG14194,FBgn0030996
r-l,-0.214776035,4.271120047,0.372330465,0.597236048,r-l,FBgn0003257
Dbp80,-0.148760427,5.638560511,0.372457839,0.5973343,Dbp80,FBgn0024804
sba,-0.134946896,6.683833787,0.372693398,0.597529403,sba,FBgn0016754
CG1360,-0.320170897,2.859280959,0.372711776,0.597529403,CG1360,FBgn0033195
CG14818,-0.131638434,6.134695467,0.37290749,0.597737094,CG14818,FBgn0026088
CG12105,-0.629697235,0.597493712,0.373192285,0.59798787,CG12105,FBgn0035241
Srp9,0.211033964,4.512946353,0.373196326,0.59798787,Srp9,FBgn0035827
Taf7,-0.259352494,3.781375749,0.373491986,0.598315172,Taf7,FBgn0024909
Aac11,-0.141187637,7.168272169,0.373572881,0.598315172,Aac11,FBgn0027885
CG8038,0.319736929,3.109521646,0.373599279,0.598315172,CG8038,FBgn0035831
nct,-0.152232069,5.537151529,0.373810506,0.598547343,nct,FBgn0039234
Brd8,-0.218542443,4.537310966,0.373945782,0.598579734,Brd8,FBgn0039654
CG7685,0.281597039,3.725617109,0.373963252,0.598579734,CG7685,FBgn0038619
wdn,0.149610789,5.564902187,0.374139868,0.598746304,wdn,FBgn0005642
CG5924,-0.36692192,2.143005914,0.374199871,0.598746304,mtDNA-helicase,FBgn0032154
D19B,0.198180233,4.776224441,0.374932275,0.599811966,D19B,FBgn0022699
CG11665,-0.133247129,6.51066258,0.375013701,0.599836008,CG11665,FBgn0033028
CG15436,-0.450860213,1.561106296,0.375199615,0.599877315,CG15436,FBgn0031610
kuz,-0.185280692,4.88167522,0.375294744,0.599877315,kuz,FBgn0259984
DnaJ-60,0.188038939,4.874363927,0.375374227,0.599877315,"CG42568 , DnaJ-60","FBgn0260770 , FBgn0260775"
sar1,0.138233532,7.882371728,0.375413493,0.599877315,Sar1,FBgn0038947
mus308,-0.227434827,3.864101305,0.375464644,0.599877315,mus308,FBgn0002905
CG31869,-0.137507584,6.950457479,0.375543553,0.599877315,CG31869,FBgn0051869
stl,-0.653595398,0.545873091,0.375548812,0.599877315,stl,FBgn0086408
CG42365,-0.286631165,3.624192051,0.375570743,0.599877315,CG42365,FBgn0259711
CG32711,-0.250676671,3.630813634,0.37605626,0.600546625,lawc,FBgn0262976
CG3803,-0.226582422,4.051786168,0.376261779,0.60070373,CG3803,FBgn0034938
CG4618,0.173377752,5.035354947,0.376287626,0.60070373,CHMP2B,FBgn0035589
CG6876,0.161676142,5.423000697,0.376371978,0.600732235,Prp31,FBgn0036487
CG7185,-0.132231345,6.836034812,0.376503032,0.600835256,CG7185,FBgn0035872
Or83a,0.502002067,0.925504247,0.377171401,0.601795556,Or83a,FBgn0037322
CG31729,0.136186201,8.611104832,0.377260379,0.601831232,CG31729,FBgn0051729
msl-3,-0.214683788,4.328660708,0.377422423,0.601963021,msl-3,FBgn0002775
CG11658,-0.145861908,6.188679892,0.377528187,0.601963021,CG11658,FBgn0036196
tio,0.388345315,3.006837926,0.377542891,0.601963021,tio,FBgn0028979
CG14674,-0.274434047,3.479706661,0.377927633,0.602470132,plx,FBgn0261261
CG7840,0.265377183,3.51986948,0.378160149,0.602657125,CG7840,FBgn0032014
CG4194,-0.254856497,3.618499184,0.378203436,0.602657125,CG4194,FBgn0025627
CG10830,-0.39301035,2.040094348,0.378245063,0.602657125,CG10830,FBgn0038839
CG2158,0.181241997,4.783979981,0.378402382,0.602801466,Nup50,FBgn0033264
CG5026,0.151340675,5.479795761,0.378647454,0.603085526,CG5026,FBgn0035945
per,0.275307658,5.33945654,0.378978887,0.60350701,per,FBgn0003068
CG9752,-0.393110665,1.693225431,0.379849034,0.604786072,CG9752,FBgn0034614
CG31058,0.254869718,3.972274101,0.380072934,0.604936251,tau,FBgn0266579
CG8929,0.139014001,7.136119341,0.380077282,0.604936251,CG8929,FBgn0034504
Topors,0.182900809,5.097133774,0.38038273,0.605315763,Topors,FBgn0267351
CG31051,0.252758907,3.671518565,0.380541628,0.60539203,CG31051,FBgn0051051
caz,0.147539685,7.097871187,0.380622355,0.60539203,caz,FBgn0011571
cic,-0.144825698,7.210272367,0.380684584,0.60539203,cic,FBgn0262582
CG34119,-0.598129858,0.650342456,0.380698707,0.60539203,Gfrl,FBgn0262869
mRpL44,-0.224049005,4.212677506,0.381530095,0.60659204,mRpL44,FBgn0037330
CG12402,0.346216232,2.849240419,0.38158762,0.60659204,CG12402,FBgn0038202
CG17328,0.331742144,2.535630925,0.381663872,0.606606512,CG17328,FBgn0028895
CG9641,-0.191264858,4.742780332,0.381879762,0.60684288,CG9641,FBgn0031483
CG11070,-0.129953106,6.393337805,0.382194397,0.60723605,CG11070,FBgn0028467
Aats-gln,0.150965206,5.690465883,0.382358323,0.607358195,Aats-gln,FBgn0027090
CG15609,-0.130583115,7.229793209,0.382405735,0.607358195,Ehbp1,FBgn0034180
CG6583,-0.198369157,4.829533285,0.382541186,0.607466528,CG6583,FBgn0032420
Snap24,0.127302101,6.443841294,0.38281017,0.607754434,Snap24,FBgn0266720
CG4670,0.165089507,6.911191676,0.382857039,0.607754434,CG4670,FBgn0033814
ss,-0.156723825,8.9265734,0.383056938,0.607893238,ss,FBgn0003513
sll,0.200868432,4.609150145,0.383079057,0.607893238,sll,FBgn0038524
wda,0.199711363,4.335415934,0.383196315,0.607920081,wda,FBgn0039067
drm,0.780468695,0.959168448,0.383230558,0.607920081,drm,FBgn0024244
ago,0.139334238,6.417604579,0.383363994,0.608024987,ago,FBgn0041171
CG2794,0.285578514,3.683996226,0.383537538,0.608193456,CG2794,FBgn0031265
CG10664,-0.14246402,9.478816304,0.383832243,0.608542427,CoIV,FBgn0032833
CG5355,0.130608447,6.264738912,0.383892328,0.608542427,CG5355,FBgn0032242
Pat1,-0.13009428,6.056047501,0.384148775,0.608842111,Pat1,FBgn0029878
dap,-0.243452431,3.953863873,0.384592236,0.609438038,dap,FBgn0010316
CG9799,0.25415564,4.151764865,0.384668257,0.609451602,CG9799,FBgn0038146
CG7630,-0.140106682,7.982079836,0.384853155,0.609637629,CG7630,FBgn0040793
CG12974,-0.668321885,0.447417147,0.38496744,0.609711755,CG12974,FBgn0037065
CG9272,0.397838988,1.884702309,0.385145695,0.609887153,CG9272,FBgn0032907
CG15019,-0.182060785,4.763936233,0.385233394,0.609919117,CG15019,FBgn0035541
CrebB-17A,-0.134953911,6.171753716,0.385400039,0.610076038,CrebB,FBgn0265784
l-3-neo43,0.311575684,2.82921591,0.385608223,0.610107651,l(3)neo43,FBgn0011476
CG30386,0.507809988,1.143536207,0.385615677,0.610107651,CG42672,FBgn0261554
CG12972,0.292985907,3.031792984,0.385622613,0.610107651,ebd2,FBgn0037076
ETH,-0.464514938,1.186476605,0.385733137,0.610175655,ETH,FBgn0028738
Hem,-0.141074682,5.565757777,0.385840693,0.610229537,Hem,FBgn0011771
CG1809,-0.800239684,0.535852526,0.385902296,0.610229537,CG1809,FBgn0033423
X11L,-0.138806642,6.792256658,0.386035042,0.610332616,X11L,FBgn0026313
Rnp4F,0.138483667,6.035164906,0.386177044,0.610450291,Rnp4F,FBgn0014024
Traf6,-0.157678058,5.765546463,0.386360894,0.610634065,Traf6,FBgn0265464
CG3823,-0.385373191,3.572952693,0.386566741,0.610852534,CG3823,FBgn0029863
Myb,-0.128187567,6.301712541,0.386673824,0.61090951,Myb,FBgn0002914
CG11577,0.236422398,3.8686264,0.386753677,0.61090951,CG11577,FBgn0036847
CG18631,-0.273536705,3.383248442,0.386805667,0.61090951,CG43370,FBgn0263113
CG2889,0.201318484,4.68210454,0.386875149,0.610912445,CG2889,FBgn0030206
Srp68,0.135632098,6.000602741,0.38711836,0.611189665,Srp68,FBgn0035947
Sip1,0.139289591,8.877164155,0.387287124,0.611193405,Sip1,FBgn0010620
su-w-a-,0.161260305,7.708544512,0.387347723,0.611193405,su(w[a]),FBgn0003638
CG14656,0.143797135,5.574215172,0.387387376,0.611193405,ctrip,FBgn0260794
bic,0.130813622,8.490342887,0.387391348,0.611193405,bic,FBgn0000181
CG9521,0.679418221,1.474478158,0.387686992,0.611553045,CG9521,FBgn0030588
CG8709,0.13101578,8.2993383,0.387871744,0.611671181,Lpin,FBgn0263593
CG13760,-0.212405396,3.972356291,0.387897299,0.611671181,CG13760,FBgn0040375
CG13001,-0.276259976,3.186749606,0.38832071,0.612231989,CG13001,FBgn0030806
mus205,0.179758794,5.075973356,0.388719309,0.612753488,mus205,FBgn0002891
CG2246,0.129998457,6.669256324,0.388810293,0.612789983,CG2246,FBgn0039790
CG15073,0.252680534,3.563030479,0.388926557,0.612866303,CG15073,FBgn0034379
pcx,0.149744111,6.163871088,0.389007269,0.612886583,pcx,FBgn0003048
Mbs,-0.128896392,6.835316282,0.389236772,0.613141238,Mbs,FBgn0005536
hts,-0.134576072,7.571488662,0.389431476,0.613201361,hts,FBgn0263391
Rrp46,-0.401551093,2.474374035,0.389472737,0.613201361,Rrp46,FBgn0037815
CG11120,0.354508207,2.546518711,0.389478571,0.613201361,Mink,FBgn0039250
Acyp2,-0.206363251,4.289826095,0.389649395,0.613310523,Acyp2,FBgn0038363
Cdc37,0.149276665,5.998109768,0.389683684,0.613310523,Cdc37,FBgn0011573
CG30001,-0.566171305,1.308627481,0.39005878,0.613734996,CG30001,FBgn0050001
CG4089,-0.185846465,4.855017969,0.390142295,0.613734996,CG4089,FBgn0037838
Doa,0.137845435,6.378096661,0.390157193,0.613734996,Doa,FBgn0265998
cenG1A,-0.141269968,6.227162175,0.390340334,0.613916186,CenG1A,FBgn0028509
mRpL52,0.288441945,3.675013489,0.391425324,0.61551547,mRpL52,FBgn0033208
CG14059,0.515861412,1.67145529,0.391699274,0.61583906,Ilp8,FBgn0036690
mRpL4,-0.169327051,5.158154921,0.391950233,0.616126398,mRpL4,FBgn0001995
brat,-0.259883184,4.162793441,0.392146706,0.616327999,brat,FBgn0010300
mRpL46,0.250480142,4.165188167,0.392446665,0.616647092,mRpL46,FBgn0035272
CG9547,0.293182846,2.863864803,0.39248625,0.616647092,CG9547,FBgn0031824
CG12975,-0.253975174,3.56807676,0.392922836,0.617225682,CG12975,FBgn0037061
Bap60,0.146271364,5.977264294,0.393057967,0.617330612,Bap60,FBgn0025463
CG6463,0.134879135,6.622438727,0.39325958,0.617539899,CG6463,FBgn0047038
KrT95D,-0.137743602,6.065004909,0.393484491,0.617763967,KrT95D,FBgn0020647
CG13773,0.341857981,2.691552954,0.393676149,0.617763967,CG13773,FBgn0042092
CG10324,-0.270510573,3.382756537,0.393700706,0.617763967,CG10324,FBgn0038454
CG2061,-0.177046764,4.825744374,0.39372555,0.617763967,CG2061,FBgn0027498
CG17295,-0.283778745,3.098813471,0.39374418,0.617763967,Rcd4,FBgn0032034
CG32708,0.320482654,3.062306936,0.394126501,0.618256436,CG32708,FBgn0052708
CG12341,-0.23310614,4.201132461,0.394238595,0.618289408,CG12341,FBgn0033550
Cdep,0.130461309,7.444731812,0.394444669,0.618289408,Cdep,FBgn0265082
Coprox,0.152236879,5.997987453,0.394467947,0.618289408,Coprox,FBgn0021944
CG1603,0.225778207,3.913062114,0.394513903,0.618289408,CG1603,FBgn0033185
CG7382,0.157376811,5.256883422,0.394536459,0.618289408,CG7382,FBgn0031708
CG31812,-0.443539619,1.547171637,0.394558162,0.618289408,CG31812,FBgn0051812
CG4169,-0.13348884,9.058738678,0.394844979,0.618631554,CG4169,FBgn0250814
CG10311,-0.139699654,6.021835761,0.395032758,0.618818438,CG10311,FBgn0038420
CG4911,-0.141001421,5.956753965,0.395252348,0.619017669,CG4911,FBgn0035959
alphaCop,0.1346463,7.516859064,0.395296981,0.619017669,alphaCOP,FBgn0025725
grk,-0.457065762,2.145695926,0.395368782,0.619022803,grk,FBgn0001137
Qm,0.136763501,9.756290411,0.395443032,0.619031772,RpL10,FBgn0024733
emb,-0.135451141,7.227757344,0.395554212,0.619098537,emb,FBgn0020497
HdacX,-0.303296507,2.838345591,0.395696102,0.619213335,HdacX,FBgn0051119
roq,-0.137062457,5.907947389,0.396159227,0.619830699,roq,FBgn0036621
FucT6,-0.122147056,6.934399923,0.396373457,0.620058496,FucT6,FBgn0030327
CG13344,-0.184976777,4.672719117,0.396712014,0.620480667,CG13344,FBgn0033884
DIP2,-0.126270002,6.729561105,0.396951729,0.620748125,DIP2,FBgn0024806
CG34404,-0.130903692,5.797037332,0.397157976,0.620963164,CG34404,FBgn0085433
CG32022,-0.273940213,3.302221903,0.398139556,0.6223823,CG32022,FBgn0052022
CG15133,-0.211710739,4.490840041,0.39820342,0.6223823,"CG42556 , tweek","FBgn0260758 , FBgn0261671"
CG5745,-0.143032096,6.995931995,0.398278988,0.622392731,CG5745,FBgn0038855
CR41594,-0.381783469,1.978493173,0.398388962,0.622456915,uex,FBgn0262124
Cpr67B,0.285346698,7.36187076,0.398504973,0.622486363,Cpr67B,FBgn0035985
CG34039,-0.270657399,3.112615861,0.398565296,0.622486363,CG34039,FBgn0054039
CG31873,0.22858778,4.033415705,0.398684368,0.622486363,Mulk,FBgn0260750
CG9109,0.397721456,2.740769451,0.398730916,0.622486363,CG9109,FBgn0031765
HmgD,-0.180997764,6.065413804,0.398752334,0.622486363,HmgD,FBgn0004362
CG17218,-0.22129045,3.754785371,0.399151917,0.623002491,crok,FBgn0032421
CG32095,0.281513419,3.170763213,0.399240364,0.623032898,CG32095,FBgn0052095
Rpd3,-0.132776084,6.497542444,0.399325082,0.623057477,Rpd3,FBgn0015805
Cad86C,0.144733267,6.795785116,0.39944179,0.623131952,Cad86C,FBgn0261053
CG14438,-0.140168559,6.516178974,0.399863971,0.623682858,CG14438,FBgn0029899
Socs16D,0.135936276,6.029582947,0.40014699,0.624016556,Socs16D,FBgn0030869
CG32441,0.121438294,6.935198814,0.400268615,0.624097471,CG32441,FBgn0052441
l-2-k07824,0.28994217,2.962292106,0.400337043,0.624097471,wcd,FBgn0262560
Abi,-0.13552774,6.290977194,0.40078005,0.624656052,Abi,FBgn0020510
CG11593,0.135723874,6.11467328,0.400842297,0.624656052,CG11593,FBgn0035488
CG7878,-0.127034502,6.126580667,0.400902788,0.624656052,CG7878,FBgn0037549
CG4768,-0.180118752,4.61726985,0.401155589,0.624942161,CG4768,FBgn0030790
Eip71CD,-0.161289642,5.971027839,0.401350644,0.625104686,Eip71CD,FBgn0000565
CG5669,0.180944952,4.739474874,0.401398305,0.625104686,Spps,FBgn0039169
geminin,0.176201425,5.098356035,0.401593935,0.625301552,geminin,FBgn0033081
Snoo,0.168331805,4.909328559,0.401877454,0.625635176,Snoo,FBgn0085450
CG33232,0.129248093,6.180285699,0.402112603,0.625828394,CG45186,FBgn0266696
CG33324,0.16508136,4.884038282,0.402140118,0.625828394,gpp,FBgn0264495
Uba2,0.145318739,5.795298217,0.402262619,0.625911213,Uba2,FBgn0029113
CG1824,-0.129258894,6.435637041,0.402420073,0.626048379,CG1824,FBgn0030403
rab3-GAP,-0.158407909,5.28638992,0.402909233,0.626686308,Rab3-GAP,FBgn0027505
18w,0.147733679,5.539632991,0.402968869,0.626686308,18w,FBgn0004364
CG3955,0.262388434,3.405804999,0.403147749,0.626856586,CG3955,FBgn0033793
da,-0.127451589,7.115145037,0.403381191,0.627111629,da,FBgn0000413
CG6180,-0.123340484,6.980840033,0.403606063,0.627353265,CG6180,FBgn0032453
CG7686,-0.133627112,7.502654795,0.403938874,0.627762564,CG7686,FBgn0027525
CG5500,0.187212741,4.597882495,0.404211461,0.628078145,CG5500,FBgn0039461
grim,0.292351358,2.881187463,0.404352013,0.628188492,grim,FBgn0015946
CG32442,-0.226422152,3.674306577,0.404625897,0.628505907,CG32442,FBgn0052442
CG9286,0.225983525,3.985285402,0.404849379,0.628740082,CG9286,FBgn0038183
Mad,-0.149718002,5.873224723,0.404933725,0.628740082,Mad,FBgn0011648
CG10214,-0.221448089,4.09670557,0.404985448,0.628740082,CG10214,FBgn0039115
Ret,-0.308303838,3.561335697,0.405367377,0.629224894,Ret,FBgn0011829
CG16884,0.576227208,0.791662604,0.405560251,0.629416133,CG16884,FBgn0028544
Csat,0.231461497,3.988766134,0.405762032,0.629556559,Csat,FBgn0024994
Sras,0.32944487,2.455421971,0.405790109,0.629556559,Sras,FBgn0029121
CG31534,0.124004867,7.116002882,0.405895177,0.629611441,CG43427,FBgn0263346
CG16753,-0.343806878,2.180428131,0.405976591,0.629629618,CG16753,FBgn0035393
dpp,0.192996393,4.394404064,0.4064138,0.630114078,dpp,FBgn0000490
Clp,0.321582777,2.782796653,0.406428463,0.630114078,Clp,FBgn0015621
mu2,-0.295347155,3.228529061,0.406598913,0.630161722,mu2,FBgn0002872
CG6950,0.130334448,6.040280976,0.406635456,0.630161722,CG6950,FBgn0037955
CG9784,0.143421887,5.859044273,0.406668457,0.630161722,CG9784,FBgn0030761
Calx,-0.138367352,6.596228635,0.406832451,0.630201512,Calx,FBgn0013995
Sirt4,0.17625866,4.876702688,0.406833653,0.630201512,Sirt4,FBgn0029783
fs-2-ltoPP43,-0.222331911,3.881253143,0.407327912,0.630806309,fs(2)ltoPP43,FBgn0004811
l-2-k10201,-0.44812567,2.132343896,0.407369619,0.630806309,l(2)k10201,FBgn0016970
CG31716,-0.127649502,7.65555459,0.407503279,0.630806309,Cnot4,FBgn0051716
CG9996,-0.22506839,4.208087622,0.407545943,0.630806309,CG9996,FBgn0039273
Myo31DF,0.142253618,6.512746809,0.407573215,0.630806309,Myo31DF,FBgn0086347
CG5287,0.192622365,4.339417429,0.407971544,0.63131465,CG5287,FBgn0032477
CG9922,0.247565328,3.6692557,0.408303111,0.631719525,CG9922,FBgn0038196
CG17233,0.127846435,6.362234406,0.408440686,0.63182417,CG17233,FBgn0036958
Cortactin,-0.155866684,5.241454301,0.408549541,0.631884361,Cortactin,FBgn0025865
CG4080,-0.148762334,6.085738334,0.409285235,0.632907758,CG4080,FBgn0035983
Alg10,0.202264847,4.15565895,0.409367029,0.632907758,Alg10,FBgn0052076
Lsm11,-0.401965054,1.802748622,0.409421401,0.632907758,Lsm11,FBgn0033450
CG5720,-0.129301075,5.879256165,0.409525415,0.632913504,Nab2,FBgn0028471
CG33182,-0.186254579,4.675544365,0.409565236,0.632913504,Kdm4B,FBgn0053182
CG30415,-0.139817978,8.480716707,0.409774248,0.633128195,CG30415,FBgn0250838
CG17660,0.128412426,6.071205159,0.409905158,0.633222161,CG17660,FBgn0031356
CG13409,0.173598061,5.099447275,0.410007416,0.63327184,CG13409,FBgn0038926
Cyp313a1,0.25851706,8.072399564,0.410279123,0.633487019,Cyp313a1,FBgn0038236
CG13623,0.195676748,4.371067347,0.410286977,0.633487019,CG13623,FBgn0039205
U2A,0.229544906,3.712569826,0.410385607,0.633531027,U2A,FBgn0033210
CG10479,0.243405351,3.40842204,0.410657898,0.633742502,CG10479,FBgn0035656
mRpS21,-0.214677089,4.332056706,0.410662897,0.633742502,mRpS21,FBgn0044511
CSN7,0.133286213,5.687678541,0.410896699,0.633995009,CSN7,FBgn0028836
Elf,-0.125938875,6.774787108,0.411237706,0.63436402,Elf,FBgn0020443
spir,-0.133674886,7.296781856,0.411276297,0.63436402,spir,FBgn0003475
Tcp-1zeta,-0.132347231,6.716490293,0.411624952,0.634793414,Tcp-1zeta,FBgn0027329
CG32772,-0.141709108,5.424279416,0.411773962,0.634914828,CG32772,FBgn0052772
CG3630,-0.383957599,3.559613944,0.412301502,0.635619755,CG3630,FBgn0023540
CG13654,-0.191909939,4.525093199,0.412562744,0.635913979,CG13654,FBgn0039290
CG3014,-0.157482776,5.701401113,0.41311283,0.636653242,CG3014,FBgn0037519
mRpL11,-0.240330756,3.541849764,0.413217426,0.636666638,mRpL11,FBgn0038234
CG3645,0.222963404,4.124991518,0.413262471,0.636666638,CG3645,FBgn0031238
CG3732,0.177900381,4.937104425,0.413344362,0.636684223,CG3732,FBgn0034750
mago,-0.184183146,5.032296423,0.413527998,0.636858495,mago,FBgn0002736
CG34213,-0.352677519,2.252746574,0.413928582,0.63729675,CG34213,FBgn0085242
nes,0.124011049,6.584743188,0.413984051,0.63729675,nes,FBgn0026630
CG8798,-0.120062747,6.408659022,0.4140242,0.63729675,Lon,FBgn0036892
Ptp99A,-0.125019382,6.752701676,0.41430185,0.637377547,Ptp99A,FBgn0004369
CG6359,-0.129193878,7.01900665,0.414309074,0.637377547,Snx3,FBgn0038065
H,-0.132777365,5.561130846,0.414361537,0.637377547,H,FBgn0001169
l-2-37Ce,0.203424743,4.183069143,0.41439152,0.637377547,l(2)37Ce,FBgn0086446
CG8336,0.189611598,4.652483029,0.414429457,0.637377547,CG8336,FBgn0036020
CG8891,0.240459672,3.676396723,0.414824711,0.63787684,CG8891,FBgn0031663
CG2926,-0.122356895,7.391630176,0.415123562,0.638207828,CG2926,FBgn0037344
CG1832,-0.125567578,6.694643692,0.415181249,0.638207828,Clamp,FBgn0032979
CG13609,-0.401300835,1.295740204,0.415551047,0.638639215,CG13609,FBgn0039170
CG16986,0.222265548,4.119214085,0.415627224,0.638639215,CG16986,FBgn0035356
CG9248,0.132136986,5.874285211,0.415673963,0.638639215,CG9248,FBgn0032923
CG16912,-0.230792045,3.720301684,0.415807562,0.638686022,Aats-tyr-m,FBgn0035064
CG3996,-0.166152887,6.507730757,0.415845825,0.638686022,CG42795,FBgn0261928
CG2124,-0.289075023,2.929167593,0.41616515,0.639067817,CG2124,FBgn0030217
casp,0.128581318,6.311895006,0.416269449,0.639119341,casp,FBgn0034068
Su-var-2-10,-0.130614746,6.156948845,0.416424717,0.639246872,Su(var)2-10,FBgn0003612
mRpS29,0.179200918,4.7615715,0.416494032,0.639246872,mRpS29,FBgn0034727
CG11357,0.162430821,5.059798649,0.416607387,0.639312237,CG11357,FBgn0035558
Adgf-D,0.437505657,2.440256371,0.41685418,0.639454923,Adgf-D,FBgn0038172
pad,-0.277799823,3.48075932,0.41687187,0.639454923,pad,FBgn0038418
CG14133,0.424946533,2.362681471,0.416912718,0.639454923,Pallidin,FBgn0036192
E23,0.193613855,4.548219727,0.417115991,0.639630032,E23,FBgn0020445
CG6340,0.123830175,6.393424718,0.417168491,0.639630032,CG6340,FBgn0030648
CG13398,-0.195797956,4.477563873,0.417435139,0.639838292,CG13398,FBgn0032042
Myo95E,-0.131977473,6.246736818,0.41744597,0.639838292,Myo95E,FBgn0039157
CG14441,-0.125025617,6.508466766,0.417523842,0.639849091,CG14441,FBgn0029895
CG14796,0.19930728,4.828487073,0.417775164,0.64012565,Mur2B,FBgn0025390
CG33958,0.600267095,0.384281034,0.41827456,0.640673376,CG33958,FBgn0053958
CG12042,0.150106292,5.20430529,0.418306171,0.640673376,CG12042,FBgn0033206
lola,-0.124177631,8.720442206,0.418345389,0.640673376,lola,FBgn0005630
NTPase,-0.132201097,8.670933089,0.41857192,0.640911648,NTPase,FBgn0024947
CG5703,-0.125439431,7.171850655,0.418662269,0.640941355,CG5703,FBgn0030853
CG6852,-0.1553909,4.983564744,0.418769685,0.640977753,CG6852,FBgn0036820
Or23a,-0.261621891,3.846567504,0.418827947,0.640977753,Or23a,FBgn0026395
CG31441,0.265340683,3.02367511,0.419486213,0.641876431,CG31441,FBgn0051441
CG6860,-0.19005387,4.340868964,0.419648049,0.642015321,Lrch,FBgn0032633
Nle,0.230500496,4.086191638,0.419734637,0.642039063,Nle,FBgn0021874
CG1553,-0.119113873,6.778516691,0.419914323,0.642177342,Nop17l,FBgn0033224
CG13142,-0.385447096,2.282453903,0.419967206,0.642177342,CG13142,FBgn0032251
Bre1,-0.135091997,5.711596852,0.420173552,0.642384138,Bre1,FBgn0086694
crp,-0.127683138,6.652398983,0.420372307,0.642579259,crp,FBgn0001994
CG6599,0.154391968,5.328984412,0.420601162,0.642789615,CG42534,FBgn0260487
CG17985,0.183959347,4.489604587,0.420652225,0.642789615,CG17985,FBgn0033199
zip,-0.124522087,7.870896156,0.420958467,0.643088787,zip,FBgn0265434
stops,-0.260020477,3.349789466,0.420990379,0.643088787,stops,FBgn0086704
beat-IIb,-0.48161806,1.446270561,0.421100784,0.643148687,beat-IIb,FBgn0038494
ast,0.218275444,3.647353399,0.421204409,0.643198214,ast,FBgn0015905
LvpH,0.376041104,1.723662014,0.421451693,0.643444961,Mal-A1,FBgn0002570
CG6308,0.299017144,3.402415615,0.421508443,0.643444961,CG6308,FBgn0030645
CG9920,-0.512822532,0.507298986,0.421783255,0.64375569,CG9920,FBgn0038200
rdgBbeta,-0.178993075,4.631928313,0.421948704,0.643899425,rdgBbeta,FBgn0027872
CG6712,-0.276599561,2.980246395,0.422135173,0.644075181,CG6712,FBgn0032408
CG8539,-0.163631729,5.458552584,0.42236656,0.644258332,CG8539,FBgn0035791
CG9320,0.149357233,5.607704123,0.422397842,0.644258332,Ns4,FBgn0032882
CG17184,-0.132949293,5.565139639,0.422728818,0.64448424,Arfip,FBgn0037884
wgn,-0.197232853,4.676335538,0.422824642,0.64448424,wgn,FBgn0030941
CG17776,0.194405168,4.604306854,0.422834027,0.64448424,CG17776,FBgn0040899
SMC1,-0.134367523,6.07676966,0.422881023,0.64448424,SMC1,FBgn0040283
CG14684,0.47293995,1.079145317,0.422902654,0.64448424,CG14684,FBgn0037824
CG10722,0.523975761,2.113195038,0.423062495,0.644619089,nesd,FBgn0032848
snama,-0.124444339,5.808799237,0.4232233,0.644755361,snama,FBgn0086129
CG11400,-0.301435154,3.007585058,0.423688943,0.645275712,CG11400,FBgn0034198
Cby,-0.195791416,4.719040976,0.423707718,0.645275712,Cby,FBgn0067317
CG4159,0.247696211,3.158224667,0.423824798,0.645345225,CG4159,FBgn0038811
Tsc1,-0.12394452,6.25952984,0.424341629,0.645916518,Tsc1,FBgn0026317
CG42394,0.477525167,1.126079183,0.424405407,0.645916518,CG42394,FBgn0259740
CG8605,0.154158652,5.238963354,0.424467259,0.645916518,Rint1,FBgn0035762
CG6613,0.137818091,5.476997329,0.424485983,0.645916518,CG6613,FBgn0034694
CG7785,-0.221046894,3.774740055,0.424923121,0.646472799,CG7785,FBgn0038564
CG1896,0.239560703,3.611416227,0.42508098,0.64660407,CG1896,FBgn0039870
Ras85D,-0.130085399,6.401688025,0.425307307,0.646725341,Ras85D,FBgn0003205
KP78a,-0.594303379,1.017106876,0.425318206,0.646725341,KP78a,FBgn0026064
CG18598,-0.492832073,1.285214877,0.425466426,0.646725341,CG18598,FBgn0038589
CG7945,-0.121405932,6.418643015,0.425479069,0.646725341,CG7945,FBgn0036505
CG34340,-0.424742633,1.110442287,0.425518644,0.646725341,CG34340,FBgn0085369
Acox57D-d,-0.39940526,3.600706387,0.426235873,0.647637061,Acox57D-d,FBgn0034629
CG14962,0.259189052,3.164404984,0.426261896,0.647637061,Asciz,FBgn0035407
CG3097,0.127945596,6.70128194,0.426555248,0.647885572,CG3097,FBgn0029804
CG30005,0.223907931,4.419058644,0.426568893,0.647885572,GstT2,FBgn0050005
Nat1,-0.134149812,5.833927319,0.426642676,0.64788871,Nat1,FBgn0031020
CG1103,-0.28131638,3.349803561,0.427028533,0.648301427,CG1103,FBgn0037235
Syb,-0.125163014,7.183340458,0.42705798,0.648301427,Syb,FBgn0003660
Sfmbt,0.125330211,5.988433979,0.427270608,0.648515234,Sfmbt,FBgn0032475
CG6126,0.146675211,5.889930654,0.427583131,0.648880565,CG6126,FBgn0038407
CG34354,-0.392472603,2.244733467,0.427911992,0.649270564,CG34354,FBgn0085383
MED16,0.216745624,3.686341462,0.428130551,0.649493098,MED16,FBgn0034707
CG33172,-0.353214423,2.216102445,0.428576237,0.650027101,CG33172,FBgn0053172
CG5380,0.267747001,3.252086371,0.42862646,0.650027101,CG5380,FBgn0038951
Hs2st,0.177443618,4.731897915,0.429407524,0.651102312,Hs2st,FBgn0024230
Gl,0.125641443,6.887890159,0.429832642,0.651637538,Gl,FBgn0001108
CG11409,-0.41007679,2.444833539,0.430468969,0.652492729,CG11409,FBgn0024366
CG13792,-0.144318846,7.916367257,0.43064857,0.65250299,Slob,FBgn0264087
hop,0.121162701,5.995466248,0.430669002,0.65250299,hop,FBgn0004864
Mes2,-0.644559747,1.157719105,0.430760731,0.65250299,Mes2,FBgn0037207
CG31146,-0.472416175,2.263074873,0.430819772,0.65250299,Nlg1,FBgn0051146
Osbp,0.125173969,7.390476308,0.430836876,0.65250299,Osbp,FBgn0020626
plx,-0.128919882,10.02169751,0.430921912,0.652522385,plx,FBgn0261261
CG13601,0.174792731,4.578291255,0.431236378,0.652806183,CG13601,FBgn0039126
CG1750,-0.332573267,2.081566496,0.431262418,0.652806183,CG1750,FBgn0039836
CG7695,0.253133333,5.980861535,0.431326113,0.652806183,CG7695,FBgn0038631
CG18067,0.176663156,8.568210204,0.4316112,0.653128238,CG18067,FBgn0034512
CG5854,-0.163703101,4.721698187,0.431927761,0.653366532,CG5854,FBgn0039130
CG5273,0.125886712,10.68730627,0.431947055,0.653366532,CG5273,FBgn0040382
Nacalpha,0.126759488,8.203022853,0.431985643,0.653366532,Nacalpha,FBgn0086904
CG14701,0.303054077,2.798813606,0.432716347,0.654362149,CG14701,FBgn0037883
mRpS7,-0.173325297,5.01757315,0.432900744,0.654491991,mRpS7,FBgn0032236
CG2974,-0.298055066,3.246472723,0.432947104,0.654491991,CG2974,FBgn0030178
CG6719,-0.147315997,5.234643215,0.433127192,0.654654685,mgr,FBgn0264694
CG6621,-0.140953472,5.354360812,0.43358008,0.6550139,CG6621,FBgn0037855
CG10628,0.196852169,3.937949253,0.433604071,0.6550139,CG10628,FBgn0032818
DNaseII,0.485208055,2.253566901,0.433644229,0.6550139,DNaseII,FBgn0000477
CG15658,-0.235698303,4.017793893,0.433654875,0.6550139,Lapsyn,FBgn0034602
Lgr3,0.548444657,0.359518326,0.433949187,0.655309585,Lgr3,FBgn0039354
dia,-0.142568385,5.36456363,0.434030046,0.655309585,dia,FBgn0011202
CG1889,0.124242264,7.336202123,0.434068249,0.655309585,CG1889,FBgn0030164
CG8788,0.147730015,5.093757467,0.434148891,0.655321818,CG8788,FBgn0028955
Ac13E,-0.125189389,6.051205404,0.434312556,0.655459343,Ac13E,FBgn0022710
CG17065,0.141324814,5.382037856,0.434567357,0.655734341,CG17065,FBgn0031099
CG1827,-0.181934634,4.278036082,0.43590172,0.657637965,CG1827,FBgn0033431
bbx,-0.476632247,1.095576942,0.436295722,0.658122483,bbx,FBgn0024251
CG8204,0.283554711,2.866995717,0.436462438,0.658132811,CG8204,FBgn0034033
CG8243,-0.154666235,5.343568445,0.436477199,0.658132811,CG8243,FBgn0033349
CG14562,-0.115114172,6.328003623,0.43652112,0.658132811,CG14562,FBgn0037142
CG3328,0.129464426,7.751101374,0.436859696,0.658533371,CG3328,FBgn0034985
CG7407,-0.168406971,4.754225978,0.437352735,0.659085954,CG7407,FBgn0037134
Psn,0.136902555,5.63766294,0.437372182,0.659085954,Psn,FBgn0019947
CG17100,-0.169888729,6.553093751,0.437530511,0.659172221,cwo,FBgn0259938
CG8089,-0.482618231,0.837570642,0.437575361,0.659172221,CG8089,FBgn0033993
Karybeta3,-0.123963578,8.229434826,0.437908862,0.659564632,Karybeta3,FBgn0087013
Bem46,0.213566395,3.937785344,0.437988176,0.659574126,Bem46,FBgn0025109
Dph5,0.186597705,4.715029857,0.438192972,0.659674482,Dph5,FBgn0024558
CG4785,0.24170582,3.405504113,0.438348196,0.659674482,IntS14,FBgn0031314
CG42318,0.117033864,6.77432269,0.438360021,0.659674482,app,FBgn0260941
CG11975,0.159809008,5.011815554,0.438362815,0.659674482,CG11975,FBgn0037648
CG13339,-0.199893548,4.125604407,0.438419924,0.659674482,CG13339,FBgn0033871
fry,0.121025478,8.679083326,0.438585119,0.659784557,fry,FBgn0016081
CG9346,-0.148116872,5.041567534,0.438649093,0.659784557,CG9346,FBgn0034572
CG8950,0.233954768,3.276502426,0.43871218,0.659784557,CG8950,FBgn0034186
CG14301,0.445180622,1.566520995,0.438866068,0.659867456,CG14301,FBgn0038632
CG6785,0.389232949,1.628495612,0.438913388,0.659867456,CG6785,FBgn0032399
metl,-0.179959042,4.601700746,0.438993933,0.659878734,metl,FBgn0035247
CG3608,0.182258823,4.484885292,0.439181705,0.660051161,CG3608,FBgn0035039
CG14333,0.43648717,1.498273668,0.439257504,0.660055272,lute,FBgn0262871
step,-0.146329987,5.079041958,0.439691132,0.660596988,step,FBgn0086779
CG10157,0.629197063,1.338788835,0.439871601,0.660666962,GILT2,FBgn0039099
mRpS25,0.184859739,4.296696407,0.439883969,0.660666962,mRpS25,FBgn0030572
CG8790,0.118272272,7.493006354,0.440419231,0.661360927,Dic1,FBgn0027610
pyr,-0.343414705,3.18657307,0.440585397,0.661500494,pyr,FBgn0033649
CG31715,-0.174648699,4.55367661,0.440933608,0.661913295,CG31715,FBgn0051715
CG42396,-0.250475471,4.50598743,0.441190885,0.662189476,wech,FBgn0259745
CG17002,0.184200349,4.75366601,0.441704405,0.662850099,CG17002,FBgn0033122
Nup107,0.147459593,5.171203922,0.44207137,0.663290609,Nup107,FBgn0027868
CG14353,-0.217675505,4.142600143,0.442331102,0.663476128,CG14353,FBgn0036771
CG3430,0.324553625,1.864494002,0.442341899,0.663476128,CG3430,FBgn0031875
Rrp42,0.27234492,2.788143375,0.442688847,0.663886296,Rrp42,FBgn0034065
CG4619,-0.194209946,4.495563509,0.442835842,0.663891381,CG4619,FBgn0032166
ia2,0.131749844,9.150146779,0.442839214,0.663891381,IA-2,FBgn0031294
CG8245,-0.12398293,6.815234891,0.443028796,0.663924232,CG8245,FBgn0033031
CG32177,-0.120374752,7.448603677,0.443079429,0.663924232,Ndfip,FBgn0052177
CG34375,-0.434558816,1.89675171,0.443139153,0.663924232,CG34375,FBgn0085404
Nep5,-0.195216554,4.318807845,0.443155094,0.663924232,Nep5,FBgn0039478
Deaf1,0.127617978,5.655450294,0.443333825,0.664081872,Deaf1,FBgn0013799
CG5376,-0.469406363,0.757948836,0.443536225,0.664274909,CG5376,FBgn0038977
RpII33,0.220474721,3.589165404,0.443735876,0.66439609,RpII33,FBgn0026373
Snm1,-0.255297477,3.205211341,0.443764533,0.66439609,Snm1,FBgn0037338
CG14103,-0.167239209,4.909386886,0.443837769,0.66439609,CG14103,FBgn0036908
CG10803,-0.198268049,4.180524487,0.443946489,0.664448738,CG10803,FBgn0029666
CG10132,-0.119654789,6.095262659,0.444168638,0.664588653,CG10132,FBgn0032798
CG6091,-0.126381342,6.267763011,0.444187103,0.664588653,CG6091,FBgn0036180
CG12560,0.209625457,4.155050644,0.444321369,0.66465355,CG12560,FBgn0031974
CG1607,0.33962593,3.11910338,0.444377623,0.66465355,CG1607,FBgn0039844
Klp3A,-0.253718476,3.383234042,0.444540306,0.66478681,Klp3A,FBgn0011606
alpha-Man-IIb,0.129130395,7.592438079,0.444645174,0.664833582,alpha-Man-IIb,FBgn0026616
CG15535,-0.273391343,2.831204648,0.444748302,0.664872196,CG15535,FBgn0039764
CG7632,-0.157450256,5.011480299,0.444818193,0.664872196,CG7632,FBgn0037071
CG15916,-0.171842869,4.70855405,0.445085987,0.665127267,CG15916,FBgn0030704
CG15645,-0.231170773,3.44251141,0.445136092,0.665127267,cerv,FBgn0030657
Pp2A-29B,-0.117422352,8.258300223,0.445301383,0.665264213,Pp2A-29B,FBgn0260439
CG10277,-0.118244996,7.352300322,0.445697717,0.665746225,godzilla,FBgn0037442
CG7956,-0.118466623,6.765071976,0.445951688,0.666015465,CG7956,FBgn0038890
Nop56,-0.197690553,4.257198221,0.446346843,0.666460921,Nop56,FBgn0038964
CG14995,-0.125435377,6.837170163,0.446397502,0.666460921,CG14995,FBgn0035497
CG11854,0.243740033,5.404641831,0.446798782,0.666879459,CG11854,FBgn0039299
pHCl,-0.136811346,6.610284017,0.446825478,0.666879459,pHCl,FBgn0264908
CG14352,-0.359056027,2.43315286,0.44690787,0.666892253,CG14352,FBgn0031351
CG32685,-0.113178051,6.983192649,0.447096729,0.667063889,ZAP3,FBgn0052685
Eap,-0.293150788,2.799810294,0.447291571,0.667244394,Eap,FBgn0035063
Tsp26A,-0.233966653,3.826141537,0.447508351,0.667349654,Tsp26A,FBgn0031760
CG8785,0.164213636,6.766347578,0.447509874,0.667349654,CG8785,FBgn0033760
Mcr,-0.12488245,7.276371275,0.447856102,0.667755739,Mcr,FBgn0264800
Pk17E,-0.128630346,5.530895189,0.447994957,0.667852548,Pk17E,FBgn0004462
CG4662,-0.119024009,6.207275131,0.448176482,0.668012925,CG4662,FBgn0038735
CG8249,0.531127481,1.443335127,0.448258215,0.668024532,CG8249,FBgn0034045
Or19b,0.237151821,3.303946407,0.448605667,0.66834345,Or19b,FBgn0062565
nod,0.2620422,3.320100881,0.448637001,0.66834345,nod,FBgn0002948
CG6362,0.135086876,6.81208037,0.448754645,0.66834345,CG6362,FBgn0028740
CG33785,0.219992205,4.293804287,0.448768139,0.66834345,CG33785,FBgn0061362
stc,0.114749247,6.327880557,0.449259329,0.668931517,stc,FBgn0001978
Hmr,-0.205078704,4.137280556,0.449311096,0.668931517,Hmr,FBgn0001206
CG6900,0.420246571,0.973218448,0.449594564,0.669243251,CR6900,FBgn0030958
CG11489,0.115326663,6.551151746,0.449936026,0.669641196,srpk79D,FBgn0025702
CG5986,0.173995907,4.459306791,0.450159026,0.669780879,CG5986,FBgn0043455
Arp87C,0.11543266,7.087554416,0.45017816,0.669780879,Arp1,FBgn0011745
CG31150,-0.2623479,3.910635561,0.450455856,0.670019647,cv-d,FBgn0265048
Hop,0.134342482,6.499899353,0.450548137,0.670019647,Hop,FBgn0024352
CG10365,0.183283793,4.558823556,0.450561142,0.670019647,CG10365,FBgn0039109
ncd,-0.330418792,2.594440366,0.450948616,0.670485483,ncd,FBgn0002924
CG12203,-0.112533664,6.946679677,0.45128677,0.670810043,CG12203,FBgn0031021
CG11134,0.23347175,3.360458893,0.451315413,0.670810043,CG11134,FBgn0030518
CG8949,-0.116890555,6.626108222,0.451539803,0.67103316,CG8949,FBgn0030812
CG18271,-0.532691225,0.738443244,0.452217511,0.671871031,slx1,FBgn0037263
CG11170,-0.266984334,3.11817355,0.452252351,0.671871031,CG11170,FBgn0034705
CG14235,-0.122981734,8.790460789,0.452508482,0.672141011,CoVIb,FBgn0031066
CG13897,-0.315761686,2.187630178,0.452604074,0.672172481,hng3,FBgn0035160
CG2097,0.146374094,5.110812144,0.453213715,0.672888973,Sym,FBgn0037371
CG3520,-0.169206803,5.963658565,0.453235488,0.672888973,CG3520,FBgn0034859
CG4630,-0.115499221,8.026246143,0.453424043,0.672959382,CG4630,FBgn0033809
dnk,-0.201435779,4.286164592,0.453431897,0.672959382,dnk,FBgn0022338
CG8301,0.151078894,5.466700841,0.453918893,0.673571497,CG8301,FBgn0037717
CG34150,-0.230726634,3.600812179,0.454147381,0.673758942,CG34150,FBgn0083986
CG5226,-0.116971249,7.412616415,0.454369994,0.673758942,CG43066,FBgn0262476
CG14786,-0.12281425,5.958323802,0.454373362,0.673758942,CG14786,FBgn0027794
CG8888,0.518101586,0.823131646,0.454404773,0.673758942,CG8888,FBgn0033679
CG4557,0.120810911,5.681861596,0.454450121,0.673758942,CG4557,FBgn0029912
l-3-s1921,0.206499883,4.106967911,0.454492693,0.673758942,nero,FBgn0261479
l-2-01289,0.365307764,4.060516134,0.454699796,0.6738616,l(2)01289,FBgn0010482
CG14164,-0.568131562,0.688757938,0.454721648,0.6738616,CG14164,FBgn0036057
CG9837,0.371697543,1.899250519,0.454785718,0.6738616,CG9837,FBgn0037635
CG5877,-0.185577459,4.481541032,0.454920942,0.673951425,CG5877,FBgn0030625
CG6051,-0.118446632,7.44327767,0.455008149,0.673970097,CG6051,FBgn0039492
CG4301,0.341528733,2.065997286,0.455205159,0.674151378,CG4301,FBgn0030747
CG10970,-0.40029736,2.129936477,0.4554108,0.674288112,CG10970,FBgn0030078
CG6934,-0.245788345,3.923712872,0.455499142,0.674288112,CG42788,FBgn0261859
Rab35,-0.111094809,6.641657221,0.455521402,0.674288112,Rab35,FBgn0031090
Pdp,0.121493162,5.828883225,0.455768876,0.674543909,Pdp,FBgn0029958
l-3-07882,0.201417023,4.005919873,0.455919546,0.674656376,l(3)07882,FBgn0010926
CG32100,-0.217597755,3.65469829,0.456128402,0.674795003,CG32100,FBgn0052100
CG34126,0.113763324,6.513517272,0.456162617,0.674795003,CG34126,FBgn0083962
CG13108,-0.434247349,1.946934005,0.456360272,0.674976866,CG13108,FBgn0032100
CG9775,-0.119498234,7.322975183,0.45651787,0.675099433,CG9775,FBgn0037261
CG3587,0.213329177,3.6997534,0.457352598,0.676223137,CG3587,FBgn0023521
nol,-0.504354078,0.70839171,0.457622611,0.676319038,nol,FBgn0014368
Dgp-1,-0.17477412,6.271448894,0.457666901,0.676319038,Dgp-1,FBgn0027836
CG17446,-0.194947396,3.919187249,0.457719072,0.676319038,Cfp1,FBgn0030121
CG31169,-0.177937082,4.557018703,0.457738977,0.676319038,"CG43342 , CG43343","FBgn0263047 , FBgn0263048"
CG11069,0.261382061,3.220981121,0.457791777,0.676319038,CG11069,FBgn0039244
MED10,0.191808526,4.805916361,0.457970196,0.676471999,MED10,FBgn0036581
CG7857,0.271046374,2.729291506,0.458128505,0.676595212,CG7857,FBgn0026738
unk,-0.140356464,5.872250017,0.458301764,0.676673197,unk,FBgn0004395
Mtr3,0.242805609,3.051093887,0.458331115,0.676673197,Mtr3,FBgn0036916
Slbp,-0.199878866,4.223457324,0.458729364,0.677150502,Slbp,FBgn0041186
Dh,0.412260734,0.964156634,0.459127246,0.67762711,Dh44,FBgn0012344
Rab4,0.111669985,7.303628047,0.45931929,0.677799814,Rab4,FBgn0016701
Tl,-0.123159378,5.760416815,0.459415603,0.677831219,Tl,FBgn0262473
CG33082,-0.401287189,1.161565882,0.459672937,0.67810015,CG33082,FBgn0053082
Gyc32E,0.629787277,0.325345123,0.459925111,0.67836138,Gyc32E,FBgn0010197
Rop,-0.114205136,7.954402558,0.460166991,0.678511779,Rop,FBgn0004574
CG34141,-0.414966169,1.252745138,0.460177294,0.678511779,CG34141,FBgn0083977
CG34424,0.293894478,3.056646779,0.46034393,0.678539658,CG34424,FBgn0085453
Rab14,-0.109248738,6.680124386,0.460385094,0.678539658,Rab14,FBgn0015791
CG2256,-0.248619707,3.461104235,0.46042153,0.678539658,CG2256,FBgn0029995
disp,0.123312108,5.848423411,0.461081431,0.67927818,disp,FBgn0029088
CG17081,0.121906195,5.612586216,0.461137894,0.67927818,Cep135,FBgn0036480
sti,-0.484059019,1.562564957,0.461148226,0.67927818,sti,FBgn0002466
AP-50,-0.111337657,7.043913184,0.46153597,0.679664718,AP-2mu,FBgn0263351
ogre,0.122569107,6.71605981,0.461561107,0.679664718,ogre,FBgn0004646
peb,-0.109677539,6.954742654,0.461637868,0.679666965,peb,FBgn0003053
Tango10,-0.114852585,6.245120967,0.461925373,0.679914234,Tango10,FBgn0030330
CG10354,-0.143782549,5.262954138,0.46207052,0.679914234,Rat1,FBgn0031868
CG8928,-0.178067957,4.131426636,0.462120037,0.679914234,Rrp47,FBgn0030711
CG3099,-0.199862708,3.840547131,0.462135293,0.679914234,CG42797,FBgn0261931
snoRNA-Psi18S-531,-0.485278736,1.191550826,0.462250235,0.679914234,snoRNA:Psi18S-531,FBgn0083027
Mvl,0.118641813,7.887634925,0.462257386,0.679914234,Mvl,FBgn0011672
CG1523,0.165246988,4.86518186,0.46250043,0.680067371,CG1523,FBgn0039601
CG2023,0.210813848,3.776130326,0.462512057,0.680067371,CG2023,FBgn0037383
CG13928,0.117584081,8.898110045,0.463131504,0.680864983,CG13928,FBgn0035246
CG14722,0.121193298,5.549725999,0.463205245,0.680864983,CG14722,FBgn0037943
CG18327,-0.308591434,2.486218712,0.463294344,0.680885164,CG18327,FBgn0033904
Rpb10,-0.229164009,4.072395394,0.463537784,0.681108269,Rpb10,FBgn0039218
RhoGAP68F,0.124528347,6.804207208,0.463596939,0.681108269,RhoGAP68F,FBgn0036257
CG4424,0.325875224,2.149883641,0.463942614,0.681505296,CG4424,FBgn0038765
Best1,0.114063227,8.47040138,0.464528536,0.682151175,Best1,FBgn0040238
CG34219,0.353068893,2.854036271,0.464545637,0.682151175,CG34219,FBgn0085248
eIF-4a,-0.115848269,10.80826058,0.464608831,0.682151175,eIF-4a,FBgn0001942
CG13197,-0.186883397,4.215437807,0.464798841,0.682263773,CG13197,FBgn0062449
CG18528,0.305518942,2.70321412,0.464836564,0.682263773,CG18528,FBgn0039189
CG32278,-0.135827351,5.588817952,0.464945636,0.68226846,CG32278,FBgn0052278
CG34347,0.170574856,5.195038163,0.465008032,0.68226846,CG34347,FBgn0085376
Wnt2,0.124395103,6.422761794,0.465066325,0.68226846,Wnt2,FBgn0004360
CG3345,0.384604269,1.708230719,0.465455866,0.682729061,CG3345,FBgn0031240
Chmp1,0.114232499,6.305568192,0.465703707,0.682981703,Chmp1,FBgn0036805
CG31211,0.123160889,7.241798433,0.46588375,0.683134848,CG31211,FBgn0051211
Tsp96F,-0.162664059,4.799457147,0.466031881,0.683241157,Tsp96F,FBgn0027865
CG9797,0.156144828,4.875699944,0.466380371,0.683595016,M1BP,FBgn0037621
CG2116,0.16704368,4.690597608,0.466424582,0.683595016,CG2116,FBgn0030003
Fbxl4,-0.164574808,5.163960098,0.466707945,0.683899363,Fbxl4,FBgn0030555
CG32506,-0.203613095,3.723755004,0.466908279,0.684081965,CG32506,FBgn0052506
CG11374,0.563201923,0.445887255,0.467201977,0.684401275,CG11374,FBgn0031214
CG5177,0.446317281,2.972302566,0.467452315,0.684602435,CG5177,FBgn0031908
mRpL10,-0.153391508,4.718755248,0.467522969,0.684602435,mRpL10,FBgn0031231
CG12182,0.285488714,2.492027082,0.46756664,0.684602435,CG12182,FBgn0028504
CG14222,0.126483417,5.794273462,0.46765744,0.684624423,NAA20,FBgn0031043
CG7518,0.110384663,7.364737317,0.467917984,0.684894859,CG7518,FBgn0038108
CG11696,0.188946307,4.19372276,0.468150049,0.685123528,CG11696,FBgn0030314
CG13800,0.112576089,6.862695104,0.468257645,0.685169998,CG45186,FBgn0266696
CG4098,-0.377765236,1.486277197,0.468417061,0.685292264,CG4098,FBgn0036648
CG5953,0.159073017,5.446835873,0.468537182,0.685309328,CG5953,FBgn0032587
fat-spondin,0.331179537,3.644649889,0.468664609,0.685309328,fat-spondin,FBgn0026721
CG8319,0.250742402,2.666179317,0.468678015,0.685309328,CG8319,FBgn0037722
TMS1,0.112637136,7.566859276,0.46873216,0.685309328,TMS1,FBgn0028399
CG14351,0.381204798,2.383100146,0.469389612,0.686159507,haf,FBgn0261509
Cas,-0.138250018,5.014110245,0.469502137,0.68621296,Cas,FBgn0022213
babo,-0.122348687,6.165669947,0.469780012,0.686500995,babo,FBgn0011300
CG17574,0.134674825,5.237097171,0.46985119,0.686500995,CG17574,FBgn0033777
CG2811,0.158063806,4.547123111,0.470221811,0.686908788,CG2811,FBgn0035082
Syx6,-0.115852546,6.07396389,0.470282362,0.686908788,Syx6,FBgn0037084
CG13689,-0.325625716,2.197380187,0.470621785,0.687293438,CG13689,FBgn0031270
CG8538,-0.123134561,5.485653039,0.470914266,0.687609419,Afti,FBgn0038223
MTA1-like,-0.106855585,6.479599176,0.471198209,0.687912834,MTA1-like,FBgn0027951
CG2747,-0.112996824,7.663076066,0.471614254,0.688408979,CG2747,FBgn0037541
CG9067,0.233368577,3.199192501,0.472046305,0.688928323,CG9067,FBgn0033605
Pbprp1,-0.128999983,10.92927439,0.472272331,0.689008835,Obp69a,FBgn0011279
Spt6,0.112121374,7.457298813,0.472388501,0.689008835,Spt6,FBgn0028982
CG12173,0.16386387,4.476797477,0.472440007,0.689008835,CG12173,FBgn0037305
CG11447,0.166444203,4.352821696,0.472522773,0.689008835,CG11447,FBgn0038737
CG12541,-0.245093989,3.649212591,0.47256994,0.689008835,CG12541,FBgn0029930
CG1965,-0.117427198,5.89887271,0.472627796,0.689008835,CG1965,FBgn0037466
CG2906,0.299425297,2.87040882,0.47263535,0.689008835,CG2906,FBgn0033240
CG13694,-0.365675654,1.639755221,0.472910444,0.689200941,CG13694,FBgn0031219
U2af38,0.130181573,5.32550622,0.47301943,0.689200941,U2af38,FBgn0017457
CG33993,0.544898811,0.899298815,0.473115123,0.689200941,CG33993,FBgn0053993
CG12717,0.175121889,4.143128118,0.473201596,0.689200941,CG12717,FBgn0030420
CG32549,0.10958036,6.861677576,0.47324164,0.689200941,CG32549,FBgn0052549
crm,0.145544444,4.91070647,0.473242343,0.689200941,crm,FBgn0000376
Surf6,-0.259963282,2.742434272,0.473301156,0.689200941,Surf6,FBgn0038746
defl,0.177415541,4.331501191,0.473483329,0.689246816,defl,FBgn0036038
CG7997,0.355961259,1.650463712,0.473485249,0.689246816,CG7997,FBgn0034117
CG17802,-0.302858045,2.43056997,0.473649136,0.689374302,CG17802,FBgn0038549
RFeSP,-0.109033929,8.600710445,0.473976249,0.689739277,RFeSP,FBgn0021906
CG5938,-0.109913594,6.975756899,0.47446366,0.690337366,CG5938,FBgn0046247
CG31392,-0.252525722,3.329994787,0.474571277,0.690380166,"CG42726 , CG42727","FBgn0261679 , FBgn0261680"
CG40486,-0.122604581,10.54536738,0.474645917,0.690380166,CG40486,FBgn0263830
CG10428,0.21401616,3.53367079,0.474779246,0.690462928,CG10428,FBgn0032724
Kr-h1,-0.123817472,7.04342404,0.47501985,0.690701645,Kr-h1,FBgn0266450
snmRNA-641,-0.509972827,0.598653395,0.475221119,0.690883101,snmRNA:641,FBgn0065088
CG7369,0.131612715,5.540812109,0.475525568,0.691214478,CG7369,FBgn0037188
CG31342,0.111749221,6.711133184,0.475610614,0.691226881,CG31342,FBgn0051342
Gdi,0.111990464,8.256496661,0.476187936,0.69195461,Gdi,FBgn0004868
CG13277,0.196619822,3.988264499,0.476536016,0.692299762,LSm7,FBgn0261068
brm,0.112536739,7.211588205,0.476578727,0.692299762,brm,FBgn0000212
usp,0.107711416,6.221753531,0.476676095,0.692329878,usp,FBgn0003964
CG32377,-0.376262516,5.129263573,0.47689209,0.692532252,Ank2,FBgn0261788
CG17807,-0.184587294,3.932496101,0.477407978,0.693169989,CG17807,FBgn0034748
CG3303,0.174668068,4.29076797,0.477745825,0.693471646,CG3303,FBgn0038381
Socs44A,0.142031471,5.156066132,0.477769263,0.693471646,Socs44A,FBgn0033266
Pld,0.126846514,5.327369688,0.477947916,0.693619514,Pld,FBgn0033075
Mdr49,-0.203447626,4.839811367,0.478089097,0.693712962,Mdr49,FBgn0004512
Smox,-0.109825263,7.02445741,0.478189609,0.693747379,Smox,FBgn0025800
CG5787,-0.126956591,5.907590071,0.478396397,0.693935943,CG5787,FBgn0032454
CG14971,-0.151498452,4.818892294,0.478593736,0.694110742,CG14971,FBgn0035449
AnnIX,0.116738741,9.127555205,0.478741086,0.694212997,AnxB9,FBgn0000083
Hsf,-0.107531461,6.682325552,0.478862166,0.694277131,Hsf,FBgn0001222
CG10376,-0.121693603,5.675476833,0.479025517,0.69428037,CG10376,FBgn0032702
CG3719,0.115318195,5.714152088,0.479062159,0.69428037,CG3719,FBgn0024986
RhoGAP92B,-0.110023759,5.739650289,0.479094955,0.69428037,RhoGAP92B,FBgn0038747
msk,0.105605299,6.929034093,0.479247478,0.69439001,msk,FBgn0026252
Sgt,0.11785601,6.062584943,0.479358747,0.694439852,Sgt,FBgn0032640
Dcr-2,0.113285996,5.739965815,0.479972351,0.695211898,Dcr-2,FBgn0034246
CG14182,0.224965756,3.17737679,0.480045585,0.695211898,CG14182,FBgn0036922
dUTPase,-0.26507244,2.843145964,0.480239818,0.695381715,dUTPase,FBgn0250837
ofs,-0.123122731,6.481148653,0.480389019,0.69539356,eIF4G2,FBgn0260634
PIP82,-0.625703425,0.678450927,0.480401949,0.69539356,PIP82,FBgn0024943
cnc,0.111757863,8.856527897,0.480543713,0.695398821,cnc,FBgn0262975
chb,-0.104898389,6.730010576,0.480559535,0.695398821,chb,FBgn0021760
CG8613,-0.112374328,6.554056948,0.480784668,0.695613179,CG8613,FBgn0033924
enc,-0.117757741,7.175824186,0.480938773,0.695680885,enc,FBgn0004875
Psi,-0.111784253,6.302793187,0.480985478,0.695680885,Psi,FBgn0014870
Or22a,-0.128439069,5.874646405,0.481181019,0.695852302,Or22a,FBgn0026398
wts,-0.10802628,6.696610093,0.481559356,0.696146241,wts,FBgn0011739
CG1622,0.14921424,4.840383538,0.48156937,0.696146241,CG1622,FBgn0030468
CG8909,-0.214770301,3.585371702,0.481615453,0.696146241,CG8909,FBgn0030706
CG6136,-0.349861573,2.391004213,0.481951374,0.69652035,CG6136,FBgn0038332
CG7918,-0.114032552,6.055463259,0.48204393,0.696542684,mAChR-B,FBgn0037546
Fpps,0.222955642,3.386636556,0.482516501,0.697114036,Fpps,FBgn0025373
FucTC,-0.210051749,3.594028642,0.48300225,0.697588164,FucTC,FBgn0044872
CG33543,0.283847243,2.227583818,0.483044597,0.697588164,CG33543,FBgn0053543
Sry-beta,-0.212416641,3.722779403,0.483076329,0.697588164,Sry-beta,FBgn0003511
DNApol-eta,-0.219231301,3.270204957,0.483248834,0.697725742,DNApol-eta,FBgn0037141
pfk,0.166258023,4.58281267,0.48341344,0.697817989,pfk,FBgn0035405
CG5800,0.201900163,3.680791559,0.483467212,0.697817989,CG5800,FBgn0030855
CG13605,0.133024297,5.085863929,0.483591294,0.697885584,CG13605,FBgn0039150
MESR6,0.164770504,4.53626798,0.483678874,0.697900487,MESR6,FBgn0036846
Grip128,0.178269401,4.484060674,0.483985154,0.698230898,Grip128,FBgn0026433
chm,-0.188758869,4.088853465,0.484300829,0.698484087,chm,FBgn0028387
CG31919,0.413336161,1.178307144,0.484315289,0.698484087,"CG44000 , CG44001","FBgn0264742 , FBgn0264743"
CG15094,0.111980066,5.848343505,0.484566722,0.698650596,MFS15,FBgn0034392
Atg1,0.111597671,6.786337364,0.484585414,0.698650596,Atg1,FBgn0260945
CG7095,-0.144854485,4.880255397,0.484994789,0.699129236,CG42450,FBgn0259927
FucTB,-0.262960893,3.176845671,0.48509101,0.699156379,FucTB,FBgn0032117
Mgat2,0.103508524,7.05300517,0.485168439,0.699156433,Mgat2,FBgn0039738
Pbp49,0.145116541,4.976017998,0.4853291,0.699206558,Pbp49,FBgn0260398
CG4587,-0.183937062,4.708542478,0.485358017,0.699206558,CG4587,FBgn0028863
CG2818,0.116963159,5.801345971,0.485563601,0.699391194,CG2818,FBgn0031566
CG14803,0.197415509,3.902307648,0.48587857,0.699728019,CG14803,FBgn0023513
CG10948,-0.133143504,5.477621679,0.485952357,0.699728019,CG10948,FBgn0036317
CG11398,0.250404349,2.698526415,0.486048771,0.699755314,CG11398,FBgn0040366
CG8629,0.307521831,2.432385635,0.486417573,0.700139762,CG8629,FBgn0035742
CG10483,0.158577188,4.583644313,0.486470809,0.700139762,CG10483,FBgn0035649
CG7824,-0.290323777,2.970563176,0.486660777,0.70014246,CG7824,FBgn0039711
MTF-1,-0.1499458,4.653236876,0.486728915,0.70014246,MTF-1,FBgn0040305
CG14023,-0.116090772,6.571056171,0.486732646,0.70014246,Ncoa6,FBgn0031698
Ddr,0.150271075,4.868681485,0.486782686,0.70014246,Ddr,FBgn0053531
CG11820,-0.239635265,3.288800843,0.487325966,0.700812285,PQBP1,FBgn0039270
l-3-S147910,-0.302070173,2.93188994,0.487487497,0.700847852,ver,FBgn0262524
sn,-0.178665761,4.007602667,0.487505856,0.700847852,sn,FBgn0003447
NiPp1,-0.182283941,3.880649895,0.487709221,0.701022874,NiPp1,FBgn0026402
Mlc1,-0.304087507,4.056349499,0.487782796,0.701022874,Mlc1,FBgn0002772
CG16734,0.292022045,2.219613393,0.488265358,0.701480472,CG16734,FBgn0037667
CG5554,-0.108180935,6.250629143,0.488304039,0.701480472,CG5554,FBgn0034914
Hpr1,-0.155207477,4.753838733,0.488334148,0.701480472,Hpr1,FBgn0037382
CG10166,0.14245803,4.760722166,0.48851527,0.701629086,CG10166,FBgn0032799
CG9265,0.180082334,3.89655564,0.489300685,0.702645428,CG9265,FBgn0032910
Rox8,0.10396732,7.478102701,0.489605112,0.702970849,Rox8,FBgn0005649
mTTF,-0.196501002,3.706985858,0.489879724,0.703253365,mTTF,FBgn0028530
Dip3,-0.17840254,4.296587953,0.490059382,0.7033995,Dip3,FBgn0040465
Myd88,0.11460543,7.030038868,0.490181973,0.703463693,Myd88,FBgn0033402
CG8009,0.173948683,4.400934808,0.490334147,0.703570312,CG8009,FBgn0036090
CG13196,-0.582571507,0.636346425,0.490642761,0.703901335,CG13196,FBgn0033645
Set,-0.140080404,5.046814699,0.4907673,0.70396821,Set,FBgn0014879
StIP,-0.187150886,4.078338786,0.491200766,0.704397078,Elp2,FBgn0033540
CG6164,-0.5344639,0.534342909,0.491257978,0.704397078,Npc2f,FBgn0039154
CG7735,0.110691882,5.836138891,0.491300198,0.704397078,Arl6,FBgn0034446
pall,0.166436859,4.415297134,0.491622065,0.704746706,pall,FBgn0036005
CG32536,0.265842832,2.80796273,0.492016019,0.705124298,CG32536,FBgn0052536
CG15027,-0.215835635,3.474911077,0.492052962,0.705124298,CG15027,FBgn0030611
Sep1,0.145043968,5.146035071,0.492119625,0.705124298,Sep1,FBgn0011710
CG9717,0.160318275,8.512938974,0.492214559,0.705148482,CG9717,FBgn0039789
CG5899,0.126166782,5.285493103,0.492977369,0.706038798,Etl1,FBgn0032157
CG2199,-0.206572338,3.866604055,0.492992333,0.706038798,CG2199,FBgn0035213
Dox-A3,0.410155661,1.170811058,0.493154526,0.706070037,PPO3,FBgn0261363
CG7546,0.105631436,7.675608563,0.49317046,0.706070037,CG7546,FBgn0035793
CG14044,0.167978441,4.148993239,0.493287823,0.706075221,CG14044,FBgn0031650
CG12201,0.392879115,0.988104087,0.493330396,0.706075221,GC2,FBgn0037970
CG10602,0.106494199,6.127670529,0.494113582,0.70700616,CG10602,FBgn0032721
Stam,0.104571263,6.609063867,0.494137359,0.70700616,Stam,FBgn0027363
dgt5,-0.403879912,1.801652224,0.494719482,0.707721467,dgt5,FBgn0033740
CG32547,0.111338913,6.011352994,0.494793977,0.707721467,CG32547,FBgn0052547
CG31763,0.234372782,3.116733385,0.495018714,0.707930831,bru-2,FBgn0262475
gkt,-0.20328815,3.7413341,0.49509797,0.707932109,gkt,FBgn0260817
CG42231,-0.516552243,0.6091675,0.495187081,0.707947474,CG42231,FBgn0087041
Ugt35b,-0.119176466,11.31156866,0.49580281,0.708715599,Ugt35b,FBgn0026314
CG3769,0.126388518,5.408972233,0.495944062,0.708805356,CG3769,FBgn0032119
Msp-300,0.177734916,8.746264416,0.496283972,0.709090058,Msp300,FBgn0261836
CG13097,0.194167281,3.956999483,0.496395488,0.709090058,CG13097,FBgn0032051
CG8134,0.14860971,5.114412052,0.496457608,0.709090058,CG8134,FBgn0030671
Ets21C,-0.166628173,4.433757174,0.496478431,0.709090058,Ets21C,FBgn0005660
Tre1,0.216899354,3.528635301,0.496535721,0.709090058,Tre1,FBgn0046687
CG9809,-0.225480518,3.266899659,0.496657407,0.709151732,srl,FBgn0037248
SF1,0.105686838,7.090108951,0.49690565,0.709276948,SF1,FBgn0025571
rumi,0.258586108,2.754012039,0.49700926,0.709276948,rumi,FBgn0086253
dys,-0.394297549,1.574528612,0.497102172,0.709276948,dys,FBgn0039411
Rab11,-0.104178421,8.043328303,0.497125405,0.709276948,Rab11,FBgn0015790
l-3-73Ah,0.159852912,4.64076769,0.497137661,0.709276948,l(3)73Ah,FBgn0002283
CG10903,0.228426125,3.31969015,0.497383418,0.709515522,CG10903,FBgn0037543
CG31522,-0.117137547,6.541929862,0.497812032,0.710014825,CG31522,FBgn0051522
Aats-phe,0.115265667,5.769699929,0.498017246,0.710195391,Aats-phe,FBgn0020766
CG42268,0.111986828,7.539073141,0.498386936,0.710577791,CG42268,FBgn0259163
CG17652,-0.29042483,2.275715905,0.498512495,0.710577791,CG17652,FBgn0031361
MED4,0.18606151,3.686300111,0.498595321,0.710577791,MED4,FBgn0035754
CG8641,0.154185133,4.530382211,0.498668358,0.710577791,CG8641,FBgn0035733
CG5004,-0.148216056,5.024412055,0.49867868,0.710577791,CG5004,FBgn0260748
Dcp-1,-0.259259706,2.354042006,0.499097177,0.711061961,Dcp-1,FBgn0010501
bur,-0.107856096,6.595588326,0.499260134,0.711181969,bur,FBgn0000239
CG9817,-0.129516004,5.629992122,0.499775358,0.711705318,CG43347,FBgn0263072
CG10907,0.200881402,3.820950528,0.499785093,0.711705318,CG10907,FBgn0036207
CG12917,0.46997869,0.519049706,0.499978199,0.711868092,CG12917,FBgn0033490
mRpL45,0.118481052,5.339624169,0.500067411,0.711882916,mRpL45,FBgn0263863
l-2-k01209,0.122732926,5.783399164,0.500202865,0.711903531,l(2)k01209,FBgn0022029
CG31689,0.115258363,8.501588599,0.50028773,0.711903531,CG31689,FBgn0031449
CG7133,0.164662826,4.529605995,0.5003183,0.711903531,CG7133,FBgn0037150
CG4804,-0.54641635,0.898789894,0.500427424,0.711946668,Spn31A,FBgn0032178
CG31938,0.307950122,2.15927142,0.500744337,0.712285363,Rrp40,FBgn0260648
TFAM,0.176903959,4.768239279,0.500920311,0.712423503,TFAM,FBgn0038805
CG6962,-0.225641504,3.247685587,0.501089757,0.712453098,CG6962,FBgn0037958
CG5360,0.146988596,4.730191722,0.501163011,0.712453098,mi,FBgn0261786
CG9305,0.163758279,4.54354565,0.501177711,0.712453098,CG9305,FBgn0032512
CG9304,0.160613591,4.677131258,0.501469904,0.712756311,CG9304,FBgn0034674
eIF2B-gamma,-0.155264492,4.41661381,0.501834972,0.713070102,eIF2B-gamma,FBgn0034029
CG7987,0.100695967,6.670907551,0.501930189,0.713070102,CG7987,FBgn0038244
CG14442,0.102103724,7.427230693,0.50200124,0.713070102,CG14442,FBgn0029893
CG7669,-0.193208202,3.903841718,0.502006403,0.713070102,CG7669,FBgn0038607
mei-S332,-0.409161171,1.442856058,0.502115827,0.713113406,mei-S332,FBgn0002715
CG6429,-0.143484479,5.387587577,0.502253324,0.713196562,CG6429,FBgn0046999
ImpE3,-0.434074647,0.889235341,0.502373535,0.71325515,ImpE3,FBgn0001255
Golgin84,0.178806983,4.397609636,0.502552884,0.713397667,Golgin84,FBgn0039188
CG3295,0.118166496,5.39424085,0.502834022,0.713455574,CG3295,FBgn0034573
Spn4,0.125440942,7.260233893,0.502984257,0.713455574,Spn42Da,FBgn0265137
CG11268,0.216281357,3.058879205,0.502997564,0.713455574,ste14,FBgn0036336
CG15653,-0.335559102,1.678587228,0.503089632,0.713455574,CG15653,FBgn0034578
tam,-0.240798168,3.209335037,0.503166151,0.713455574,tam,FBgn0004406
fy,0.262828787,2.922858527,0.503166872,0.713455574,fy,FBgn0001084
Cg25C,0.256916455,4.82427246,0.503215414,0.713455574,Cg25C,FBgn0000299
CG2685,0.175734372,4.273062882,0.503225473,0.713455574,CG2685,FBgn0024998
CG5262,-0.172527189,4.128884973,0.503336002,0.713500305,CG5262,FBgn0036988
CG5149,0.125898784,5.515789133,0.503748784,0.713968067,CG5149,FBgn0031904
CG1657,0.106389484,8.161943433,0.503900226,0.713968067,CG1657,FBgn0030286
CG8145,-0.269422132,2.295235844,0.503903077,0.713968067,CG8145,FBgn0037617
kat80,0.110381397,5.583700895,0.504234638,0.714138672,kat80,FBgn0040207
DopR,-0.475849138,1.121732148,0.504248151,0.714138672,Dop1R1,FBgn0011582
Rep,-0.179435861,4.106452052,0.504312734,0.714138672,Rep,FBgn0026378
Start1,0.129345445,5.17496085,0.504339686,0.714138672,Start1,FBgn0035028
CG6294,0.139340008,4.924598086,0.5046485,0.714463964,CG6294,FBgn0030640
dac,0.13245893,5.491041241,0.504953429,0.714731787,dac,FBgn0005677
CG12859,-0.111623053,5.888535185,0.504995904,0.714731787,CG12859,FBgn0033961
CG5056,0.155093442,4.568779089,0.505209301,0.71491468,CG5056,FBgn0032231
CREG,0.182130474,4.198993249,0.505317857,0.71491468,CREG,FBgn0025456
Tango5,0.10317791,6.524619756,0.505365902,0.71491468,Tango5,FBgn0052675
CG14065,0.226401889,3.085619099,0.505508088,0.71491468,larp,FBgn0261618
CG13516,0.24153637,3.282392086,0.505575525,0.71491468,CG13516,FBgn0040658
CG2837,0.485920955,0.608458135,0.505624613,0.71491468,CG2837,FBgn0031646
CG30101,-0.442701158,1.302916355,0.50567908,0.71491468,CG30101,FBgn0050101
yrt,-0.121796048,5.869956743,0.505995953,0.715250734,yrt,FBgn0004049
achi,-0.234033083,3.174749817,0.50615273,0.715360414,achi,FBgn0033749
by,0.102486213,7.564155012,0.506260148,0.715400309,by,FBgn0000244
CG42404,-0.14187922,5.193970407,0.506384483,0.715464094,CG42404,FBgn0259823
CG15376,0.195859858,4.120767746,0.506749643,0.71573518,CG43689,FBgn0263772
CG14021,0.341017145,2.253792616,0.5067879,0.71573518,fusl,FBgn0031702
CG8557,0.105767051,7.249444641,0.506897406,0.71573518,CG43658,FBgn0263706
ix,0.209239846,3.358867552,0.506963941,0.71573518,ix,FBgn0001276
Gr63a,-0.183914611,5.381923796,0.506972483,0.71573518,Gr63a,FBgn0035468
CG4610,-0.174713803,4.255916221,0.507219808,0.71597246,CG4610,FBgn0034735
CG16777,-0.158805199,4.259469507,0.507702076,0.716541252,ps,FBgn0261552
CG1688,-0.258680283,2.6803242,0.507961789,0.716741343,CG1688,FBgn0027589
gpp,-0.101897805,6.697537792,0.508002526,0.716741343,gpp,FBgn0264495
CG13375,-0.366394712,1.490063161,0.50841989,0.71721819,CG13375,FBgn0040370
CG9027,-0.104443697,7.831584061,0.508805067,0.717649489,Sod3,FBgn0033631
nito,-0.107649684,5.847389276,0.509227548,0.717961871,nito,FBgn0027548
CG33111,-0.141515727,4.509809319,0.509238685,0.717961871,CG33111,FBgn0053111
phol,-0.117024936,5.586159891,0.509264962,0.717961871,phol,FBgn0035997
l-1-G0060,-0.103530965,5.913055026,0.510038829,0.718940674,IntS6,FBgn0261383
ATPsyn-b,-0.108562527,9.081872792,0.510362105,0.719284127,ATPsyn-b,FBgn0019644
Syx13,0.114202462,5.376100836,0.511077738,0.72018036,Syx13,FBgn0036341
CG5114,0.168679275,4.029677528,0.5112816,0.720355268,CG5114,FBgn0036460
RhoGAP19D,-0.105285503,7.05799383,0.511380932,0.720382869,RhoGAP19D,FBgn0031118
CG2938,-0.110917867,5.981431343,0.511960578,0.721086975,CG2938,FBgn0029685
CG1890,-0.164668984,4.305475878,0.512096584,0.721102284,CG1890,FBgn0039869
CG32771,0.449839327,0.517594425,0.512131088,0.721102284,CG42594,FBgn0260971
Upf3,-0.196847594,3.538992316,0.512276569,0.721194721,Upf3,FBgn0034923
CG7946,-0.106592602,5.736417052,0.512531286,0.721440891,CG7946,FBgn0039743
ari-2,0.101396888,5.764308586,0.512820529,0.721735575,ari-2,FBgn0025186
CG3016,0.100677667,5.790955618,0.51295976,0.721819077,CG3016,FBgn0029819
CG6279,0.358725113,1.873488619,0.513137782,0.721934624,CG6279,FBgn0036125
RpII18,0.143842463,4.566941097,0.5132017,0.721934624,RpII18,FBgn0003275
TwdlE,-0.432356908,0.618916635,0.513509615,0.72225531,TwdlE,FBgn0031957
cype,-0.100421246,8.634729948,0.513712759,0.72231912,cype,FBgn0015031
CG32486,0.101472586,7.537204648,0.513714894,0.72231912,CG32486,FBgn0266918
CG3918,0.157779116,4.145201082,0.513905024,0.722319358,CG3918,FBgn0029873
CG8617,-0.149233252,4.683613157,0.513929111,0.722319358,CG8617,FBgn0033925
Parg,-0.163272861,4.36314681,0.513985101,0.722319358,Parg,FBgn0023216
CG6608,0.136140134,5.345668773,0.51418543,0.722319358,Tpc1,FBgn0037852
S6k,-0.104540465,5.808467815,0.514213956,0.722319358,S6k,FBgn0015806
Ugt86De,-0.186991981,4.537448589,0.514285405,0.722319358,Ugt86De,FBgn0040255
CG13088,-0.300392165,2.083675753,0.514322742,0.722319358,CG13088,FBgn0032047
CG7843,0.113544672,7.070512139,0.514354708,0.722319358,Ars2,FBgn0033062
CG12177,-0.169749647,4.585729423,0.514485769,0.722391116,CG12177,FBgn0030510
CG16728,0.164513445,4.636369675,0.514772422,0.722681283,Git,FBgn0033539
CG9018,0.112837676,5.483677082,0.51537101,0.723409215,CG9018,FBgn0035318
LanB2,0.147138196,5.005492169,0.515485558,0.723457594,LanB2,FBgn0267348
CG4751,0.121365956,5.604004097,0.515774751,0.723751025,CG4751,FBgn0032348
Nnp-1,0.140319363,4.640803193,0.516099686,0.724094511,Nnp-1,FBgn0022069
CG3857,-0.250173548,2.953368521,0.516482768,0.724362483,CG3857,FBgn0023520
ttv,-0.123577048,4.947595962,0.516502631,0.724362483,ttv,FBgn0265974
CG1307,-0.129316182,5.499024939,0.516531228,0.724362483,CG1307,FBgn0026566
CG11279,-0.197370312,3.444303286,0.517066572,0.724838186,CG11279,FBgn0036342
CG6847,-0.167547189,4.272220733,0.517081532,0.724838186,CG6847,FBgn0030884
CG42364,-0.303007902,1.533844784,0.517218662,0.724838186,CG42364,FBgn0259710
CG30323,-0.478196326,1.000006672,0.517254407,0.724838186,CG30323,FBgn0050323
CG10825,-0.18612693,3.852474896,0.517271617,0.724838186,Ice2,FBgn0038860
Uhg2,-0.303267122,2.303310325,0.517396413,0.72490062,Uhg2,FBgn0063449
CG6163,-0.34275021,2.60859697,0.517762399,0.725229976,CG6163,FBgn0036155
HERC2,0.111902884,8.158394965,0.517887945,0.725229976,HERC2,FBgn0031107
CG6488,0.148874011,4.378530555,0.517917941,0.725229976,CG6488,FBgn0032361
exo84,0.111037918,5.48820516,0.517988859,0.725229976,Exo84,FBgn0266668
CG14098,0.377437353,1.747121933,0.51803288,0.725229976,Rcd7,FBgn0260461
CG7791,0.138800694,5.06447524,0.518710124,0.726065581,CG7791,FBgn0033038
Cyp4g15,-0.214578224,5.583102785,0.518928065,0.726080041,Cyp4g15,FBgn0030304
gammaSnap,0.098702122,6.116380867,0.518960362,0.726080041,gammaSnap1,FBgn0028552
CG10153,0.161098233,3.977388637,0.51896157,0.726080041,Trs31,FBgn0266723
CG11768,0.100042124,6.259872614,0.519750264,0.726919719,CG11768,FBgn0037625
CG7741,-0.2189173,3.579772777,0.519928972,0.726919719,CG7741,FBgn0033615
CG3476,-0.146408223,4.796290992,0.51992994,0.726919719,CG3476,FBgn0031881
CG2277,0.148469574,4.389285746,0.51993265,0.726919719,CG2277,FBgn0035204
CG3862,-0.142315721,4.604714091,0.520000233,0.726919719,CG3862,FBgn0031286
lin,0.127529659,5.229753293,0.520157278,0.726919719,lin,FBgn0002552
CG11943,0.144080218,4.967259603,0.520197413,0.726919719,Nup205,FBgn0031078
CG9311,-0.104709073,7.665680675,0.520216681,0.726919719,mop,FBgn0036448
CG8461,-0.275148919,2.402078087,0.520285909,0.726919719,CG8461,FBgn0038235
Dsor1,0.115276188,5.449461431,0.520542815,0.727166196,Dsor1,FBgn0010269
asrij,0.123287549,5.492615929,0.52068337,0.727195642,asrij,FBgn0034793
drpr,-0.111731545,7.869253684,0.520810058,0.727195642,drpr,FBgn0027594
Aats-tyr,0.100512686,5.778822894,0.520939534,0.727195642,Aats-tyr,FBgn0027080
CG5022,0.203425183,3.548955529,0.520951409,0.727195642,CG5022,FBgn0032225
CG15032,0.118513573,5.157947199,0.52099543,0.727195642,gce,FBgn0261703
CG9915,0.128205485,5.071945955,0.521046867,0.727195642,CG9915,FBgn0030738
Hrb27C,-0.10673074,8.330255746,0.521198336,0.727294681,Hrb27C,FBgn0004838
mRpL27,-0.162082139,4.233918894,0.521354074,0.727399645,mRpL27,FBgn0053002
CG13325,0.60927038,0.463727251,0.521885871,0.727926104,CG13325,FBgn0033792
CG14997,-0.161106195,4.436708808,0.521892559,0.727926104,CG14997,FBgn0035515
ppan,0.198582953,3.282008992,0.522150633,0.728173637,ppan,FBgn0010770
Rbp2,-0.099602636,6.825961524,0.522894364,0.729098268,Rbp2,FBgn0262734
CG3639,0.184711811,3.678075826,0.523106659,0.729281722,Pex12,FBgn0031282
CG10778,-0.195985849,3.824738577,0.523341974,0.72943393,CG10778,FBgn0029980
CG5045,-0.106800766,5.553216696,0.523377323,0.72943393,CG5045,FBgn0032229
egl,0.09733861,7.235535856,0.52379311,0.729897026,egl,FBgn0000562
CG10440,-0.450602731,1.628994203,0.523871188,0.729897026,CG10440,FBgn0034636
CG17273,-0.098558755,8.393930974,0.524380118,0.730424288,AdSS,FBgn0027493
CG40498,-0.123780178,5.178475346,0.524411327,0.730424288,CG40498,FBgn0069969
CG4040,0.143637241,4.702440067,0.524548395,0.730502574,CG42388,FBgn0259734
CG8728,-0.101120393,5.684843862,0.524809046,0.730752917,CG8728,FBgn0033235
Oseg4,-0.101247083,6.068333669,0.524943444,0.730757242,Oseg4,FBgn0035264
CG7158,0.09653988,6.699625387,0.524973932,0.730757242,Als2,FBgn0037116
rost,0.195926648,3.845785636,0.525118705,0.730826274,rost,FBgn0011705
CG8235,0.148439551,4.414232084,0.525185319,0.730826274,CG8235,FBgn0033351
koko,0.150757537,4.413258313,0.52545769,0.731028318,"CG44009 , koko","FBgn0264751 , FBgn0264816"
Dip-B,0.103836844,7.100728134,0.525492351,0.731028318,Dip-B,FBgn0000454
CanB2,0.12671824,5.196211336,0.525642103,0.731124058,CanB2,FBgn0015614
CG11971,0.154839932,4.29953528,0.52606603,0.731458686,E(var)3-9,FBgn0260243
CG33275,0.099665796,8.659841428,0.526147573,0.731458686,CG33275,FBgn0035802
mRpL2,-0.12820913,4.776958058,0.526349996,0.731458686,mRpL2,FBgn0036135
ebi,0.097692728,6.071209846,0.52642985,0.731458686,ebi,FBgn0263933
CG12644,0.241192701,2.912191251,0.526430014,0.731458686,CG43902,FBgn0264503
Rpb4,-0.147529997,4.404011306,0.526491844,0.731458686,"Ada2a , Rpb4","FBgn0263738 , FBgn0263757"
CG15087,0.149356596,4.607616474,0.526577832,0.731458686,CG15087,FBgn0034380
MED17,0.141047953,4.597744947,0.526579451,0.731458686,MED17,FBgn0038578
CycC,-0.177796405,3.773292067,0.52661139,0.731458686,CycC,FBgn0004597
CG5549,-0.138561166,5.312007248,0.526900572,0.731659504,CG5549,FBgn0034911
CG42336,-0.171293813,4.221763704,0.526917947,0.731659504,CG42336,FBgn0259238
CG31109,0.182893298,3.62297912,0.527256717,0.731991193,CG31109,FBgn0051109
CG9894,-0.099936523,8.500298888,0.527318871,0.731991193,Bacc,FBgn0031453
spi,-0.103587094,6.599058535,0.52754888,0.732197969,spi,FBgn0005672
CG7739,0.093581962,6.88922721,0.527837144,0.732485523,CG7739,FBgn0036509
CG32407,0.212668351,2.856580196,0.527979118,0.732570012,CG32407,FBgn0052407
CG31303,0.252351143,2.600398448,0.52833293,0.732948355,CG42542,FBgn0260659
CG5726,-0.111789139,5.412331679,0.528474112,0.733031649,CG5726,FBgn0034313
CG12896,0.344312719,1.648793823,0.528583537,0.733070873,CG12896,FBgn0033521
Arp66B,0.12154131,5.472624105,0.528721651,0.733149869,Arp3,FBgn0262716
brk,-0.187601086,3.881341079,0.529294637,0.733719427,brk,FBgn0024250
CG8079,0.148365626,4.64497067,0.529294831,0.733719427,CG8079,FBgn0034002
Or33a,-0.333448591,1.657384085,0.52937831,0.733721767,Or33a,FBgn0026392
VhaM9-7-1,0.147127673,4.652594049,0.529458955,0.733721767,VhaM9.7-c,FBgn0028664
mio,0.13451586,4.579130215,0.529713062,0.733808886,mio,FBgn0031399
Art8,0.25357576,2.36913493,0.529722466,0.733808886,Art8,FBgn0032329
Mys45A,0.1289129,5.024008836,0.529765503,0.733808886,Mys45A,FBgn0033379
CG12950,-0.114597128,5.363806137,0.529976025,0.733987951,CG12950,FBgn0037736
Tm2,0.211564026,4.686972503,0.53022081,0.734100253,Tm2,FBgn0004117
skl,-0.320315541,1.653250494,0.530239666,0.734100253,skl,FBgn0036786
Dmn,0.094093329,6.384468287,0.530300891,0.734100253,Dmn,FBgn0021825
Gfat2,-0.09986737,6.463286917,0.530628398,0.734441083,Gfat2,FBgn0039580
AGO1,-0.103137994,7.651937177,0.53100494,0.734849667,AGO1,FBgn0262739
CG5521,0.092635496,6.330752394,0.531236726,0.734953596,CG5521,FBgn0039466
CG32409,0.188087884,3.364138073,0.531242748,0.734953596,CG32409,FBgn0052409
Klp31E,0.147622989,4.668887662,0.531445537,0.735121571,Klp31E,FBgn0032243
bc10,-0.101373956,5.984770993,0.532041621,0.735833436,bc10,FBgn0040239
CG2059,-0.122500507,5.071286948,0.532301922,0.735969577,CG2059,FBgn0029942
Droj2,0.097264378,9.039610878,0.532334299,0.735969577,Droj2,FBgn0038145
CG32663,0.102024493,6.939339172,0.532575038,0.735969577,rudhira,FBgn0266019
CG5514,-0.10063479,6.935285371,0.532593002,0.735969577,CG5514,FBgn0039560
CG14022,-0.591093149,0.763803074,0.532614995,0.735969577,CG14022,FBgn0031700
CG32579,0.267454703,3.229787219,0.532654658,0.735969577,CG32579,FBgn0052579
CG11178,-0.14186934,4.771969155,0.532720704,0.735969577,CG11178,FBgn0030499
CG9876,0.370082139,1.247546013,0.53279179,0.735969577,CG9876,FBgn0034821
Orc4,-0.194947507,3.616117927,0.532966979,0.73609902,Orc4,FBgn0023181
CG15561,-0.26971038,1.953235555,0.533175706,0.736274737,CG15561,FBgn0039829
CG10889,-0.230117157,2.892048058,0.533454709,0.736547431,CG10889,FBgn0038769
CG18316,-0.193624484,3.462079452,0.533586821,0.736552227,udd,FBgn0033261
phl,-0.116064836,5.60925539,0.533621244,0.736552227,phl,FBgn0003079
CG11811,-0.110587241,5.487334055,0.533729032,0.736588462,CG11811,FBgn0036099
Patsas,0.143568744,4.59941819,0.533868589,0.736668526,Patsas,FBgn0029137
CG8734,0.228212534,3.29819588,0.533961122,0.736683686,beta3GalTII,FBgn0033315
Ppox,-0.126577124,4.915321354,0.534047158,0.73668988,Ppox,FBgn0020018
dre4,-0.104925017,5.658305873,0.53430754,0.736936537,dre4,FBgn0002183
mRpL30,0.122910552,5.237435631,0.535022253,0.737797196,mRpL30,FBgn0029718
hrg,-0.092788133,6.944971241,0.535244245,0.737797196,hrg,FBgn0015949
CG3814,0.338763698,1.662396859,0.535366801,0.737797196,CG3814,FBgn0025692
CG11388,0.10135757,5.714053384,0.535409449,0.737797196,CG11388,FBgn0034959
CG8492,0.544646282,0.541792303,0.535517233,0.737797196,CG8492,FBgn0035813
CG33291,-0.579741613,0.505379538,0.535569849,0.737797196,CG43980,FBgn0264711
CG5903,-0.097703176,7.772962727,0.535577906,0.737797196,CG5903,FBgn0038400
sqh,0.092969315,7.086930275,0.535584903,0.737797196,sqh,FBgn0003514
CG6511,0.169360938,4.152987435,0.535928117,0.738157434,CG6511,FBgn0035923
CG9203,-0.372886214,1.734841052,0.536115819,0.738259143,CG9203,FBgn0030646
CG16743,-0.444310741,3.024735719,0.536165402,0.738259143,CG16743,FBgn0032322
Sra-1,0.094504111,6.348638807,0.536465909,0.738560351,Sra-1,FBgn0038320
CG6623,0.134725049,4.963891373,0.536721115,0.738799109,SIDL,FBgn0038303
CG3980,0.096601641,6.175961351,0.536971665,0.738937108,Cep97,FBgn0031575
CG6179,0.206525586,3.367695627,0.537063026,0.738937108,CG6179,FBgn0030915
CG2186,-0.098345754,6.277065533,0.537106078,0.738937108,CG2186,FBgn0030243
CG13550,-0.194029908,3.595752951,0.537167474,0.738937108,Ice1,FBgn0034853
Csl4,0.210093385,2.880767136,0.537230344,0.738937108,Csl4,FBgn0032346
CG3500,0.157632778,4.65118578,0.537724783,0.739504596,CG3500,FBgn0034849
CG5270,0.101525911,5.670927645,0.537808288,0.739506861,CG5270,FBgn0037897
Jafrac2,-0.213311736,3.578320059,0.537898389,0.739518194,Jafrac2,FBgn0040308
put,-0.105032821,5.61130909,0.53853904,0.740286319,put,FBgn0003169
CG8027,0.195103063,3.365775182,0.538869919,0.740628457,CG8027,FBgn0033392
CG17208,-0.222957054,2.452063114,0.539023445,0.740726772,Gfrl,FBgn0262869
CG34017,-0.263662795,1.975332113,0.539272357,0.740865352,CG42588,FBgn0260965
DAAM,-0.090315013,6.461014598,0.539289283,0.740865352,DAAM,FBgn0025641
NPC2,0.116425327,5.428114311,0.539370314,0.740865352,Npc2a,FBgn0031381
Rlc1,-0.150208564,4.48844603,0.539648856,0.741135264,mRpL47,FBgn0014023
TfIIFalpha,-0.116536695,5.221093052,0.539849581,0.741298239,TfIIFalpha,FBgn0010282
ced-6,-0.101336298,8.219208306,0.539952235,0.741326519,ced-6,FBgn0029092
CG6465,-0.13424791,4.825344185,0.540301851,0.741628258,CG6465,FBgn0037818
CG14131,-0.261293669,2.387188044,0.540336196,0.741628258,CG14131,FBgn0036205
icln,-0.273963523,2.599266798,0.5405323,0.741784718,icln,FBgn0029079
CG12129,0.15215896,4.190475549,0.540735279,0.741950564,CG12129,FBgn0033475
jog,-0.103682797,5.454090003,0.541231913,0.742519225,pico,FBgn0261811
HP1b,-0.124106255,4.85916238,0.541466083,0.742626241,HP1b,FBgn0030082
CG12071,-0.10649863,5.516418719,0.541474324,0.742626241,CG12071,FBgn0039808
Ptp61F,-0.094998891,6.244931969,0.541905787,0.743039467,Ptp61F,FBgn0003138
CG9902,-0.186545735,3.510816642,0.54194012,0.743039467,CG9902,FBgn0030757
CG15536,-0.215162485,2.739152201,0.54214671,0.743103153,CG15536,FBgn0039766
CG3194,0.115333871,5.098402287,0.542151083,0.743103153,Hsepi,FBgn0033087
CG7288,0.19300305,3.608749803,0.542818435,0.743904997,CG7288,FBgn0030969
sec71,0.091929412,7.122875261,0.54322726,0.744352354,Sec71,FBgn0028538
CG11710,0.115156753,5.147341506,0.544099074,0.745116347,CG11710,FBgn0031115
CG10743,0.094273661,6.050884179,0.544139672,0.745116347,Liprin-beta,FBgn0036376
CG3386,0.155257808,4.340560407,0.544190111,0.745116347,CG3386,FBgn0035152
Mt2,-0.368191844,1.503893317,0.544386142,0.745116347,Mt2,FBgn0028707
Phax,-0.16495016,4.017814355,0.54443505,0.745116347,Phax,FBgn0033380
CG1927,0.101670765,10.25312322,0.544544524,0.745116347,CG1927,FBgn0027547
Pkn,-0.094607106,6.599107697,0.544559698,0.745116347,Pkn,FBgn0020621
tna,0.094007417,7.466036607,0.544573563,0.745116347,tna,FBgn0026160
Rrp6,0.13034146,4.694467465,0.544590541,0.745116347,Rrp6,FBgn0038269
CG12035,-0.343596409,1.525762667,0.544609612,0.745116347,CG12035,FBgn0035263
CG34293,0.185282136,3.403716352,0.545299419,0.745916904,CG34293,FBgn0085322
CG11539,-0.411424432,1.089413038,0.54535988,0.745916904,CG11539,FBgn0039859
CG13865,0.110180691,5.345007453,0.545472455,0.745957941,CG13865,FBgn0039965
CG17181,-0.340647372,1.825019489,0.545660186,0.746101728,Kah,FBgn0035144
CG11180,-0.217738366,3.181473196,0.545959819,0.746398457,CG11180,FBgn0034528
CG10414,-0.184856418,3.287633766,0.546075592,0.746443773,Atac2,FBgn0032691
Rgk1,0.179826824,4.008573983,0.546319644,0.746664397,Rgk1,FBgn0264753
CG14615,-0.23308297,3.011012801,0.546515607,0.74681924,CG14615,FBgn0031184
CG9323,-0.12727585,4.804860384,0.546767697,0.746873764,CG9323,FBgn0032883
RpI12,0.25348972,3.209192083,0.546840704,0.746873764,RpI12,FBgn0038903
CG12531,-0.195239584,3.159356169,0.546907555,0.746873764,CG12531,FBgn0031064
CG9213,0.179135638,3.788438767,0.546916276,0.746873764,CG9213,FBgn0030655
CG8786,-0.155185047,4.366762826,0.546968876,0.746873764,CG8786,FBgn0036897
CG6905,0.105760632,5.349162797,0.547448211,0.747291409,Cdc5,FBgn0265574
CycT,0.094572759,6.620313683,0.547571145,0.747291409,CycT,FBgn0025455
CG1440,0.091233444,6.08244304,0.547597733,0.747291409,CG1440,FBgn0030038
Hrb87F,-0.097997942,7.698749203,0.547667719,0.747291409,Hrb87F,FBgn0004237
mad2,-0.337180258,1.245408733,0.547688335,0.747291409,mad2,FBgn0035640
Upf1,0.097822456,6.329471596,0.547803587,0.74733579,Upf1,FBgn0030354
CG7379,0.106481783,6.128479452,0.548167326,0.747719104,CG7379,FBgn0038546
CG30071,-0.387479023,0.450229704,0.548366756,0.747722567,CG30071,FBgn0050071
Blimp-1,-0.087854891,6.857166598,0.548464667,0.747722567,Blimp-1,FBgn0035625
CG10340,-0.10039275,5.560661058,0.548507244,0.747722567,CG10340,FBgn0022344
Hmu,-0.093100262,7.8059124,0.548609765,0.747722567,Hmu,FBgn0015737
CG7051,0.480847927,0.586884245,0.548670601,0.747722567,Dic61B,FBgn0263988
CG10445,-0.306597462,1.966817223,0.548740947,0.747722567,CG10445,FBgn0037531
CG17726,-0.189436607,4.231874949,0.548753492,0.747722567,CG17726,FBgn0037880
XNP,-0.092628458,7.347477133,0.548881692,0.747722567,XNP,FBgn0039338
CG31849,0.220729722,2.857651588,0.548914774,0.747722567,CG31849,FBgn0051849
CG8892,-0.164650301,3.756209686,0.549162632,0.747947417,CG8892,FBgn0031664
CG4291,0.195794524,3.568451414,0.549962555,0.748919133,CG4291,FBgn0031287
CG30158,-0.152365994,4.213189529,0.550041892,0.748919133,CG30158,FBgn0050158
CG13366,-0.098291002,5.674514389,0.550793029,0.749828847,CG13366,FBgn0025633
CG5322,0.350317542,1.508500197,0.55102455,0.750031006,CG5322,FBgn0032253
scat,-0.093006519,5.921046553,0.551121387,0.750049806,scat,FBgn0011232
Rbf2,-0.345422596,1.745602479,0.551213874,0.750062681,Rbf2,FBgn0038390
CG30456,0.091451014,6.60762206,0.551299912,0.750066778,CG30456,FBgn0050456
CG11329,0.351530922,1.213462427,0.551615598,0.750383272,CG11329,FBgn0031848
Arf84F,-0.230289819,2.973525824,0.551779002,0.750453983,Arl2,FBgn0004908
CG11560,0.178096527,3.786117996,0.551887261,0.750453983,CG11560,FBgn0036249
NP15-6,0.088564851,6.915261601,0.552003758,0.750453983,NP15.6,FBgn0027785
CG12124,-0.137690587,4.378832915,0.552033602,0.750453983,mxc,FBgn0260789
CG6522,-0.156073524,4.310648807,0.552082928,0.750453983,Tes,FBgn0034223
Sop2,0.092454003,6.353740785,0.552399814,0.750771764,Arpc1,FBgn0001961
sec10,-0.120991052,4.845879566,0.552670482,0.750972766,Sec10,FBgn0266673
Top3beta,-0.109609295,5.396791857,0.552790427,0.750972766,Top3beta,FBgn0026015
wbl,-0.365995189,1.750598488,0.5528244,0.750972766,wbl,FBgn0004003
pod1,-0.099991757,6.004680364,0.552947357,0.750972766,pod1,FBgn0029903
CG12090,0.093588121,6.581418214,0.552963342,0.750972766,CG12090,FBgn0035227
CG10083,0.102198954,5.600902683,0.553135671,0.75109389,Abp1,FBgn0036372
DnaJ-1,-0.112271581,7.780257048,0.553456715,0.751292412,DnaJ-1,FBgn0263106
CG9386,-0.177641296,3.941292036,0.553471317,0.751292412,CG9386,FBgn0037708
CG1078,0.12032533,5.030510876,0.553558074,0.751292412,Fip1,FBgn0037255
CG31630,0.290113434,1.727670857,0.553625179,0.751292412,milt,FBgn0262872
Rab30,-0.129932775,4.528574302,0.553697684,0.751292412,Rab30,FBgn0031882
CG31044,-0.23987128,2.808249763,0.55380041,0.751318952,CR31044,FBgn0051044
CG8323,-0.139381319,4.659754091,0.553969095,0.751434956,CG8323,FBgn0033903
hoe1,-0.095996142,7.692713543,0.55439699,0.751872159,hoe1,FBgn0041150
CG14180,-0.17443613,4.321751694,0.554457862,0.751872159,CG44838,FBgn0266101
CG16742,-0.147262663,4.350579491,0.555017704,0.752518376,CG16742,FBgn0034529
Tim10,0.092723775,6.685530699,0.555120976,0.752545452,Tim10,FBgn0027360
CG17168,0.118156136,5.412299527,0.555205701,0.752547382,CG17168,FBgn0039943
Or69a,-0.145335075,4.475679843,0.555384734,0.75260902,Or69a,FBgn0041622
CG13902,-0.150915736,4.280960985,0.555417792,0.75260902,CG13902,FBgn0035166
CG13624,0.093431972,6.510093234,0.555990395,0.753271929,CG13624,FBgn0039209
CG10026,0.223472841,3.107909028,0.556277789,0.75354829,CG10026,FBgn0032785
CG31436,0.115432065,5.204674558,0.556420692,0.753628865,CG31436,FBgn0051436
Rga,-0.09345625,7.076463035,0.556560829,0.753705671,Rga,FBgn0017550
CG8272,-0.126509416,4.863473445,0.556863828,0.754002971,CG8272,FBgn0033337
ana1,0.1186533,5.430278143,0.557082198,0.754092209,ana1,FBgn0262167
CG33143,-0.105803208,7.198609988,0.55709668,0.754092209,CG33143,FBgn0053143
CG11781,0.126874073,4.614368827,0.557468353,0.754482263,CG11781,FBgn0039259
CG10420,0.139338566,4.355791523,0.558017085,0.755029228,CG10420,FBgn0039296
CG5118,0.159105142,4.069638017,0.558126913,0.755029228,CG5118,FBgn0031317
CG11897,0.108917316,5.949201118,0.558156968,0.755029228,CG11897,FBgn0039644
mRpS33,0.143107439,4.345180131,0.558233781,0.755029228,mRpS33,FBgn0038426
CG8257,-0.140304677,4.595302405,0.558290374,0.755029228,CG8257,FBgn0033900
Gbeta5,-0.125796459,5.094313912,0.558403403,0.755069053,Gbeta5,FBgn0030011
mRpS24,-0.220601065,2.60826075,0.558895775,0.755621735,mRpS24,FBgn0039159
Hdm,0.16833795,3.690508295,0.559209267,0.755932444,Su(var)3-3,FBgn0260397
Aps,-0.089416738,7.431993731,0.559425066,0.756008442,Aps,FBgn0036111
CG5705,-0.179948309,3.350531066,0.559432857,0.756008442,CG5705,FBgn0032486
dx,0.120812584,4.85535044,0.559555864,0.756061572,dx,FBgn0000524
Sos,0.090203256,6.611603734,0.559826559,0.756314212,Sos,FBgn0001965
CG14937,0.374684519,1.278897823,0.559940275,0.756354732,CG14937,FBgn0032377
CG14544,0.401258469,0.487569527,0.56020065,0.756547969,CG14544,FBgn0039407
cenB1A,0.089207537,5.965321817,0.56025082,0.756547969,CenB1A,FBgn0039056
Pdk,-0.096111082,7.781088607,0.560641828,0.756891661,Pdk,FBgn0017558
CG2943,0.093718273,7.356119863,0.560672902,0.756891661,CG2943,FBgn0037530
endoB,-0.107133609,5.867510974,0.560827363,0.756987061,EndoB,FBgn0034433
CG15100,0.115427492,5.12522751,0.560992662,0.757097058,CG15100,FBgn0034401
arg,0.245020809,2.121399073,0.561143721,0.757187808,arg,FBgn0023535
CG12034,0.144504586,4.506928208,0.561396732,0.75741608,CG12034,FBgn0035421
vlc,-0.086777831,6.276799831,0.561733872,0.757757773,vlc,FBgn0259978
CG6480,-0.166761982,3.678813887,0.561980628,0.757977454,FRG1,FBgn0036964
CG3281,-0.167779717,3.926748531,0.562381736,0.758405225,CG3281,FBgn0260741
Dek,-0.09727363,7.113304136,0.562542694,0.758420132,Dek,FBgn0026533
CG8678,-0.101513519,5.800564517,0.562560694,0.758420132,Atg18b,FBgn0032935
a6,0.125202054,4.582609144,0.563119293,0.759054105,a6,FBgn0023130
clumsy,-0.414016053,1.159506971,0.563233512,0.759054105,clumsy,FBgn0026255
CG11474,0.097635928,5.62048313,0.563390406,0.759054105,CG11474,FBgn0034688
CG3571,-0.145093966,4.776993504,0.56339048,0.759054105,KLHL18,FBgn0037978
Cyp305a1,0.214437691,3.662391134,0.563451055,0.759054105,Cyp305a1,FBgn0036910
CG9330,-0.088038087,6.664147466,0.56366261,0.759180557,CG9330,FBgn0036888
CG1628,-0.356479819,1.500976925,0.563720809,0.759180557,CG1628,FBgn0030218
CG4272,-0.104048481,5.661845759,0.563797029,0.759180557,Axud1,FBgn0261647
mRpS16,-0.132822828,4.463790351,0.563979065,0.7592201,mRpS16,FBgn0033907
CG9593,0.256149812,2.372984194,0.563994476,0.7592201,CG9593,FBgn0038365
CG14299,0.089178576,6.513583552,0.564087408,0.759232069,CG14299,FBgn0038651
Cyp6t1,-0.583022679,0.491839438,0.564294224,0.759262992,Cyp6t1,FBgn0031182
CG12391,-0.100907229,5.736140575,0.564332509,0.759262992,CG12391,FBgn0033581
siz,-0.08763527,8.383289853,0.564417641,0.759262992,siz,FBgn0026179
CG5888,-0.198131686,3.41450942,0.564446563,0.759262992,CG5888,FBgn0028523
CG34360,0.108636424,7.113364833,0.564989968,0.759826527,Glut4EF,FBgn0267336
Act87E,0.225137456,5.431687333,0.565033718,0.759826527,Act87E,FBgn0000046
CG7810,0.182684058,3.622594048,0.565205182,0.759875064,CG7810,FBgn0032017
RhoGAP15B,0.112448892,6.777473456,0.565283401,0.759875064,RhoGAP15B,FBgn0030808
CG4050,0.118004213,5.023121641,0.565399393,0.759875064,CG4050,FBgn0020312
CG9928,0.231384849,5.296316013,0.565406263,0.759875064,CG9928,FBgn0032472
CG18809,-0.103110713,5.486929949,0.565582467,0.75999881,CG18809,FBgn0042132
NC2alpha,0.159279183,3.864608642,0.566117939,0.760605215,NC2alpha,FBgn0034650
CG12004,-0.088743485,7.269742389,0.566638908,0.761191955,CG12004,FBgn0035236
Ssl1,0.164813198,3.896633347,0.566896599,0.76139173,Ssl1,FBgn0037202
l-1-G0222,0.097412014,6.18289949,0.566956184,0.76139173,l(1)G0222,FBgn0028343
l-2-05510,0.096711394,5.957088434,0.5672179,0.761612469,qsm,FBgn0028622
CG4646,0.127799306,4.39762258,0.567289164,0.761612469,CG4646,FBgn0033810
CG10681,-0.205409352,2.90231959,0.567500032,0.761782361,CG10681,FBgn0036291
CG6856,0.240875762,2.859945218,0.567677392,0.761907229,Dysb,FBgn0036819
CG8675,0.135031976,4.640639568,0.567849925,0.762025582,CG8675,FBgn0030834
Dbp73D,-0.234717331,2.320564524,0.56800118,0.762098533,Dbp73D,FBgn0004556
jing,-0.101637591,5.279459114,0.568073004,0.762098533,jing,FBgn0086655
Ucp4A,0.108056837,5.483041157,0.568386162,0.762405432,Ucp4A,FBgn0030872
Usf,0.126804222,4.730851626,0.568816573,0.762869496,Usf,FBgn0029711
MED1,-0.097524782,6.201497118,0.569267672,0.763361162,MED1,FBgn0037109
NFAT,-0.100310674,6.952637478,0.569810201,0.763975267,NFAT,FBgn0030505
CG30008,-0.212516022,3.085748272,0.56990243,0.763985539,CG30008,FBgn0050008
CG11808,-0.181458523,3.29744499,0.570140389,0.764156372,CG11808,FBgn0034000
cora,0.089806327,8.729313556,0.57023537,0.764156372,cora,FBgn0010434
CG5706,0.111823624,5.299558197,0.570283624,0.764156372,CG5706,FBgn0039175
CG9413,-0.10463111,7.807910414,0.570427447,0.764235735,CG9413,FBgn0030574
CG13018,-0.214727153,2.849231516,0.570669285,0.76444637,CG13018,FBgn0040751
Dis3,0.133278571,4.261531474,0.570951243,0.764563679,Dis3,FBgn0039183
CG3654,0.083489155,7.024621032,0.571047751,0.764563679,Jarid2,FBgn0036004
Or67d,-0.101895512,5.839575329,0.571092314,0.764563679,Or67d,FBgn0036080
CG7144,0.139761109,4.319869209,0.571095385,0.764563679,LKR,FBgn0025687
Hsc70Cb,0.092821029,8.030146648,0.571346139,0.764725846,Hsc70Cb,FBgn0026418
IP3K2,-0.097652656,6.473942318,0.571385816,0.764725846,IP3K2,FBgn0266375
CG13604,0.119094794,4.992927546,0.5714983,0.764763093,CG13604,FBgn0039137
Corp,0.392443988,0.696387909,0.571607022,0.764795296,Corp,FBgn0030028
CG9306,-0.087148234,7.397678305,0.571731068,0.764847989,CG9306,FBgn0032511
grp,0.155503598,4.173738091,0.571880936,0.764935206,grp,FBgn0261278
MED14,-0.098030974,6.191359288,0.572123783,0.765031518,MED14,FBgn0035145
Cht2,-0.307256865,2.584895142,0.572163125,0.765031518,Cht2,FBgn0022702
CG7565,-0.10017497,6.103014769,0.572206992,0.765031518,CG7565,FBgn0035833
CG3288,0.43279309,0.636801623,0.572447602,0.765239959,CG3288,FBgn0037030
bchs,-0.082290273,6.918651176,0.572683393,0.765393043,bchs,FBgn0043362
CG4025,0.10458366,5.25130055,0.572813159,0.765393043,CG4025,FBgn0025624
CG5776,-0.215419431,3.232355096,0.572848991,0.765393043,CG5776,FBgn0032450
shg,-0.085075891,7.18866044,0.57294255,0.765393043,shg,FBgn0003391
HLHmbeta,0.140554816,4.284195846,0.573082943,0.765393043,E(spl)mbeta-HLH,FBgn0002733
CG17187,-0.174587297,3.354986402,0.573088764,0.765393043,CG17187,FBgn0037882
CG5151,-0.103249032,5.926504845,0.573155185,0.765393043,CG5151,FBgn0036576
CG1458,0.090020741,7.437929896,0.573311429,0.765433524,Cisd2,FBgn0062442
gukh,0.105851333,5.663029821,0.573366038,0.765433524,gukh,FBgn0026239
Rpp30,0.21173838,2.756708437,0.573439682,0.765433524,Rpp30,FBgn0022246
CG8441,-0.180313796,3.564916147,0.573546686,0.765463254,CG8441,FBgn0034086
CG10447,0.16575547,3.527964625,0.574779649,0.766847188,Nf-YB,FBgn0032816
l-2-03709,-0.087066419,7.516583654,0.574821506,0.766847188,Phb2,FBgn0010551
TfIIEbeta,-0.129565403,4.357416238,0.574838295,0.766847188,TfIIEbeta,FBgn0015829
Nplp3,-0.653557287,2.237371309,0.575844232,0.768075711,Nplp3,FBgn0042201
CG30096,-0.232994065,1.928800997,0.575970808,0.768131131,CG30096,FBgn0050096
CG6201,-0.290198694,1.68268467,0.576225031,0.768356742,CG6201,FBgn0032343
trem,-0.199432026,3.06293286,0.576353918,0.768415186,trem,FBgn0038767
JhI-21,-0.175438572,3.856526786,0.576828102,0.768858873,JhI-21,FBgn0028425
mab-21,-0.278116245,2.753382717,0.576856923,0.768858873,mab-21,FBgn0029003
CG8435,-0.178064705,3.5782126,0.577020721,0.76896374,CG8435,FBgn0034084
nocturnin,0.106618871,5.23726908,0.577138593,0.769007381,cu,FBgn0261808
Gen,-0.314950777,2.020505896,0.577907325,0.76991812,Gen,FBgn0263831
Rab9,-0.088669561,6.138947135,0.578033702,0.769939831,Rab9,FBgn0032782
CG15412,0.328460978,1.824050672,0.578155428,0.769939831,CG15412,FBgn0031528
D2R,0.409454766,0.72799752,0.578179302,0.769939831,Dop2R,FBgn0053517
Dys,-0.097012089,8.544194747,0.57831468,0.770006605,Dys,FBgn0260003
CG5976,0.146742277,4.351717907,0.57874005,0.770443375,isoQC,FBgn0036999
CG31672,-0.407129897,0.659153261,0.578927087,0.770443375,Kebab,FBgn0028952
CG3338,-0.09995721,5.43607961,0.578967552,0.770443375,CG3338,FBgn0031598
l-1-G0232,0.089707011,6.835788079,0.578983847,0.770443375,l(1)G0232,FBgn0028341
ec,-0.144378961,4.108458306,0.579190515,0.770550767,ec,FBgn0000542
Klp64D,-0.081910303,7.064463501,0.579235141,0.770550767,Klp64D,FBgn0004380
Taf8,-0.190642492,3.221362754,0.57964152,0.770790224,Taf8,FBgn0022724
CG3021,0.159994623,4.103679912,0.579681661,0.770790224,CG3021,FBgn0040337
CG5978,-0.145217142,3.767214549,0.579768168,0.770790224,GAPsec,FBgn0035916
GckIII,0.085183152,6.099705913,0.579975496,0.770790224,GckIII,FBgn0266465
Hrs,-0.084680976,5.979540622,0.579988248,0.770790224,Hrs,FBgn0031450
pen-2,-0.185601324,3.262861092,0.580040549,0.770790224,pen-2,FBgn0053198
CG10703,0.094510146,5.391807726,0.580076137,0.770790224,GCC88,FBgn0037881
ire-1,0.085334783,7.583337364,0.580097713,0.770790224,Ire1,FBgn0261984
CG3163,-0.159040773,3.685768849,0.580291647,0.770934521,CG3163,FBgn0034961
feo,-0.349877311,1.411049568,0.580383215,0.770942798,feo,FBgn0030241
CG12863,-0.202716185,2.690021086,0.580573961,0.771036951,CG12863,FBgn0033948
CG40042,-0.087318086,6.692149117,0.580624793,0.771036951,CG40042,FBgn0058042
Grip71,0.185637633,3.031712512,0.580939885,0.771335461,Grip71,FBgn0032705
CG18347,-0.089133959,5.646050324,0.581053479,0.771335461,GC1,FBgn0260743
CG7818,0.157611593,3.69908402,0.581105728,0.771335461,CG7818,FBgn0032016
Surf1,0.1326106,4.573525342,0.581417503,0.771567165,Surf1,FBgn0029117
Aplip1,-0.091770311,6.286591516,0.581451103,0.771567165,Aplip1,FBgn0040281
CG31301,0.092021505,5.499140842,0.581621368,0.771672961,CG31301,FBgn0051301
yellow-b,0.282761801,2.165202594,0.581701667,0.771672961,yellow-b,FBgn0032601
armi,-0.15727933,3.909306974,0.582330492,0.772393725,armi,FBgn0041164
tlk,-0.100306255,6.605717133,0.582527521,0.772541636,tlk,FBgn0086899
sev,0.143752984,6.55729139,0.582835905,0.772837159,sev,FBgn0003366
mew,-0.118605968,4.972552207,0.583163815,0.772940874,mew,FBgn0004456
CG11490,0.110612903,5.119678274,0.583231806,0.772940874,Tbc1d15-17,FBgn0031233
CG11436,0.162921014,3.580543015,0.583237432,0.772940874,CG11436,FBgn0029713
CG8931,0.106774355,5.040386217,0.583285467,0.772940874,CG8931,FBgn0030717
CG7974,0.172269592,3.287154786,0.583341917,0.772940874,CG7974,FBgn0035254
Atu,-0.099350181,5.274636846,0.583726244,0.77333669,Atu,FBgn0019637
Tango4,-0.138869533,4.395436346,0.583880196,0.773427227,Tango4,FBgn0030365
CG17059,-0.109441989,4.776207866,0.584557179,0.774159795,CG17059,FBgn0040754
CG7033,-0.100613854,6.91588843,0.584604618,0.774159795,CG7033,FBgn0030086
CG16940,-0.092526001,5.582194115,0.584893623,0.774354308,CG16940,FBgn0035111
CG17266,0.255231793,2.216001256,0.584922935,0.774354308,CG17266,FBgn0033089
CG2034,0.132639311,4.376652143,0.585218446,0.77447883,CG2034,FBgn0015359
p38b,-0.083937793,6.042388569,0.585295618,0.77447883,p38b,FBgn0024846
Gmap,-0.095777731,8.931593223,0.585424451,0.77447883,Gmap,FBgn0027287
spel1,0.149379169,4.07457395,0.585434648,0.77447883,spel1,FBgn0015546
CG33169,0.123054057,4.506227811,0.585445642,0.77447883,CG33169,FBgn0053169
Fibp,-0.116102505,4.59354245,0.585556684,0.774512311,Fibp,FBgn0036911
Arpc3A,0.1310613,4.340855917,0.585809885,0.774637243,Arpc3A,FBgn0038369
l-1-10Bb,0.107402404,4.91989123,0.585822631,0.774637243,l(1)10Bb,FBgn0001491
CG12018,-0.206319843,2.908506806,0.586033353,0.774709359,CG12018,FBgn0027903
ena,-0.090598143,5.5500623,0.586085286,0.774709359,ena,FBgn0000578
Fer3,0.446530222,1.381316868,0.586134433,0.774709359,Fer3,FBgn0037937
CG18646,0.173420398,3.28131258,0.586361805,0.774791164,rad,FBgn0265597
CG13022,-0.412128119,0.658606126,0.586418202,0.774791164,CG13022,FBgn0036679
wapl,-0.082931269,6.604127294,0.586491545,0.774791164,wapl,FBgn0004655
hep,0.083816508,6.807687859,0.586539381,0.774791164,hep,FBgn0010303
CG12713,0.252079461,2.026033016,0.586984775,0.77494091,CG12713,FBgn0036536
CG8979,0.08699569,6.811624567,0.586990241,0.77494091,PI31,FBgn0033669
CG5880,0.217055719,3.07699396,0.587000254,0.77494091,CG5880,FBgn0039489
UbcD4,-0.096427786,5.601562129,0.58704744,0.77494091,Ubc4,FBgn0015321
cnk,0.083144817,6.256482465,0.587121813,0.77494091,cnk,FBgn0021818
CG15345,-0.308438489,1.160448975,0.587248921,0.77494091,CG15345,FBgn0040928
CG5467,0.095520712,6.757087858,0.587253207,0.77494091,scrib,FBgn0263289
CG17680,0.115972989,4.941211199,0.587546123,0.775180887,CG17680,FBgn0062440
CG6194,0.094216369,5.514647745,0.587606676,0.775180887,Atg4b,FBgn0038325
CG8853,-0.117410839,4.604967734,0.588272134,0.775620015,Che-13,FBgn0031550
CG8777,-0.125101468,4.652283201,0.58830655,0.775620015,CG8777,FBgn0033376
TBPH,-0.081751025,6.537177339,0.588325116,0.775620015,TBPH,FBgn0025790
Rho1,-0.082927461,8.722794312,0.588329322,0.775620015,Rho1,FBgn0014020
Cpr76Bc,0.405773134,0.566276509,0.588368825,0.775620015,Cpr76Bc,FBgn0036880
CG6845,0.226424078,2.408556652,0.588791713,0.776064245,CG6845,FBgn0035099
CG32343,0.132341521,4.216879092,0.589645637,0.777076395,Atac3,FBgn0052343
Ptr,-0.357287987,1.497587894,0.589808568,0.777177742,Ptr,FBgn0262867
CG8974,0.079604247,6.328207401,0.590147077,0.777452766,CG8974,FBgn0030693
mRpL9,-0.112559818,4.655532955,0.590202564,0.777452766,mRpL9,FBgn0038319
CG4644,-0.103903626,5.208111054,0.590275462,0.777452766,mtRNApol,FBgn0261938
rho-7,0.093948626,5.487000213,0.590783887,0.777990297,rho-7,FBgn0033672
CG7922,-0.136209667,4.228056101,0.59095837,0.777990297,CG7922,FBgn0038889
CG7886,0.367419781,1.439304371,0.591273731,0.777990297,CG7886,FBgn0038248
Pvf3,-0.152403016,3.773460817,0.591357932,0.777990297,Pvf3,FBgn0085407
mRpL17,-0.125422887,4.720752523,0.591374713,0.777990297,mRpL17,FBgn0035122
CG7427,0.088637291,5.445981289,0.591435015,0.777990297,CG7427,FBgn0036510
CG32810,-0.087497083,6.157693441,0.591500425,0.777990297,inc,FBgn0025394
mura,-0.106800077,6.914856752,0.591529877,0.777990297,mura,FBgn0037705
CG13397,0.185965168,3.61767779,0.591570309,0.777990297,CG13397,FBgn0014417
mRpL55,-0.128605559,4.427939229,0.59161294,0.777990297,mRpL55,FBgn0038678
CR41111,0.300616852,1.604511465,0.591651564,0.777990297,CR41111,FBgn0085783
CG12895,0.115546502,4.823288507,0.591799624,0.777990297,CG12895,FBgn0033523
e-r-,0.085063958,5.830246345,0.591803113,0.777990297,e(r),FBgn0011586
CG34455,0.097074781,5.320194212,0.591907226,0.778013951,Pdxk,FBgn0085484
qkr58E-1,-0.117133217,4.912357523,0.592195042,0.778173627,qkr58E-1,FBgn0022986
Tor,0.078946551,6.881323974,0.592200983,0.778173627,Tor,FBgn0021796
CG4692,0.088136707,8.4950452,0.592342379,0.778246227,CG4692,FBgn0035032
CG34318,-0.361639945,0.789885496,0.592646935,0.778474918,CG43729,FBgn0263980
vimar,-0.115242417,4.891381468,0.592688785,0.778474918,vimar,FBgn0022960
Gs2,-0.087641016,11.7744386,0.592910906,0.778580446,Gs2,FBgn0001145
alpha4GT1,-0.111667144,5.249137495,0.592941496,0.778580446,alpha4GT1,FBgn0031491
Rassf,-0.094966645,5.445967374,0.593883871,0.779704533,Rassf,FBgn0039055
CG17068,0.12411616,4.560937284,0.59434811,0.780134649,CG17068,FBgn0031098
Rtc1,0.168506762,3.410152927,0.594384192,0.780134649,Rtc1,FBgn0020909
CG13751,0.101990773,5.252379013,0.594591822,0.7802938,CG13751,FBgn0033340
Fur2,0.08087378,8.652898568,0.594753459,0.780392555,Fur2,FBgn0004598
CG3308,-0.090746676,6.614251222,0.594840565,0.780393503,CG3308,FBgn0038877
Dlic2,0.083090761,7.303766093,0.594949467,0.780423041,Dlic,FBgn0030276
RnrS,0.164156183,4.125826995,0.595142326,0.780562685,RnrS,FBgn0011704
CG5846,0.156712072,3.696640206,0.596051407,0.781480603,CG5846,FBgn0032171
kni,0.121005605,5.143703556,0.596065154,0.781480603,kni,FBgn0001320
CG12333,-0.12352115,4.696438011,0.596101709,0.781480603,CG12333,FBgn0038617
CG2224,0.112594492,4.597911064,0.596195493,0.781490146,CG2224,FBgn0039773
CG30380,-0.188642404,3.09766013,0.596687624,0.782021761,CG30380,FBgn0050380
mtTFB2,0.179273352,3.133586947,0.597020066,0.782343962,mtTFB2,FBgn0037778
CG2135,-0.108049633,5.132045862,0.597712113,0.783137234,CG2135,FBgn0039874
CG34001,-0.264899455,1.419058429,0.597815554,0.783159181,CG34001,FBgn0054001
Pez,-0.10506891,5.05308,0.59798561,0.783268378,Pez,FBgn0031799
tos,0.217054654,2.661880875,0.598209552,0.78338419,tos,FBgn0015553
CG2310,-0.141470748,4.185998051,0.598247457,0.78338419,CG2310,FBgn0039665
CG13126,-0.162054193,4.017243209,0.598518971,0.783626143,CG13126,FBgn0032168
CG17321,-0.090416527,5.874199286,0.598685334,0.783706119,CG17321,FBgn0032719
CG8801,-0.097616665,8.383095869,0.598767076,0.783706119,Non1,FBgn0028473
Su-z-12,-0.09160339,6.090443269,0.598840308,0.783706119,Su(z)12,FBgn0020887
Gapdh1,0.0862771,9.35796594,0.598977271,0.783771823,Gapdh1,FBgn0001091
CG2812,-0.159817786,3.58291821,0.599124993,0.783851583,CG2812,FBgn0034931
CG13794,0.107027963,5.242098285,0.599283827,0.78386056,CG13794,FBgn0031936
CG17257,-0.104887358,5.215336708,0.599305389,0.78386056,GABPI,FBgn0031495
CG14667,0.140198974,3.796890573,0.59951877,0.784018004,CG14667,FBgn0037317
l-3-87Df,-0.149809044,3.688972822,0.599599335,0.784018004,l(3)87Df,FBgn0002354
T-cp1,-0.088989552,6.615456633,0.599691087,0.784024498,T-cp1,FBgn0003676
CG2446,0.082367258,7.894504416,0.599816297,0.784074725,Amun,FBgn0030328
Orc5,-0.17895038,2.816134563,0.599927867,0.784107111,Orc5,FBgn0015271
mRpL40,0.134698593,4.200875591,0.600280616,0.784454664,mRpL40,FBgn0037892
MED8,0.142303111,4.016151319,0.60097402,0.785244837,MED8,FBgn0034503
CG17075,0.105883518,5.234728758,0.601193529,0.785244837,CG17075,FBgn0031239
CG8248,-0.127003966,4.294831224,0.601219078,0.785244837,CG8248,FBgn0033347
ppl,0.106550544,5.110341696,0.601232958,0.785244837,ppl,FBgn0027945
CG14229,0.147313845,3.685401622,0.601344154,0.785276537,CG14229,FBgn0031059
Miro,0.081370883,6.041407038,0.601480271,0.785309489,Miro,FBgn0039140
Taf13,0.13878062,3.900505807,0.601543244,0.785309489,Taf13,FBgn0032847
PIP5K59B,-0.089933392,6.576944874,0.601664487,0.785354281,PIP5K59B,FBgn0034789
CG6013,0.122604469,4.808047981,0.601918584,0.785572449,CG6013,FBgn0038675
CG14411,0.07657789,6.419575503,0.602554532,0.786156859,CG14411,FBgn0030582
CG14502,0.648953592,1.324460284,0.60257424,0.786156859,CG14502,FBgn0034321
fl-2-d,0.083299288,6.610302415,0.602627435,0.786156859,fl(2)d,FBgn0000662
PHGPx,-0.08703962,9.441596348,0.603359213,0.786997853,PHGPx,FBgn0035438
CG4103,-0.221843,2.197486499,0.603623378,0.787228756,l(2)35Bc,FBgn0261882
CG1718,-0.087938371,8.381438265,0.604012101,0.787570746,CG1718,FBgn0031170
CG4949,-0.207079765,2.795898502,0.60415461,0.787570746,CG4949,FBgn0030813
CG4705,-0.112770567,4.617471771,0.604300348,0.787570746,CG4705,FBgn0032339
CG14231,-0.135897478,3.936756135,0.604303745,0.787570746,CG14231,FBgn0031060
CG13894,-0.191896486,2.672378135,0.604321498,0.787570746,CG13894,FBgn0035157
sgl,0.089843324,5.585611003,0.604520793,0.78765266,sgl,FBgn0261445
oxt,0.102772134,5.046630547,0.604580955,0.78765266,oxt,FBgn0015360
Max,0.114081279,4.749773067,0.604645915,0.78765266,Max,FBgn0017578
nop5,0.137359329,3.97985671,0.604849326,0.787722849,nop5,FBgn0026196
MED21,-0.134532646,4.075047764,0.604874187,0.787722849,MED21,FBgn0040020
CG9147,-0.152845255,3.725282359,0.605100402,0.787849552,CG9147,FBgn0031774
CG32352,-0.083224062,8.304487534,0.605145898,0.787849552,CG43078,FBgn0262508
CG14435,0.10499696,4.92338761,0.605536001,0.788176284,CG14435,FBgn0029911
CG4747,-0.092588931,6.532920945,0.605571351,0.788176284,CG4747,FBgn0043456
CG7378,0.079512711,7.058094861,0.605871569,0.788453437,CG7378,FBgn0030976
snRNP2,0.096623985,5.234475895,0.606382867,0.789005159,SmD2,FBgn0261789
CG17282,0.140841581,4.085268178,0.606715424,0.789324185,Bdbt,FBgn0038857
CG5931,0.078032335,6.607497927,0.606820619,0.789347368,l(3)72Ab,FBgn0263599
fz2,0.105239369,5.280757149,0.606917476,0.7893597,fz2,FBgn0016797
CG34255,0.219247277,2.14385722,0.607177228,0.789366955,Blos3,FBgn0085284
CG11125,-0.148738244,4.236083731,0.607202094,0.789366955,CG11125,FBgn0033174
CG4022,0.171857583,3.2966514,0.607227824,0.789366955,CG4022,FBgn0035986
dpr12,-0.111333137,4.590708119,0.607272564,0.789366955,dpr12,FBgn0085414
amx,0.139196839,3.938729754,0.607625383,0.789627547,amx,FBgn0000077
dy,0.270310828,1.696091214,0.607685913,0.789627547,dy,FBgn0004511
CG3756,0.153817074,3.570505936,0.607735259,0.789627547,CG3756,FBgn0031657
sec31,0.07502063,6.904056384,0.608231882,0.790151746,Sec31,FBgn0033339
CG10555,-0.087332453,5.759450287,0.608380519,0.790151746,CG10555,FBgn0030034
CG1677,0.077777615,7.150000075,0.608401101,0.790151746,CG1677,FBgn0029941
CG12520,-0.238859523,1.673644786,0.608596056,0.790291328,CG12520,FBgn0036324
CG31720,-0.298273549,2.164687767,0.608853701,0.790512265,mthl15,FBgn0051720
CG13762,-0.369989345,0.595234704,0.608989488,0.790574943,brv3,FBgn0040333
CCKLR-17D3,0.186964143,2.881158195,0.609096331,0.790600037,CCKLR-17D3,FBgn0030954
Mcm5,-0.376224945,1.457998051,0.609365346,0.790703179,Mcm5,FBgn0017577
CG1024,0.125145867,4.046948065,0.609414295,0.790703179,CG1024,FBgn0027514
kon,0.144535781,4.158270983,0.609468108,0.790703179,kon,FBgn0032683
CG18764,-0.284696187,2.181971547,0.609525895,0.790703179,CG18764,FBgn0042205
CG4290,-0.078650147,6.516863153,0.610604237,0.791902548,Sik2,FBgn0025625
rho-4,-0.107432619,5.071447759,0.610625764,0.791902548,rho-4,FBgn0030318
CG18193,0.668643013,0.202818544,0.611109583,0.792416243,CG18193,FBgn0037579
wls,-0.101077676,5.189617972,0.61128813,0.79243331,wls,FBgn0036141
CG13510,-0.168094166,3.516213521,0.611298178,0.79243331,CG13510,FBgn0034758
CG13896,0.329736898,1.457273419,0.611419253,0.792476547,CG13896,FBgn0035159
CG4942,0.202866233,2.505894262,0.611819532,0.792881603,CG4942,FBgn0035960
sv,-0.084568565,6.892387273,0.611995895,0.792996403,sv,FBgn0005561
epsin-like,0.073480349,6.81508908,0.612167925,0.793105555,lqfR,FBgn0261279
Sas10,0.143008655,3.840801643,0.61229223,0.793152854,Sas10,FBgn0029755
CG15029,0.153181059,3.3384859,0.612851048,0.793687452,CG43737,FBgn0263994
CG6293,0.16910232,4.037906545,0.612889834,0.793687452,CG6293,FBgn0037807
CG9467,-0.085844269,5.963449106,0.613008354,0.793687452,CG9467,FBgn0037758
g,-0.08530097,5.909404105,0.613056347,0.793687452,g,FBgn0001087
CG31875,-0.325091128,0.804443475,0.613210971,0.79377388,CG31875,FBgn0051875
CG31635,-0.086414225,7.819051276,0.613653966,0.794147935,CG31635,FBgn0051635
T48,0.11335787,5.131061309,0.613745653,0.794147935,T48,FBgn0004359
sw,0.089259589,5.383680634,0.613763658,0.794147935,sw,FBgn0003654
CG3689,-0.079637649,6.132265975,0.614464973,0.794794076,CG3689,FBgn0035987
CG11284,0.077835518,6.324523836,0.614513203,0.794794076,CG11284,FBgn0030056
CG15084,0.151513394,3.308904371,0.614526967,0.794794076,CG15084,FBgn0034402
CG9471,-0.110679295,4.757414911,0.615146804,0.795481854,CG9471,FBgn0037749
l-1-G0431,0.114442656,4.833247906,0.615815541,0.796232661,Ns3,FBgn0266284
CG10133,0.152857642,3.741281963,0.615982948,0.79633514,CG10133,FBgn0036366
CG14057,0.225395261,1.515675158,0.616588573,0.796984735,CG14057,FBgn0036696
CG33229,-0.10000972,5.06842824,0.616661866,0.796984735,CG33229,FBgn0053229
CG31163,0.130182096,4.00928086,0.617298397,0.797449694,SKIP,FBgn0051163
alpha-Spec,-0.078696017,9.318337184,0.617321149,0.797449694,alpha-Spec,FBgn0250789
DLP,-0.073463537,6.450396988,0.617369201,0.797449694,DLP,FBgn0031820
CG8475,0.076739399,7.461042722,0.617375732,0.797449694,CG8475,FBgn0031995
CG10543,0.077602317,6.47149202,0.617507698,0.797449694,CG10543,FBgn0034570
lbk,-0.081028337,6.311128513,0.617551258,0.797449694,lbk,FBgn0034083
CG34430,-0.362013961,1.193571178,0.617833914,0.797700669,CG34430,FBgn0085459
stet,-0.253658651,1.660007061,0.617968782,0.797760785,stet,FBgn0020248
ssp4,-0.079760584,7.234081244,0.618097098,0.797812428,Patronin,FBgn0263197
CG30373,0.099055789,4.914076055,0.618191263,0.797819982,CG30373,FBgn0050373
CG40191,-0.088117091,6.079604306,0.618435947,0.798021761,CG40191,FBgn0058191
nrm,-0.112422668,4.854551263,0.618662878,0.798200576,nrm,FBgn0262509
Uev1A,-0.076011485,7.055786728,0.618968068,0.798480298,Uev1A,FBgn0035601
CG14939,0.079506284,5.982700048,0.619075882,0.798505356,CycY,FBgn0032378
CG10375,0.189153027,3.315099312,0.619277263,0.798651077,CG10375,FBgn0039116
Sclp,0.212908773,2.395348149,0.619366577,0.79865225,Sclp,FBgn0030357
RpIII128,-0.105880461,4.742748464,0.619488749,0.798695784,RpIII128,FBgn0004463
CG1909,-0.081120096,7.118646706,0.619612705,0.798741606,CG1909,FBgn0039911
CG11092,0.12935149,4.289982055,0.619744171,0.798797096,Nup93-1,FBgn0027537
blp,-0.114516708,4.591804362,0.620294079,0.799391828,blp,FBgn0038387
CG12926,-0.15155781,3.410251698,0.620591606,0.799622636,CG12926,FBgn0033437
CG15730,-0.182259493,2.97203702,0.620683254,0.799622636,Mks1,FBgn0030395
CG6650,0.081778139,5.833750538,0.620931365,0.799622636,CG6650,FBgn0036402
CG3271,-0.106662112,4.871055316,0.621087497,0.799622636,PGAP3,FBgn0033088
Fem-1,-0.074179104,6.664399824,0.621113567,0.799622636,Fem-1,FBgn0034542
Smr,-0.096464344,7.219065279,0.621277304,0.799622636,Smr,FBgn0265523
tefu,-0.105831271,5.041110773,0.621279428,0.799622636,tefu,FBgn0045035
Leucokinin,0.281952699,1.785750364,0.621281435,0.799622636,Lk,FBgn0028418
CG30502,0.118822859,5.200958517,0.621288582,0.799622636,fa2h,FBgn0050502
CG6401,0.184857973,2.812592014,0.621358303,0.799622636,CG6401,FBgn0034270
sec6,-0.100343168,4.975663685,0.621476774,0.799661185,Sec6,FBgn0266671
CG7265,0.110143583,4.476422156,0.621593597,0.799697601,CG7265,FBgn0038272
CG32154,-0.303818717,1.379122735,0.621714203,0.799738874,l(3)72Dr,FBgn0263608
CG11555,-0.168929833,3.097892991,0.622072675,0.800086069,CG11555,FBgn0086856
CG33288,0.074828361,7.448031004,0.622554016,0.800591172,CG33288,FBgn0053288
CG13248,-0.098420576,5.166193744,0.623080798,0.801154559,CG13248,FBgn0036984
SCAP,0.073171254,7.011271069,0.623323852,0.801353021,SCAP,FBgn0033052
CG6512,-0.076642982,7.596235224,0.623707244,0.801731821,CG6512,FBgn0036702
Pkg21D,0.255604939,1.764293931,0.623964698,0.801793656,Pkg21D,FBgn0000442
CG6018,0.215521626,2.376778842,0.624114144,0.801793656,CG6018,FBgn0034736
CG4645,0.104271797,5.30449658,0.624125568,0.801793656,CG4645,FBgn0030435
Klc,0.072071612,7.053939093,0.624177044,0.801793656,Klc,FBgn0010235
CG31550,-0.08468129,6.699162368,0.624243752,0.801793656,CG31550,FBgn0051550
CG34415,-0.096157817,4.988508256,0.624287865,0.801793656,mute,FBgn0085444
Taf6,0.094813136,5.388950424,0.625091762,0.802712009,Taf6,FBgn0010417
vsg,-0.077196246,9.605874368,0.625338366,0.802914553,vsg,FBgn0045823
Bj1,-0.109665301,5.125821708,0.625636969,0.803040471,Rcc1,FBgn0002638
CG13437,0.103046948,4.954006905,0.625671857,0.803040471,CG13437,FBgn0034541
Rrp4,0.134924143,3.973409392,0.625703108,0.803040471,Rrp4,FBgn0034879
CG9005,-0.081746843,7.76286671,0.62590359,0.80318367,CG9005,FBgn0033638
CG3678,0.123801541,4.040472665,0.626113723,0.803339209,CG3678,FBgn0038461
CG3651,-0.082015212,5.507265058,0.626454323,0.803662078,CG3651,FBgn0032974
Bruce,0.079792289,8.397204586,0.626851479,0.804057399,Bruce,FBgn0266717
mRpL34,-0.157095609,3.25533645,0.627089022,0.804247902,mRpL34,FBgn0083983
fu,0.112702073,4.613994554,0.627220899,0.804302853,fu,FBgn0001079
CG32944,-0.129984454,4.290755172,0.627421305,0.804445653,CG32944,FBgn0052944
sec24,0.075026986,7.190946315,0.627793501,0.804690386,Sec24AB,FBgn0033460
CG2662,-0.185564285,2.977496132,0.627870764,0.804690386,CG2662,FBgn0024993
BtbVII,0.078453858,7.042704597,0.627879404,0.804690386,BtbVII,FBgn0263108
gcl,-0.093701418,4.904837202,0.628064863,0.804813897,gcl,FBgn0005695
CG11063,0.106154305,4.75562245,0.628194256,0.804814557,jub,FBgn0030530
CG2269,-0.076744501,7.551235672,0.628295222,0.804814557,CG2269,FBgn0033484
CG10494,-0.177039675,2.953509984,0.62833264,0.804814557,CG10494,FBgn0034634
CG16953,0.076887477,8.073315769,0.628456715,0.804859365,CG16953,FBgn0038809
Pp1alpha-96A,0.076803399,8.510642783,0.628701944,0.805059299,Pp1alpha-96A,FBgn0003134
CG11456,-0.111202224,4.602569314,0.629049383,0.805223637,CG11456,FBgn0037031
CG11660,0.149615544,3.442404678,0.629093783,0.805223637,RIOK1,FBgn0036187
CG3605,0.088837534,5.428870691,0.629097679,0.805223637,CG3605,FBgn0031493
CG5625,0.071142202,7.046508194,0.629197214,0.80523695,Vps35,FBgn0034708
dgt2,-0.143277349,3.654518949,0.629531138,0.805550184,dgt2,FBgn0032390
CG3065,0.083806706,5.60595599,0.629741118,0.805628843,CG3065,FBgn0034946
CG12817,0.171812799,2.951868221,0.629845165,0.805628843,CG12817,FBgn0037798
so,-0.388630671,0.689196951,0.62989475,0.805628843,so,FBgn0003460
CG5937,0.083579546,6.511546205,0.63000498,0.805628843,CG5937,FBgn0029834
CG42351,0.103472855,5.666916745,0.630038496,0.805628843,Jabba,FBgn0259682
snmRNA-342,0.356827554,0.268029766,0.630251664,0.805787366,RNaseMRP:RNA,FBgn0065098
CG9972,0.150215968,3.597265631,0.630986914,0.806576586,spz5,FBgn0035379
alpha-catenin-related,-0.070707264,6.816504685,0.631058821,0.806576586,alpha-catenin-related,FBgn0029105
CG31898,-0.401165682,0.433872359,0.631406414,0.806576586,CG31898,FBgn0051898
CG6420,-0.075914045,6.176111826,0.6315394,0.806576586,CG6420,FBgn0039451
mRpL35,0.121445825,4.111235536,0.631672276,0.806576586,mRpL35,FBgn0038923
CG14212,0.263664465,0.852681346,0.631685993,0.806576586,CG14212,FBgn0031045
Or2a,0.133177599,3.738202965,0.631695483,0.806576586,Or2a,FBgn0023523
CG17806,0.177983972,3.295509673,0.631736791,0.806576586,CG17806,FBgn0038548
CG6607,0.093116192,5.062431467,0.631757059,0.806576586,CG6607,FBgn0039204
CG14440,0.127701123,3.812506256,0.631761781,0.806576586,CG14440,FBgn0029894
NELF-B,0.11603548,4.254847376,0.63209132,0.806851255,NELF-B,FBgn0027553
TfIIEalpha,0.102827754,4.686490507,0.632155544,0.806851255,TfIIEalpha,FBgn0015828
CG1939,0.128806598,4.297115093,0.632249237,0.806856845,Dpck,FBgn0037469
CG18643,0.229845394,2.48258934,0.632634044,0.807172855,CG18643,FBgn0037898
Plip,0.132360517,4.118401772,0.632675557,0.807172855,Plip,FBgn0039111
CG8422,0.176521026,4.08001914,0.632914839,0.807364114,Dh44-R1,FBgn0033932
CG7023,0.102889462,4.896554626,0.633121563,0.807513794,Usp12-46,FBgn0039025
CG16868,0.106717909,4.454068818,0.633274925,0.80759538,CG16868,FBgn0034498
tara,-0.081020971,5.68933648,0.633644585,0.80788516,tara,FBgn0040071
CG3995,0.142823717,3.586192753,0.63368101,0.80788516,CG3995,FBgn0038472
CG9125,-0.143971674,3.782226536,0.634685501,0.808946432,CG9125,FBgn0030793
CG8321,0.082301284,5.75982026,0.634692529,0.808946432,CG8321,FBgn0033677
CG42236,-0.073309827,7.478706706,0.634939461,0.809147001,RanBPM,FBgn0262114
Psa,-0.071488417,6.214722584,0.635152188,0.809303931,Psa,FBgn0261243
CG14711,0.24839352,1.764589083,0.635736372,0.809892146,CG14711,FBgn0037922
CG4576,0.086603625,8.896746977,0.635840195,0.809892146,CG4576,FBgn0038366
CG40160,-0.08327596,5.506714631,0.635882775,0.809892146,CG40160,FBgn0058160
CG9344,-0.144776726,3.617294713,0.636146818,0.81011423,CG9344,FBgn0034564
CG32982,-0.086460468,5.266071856,0.636643055,0.810631904,CG32982,FBgn0052982
CG10089,-0.100479258,4.665980138,0.636955392,0.810915306,CG10089,FBgn0036369
l-1-G0289,0.074973235,7.50058707,0.637176216,0.811082139,l(1)G0289,FBgn0028331
Gef26,-0.076829578,6.062307472,0.63736561,0.811200887,PDZ-GEF,FBgn0265778
CG14199,0.135874744,3.651753186,0.63745912,0.811200887,ksh,FBgn0040890
Irbp,0.11298528,4.624133008,0.637538886,0.811200887,Irbp,FBgn0011774
CG12091,-0.071811194,7.042481272,0.637831791,0.811449681,CG12091,FBgn0035228
jagn,0.091726398,5.831372286,0.63792535,0.811449681,jagn,FBgn0037374
CG4882,-0.104425373,4.975566471,0.638003883,0.811449681,CG4882,FBgn0025336
CG6678,-0.189143265,2.843538781,0.638319182,0.811736415,CG6678,FBgn0038917
CG30122,-0.071125,7.577856004,0.638621188,0.812006166,CG30122,FBgn0050122
Spn43Ad,0.335503192,1.398571778,0.638968156,0.812256467,Spn43Ad,FBgn0044011
lrrk,0.071069246,6.68872319,0.638997865,0.812256467,Lrrk,FBgn0038816
CG8051,-0.171727041,3.716195648,0.639299173,0.812355302,CG8051,FBgn0031012
GC,0.183646263,3.315294963,0.639619063,0.812355302,GC,FBgn0035245
CG12325,-0.133237279,3.492723361,0.639679202,0.812355302,CG12325,FBgn0033557
CG1407,-0.090616641,4.987022868,0.639779671,0.812355302,CG1407,FBgn0033474
CG7262,0.111554642,4.582199205,0.639793241,0.812355302,Nup93-2,FBgn0038274
CG3967,-0.073770955,7.432752551,0.639895075,0.812355302,CG3967,FBgn0035989
CG2162,0.085025371,6.468835563,0.640230701,0.812355302,CG2162,FBgn0035388
Spn,-0.078564387,7.055849484,0.640256727,0.812355302,Spn,FBgn0010905
CG3760,0.076928065,5.842781664,0.640289819,0.812355302,CG3760,FBgn0022343
CG2093,0.072563261,7.385654066,0.640329578,0.812355302,Vps13,FBgn0033194
gammaTub23C,-0.111557726,4.455564513,0.640338392,0.812355302,gammaTub23C,FBgn0260639
CG9300,0.132923991,3.818103169,0.64036597,0.812355302,CG9300,FBgn0036886
CG3523,0.073649211,9.733407824,0.640402896,0.812355302,CG3523,FBgn0027571
Scsalpha,-0.073427913,7.677534925,0.640418596,0.812355302,Scsalpha,FBgn0004888
PGRP-LE,-0.103783928,4.755159259,0.640424447,0.812355302,PGRP-LE,FBgn0030695
sfl,-0.101470028,4.866917908,0.640614135,0.812481833,sfl,FBgn0020251
CG32732,-0.121764741,3.976716682,0.640960393,0.812806877,CG32732,FBgn0052732
CG5325,-0.070374243,7.058968846,0.641060302,0.812819476,Pex19,FBgn0032407
CG33969,-0.118488271,4.547587717,0.641156237,0.812827034,CG33969,FBgn0053969
CG6154,-0.2879367,1.363169548,0.641370805,0.812861141,CG6154,FBgn0039420
Xbp1,0.073321039,9.786703797,0.641376188,0.812861141,Xbp1,FBgn0021872
botv,0.088655293,5.080550141,0.641453075,0.812861141,botv,FBgn0027535
MtnD,0.220542719,1.952569188,0.64171404,0.813077789,MtnD,FBgn0053192
Caf1-105,-0.188847206,2.434473096,0.641881633,0.813176087,Caf1-105,FBgn0033526
snoRNA-Psi28S-3186,0.359249853,0.539200228,0.642038925,0.813261307,snoRNA:Psi28S-3186,FBgn0086662
CG9053,-0.143330387,3.686504098,0.642369737,0.813465624,opm,FBgn0264389
CG17754,0.107818525,4.480960994,0.642552167,0.813465624,CG17754,FBgn0030114
CG7728,0.101110136,4.661124658,0.642599682,0.813465624,CG7728,FBgn0036686
CG9935,0.234883907,3.041946064,0.642605138,0.813465624,CG9935,FBgn0039916
CG32133,-0.097031653,5.206469729,0.642650449,0.813465624,ptip,FBgn0052133
CG34015,-0.18703926,2.3840116,0.643168451,0.814007255,CG34015,FBgn0054015
lin19,0.070161536,7.277785799,0.643515394,0.814180552,Cul1,FBgn0015509
Pi3K68D,0.067862549,6.807375048,0.643528786,0.814180552,Pi3K68D,FBgn0015278
CG14969,-0.08815474,5.612175549,0.643661358,0.814180552,CG14969,FBgn0035440
Cdk5alpha,-0.067155147,6.986924145,0.643665874,0.814180552,Cdk5alpha,FBgn0027491
Syx4,0.175845434,2.895846898,0.644168339,0.814702054,Syx4,FBgn0024980
CG14184,0.100435465,4.636754787,0.644390293,0.81477665,CG14184,FBgn0036932
Drp1,-0.070958065,7.235200767,0.6444077,0.81477665,Drp1,FBgn0026479
Edem1,0.07688723,5.583145942,0.644830202,0.81508932,Edem1,FBgn0023511
CG18375,-0.077970966,8.153875442,0.644835441,0.81508932,ASPP,FBgn0034606
CG31249,0.147777867,3.547158642,0.645251888,0.815501617,CG31249,FBgn0051249
Ca-beta,-0.093500002,5.145497956,0.645745149,0.815923522,Ca-beta,FBgn0259822
CG3253,-0.131487187,3.8294884,0.645766347,0.815923522,CG3253,FBgn0041706
CG6364,0.081503795,5.435372873,0.646030122,0.816088953,CG6364,FBgn0263398
Aats-asp,0.088427178,5.677461742,0.646077949,0.816088953,Aats-asp,FBgn0002069
Zn72D,0.071588796,7.202316403,0.646316621,0.816276298,Zn72D,FBgn0263603
CG4221,-0.134796803,3.667459252,0.64655515,0.816463408,CG4221,FBgn0038385
sas-6,0.246077712,1.985515784,0.647152211,0.817103155,Sas-6,FBgn0039731
cdm,-0.068965773,6.131160455,0.647387755,0.81728633,cdm,FBgn0261532
CG12301,0.183690596,2.774327678,0.647612968,0.817412715,CG12301,FBgn0036514
mus301,0.30259472,0.96687262,0.647752511,0.817412715,mus301,FBgn0002899
CG3883,0.118374314,4.114323065,0.647791384,0.817412715,Saf6,FBgn0031281
CG17829,-0.121281441,3.996440876,0.647849794,0.817412715,CG17829,FBgn0025635
Su-Tpl-,-0.070412777,7.115528906,0.648057282,0.817560325,Su(Tpl),FBgn0014037
gro,-0.067440663,7.049195083,0.648408608,0.817889327,gro,FBgn0001139
form3,-0.126407245,6.12204558,0.648943407,0.818360236,form3,FBgn0053556
Pk92B,-0.071955577,6.332579354,0.648963109,0.818360236,Pk92B,FBgn0014006
Su-var-2-HP2,-0.084770161,5.970059049,0.649071627,0.818382844,Su(var)2-HP2,FBgn0026427
dock,0.071127782,6.049390897,0.649188733,0.818396583,dock,FBgn0010583
CG11836,0.189825524,2.846270316,0.649275678,0.818396583,CG11836,FBgn0039272
trc,-0.066380196,6.828751511,0.649444961,0.818396583,trc,FBgn0003744
CG12942,0.136248524,3.703797919,0.649529341,0.818396583,CG12942,FBgn0033569
CG1124,0.239370993,4.18915715,0.649584225,0.818396583,CG1124,FBgn0037290
CG1602,0.207953818,2.548072749,0.649679774,0.818396583,CG1602,FBgn0033186
pum,-0.073395477,6.837110832,0.649716659,0.818396583,pum,FBgn0003165
Pde11,0.071645705,7.502734803,0.65010254,0.818709032,Pde11,FBgn0085370
CG9139,0.100541736,4.660432321,0.650145959,0.818709032,Rabex-5,FBgn0262937
Nup133,0.138892594,3.800323371,0.650245387,0.818720115,Nup133,FBgn0039004
msta,0.200288951,2.506851473,0.650516007,0.818946712,msta,FBgn0053548
Sin3A,0.071989492,8.216292159,0.650643599,0.818993211,Sin3A,FBgn0022764
CG8959,0.316636374,0.980657185,0.650831915,0.819116121,Efhc1.1,FBgn0030691
CG31126,-0.164895719,3.425303444,0.651424466,0.819707558,CG31126,FBgn0051126
CG30344,-0.069617492,6.174223614,0.651483315,0.819707558,CG30344,FBgn0050344
CG1142,0.155979282,3.663284776,0.651770005,0.819954076,CG1142,FBgn0037504
snf,0.086573726,5.282077858,0.652052439,0.820195173,snf,FBgn0003449
Gycalpha99B,0.076316736,6.172651632,0.652301991,0.820289731,Gycalpha99B,FBgn0013972
jp,0.071786149,7.681988562,0.652309213,0.820289731,jp,FBgn0032129
Ufd1-like,0.076111162,5.647743134,0.652518654,0.820438904,Ufd1-like,FBgn0036136
sni,0.088660913,5.201207798,0.652816387,0.820699031,sni,FBgn0030026
CG7028,-0.081658307,5.519112615,0.652923402,0.820719357,CG7028,FBgn0027587
CG11147,0.072062669,9.153476272,0.653158307,0.82090041,CG11147,FBgn0031734
Hsp23,0.223331527,3.242687121,0.653291943,0.820954154,Hsp23,FBgn0001224
CG5794,0.078436506,6.839804771,0.653498057,0.821078312,puf,FBgn0039214
CG7744,0.162874345,2.894960377,0.65357252,0.821078312,CG7744,FBgn0034447
Tango1,0.070487989,7.19228771,0.654014097,0.82151882,Tango1,FBgn0031842
CG4140,0.136335534,3.678269117,0.654219168,0.821662167,l(2)35Be,FBgn0261881
CG12923,0.247678392,1.438048557,0.654992261,0.822518778,CG12923,FBgn0033461
CG2915,0.086504965,5.451599957,0.655195632,0.822649333,CG2915,FBgn0033241
Ets96B,0.344499606,1.149646871,0.655361639,0.822649333,Ets96B,FBgn0039225
CG6404,-0.101989821,4.496782205,0.655409032,0.822649333,CG6404,FBgn0027615
CG4774,-0.121267039,4.144536975,0.655460472,0.822649333,CLS,FBgn0039360
Nmda1,-0.070535817,8.181144802,0.656028533,0.823247919,Nmda1,FBgn0013305
CG5641,-0.08961567,5.121542139,0.656127494,0.823257748,CG5641,FBgn0038046
klar,0.070186334,7.812681247,0.656247071,0.823293437,klar,FBgn0001316
Fhos,-0.069393678,6.676929125,0.65664316,0.823444149,Fhos,FBgn0266084
CG12125,0.098105966,4.748012289,0.656687328,0.823444149,CG12125,FBgn0030037
Phm,0.071492035,7.696576149,0.656752737,0.823444149,Phm,FBgn0019948
p24-1,0.066517609,6.543592092,0.656776194,0.823444149,p24-1,FBgn0030341
CG10283,0.116869289,4.48282075,0.656984392,0.823444149,CG10283,FBgn0032681
Gr28b,-0.201738423,2.572555201,0.657044224,0.823444149,Gr28b,FBgn0045495
E-z-,-0.080533673,5.467270607,0.657056096,0.823444149,E(z),FBgn0000629
CG6662,0.099267157,4.946337562,0.657246743,0.823444149,GstO1,FBgn0035907
tral,-0.070522274,7.614676043,0.657269038,0.823444149,tral,FBgn0041775
CG10337,0.191459287,4.287800133,0.657362061,0.823444149,CG10337,FBgn0032805
pps,-0.070192768,6.449474737,0.657369848,0.823444149,pps,FBgn0082831
Eps-15,0.066513716,7.105987742,0.657553528,0.82356004,Eps-15,FBgn0035060
CG10535,0.085471549,5.232111224,0.657752434,0.823580933,Elp1,FBgn0037926
CG2789,-0.077709333,8.062467673,0.657752538,0.823580933,CG2789,FBgn0031263
gek,-0.066314643,6.28426793,0.65791812,0.823674099,gek,FBgn0023081
CG2129,0.155037082,2.92780907,0.658111651,0.823802225,CG2129,FBgn0030008
CG2614,0.104804012,4.182242373,0.658375664,0.82401853,CG2614,FBgn0032873
CG12773,0.071418317,5.81778263,0.658597927,0.824182529,CG12773,FBgn0024365
mus101,0.131194087,3.424347869,0.658727947,0.824231063,mus101,FBgn0002878
Uba1,-0.067030214,8.629536032,0.659153924,0.824538405,Uba1,FBgn0023143
CG8963,-0.069616325,6.718148794,0.659259949,0.824538405,CG8963,FBgn0034181
Sirt7,0.141936108,3.565448853,0.659289244,0.824538405,Sirt7,FBgn0039631
CG15674,0.162927876,2.42616795,0.659338659,0.824538405,CG15674,FBgn0034642
CG17186,0.167837249,2.514423245,0.659620843,0.824568189,CG17186,FBgn0038741
CG14710,-0.149068268,3.314962074,0.659677577,0.824568189,CG14710,FBgn0037920
CG9362,0.179783796,3.299153689,0.65970913,0.824568189,GstZ1,FBgn0037696
Lam,-0.077238984,5.614590476,0.659855809,0.824568189,Lam,FBgn0002525
Pp2C1,0.064949235,6.381049178,0.659855957,0.824568189,Pp2C1,FBgn0022768
dsx,0.09382266,4.797085905,0.659910118,0.824568189,dsx,FBgn0000504
yellow-h,-0.101198534,6.086434102,0.660017775,0.824588657,yellow-h,FBgn0039896
Hdac3,0.099052764,5.039673125,0.660175883,0.824672141,Hdac3,FBgn0025825
btsz,-0.070510383,7.506421965,0.660569868,0.824971028,btsz,FBgn0266756
Msh6,0.143833482,3.105918997,0.660597788,0.824971028,Msh6,FBgn0036486
CG9422,0.115462628,3.94618217,0.661189299,0.825498929,CG9422,FBgn0033092
CG7802,-0.388143489,0.418560074,0.66120326,0.825498929,neo,FBgn0039704
CG7208,0.197938096,3.524188046,0.6614372,0.825676892,CG7208,FBgn0038575
CG9298,0.113503514,4.215218246,0.662016345,0.826285667,Trs23,FBgn0260861
Pi4KIIalpha,-0.070080434,6.49454408,0.662373962,0.826617816,Pi4KIIalpha,FBgn0037339
MAN1,-0.088590425,4.961041617,0.662617873,0.826760806,MAN1,FBgn0034962
CG11927,0.097428384,4.88443853,0.662671574,0.826760806,CG11927,FBgn0031638
CG32666,-0.071808085,6.399050736,0.663052107,0.827013618,Drak,FBgn0052666
cpsf,0.084379549,4.920417157,0.663057299,0.827013618,Cpsf160,FBgn0024698
CG8862,-0.150483129,3.040286798,0.66330878,0.827131967,EndoG,FBgn0033690
RhoGEF3,-0.07705136,5.480521534,0.6633353,0.827131967,RhoGEF3,FBgn0264707
trr,0.069673324,6.105442517,0.664268032,0.828085163,trr,FBgn0023518
betaggt-II,-0.071081161,5.775732581,0.664283061,0.828085163,betaggt-II,FBgn0028970
endos,0.064549009,6.960854574,0.664745761,0.828507106,endos,FBgn0061515
CG11191,0.073833692,8.487784086,0.66480496,0.828507106,CG11191,FBgn0033249
caps,-0.072331004,6.390576815,0.664944012,0.828566097,caps,FBgn0023095
CG9040,-0.426343012,0.756737541,0.665268498,0.828856104,CG9040,FBgn0036394
CG33332,0.184365251,2.982713014,0.665760824,0.829130374,CG33332,FBgn0067629
CG9461,0.065244678,6.065920946,0.665805491,0.829130374,FBX011,FBgn0037760
Cyp318a1,-0.266261397,1.336031938,0.665851884,0.829130374,Cyp318a1,FBgn0030369
tkv,-0.07684922,5.636583105,0.665930459,0.829130374,tkv,FBgn0003716
CG31142,0.209824931,2.079173798,0.665947531,0.829130374,CG31142,FBgn0047114
CG18619,0.06788315,5.84906859,0.666341072,0.829506028,CG18619,FBgn0032202
CG6693,0.093400518,4.933780415,0.666454088,0.82953241,CG6693,FBgn0037878
CG2909,0.113250503,4.353209376,0.667042489,0.830150413,CG2909,FBgn0030189
Mes-4,-0.085501611,4.875174841,0.667324897,0.830387482,Mes-4,FBgn0039559
CG32048,0.168717116,3.380231715,0.667479858,0.830465919,CG42673,FBgn0261555
RNaseX25,-0.072787117,5.832167255,0.66758666,0.830484423,RNaseX25,FBgn0010406
CG12107,0.078575952,5.408740196,0.668341426,0.831219783,CG12107,FBgn0033209
Arf79F,0.065139173,8.439666232,0.668361801,0.831219783,Arf79F,FBgn0010348
mask,-0.071982781,8.34017578,0.668692944,0.831517144,mask,FBgn0043884
Taf11,-0.154204644,3.474485563,0.669064637,0.83186484,Taf11,FBgn0011291
CG1910,0.082367521,6.539785992,0.669415282,0.832115087,CG1910,FBgn0022349
CG11399,-0.06555569,6.233089682,0.669450128,0.832115087,CG11399,FBgn0037021
Taf10,0.092340633,4.746758546,0.669731519,0.832273245,Taf10,FBgn0028398
CG11123,0.127583304,3.685829462,0.669761622,0.832273245,CG11123,FBgn0033169
CG17765,-0.065702151,6.793685824,0.670184589,0.832655135,CG17765,FBgn0033529
shtd,-0.08472241,4.98018485,0.670253281,0.832655135,shtd,FBgn0004391
CG17153,-0.13266725,4.171189958,0.670583345,0.832897794,ssp,FBgn0036248
CG14483,0.071122383,6.056510541,0.670633004,0.832897794,CG14483,FBgn0034248
CG9454,0.361446372,2.131675595,0.671155655,0.833342596,Spn42Db,FBgn0033112
chico,-0.066493659,5.929698654,0.671249057,0.833342596,chico,FBgn0024248
Hr39,0.096328658,5.151040497,0.671343669,0.833342596,Hr39,FBgn0261239
CG30389,-0.068616979,6.1747449,0.67136013,0.833342596,CG30389,FBgn0050389
CG7206,-0.084009216,5.403149813,0.671548769,0.83346223,CG7206,FBgn0030892
kto,0.06678387,6.137504025,0.67199622,0.833858877,kto,FBgn0001324
CG6937,0.12682385,3.404624942,0.672052965,0.833858877,CG6937,FBgn0038989
Ten-m,-0.067646788,6.450365248,0.672177938,0.833899408,Ten-m,FBgn0004449
Adgf-C,-0.379188714,0.615613817,0.672280242,0.83391181,Adgf-C,FBgn0038173
pio,-0.07363568,9.065534472,0.672575183,0.834143386,pio,FBgn0020521
Lerp,0.060972024,6.963242922,0.672663345,0.834143386,Lerp,FBgn0051072
CG1530,-0.093079691,5.23023182,0.672743935,0.834143386,CG42593,FBgn0260970
Trc8,0.063778547,6.732951022,0.672952452,0.834241984,Trc8,FBgn0039668
Rab39,-0.073055184,5.354267275,0.673008145,0.834241984,Rab39,FBgn0029959
CG5348,0.249142205,1.471163618,0.673303221,0.83449325,CG5348,FBgn0034156
Ras64B,0.084206201,5.207254936,0.673709616,0.834882397,Ras64B,FBgn0003206
Sbf,0.072179869,5.660807277,0.673979157,0.835002949,Sbf,FBgn0025802
CG31731,-0.061260058,7.000555505,0.674015873,0.835002949,CG31731,FBgn0028539
att-ORFA,0.120127078,3.953733931,0.674084183,0.835002949,att-ORFA,FBgn0067783
Klp98A,0.064478349,7.060652892,0.674388585,0.83526549,Klp98A,FBgn0004387
CG7603,0.064804579,6.602255043,0.67466458,0.835423141,CG7603,FBgn0036726
CG7006,0.20307114,2.209950857,0.674799572,0.835423141,CG7006,FBgn0039233
CG9932,0.066673225,10.04567553,0.674919645,0.835423141,CG9932,FBgn0262160
CG7115,-0.08227252,5.512792862,0.674980461,0.835423141,CG7115,FBgn0027515
fliI,0.074724722,5.383866391,0.675035426,0.835423141,fliI,FBgn0000709
CG11367,0.129035651,3.738750372,0.675130195,0.835423141,CG11367,FBgn0037185
Cad74A,-0.331096014,1.077081965,0.675163201,0.835423141,Cad74A,FBgn0036715
CG12316,-0.093868299,4.577573344,0.675395293,0.835595874,CG12316,FBgn0036483
CG10915,-0.063245243,6.33525327,0.676151874,0.836417367,CG10915,FBgn0034308
ear,0.075916398,5.238362118,0.676366178,0.836559563,ear,FBgn0026441
fz4,-0.109232775,3.984084477,0.676561255,0.836559563,fz4,FBgn0027342
Trl,-0.062393361,7.227065354,0.676589606,0.836559563,Trl,FBgn0013263
l-2-08717,-0.122157424,7.781270274,0.676637229,0.836559563,l(2)08717,FBgn0010651
Axn,0.063966009,6.172833082,0.676760564,0.836597556,Axn,FBgn0026597
Obp99a,-0.415747722,2.84239435,0.676890783,0.836611211,Obp99a,FBgn0039678
CG34339,-0.200779672,2.642552492,0.677006242,0.836611211,mgl,FBgn0261260
CG6664,-0.074495421,5.621881492,0.677305466,0.836611211,CG6664,FBgn0036685
CG9090,0.192027313,4.719127909,0.677368059,0.836611211,CG9090,FBgn0034497
CG7924,0.240888834,1.68652335,0.677388096,0.836611211,CG7924,FBgn0036416
CG12050,-0.103160264,4.373901249,0.677420652,0.836611211,CG12050,FBgn0032915
Dab,-0.0647573,6.959190464,0.677422797,0.836611211,Dab,FBgn0000414
CG11550,0.097563682,10.30026276,0.677512466,0.836611211,CG11550,FBgn0039864
Ets97D,0.117453334,4.288808153,0.677983178,0.837010928,Ets97D,FBgn0004510
l-3-82Fd,0.065777816,8.446596179,0.678021471,0.837010928,mtd,FBgn0013576
Uhg1,-0.210558598,2.265160632,0.678318931,0.837263727,Uhg1,FBgn0045800
CG13024,0.234531031,1.495741793,0.678638205,0.837406372,CG13024,FBgn0036665
CG7371,-0.085100772,5.148191869,0.678734914,0.837406372,CG7371,FBgn0031710
CG4297,-0.066479887,6.842053684,0.678879634,0.837406372,CG4297,FBgn0031258
CG14215,0.072185968,6.567266758,0.678960999,0.837406372,CG14215,FBgn0031052
CG15141,0.107780798,3.989365439,0.679058158,0.837406372,CG15141,FBgn0032635
GABA-B-R1,-0.073939142,7.064375412,0.679079499,0.837406372,GABA-B-R1,FBgn0260446
mam,0.072389948,6.784754962,0.679083361,0.837406372,mam,FBgn0002643
mRpL24,-0.08225337,5.149979581,0.679192693,0.837426885,mRpL24,FBgn0031651
CG30392,-0.102533355,4.645602395,0.679787871,0.837928081,CG30392,FBgn0050392
Gas41,-0.178209249,3.26585015,0.679868156,0.837928081,Gas41,FBgn0031873
CG14816,0.13219609,3.50115813,0.679966791,0.837928081,Pgam5,FBgn0023517
CG33108,-0.145146283,2.779782645,0.680054461,0.837928081,CG33108,FBgn0053108
elB,0.078432237,5.492161251,0.68006295,0.837928081,elB,FBgn0004858
Hey,0.233926862,1.244614461,0.680562461,0.838325009,Hey,FBgn0027788
SelD,-0.112052472,4.528103916,0.68057069,0.838325009,SelD,FBgn0261270
th,-0.067407794,8.449766784,0.680749649,0.838392461,th,FBgn0260635
CG32627,0.075553302,5.39836392,0.680811058,0.838392461,NnaD,FBgn0265726
CG31381,-0.225746892,1.560918812,0.681200755,0.838758024,CG31381,FBgn0043799
Ssrp,-0.091032609,5.286474424,0.68135476,0.83883332,Ssrp,FBgn0010278
CG17996,-0.098712017,4.230110599,0.681528996,0.838913096,CG17996,FBgn0032595
Hsp27,-0.163220397,2.795208403,0.681605283,0.838913096,Hsp27,FBgn0001226
Lk6,0.062929805,10.26007347,0.681805396,0.839045082,Lk6,FBgn0017581
CG14883,-0.08505622,5.143672851,0.682137492,0.839202833,CG14883,FBgn0038432
CG14130,0.147257657,3.449877116,0.682204792,0.839202833,CG14130,FBgn0036210
BubR1,-0.204774078,2.230787404,0.682212266,0.839202833,BubR1,FBgn0263855
CG31688,-0.080501244,5.650738964,0.682686488,0.839671849,CG31688,FBgn0263355
CG1671,-0.113045761,4.32819805,0.683149011,0.840032957,CG1671,FBgn0033454
Shc,-0.07923753,5.157643756,0.683166888,0.840032957,Shc,FBgn0015296
CG8121,-0.072634502,5.48605067,0.68325904,0.840032957,CG8121,FBgn0037680
Ror,0.1115446,4.043315471,0.683615923,0.840357361,Ror,FBgn0010407
CG12214,-0.064471429,7.302817357,0.683853921,0.840535554,mlt,FBgn0265512
TfIIS,-0.071579256,5.304713702,0.684216054,0.840786135,TfIIS,FBgn0010422
CG10195,-0.097359779,4.61980893,0.68424393,0.840786135,CG10195,FBgn0032787
CG3362,0.088359802,4.860763986,0.684592716,0.841100312,cN-IIIB,FBgn0034988
CG1136,0.079277534,5.576417275,0.684852419,0.841298421,CG1136,FBgn0035490
CG11323,-0.161090981,2.677341937,0.684940213,0.841298421,TTLL3A,FBgn0031854
O-fut2,0.109704829,4.203174193,0.685461884,0.841631224,O-fut2,FBgn0027791
140up,0.12178184,3.759349648,0.685492789,0.841631224,140up,FBgn0010340
baf,0.068039004,5.816811022,0.685528287,0.841631224,baf,FBgn0031977
sick,-0.073752339,6.601249193,0.685583814,0.841631224,sick,FBgn0263873
CG8236,0.192783912,2.135364778,0.686288308,0.842230153,CG8236,FBgn0037626
wds,-0.087113767,4.690712892,0.686427537,0.842230153,wds,FBgn0040066
CG30157,0.217559981,1.303336274,0.686438589,0.842230153,CG30157,FBgn0050157
spin,-0.060045046,6.876929987,0.686444611,0.842230153,spin,FBgn0086676
Chc,0.063441196,9.347028643,0.686900028,0.842674478,Chc,FBgn0000319
CG12470,0.267121363,1.159258706,0.687117835,0.842697187,CG12470,FBgn0040371
CG10958,0.140677372,3.623322507,0.687125343,0.842697187,CG10958,FBgn0030004
Cka,0.063555544,6.627302563,0.687198382,0.842697187,Cka,FBgn0044323
CG2918,0.068952648,7.740338048,0.687309329,0.842718849,CG2918,FBgn0023529
CG5116,0.069138982,5.710812001,0.687726084,0.843115408,CG5116,FBgn0039339
CG18811,-0.062147141,7.223478939,0.68849264,0.843904337,Capr,FBgn0042134
CG6758,0.086023699,4.860820863,0.688556439,0.843904337,CG6758,FBgn0034704
CG16885,-0.400371453,0.7318316,0.688751638,0.843905145,CG16885,FBgn0032538
olf186-F,0.066091076,7.717187356,0.688836189,0.843905145,olf186-F,FBgn0041585
Zfrp8,0.140184799,3.573494485,0.688837341,0.843905145,Zfrp8,FBgn0021875
Chro,0.062566873,6.569023291,0.689232762,0.844275087,Chro,FBgn0044324
CG5933,0.140235133,2.998760882,0.689520509,0.844513053,Ime4,FBgn0039139
NK7-1,0.066577274,5.818836824,0.690380007,0.845093545,NK7.1,FBgn0024321
Nrx-IV,0.0656456,7.405258276,0.690455809,0.845093545,Nrx-IV,FBgn0013997
vav,-0.063760243,5.74341188,0.690463466,0.845093545,Vav,FBgn0040068
CG7971,-0.067982446,7.743812272,0.690482072,0.845093545,CG7971,FBgn0035253
CG1663,0.143094124,2.634315552,0.690538477,0.845093545,CG1663,FBgn0033449
CG7457,0.098364974,4.370866728,0.690684222,0.845093545,CG7457,FBgn0035812
CG8004,-0.077250236,5.212953824,0.690718314,0.845093545,CG8004,FBgn0036920
GstE8,-0.085763732,5.295350886,0.690895645,0.845093545,GstE8,FBgn0063492
CG31224,-0.065827117,7.271121314,0.690944842,0.845093545,CG31224,FBgn0051224
CG11417,0.099394789,4.022216548,0.691036936,0.845093545,CG11417,FBgn0024364
SelG,0.066767502,6.215473332,0.691042601,0.845093545,SelG,FBgn0030350
CG4730,-0.214683705,1.802158917,0.691117015,0.845093545,CG4730,FBgn0039355
betaggt-I,0.077681928,5.121483013,0.691393712,0.845317472,betaggt-I,FBgn0015000
hiw,-0.073839317,7.84959746,0.692193715,0.84614133,hiw,FBgn0030600
kz,0.12053075,3.37689905,0.692328322,0.84614133,kz,FBgn0001330
CG10075,-0.128087571,3.634785969,0.69234854,0.84614133,CG10075,FBgn0035722
CG14526,-0.123727867,5.877070176,0.692879392,0.846675561,CG14526,FBgn0027578
Arc1,-0.098859633,8.217175903,0.693131373,0.84684062,Arc1,FBgn0033926
CG14671,0.097872731,4.284962937,0.693201947,0.84684062,CG14671,FBgn0037340
CG30069,0.080980095,7.164079647,0.693362942,0.846922771,CG30069,FBgn0050069
Tsp2A,0.177437171,1.980878033,0.693579758,0.847073075,Tsp2A,FBgn0024361
Nxt1,0.149436561,3.431198535,0.694008731,0.847449329,Nxt1,FBgn0028411
loco,-0.070507829,7.03448018,0.694075447,0.847449329,loco,FBgn0020278
CG4951,-0.108084083,3.927426435,0.694233482,0.84752774,CG4951,FBgn0039563
CG12343,-0.093319639,4.996263799,0.694347942,0.84755294,CG12343,FBgn0033556
RhoGEF4,0.283778517,0.729771894,0.69462205,0.84777298,RhoGEF4,FBgn0035761
CG30183,0.106777941,3.791475117,0.694887589,0.847842711,CG30183,FBgn0050183
CG5038,-0.147768698,3.140770562,0.694958033,0.847842711,CG5038,FBgn0038324
CG11019,0.210904737,1.568536924,0.694960734,0.847842711,CG31688,FBgn0263355
CG8578,-0.077415818,5.073510508,0.695164885,0.847843068,CG8578,FBgn0030699
seq,0.076203256,5.298771049,0.69519857,0.847843068,seq,FBgn0028991
CG32528,0.067039173,6.286788204,0.695242578,0.847843068,parvin,FBgn0052528
CG8778,0.083170787,4.925554567,0.695671846,0.84816263,CG8778,FBgn0033761
CG2875,-0.14318274,3.007859674,0.695808373,0.84816263,CG2875,FBgn0029672
CG12499,-0.127652335,4.195562758,0.695854407,0.84816263,CG12499,FBgn0038968
CG15362,-0.145770001,2.748667398,0.695884605,0.84816263,CG15362,FBgn0031378
CG31324,0.139841884,4.688397831,0.695974051,0.84816263,CG31324,FBgn0051324
CG11900,-0.156674055,2.271097443,0.696407823,0.848402094,Mesh1,FBgn0039650
fu2,0.124459587,3.712277451,0.696443698,0.848402094,fu2,FBgn0029173
CG17568,-0.127762072,3.545788763,0.696452284,0.848402094,CG17568,FBgn0032763
CG6540,-0.149798365,2.937528478,0.69665046,0.848529089,CG6540,FBgn0030943
CG3940,-0.074030722,6.06955805,0.696779688,0.848572082,CG3940,FBgn0037788
CG5543,-0.104210257,3.919226932,0.697088944,0.848787299,CG5543,FBgn0034908
CG42247,0.088632694,5.349861856,0.697144317,0.848787299,DCX-EMAP,FBgn0259099
Ubp64E,0.066483995,8.135336643,0.697489752,0.84909344,Ubp64E,FBgn0016756
CG15835,-0.125298239,3.916348695,0.697673634,0.84919732,Kdm4A,FBgn0033233
CG12299,0.07590175,5.377608432,0.697763085,0.84919732,CG12299,FBgn0032295
CG4374,0.371397346,0.611191856,0.698131865,0.84953169,CG4374,FBgn0039078
CG14860,-0.309645649,0.840656394,0.698331633,0.849660333,CG14860,FBgn0038273
CG7048,0.070981638,5.167711005,0.698748507,0.849995503,CG7048,FBgn0038976
CG12488,-0.125010466,3.925443739,0.698956066,0.849995503,CG42663,FBgn0261545
Rgk2,0.209068255,1.845201278,0.698972369,0.849995503,Rgk2,FBgn0085419
scf,0.108839155,3.98156444,0.699024677,0.849995503,scf,FBgn0025682
CG2611,0.145915525,2.772073868,0.69907755,0.849995503,CG2611,FBgn0032871
CG6800,-0.128428842,3.561346718,0.699230738,0.850067351,CG6800,FBgn0038902
Cap-D3,0.103904506,4.261395291,0.69953105,0.850246126,Cap-D3,FBgn0051989
CG14767,0.060433441,8.692177676,0.699566023,0.850246126,CG14767,FBgn0040777
CR32385,0.325934268,0.628745179,0.699917478,0.85055885,CR32385,FBgn0047205
CG6199,0.111259097,4.159715208,0.70021971,0.850600246,Plod,FBgn0036147
Wnt4,0.121305648,3.719913863,0.700257312,0.850600246,Wnt4,FBgn0010453
vvl,-0.148568042,3.99659126,0.700259817,0.850600246,vvl,FBgn0086680
raptor,-0.067171889,5.859856964,0.700442078,0.850600246,raptor,FBgn0029840
mge,0.058752549,6.437487064,0.70046837,0.850600246,mge,FBgn0035473
mof,0.1141703,3.720425257,0.700516475,0.850600246,mof,FBgn0014340
CG3224,0.091998081,4.876181542,0.700672125,0.850674907,CG3224,FBgn0029885
CG6783,0.082064506,6.744905137,0.700894445,0.850830478,fabp,FBgn0037913
CG3800,0.062197029,8.83476378,0.701335048,0.85125095,CG3800,FBgn0034802
CG3825,-0.061042717,7.151184109,0.701495453,0.851285181,Gadd34,FBgn0034948
Src64B,-0.108847988,4.436237299,0.701572294,0.851285181,Src64B,FBgn0262733
CG18476,0.080572503,4.895588156,0.701674885,0.851285181,CG18476,FBgn0037931
CSN4,0.079882844,5.100444433,0.701796888,0.851285181,CSN4,FBgn0027054
CG1764,0.138892095,3.723993781,0.701834406,0.851285181,CG1764,FBgn0030467
CG5524,-0.088254308,4.705751416,0.701988843,0.851358197,jnj,FBgn0266282
S2P,0.069289469,5.336538151,0.702207279,0.851373759,S2P,FBgn0033656
isopeptidase-T-3,0.080901403,4.595503701,0.702373513,0.851373759,isopeptidase-T-3,FBgn0028372
CG30494,0.128268505,3.814363755,0.70245734,0.851373759,CG43340,FBgn0263077
CG31999,-0.072541724,6.701495428,0.702543377,0.851373759,CG31999,FBgn0051999
CG11190,0.056636535,6.097473095,0.702564569,0.851373759,CG11190,FBgn0030035
CG14618,-0.130864701,3.299595375,0.702567122,0.851373759,CG14618,FBgn0031189
Spt5,-0.058451134,6.192007322,0.70277893,0.851516209,Spt5,FBgn0040273
CG2950,0.058465119,7.301903763,0.703007694,0.851547029,mxt,FBgn0031637
CG10320,0.061056528,6.979322552,0.703065503,0.851547029,CG10320,FBgn0034645
CG31694,-0.069017698,7.361717068,0.703087147,0.851547029,CG31694,FBgn0051694
CG32221,0.081871986,4.922504101,0.703342329,0.851602256,CG32221,FBgn0052221
Ranbp16,-0.05938469,5.900569256,0.703405875,0.851602256,Ranbp16,FBgn0053180
CycH,0.190599404,2.716876223,0.703415545,0.851602256,CycH,FBgn0022936
Vrp1,0.061432444,6.281477055,0.703707309,0.851841328,Vrp1,FBgn0243516
CG5640,-0.060570915,5.817171677,0.704025706,0.85211257,Utx,FBgn0260749
Nelf-E,-0.101870618,3.769810311,0.704180721,0.852124409,Nelf-E,FBgn0017430
Rab5,-0.05863971,8.237326646,0.704224135,0.852124409,Rab5,FBgn0014010
CG7949,0.077278546,4.960720158,0.704755031,0.852542849,CG7949,FBgn0036107
CG12484,-0.069910502,6.804902849,0.704758689,0.852542849,CG12484,FBgn0086604
Es2,0.102583398,4.174796219,0.705195062,0.852956512,Es2,FBgn0023506
CG7706,0.097615926,3.954691169,0.705392641,0.853081274,CG7706,FBgn0038640
Eaf6,-0.135749332,3.3164064,0.705710587,0.853351552,Eaf6,FBgn0035624
sl,-0.104410094,4.901099886,0.705969773,0.853550713,sl,FBgn0003416
kappaB-Ras,0.107713068,3.921119287,0.706267346,0.853770016,kappaB-Ras,FBgn0040513
nej,-0.066446796,6.949935525,0.706355225,0.853770016,nej,FBgn0261617
dpa,-0.164708148,2.880990057,0.706434677,0.853770016,dpa,FBgn0015929
CG3045,-0.175632973,1.993612043,0.706825865,0.854128527,CG3045,FBgn0034703
CG13949,-0.132699411,3.492054376,0.707370233,0.854672018,CG13949,FBgn0031288
CG3603,0.161561966,2.959796375,0.707547083,0.85472506,CG3603,FBgn0029648
Cbp20,-0.095295641,4.424114462,0.707632951,0.85472506,Cbp20,FBgn0022943
CG4622,0.074071785,5.051104148,0.707749003,0.85472506,CG4622,FBgn0035021
CG11779,-0.057942343,5.948071278,0.707792581,0.85472506,CG11779,FBgn0038683
mRpL43,-0.107925178,4.226470765,0.707976727,0.854833166,mRpL43,FBgn0034893
CG8177,-0.064190138,8.386136865,0.70819711,0.85493347,CG8177,FBgn0036043
CG18591,0.073056027,4.903285496,0.708374153,0.85493347,SmE,FBgn0261790
Akt1,-0.060316489,6.126450066,0.708422618,0.85493347,Akt1,FBgn0010379
CG34135,0.077720846,5.101135453,0.708438339,0.85493347,CG34135,FBgn0083971
CG2202,0.080270706,5.250219373,0.708577266,0.854986914,CG2202,FBgn0030240
CG12084,0.062457076,5.925960385,0.708893087,0.855200851,CG12084,FBgn0043458
bi,-0.065291773,6.265088326,0.708943898,0.855200851,bi,FBgn0000179
Fib,0.092767193,4.247149274,0.709159839,0.85532238,Fib,FBgn0003062
CG5245,0.271609861,0.917398011,0.709233999,0.85532238,CG5245,FBgn0038047
CG30108,0.151740043,2.901565248,0.709636829,0.855693955,CG30108,FBgn0050108
CG7560,-0.312391762,1.447028081,0.709797597,0.855707233,CG7560,FBgn0036157
CG10338,-0.08434862,4.603324337,0.709837282,0.855707233,CG10338,FBgn0032700
CG13692,0.105703669,4.290403844,0.710033166,0.85577046,CG13692,FBgn0031254
CG3075,0.074223756,4.928139468,0.710120855,0.85577046,Nf-YC,FBgn0029905
CG9754,-0.12403062,3.318386111,0.710173914,0.85577046,CG9754,FBgn0034617
Obp49a,-0.224883405,4.852560892,0.710388574,0.855843819,Obp49a,FBgn0050052
CG14892,-0.107241388,4.158173024,0.710424264,0.855843819,CG14892,FBgn0038447
CG15211,-0.059647445,7.594318361,0.710788869,0.856099904,CG15211,FBgn0030234
CG4400,0.069663803,5.500503286,0.710826364,0.856099904,Brms1,FBgn0030434
CG5126,-0.111956053,3.572886946,0.711028221,0.856179554,CG5126,FBgn0031320
GstD8,0.060142692,7.784887244,0.711082045,0.856179554,GstD8,FBgn0010044
CG14230,0.11249935,3.445723574,0.711581482,0.856603836,CG14230,FBgn0031062
CG9578,-0.084436966,4.410089049,0.711658323,0.856603836,CG9578,FBgn0031094
mRpS35,0.08964859,4.746563712,0.711721016,0.856603836,mRpS35,FBgn0035374
CG13085,-0.322639323,1.01123699,0.711875658,0.856603836,CG13085,FBgn0032780
mbc,0.061086093,6.705035802,0.711948337,0.856603836,mbc,FBgn0015513
Irk3,0.24736454,1.406807959,0.712003344,0.856603836,Irk3,FBgn0032706
Tehao,-0.289867622,0.411441881,0.712492051,0.857077655,Tehao,FBgn0026760
CG11122,0.06354765,6.57929481,0.712618649,0.857115814,CG11122,FBgn0030266
CG1126,-0.05726345,6.298870292,0.712803894,0.857171428,CG1126,FBgn0037280
CG10863,-0.066683179,6.315736057,0.712854653,0.857171428,CG10863,FBgn0027552
CG16718,-0.073233005,5.290601522,0.713395026,0.857707036,subdued,FBgn0038721
CG10284,0.301684606,0.932181354,0.713638507,0.857885598,CG42564,FBgn0260766
CG11563,0.123485334,3.485871376,0.714059064,0.858276953,CG11563,FBgn0039868
spn-F,-0.082273321,4.398703379,0.714228976,0.858320854,spn-F,FBgn0086362
Sirt2,-0.109197392,4.72083116,0.71439171,0.858320854,Sirt2,FBgn0038788
CG10339,0.092157651,4.670117221,0.714439191,0.858320854,CG10339,FBgn0034972
CG9062,0.074575327,4.801034966,0.714545991,0.858320854,CG9062,FBgn0033607
lilli,-0.056441956,6.698295946,0.714570638,0.858320854,lilli,FBgn0041111
CG11857,0.055159742,7.255438467,0.71499984,0.858722222,CG11857,FBgn0039303
CG17249,0.118424154,3.652393839,0.715728038,0.859482533,CG17249,FBgn0035249
stmA,0.055638562,7.642721887,0.715902723,0.859578044,stmA,FBgn0086784
CG8677,0.053615252,6.984660011,0.716574454,0.860270248,CG8677,FBgn0026577
CG11035,0.121332901,3.673144797,0.716691029,0.860295875,CG11035,FBgn0037544
obst-A,0.221458751,1.332582534,0.717071963,0.860490899,obst-A,FBgn0031097
dlt,-0.103780051,3.402772089,0.71710187,0.860490899,dlt,FBgn0024510
Sep2,0.0546156,6.115088264,0.717142819,0.860490899,Sep2,FBgn0014029
CG3909,0.090667064,4.270520303,0.717234499,0.860490899,CG3909,FBgn0027524
Sbp2,-0.091006559,3.978318738,0.717377281,0.860547916,Sbp2,FBgn0087039
CG17292,0.064976015,5.261907866,0.717586119,0.860684148,CG17292,FBgn0032029
CG30493,-0.095457519,4.144940518,0.717751363,0.860768062,CG30493,FBgn0050493
CG32082,-0.061748256,5.962042135,0.718007991,0.860961533,CG32082,FBgn0052082
mdy,-0.068719856,6.109778872,0.718315963,0.861216512,mdy,FBgn0004797
Mat1,0.076423056,4.987510144,0.718598542,0.861382026,Mat1,FBgn0024956
Dbp45A,0.089344357,4.345176102,0.718644712,0.861382026,Dbp45A,FBgn0010220
CG9297,-0.161933934,5.687337717,0.718871991,0.861540139,CG9297,FBgn0038181
barr,-0.10373937,4.229774507,0.719043834,0.861631781,barr,FBgn0014127
CG11137,0.062048958,5.969641657,0.719273029,0.861792114,CG11137,FBgn0037199
Use1,0.110864126,3.452657433,0.719531735,0.861803889,Use1,FBgn0035965
CG12229,0.215792591,0.887525203,0.719680757,0.861803889,CG12229,FBgn0036723
CG1113,0.159242136,2.168471519,0.719683931,0.861803889,CG1113,FBgn0037304
CG11858,0.104128246,3.715426764,0.719792574,0.861803889,CG11858,FBgn0039305
CG8066,-0.056950402,6.694664979,0.719927955,0.861803889,CG8066,FBgn0038243
CG1550,0.076708596,4.879849611,0.719928058,0.861803889,CG1550,FBgn0033225
Nmt,-0.069964379,5.308524411,0.719993738,0.861803889,Nmt,FBgn0020392
CG30263,0.091083858,4.742833541,0.720046021,0.861803889,stum,FBgn0050263
CG10171,0.103443219,4.14248335,0.720493739,0.862205857,CG10171,FBgn0036353
Cdc6,-0.530049261,0.556004416,0.720644986,0.862205857,Cdc6,FBgn0035918
mus309,-0.132553383,3.284764236,0.72066819,0.862205857,Blm,FBgn0002906
CG2698,0.056219457,6.475644603,0.720851278,0.862310705,CG2698,FBgn0037536
CG12190,-0.073912584,4.713997628,0.721156431,0.86245194,RYBP,FBgn0034763
CG7498,0.100532313,3.88196355,0.721160278,0.86245194,"CG42445 , CG7498","FBgn0259916 , FBgn0040833"
Clc,0.054196745,7.454828698,0.721403575,0.862570548,Clc,FBgn0024814
Tace,0.068863595,4.985721099,0.721532285,0.862570548,Tace,FBgn0039734
Bx42,0.060800751,5.866004235,0.721545897,0.862570548,Bx42,FBgn0004856
lkb1,0.070695756,5.284285606,0.722116425,0.863043732,lkb1,FBgn0038167
Ca-alpha1D,-0.072173524,6.375099183,0.722132784,0.863043732,Ca-alpha1D,FBgn0001991
CG3448,-0.15305875,2.084977916,0.723111924,0.863736202,CG3448,FBgn0035996
Fer1HCH,0.059068423,9.538063285,0.723127298,0.863736202,Fer1HCH,FBgn0015222
CG8841,-0.062306679,5.541285113,0.723165598,0.863736202,CG8841,FBgn0033713
CG11504,0.065591923,5.051835821,0.723187099,0.863736202,CG11504,FBgn0039733
MED24,0.060960738,6.010851316,0.723216211,0.863736202,MED24,FBgn0035851
r2d2,-0.060930504,5.799105673,0.72328585,0.863736202,r2d2,FBgn0031951
CG13472,0.061427769,5.411498337,0.723687259,0.863943777,Tdrd3,FBgn0036450
CG6184,-0.068146319,5.259631116,0.723793804,0.863943777,CG6184,FBgn0038725
CG6697,0.079870764,4.497485852,0.723815013,0.863943777,Ublcp1,FBgn0027526
CG14117,-0.150315708,2.596592568,0.723842202,0.863943777,CG14117,FBgn0036331
CG10103,0.052646207,6.394145563,0.724030209,0.86404044,CG10103,FBgn0035715
M6,0.076770106,4.698938577,0.724303526,0.86404044,M6,FBgn0037092
l-2-35Di,-0.052969053,7.030989092,0.724334849,0.86404044,l(2)35Di,FBgn0001989
Cbp80,0.056707863,5.731577676,0.724361216,0.86404044,Cbp80,FBgn0022942
CG32809,0.055399484,6.901659647,0.724401405,0.86404044,CG32809,FBgn0023531
fs-1-M3,-0.279850467,0.818753184,0.724787114,0.864292273,fs(1)M3,FBgn0005390
Aats-thr,0.058128311,6.771063629,0.724803881,0.864292273,Aats-thr,FBgn0027081
CG3259,-0.052874688,6.051799811,0.725314896,0.864787485,CG3259,FBgn0038221
CG30467,-0.100944245,3.675181601,0.725458485,0.864833526,CG30467,FBgn0050467
CG4953,0.079311223,4.558348763,0.725635846,0.864833526,CG4953,FBgn0032204
CG11586,0.099013355,3.881539708,0.725640705,0.864833526,CG11586,FBgn0035520
CG4968,0.07895804,4.847196989,0.725951895,0.865017323,CG4968,FBgn0032214
CG1578,0.0569603,5.977453724,0.725986423,0.865017323,CG1578,FBgn0030336
CG8776,-0.063667935,5.294990921,0.726112107,0.865052984,nemy,FBgn0261673
eIF3-S10,-0.056317072,8.033671268,0.726650153,0.865483183,eIF3-S10,FBgn0037249
CG3925,0.066765429,5.363556215,0.726868655,0.865483183,CG3925,FBgn0037780
btv,0.060041438,8.215563477,0.726928112,0.865483183,btv,FBgn0023096
CG15917,0.12130912,3.490177868,0.72701253,0.865483183,Gbp,FBgn0034199
CG5970,0.090027486,4.278013013,0.727076101,0.865483183,cbc,FBgn0033842
Spt3,0.101821536,3.779112676,0.727130905,0.865483183,Spt3,FBgn0037981
cdc16,-0.086426519,4.179484491,0.727143829,0.865483183,Cdc16,FBgn0025781
CG10904,0.110723001,3.462731898,0.727367331,0.865635156,CG10904,FBgn0034945
pk,0.096987241,4.400459578,0.727475734,0.865650129,pk,FBgn0003090
dp,0.159017094,7.71608093,0.727642765,0.865734853,dp,FBgn0053196
Cog7,-0.076334472,5.127626882,0.728310295,0.866304297,Cog7,FBgn0051040
CG2052,-0.064716539,5.4521162,0.728420007,0.866304297,Lin29,FBgn0262636
me31B,-0.053308102,6.5738628,0.728466579,0.866304297,me31B,FBgn0004419
Cdc42,-0.05423195,6.514139111,0.728504953,0.866304297,Cdc42,FBgn0010341
l-2-09851,-0.095855182,3.951035538,0.728748871,0.866480297,l(2)09851,FBgn0022288
CG5142,0.052944586,6.269622246,0.729162689,0.866774967,CG5142,FBgn0032470
fus,-0.05801197,8.717059406,0.729188593,0.866774967,fus,FBgn0023441
CG1109,0.058976457,5.812571484,0.729338769,0.866839421,CG1109,FBgn0046222
CG9399,-0.060539677,7.279346734,0.729548739,0.866940235,CG9399,FBgn0037715
Hsp68,-0.111333196,3.857903072,0.729660321,0.866940235,Hsp68,FBgn0001230
CG16711,-0.051673117,6.456690201,0.729711484,0.866940235,CG16711,FBgn0036032
CG6379,-0.06362657,5.149058783,0.729887195,0.867034966,CG6379,FBgn0029693
CG18031,0.148665205,2.581535742,0.730505627,0.867655513,CG18031,FBgn0023550
CG3631,0.088954767,4.106621981,0.730693124,0.867764123,CG3631,FBgn0038268
CG5346,0.066768721,7.162631482,0.730793982,0.867769825,CG5346,FBgn0038981
mxc,-0.103107865,3.993607367,0.731104831,0.867903824,Larp7,FBgn0260771 
CG4936,0.098787259,3.981574995,0.731194255,0.867903824,CG4936,FBgn0038768
CG14966,0.121377697,2.960811977,0.731198659,0.867903824,CG14966,FBgn0035415
Rbp1-like,-0.061523026,5.967479411,0.731314464,0.867903824,Rbp1-like,FBgn0030479
CanB,-0.063430006,5.664238402,0.731387183,0.867903824,CanB,FBgn0010014
Taf2,-0.081772403,4.647473928,0.731963005,0.868473048,Taf2,FBgn0011836
CG2931,0.07519467,4.559381348,0.73232634,0.868790041,CG2931,FBgn0037342
CG34229,0.112143233,2.972723766,0.732532208,0.868920164,CG34229,FBgn0259832
CG5003,0.073625884,5.225195008,0.732763374,0.869080257,CG5003,FBgn0039554
thoc7,-0.08317804,4.217076273,0.732872046,0.869095047,thoc7,FBgn0035110
CG17735,-0.054533472,8.106483286,0.733018485,0.869100964,ctrip,FBgn0260794
CG7082,0.084492629,5.118837894,0.733069443,0.869100964,papi,FBgn0031401
rod,0.117241917,3.368027922,0.733498077,0.869420436,rod,FBgn0003268
mbt,-0.053917174,6.384797088,0.733531388,0.869420436,mbt,FBgn0025743
CG14543,-0.108882023,3.301106843,0.733662538,0.869461808,CG14543,FBgn0039404
garz,0.055073848,7.117288743,0.733891355,0.869539571,garz,FBgn0264560
l-2-k14710,0.052373406,6.491808856,0.734006473,0.869539571,l(2)k14710,FBgn0021847
Pp2B-14D,-0.054132993,5.992443493,0.734051107,0.869539571,Pp2B-14D,FBgn0011826
CG1434,-0.111088931,3.833845279,0.734113162,0.869539571,CG1434,FBgn0030554
CG8671,-0.057806297,5.900517666,0.734631096,0.870011649,CG8671,FBgn0032938
CG3511,0.077121868,4.764114249,0.734704325,0.870011649,CG3511,FBgn0035027
CG6094,-0.086898494,4.400772124,0.734816371,0.870030288,CG6094,FBgn0032261
CG3446,0.053157009,8.158179561,0.735107665,0.870261125,CG3446,FBgn0029868
btz,0.057188587,6.121243296,0.735267415,0.870262929,btz,FBgn0045862
CG30390,0.101418118,3.554961532,0.735301853,0.870262929,Sgf29,FBgn0050390
CG34363,-0.066320342,6.38223205,0.735916545,0.870876351,CG42732,FBgn0261698
CG12162,-0.052162007,5.929954959,0.736217308,0.87105709,CG12162,FBgn0037329
CG10333,-0.054140496,5.598662163,0.736262114,0.87105709,CG10333,FBgn0032690
CG11000,-0.138449715,3.151315787,0.736428452,0.871101406,CG11000,FBgn0263353
CG4552,0.054577573,6.146348413,0.736571101,0.871101406,CG4552,FBgn0031304
CG31915,-0.132577795,2.560177882,0.736635216,0.871101406,CG31915,FBgn0051915
GlcT-1,0.071838334,4.802879112,0.736685271,0.871101406,GlcT-1,FBgn0067102
CG8545,0.086849455,4.366945842,0.737003513,0.871363661,CG8545,FBgn0033741
CG1648,-0.057943683,8.426918314,0.737222969,0.871417392,CG1648,FBgn0033446
Try29F,0.261022031,1.367813765,0.737241878,0.871417392,Try29F,FBgn0015316
Asx,-0.052003207,6.573250416,0.737804302,0.871894234,Asx,FBgn0261823
CG15770,-0.112254571,3.059601479,0.737838324,0.871894234,CG42699,FBgn0261610
Atg5,-0.113566789,3.900548145,0.738070079,0.872053607,Atg5,FBgn0029943
CG5850,0.056343739,5.828397065,0.738166254,0.872053607,CG5850,FBgn0032172
egg,-0.072467005,5.007302471,0.738492051,0.872324423,egg,FBgn0086908
CG7564,0.060161393,5.558351845,0.738914627,0.872616695,CG7564,FBgn0036734
CG18011,-0.105937265,3.68160799,0.738932667,0.872616695,CG18011,FBgn0033491
CG9867,0.081906806,4.151302741,0.739069908,0.872664691,Eogt,FBgn0264672
mRpL21,0.092848015,3.793537482,0.739408872,0.87295083,mRpL21,FBgn0036853
CG32210,-0.062091788,6.244661211,0.739845264,0.873335764,l(3)76BDr,FBgn0262517
CG31345,-0.085910184,4.248532477,0.740017353,0.873335764,CG31345,FBgn0051345
CG4709,-0.083314283,4.127911795,0.740024937,0.873335764,CG4709,FBgn0032169
Cyp9b2,0.068997524,7.915556729,0.740216375,0.873362124,Cyp9b2,FBgn0015039
CG2774,-0.057817622,6.174472017,0.740240623,0.873362124,Snx1,FBgn0031534
CG3184,-0.124735981,3.419456978,0.740577539,0.873645532,CG3184,FBgn0029892
dgt1,-0.069133681,4.611081005,0.740778138,0.873768077,dgt1,FBgn0039710
CG8184,0.056960152,8.065354467,0.741439051,0.874294106,CG8184,FBgn0030674
Arp5,0.083508518,5.066605809,0.741499209,0.874294106,Arp5,FBgn0038576
CG4065,0.083766114,4.417643892,0.741546414,0.874294106,CG4065,FBgn0034982
KCNQ,-0.064175161,5.533383103,0.741744872,0.874294106,KCNQ,FBgn0033494
CG2691,-0.062964854,5.263451068,0.741773005,0.874294106,CG2691,FBgn0030504
CG16952,0.05059467,6.729477719,0.741804773,0.874294106,CG16952,FBgn0030701
CG7053,-0.060429379,5.643858859,0.742317849,0.874784691,Atg101,FBgn0030960
CG10209,0.089269983,4.415311293,0.74252617,0.874916059,CG10209,FBgn0033971
CG13253,-0.11104583,3.828699933,0.742801853,0.875121242,cmpy,FBgn0037015
Ino80,-0.083359308,4.324781693,0.742894045,0.875121242,Ino80,FBgn0086613
ubl,0.087373271,3.94668367,0.743216877,0.875286615,ubl,FBgn0022224
CG5439,0.062600075,5.098443788,0.74330473,0.875286615,CG5439,FBgn0032476
GstE7,0.05414858,6.498185043,0.743325095,0.875286615,GstE7,FBgn0063493
CG11980,-0.079587808,5.128642561,0.743671919,0.875574065,CG11980,FBgn0037652
CG1738,-0.186831099,1.997245661,0.743763048,0.875574065,CG1738,FBgn0030291
Xpac,-0.093385383,3.9449013,0.744249046,0.876032037,Xpac,FBgn0004832
CG15715,0.082335053,4.508549179,0.744559458,0.876079865,CG15715,FBgn0036538
CG11788,-0.144221149,2.553018448,0.744657612,0.876079865,CG11788,FBgn0034495
CkIIbeta,-0.052875235,5.579326498,0.744666478,0.876079865,CkIIbeta,FBgn0000259
CAP-D2,-0.133271711,2.96631763,0.744713328,0.876079865,Cap-D2,FBgn0039680
CG13879,-0.14290637,2.363433445,0.744841834,0.876079865,wac,FBgn0035120
CG32790,-0.168787719,1.692430944,0.744871534,0.876079865,CG43689,FBgn0263772
CG31469,0.079793752,4.312573886,0.744985115,0.876099392,CG31469,FBgn0051469
l-2-gd1,-0.059586035,5.363889206,0.745108794,0.876130788,l(2)gd1,FBgn0261983
faf,-0.050747525,8.400323376,0.74525356,0.876169096,faf,FBgn0005632
CG12947,-0.310647218,0.688467578,0.745335344,0.876169096,CG12947,FBgn0037753
CG1635,-0.063274743,4.912468893,0.745806808,0.876609251,CG1635,FBgn0039854
Ser,-0.214673084,2.113995458,0.745922955,0.876631712,Ser,FBgn0004197
CG9044,0.054892569,6.473448625,0.746029694,0.876643113,CG9044,FBgn0031752
CG12213,-0.055563392,5.751306009,0.746512635,0.87709652,CG12213,FBgn0260742
Ipp,-0.052304705,6.950208348,0.746639225,0.877131178,Ipp,FBgn0016672
CG4447,-0.125784072,2.70144918,0.746768903,0.877151764,CG4447,FBgn0035980
CG14512,0.130215688,2.778287928,0.746850937,0.877151764,CG14512,FBgn0039639
CG5498,-0.060866307,5.501032156,0.74698292,0.877192734,CG5498,FBgn0027565
CG32649,-0.05751638,5.518853129,0.747499856,0.877666901,CG32649,FBgn0052649
Ank2,-0.070104995,8.395070248,0.747581005,0.877666901,Ank2,FBgn0261788
CG10426,-0.060651254,4.936976915,0.74768088,0.877670098,CG10426,FBgn0036273
CG3033,-0.057633564,5.934953806,0.747778391,0.877670519,GAA1,FBgn0029818
CG5077,0.050820756,6.924172657,0.747937953,0.877732079,CG42668,FBgn0261550
CG6422,-0.052154358,6.171456281,0.748025158,0.877732079,CG6422,FBgn0039261
mst,0.134279705,3.021450589,0.748824234,0.87847412,mst,FBgn0020272
CG31648,-0.107151553,3.481550124,0.749000525,0.87847412,CG31648,FBgn0051648
CG30185,0.067900554,4.940809904,0.749028241,0.87847412,CG30185,FBgn0050185
CG7442,-0.320737879,0.852170565,0.749046508,0.87847412,CG7442,FBgn0037140
Ptpmeg,0.048441285,6.984665231,0.749687313,0.878807364,Ptpmeg,FBgn0261985
CG1295,0.165347878,1.954668493,0.749779544,0.878807364,CG43367,FBgn0263110
CG30077,-0.112867343,3.524513653,0.749826676,0.878807364,Blos1,FBgn0050077
CG41452,0.177034903,1.756450816,0.749847166,0.878807364,nrm,FBgn0262509
CG7650,-0.09860704,3.754360427,0.749854565,0.878807364,CG7650,FBgn0036519
dup,-0.120783252,2.756665687,0.74991432,0.878807364,dup,FBgn0000996
PKD,0.047146821,7.080945351,0.750704251,0.879540538,PKD,FBgn0038603
4EHP,-0.096317381,3.149624513,0.750734679,0.879540538,4EHP,FBgn0053100
Mhc,0.138344155,7.442735794,0.750891453,0.879575659,Mhc,FBgn0264695
RpL5,0.051294002,9.826493081,0.750984148,0.879575659,RpL5,FBgn0064225
CG14770,-0.322783033,0.410822541,0.75106811,0.879575659,CG14770,FBgn0029573
Pcl,-0.063910521,5.149519026,0.751154108,0.879575659,Pcl,FBgn0003044
CG4933,-0.135182901,2.799850487,0.751706144,0.880107998,CG4933,FBgn0036615
mys,-0.051154722,6.737583526,0.752142657,0.880403683,mys,FBgn0004657
Gr43a,0.146946416,1.658175546,0.752244881,0.880403683,Gr43a,FBgn0041243
CG6115,0.048603567,6.600137897,0.752251055,0.880403683,CG6115,FBgn0040985
CG8668,-0.056430546,5.663477939,0.752480405,0.880558028,CG8668,FBgn0031988
CG3573,-0.046422953,6.739374455,0.752800297,0.880715317,Ocrl,FBgn0023508
mtTFB1,-0.047969057,7.038279209,0.75288264,0.880715317,"Ccdc56 , mtTFB1","FBgn0261353 , FBgn0261381"
GIIIspla2,0.077616083,4.007141384,0.752919205,0.880715317,GIIIspla2,FBgn0030013
CG4064,-0.08664138,3.80708954,0.753004772,0.880715317,CG42699,FBgn0261610
CG15438,-0.06429547,4.868132463,0.753248474,0.880821066,MFS18,FBgn0025684
CG12065,0.044865282,6.946470235,0.753290187,0.880821066,CG12065,FBgn0030052
Alas,0.05090935,7.997266212,0.753492243,0.88087051,Alas,FBgn0020764
CG4788,-0.156682753,2.825688055,0.753530881,0.88087051,CG4788,FBgn0032354
CG2016,-0.146558243,3.510371514,0.753632995,0.88087051,CG2016,FBgn0250839
CG6498,-0.05080469,7.864072736,0.753733068,0.88087051,dop,FBgn0267390
Or56a,-0.069313295,5.018104269,0.753854699,0.88087051,Or56a,FBgn0034473
CG9095,0.161668519,2.220737427,0.75391751,0.88087051,CG9095,FBgn0030617
CG31278,0.18615297,2.58337647,0.75411119,0.880982865,CG31278,FBgn0051278
Tom7,-0.048642401,7.152691931,0.755484054,0.882472581,Tom7,FBgn0033357
tra2,0.071353626,4.617326186,0.756140621,0.883125323,tra2,FBgn0003742
CG2247,-0.073293904,5.062960374,0.756376305,0.883286394,CG2247,FBgn0030320
Fer1,-0.047752084,7.490575578,0.756508782,0.883326914,Fer1,FBgn0037475
CG3508,0.079184504,4.368416845,0.756753372,0.883400566,Hexim,FBgn0038251
REG,-0.054218083,6.173032379,0.756767432,0.883400566,REG,FBgn0029133
CG15912,0.135643104,2.619414467,0.756997437,0.883554889,CG15912,FBgn0029712
CG13796,0.096390492,3.431472717,0.757600788,0.88414488,CG13796,FBgn0031939
chic,-0.056586985,7.687537244,0.757907526,0.884283883,chic,FBgn0000308
CG8870,-0.179778697,1.319864009,0.757915664,0.884283883,CG8870,FBgn0038144
CG14712,0.070361254,4.616001005,0.758186144,0.884307009,CG14712,FBgn0037924
CG10359,0.167196091,2.580995603,0.758253687,0.884307009,CG10359,FBgn0035452
CG12935,0.138717355,2.630614379,0.75828949,0.884307009,CG12935,FBgn0033547
CG34272,0.266619173,0.706656118,0.75862603,0.884307009,CG42673,FBgn0261555
Oda,0.0483796,10.44777551,0.75871309,0.884307009,Oda,FBgn0014184
DnaJ-H,0.048742561,7.669548123,0.758865898,0.884307009,DnaJ-H,FBgn0032474
fh,-0.092818666,3.426825475,0.758920727,0.884307009,fh,FBgn0030092
CG5319,-0.052447084,6.650676582,0.758943921,0.884307009,lute,FBgn0262871
Rpb8,0.095287446,4.263553953,0.758963129,0.884307009,Rpb8,FBgn0037121
up,-0.163206066,4.943177287,0.759073902,0.884307009,up,FBgn0004169
CG5381,0.062604781,5.299756226,0.759194707,0.884307009,CG5381,FBgn0032218
CG31528,0.223553675,1.879557091,0.759195745,0.884307009,CG31528,FBgn0051528
CG11342,0.212572725,0.793032923,0.759434285,0.884307009,CG11342,FBgn0035537
CG4849,0.064457505,4.639171089,0.759503733,0.884307009,CG4849,FBgn0039566
sktl,0.050817157,6.345716584,0.759541827,0.884307009,sktl,FBgn0016984
Sir2,-0.047431191,6.85687309,0.759735213,0.884307009,Sir2,FBgn0024291
Pnn,0.0720426,4.280528993,0.759752019,0.884307009,Pnn,FBgn0037737
CG12913,0.10411362,3.004525277,0.759810453,0.884307009,CG12913,FBgn0033500
Upf2,0.064774641,5.167869529,0.760022051,0.884307009,Upf2,FBgn0029992
CG15317,0.126542373,2.287069704,0.760054219,0.884307009,CG15317,FBgn0030137
CG13919,-0.144837926,2.17127804,0.760068233,0.884307009,CG13919,FBgn0035248
CG9395,-0.053590182,5.762600948,0.760088989,0.884307009,CG9395,FBgn0032506
CG4239,0.059552355,4.958226819,0.760235128,0.88436314,CG4239,FBgn0030745
CG12811,0.074084497,4.212448536,0.76038729,0.884426262,CG12811,FBgn0037779
Bgb,0.08640985,4.552657113,0.760582736,0.884539707,Bgb,FBgn0013753
Tsp42Eh,0.213261868,1.891270964,0.760936189,0.88454918,Tsp42Eh,FBgn0033129
CG6833,0.094797362,3.946604608,0.76122013,0.88454918,CG6833,FBgn0036405
CG1868,0.089760058,3.679511867,0.761232369,0.88454918,CG1868,FBgn0033427
Cdk9,-0.064111476,4.683435622,0.761280092,0.88454918,Cdk9,FBgn0019949
rols,-0.075227958,4.813979439,0.761292826,0.88454918,rols,FBgn0041096
CG7852,-0.045561493,6.721377229,0.761334456,0.88454918,CG7852,FBgn0035229
CG15134,-0.058608435,5.168710409,0.76145887,0.88454918,tweek,FBgn0261671
CG31388,-0.13354345,3.35460328,0.761483287,0.88454918,CG31388,FBgn0051388
Vha100-1,0.046946273,7.850500877,0.761526703,0.88454918,Vha100-1,FBgn0028671
CG5872,-0.102201724,3.564198824,0.761570016,0.88454918,CG5872,FBgn0036991
mle,-0.046403741,6.600958027,0.76173771,0.884577262,mle,FBgn0002774
CG31922,-0.183607939,1.266107003,0.761853325,0.884577262,CG31922,FBgn0051922
TSG101,-0.045638957,6.950625966,0.761887943,0.884577262,TSG101,FBgn0036666
CG7200,0.100981833,3.427759488,0.762003001,0.884597162,CG7200,FBgn0032671
CG6041,-0.168219169,1.591920488,0.76242831,0.884977175,CG6041,FBgn0029826
Rab21,-0.065880167,4.575235865,0.762665996,0.885139339,Rab21,FBgn0039966
CG5292,0.093529746,3.530686691,0.762959891,0.885366687,CG5292,FBgn0038491
Aats-ser,0.077897635,4.266403,0.763571648,0.885962788,Aats-ser,FBgn0021750
mRpL51,-0.071540022,4.319834464,0.763823531,0.886141233,mRpL51,FBgn0032053
CG3744,0.050483273,6.186344726,0.764078303,0.886322983,CG3744,FBgn0039240
His3-3B,0.046193615,8.481298033,0.764457171,0.886554693,His3.3B,FBgn0004828
Lnk,0.054987513,6.145357651,0.764611145,0.886554693,Lnk,FBgn0028717
rhea,0.047584515,8.450034582,0.764647341,0.886554693,rhea,FBgn0260442
sno,-0.046986329,6.261048369,0.764670596,0.886554693,sno,FBgn0265630
CG5815,0.072703426,4.387245644,0.76493935,0.886752482,CG5815,FBgn0027574
CG9350,0.046031802,7.707179296,0.765127487,0.886856776,CG9350,FBgn0034576
CG6454,0.046329497,6.385340032,0.765309706,0.886954186,CG6454,FBgn0039187
CG3419,0.064908864,5.446157088,0.765984699,0.887622598,"CG45068 , CG45069","FBgn0266438 , FBgn0266439"
CG3061,-0.046549922,7.528777944,0.766243691,0.887808838,CG3061,FBgn0038195
Fen1,0.136867895,2.503226681,0.766374813,0.887846891,Fen1,FBgn0025832
CG12279,-0.072716949,4.470449789,0.766613665,0.888009726,CG12279,FBgn0038080
CG18870,0.090242723,4.132755204,0.766786632,0.88809621,CG18870,FBgn0042180
CG15744,0.090574689,4.398408232,0.767326153,0.888607162,CG15744,FBgn0030466
CG4854,-0.15906637,1.819447113,0.767747265,0.888980875,CG4854,FBgn0038766
sdk,-0.052018989,5.532379208,0.767923044,0.889070457,sdk,FBgn0021764
RpS15Ab,0.062826135,4.763925112,0.768143706,0.889211973,RpS15Ab,FBgn0033555
Pp1-87B,-0.046585671,8.054448221,0.768632514,0.889663822,Pp1-87B,FBgn0004103
CG42399,0.049605958,6.272702196,0.769068696,0.89005465,CG42399,FBgn0259818
CG2617,-0.116308704,2.602104327,0.769355637,0.890251216,CG2617,FBgn0032877
SMSr,-0.064013506,4.587371286,0.769435631,0.890251216,SMSr,FBgn0052380
CG11866,-0.052308327,6.025601115,0.769707198,0.89045138,dmpd,FBgn0033486
CG15343,0.153466135,2.114306018,0.770014815,0.890628359,CG15343,FBgn0030029
CG15863,-0.201282386,1.272721749,0.770057351,0.890628359,CG15863,FBgn0033467
CG33971,-0.0974828,3.321505894,0.770207895,0.890688444,Ir62a,FBgn0053971
mRpL41,-0.081782844,3.832817187,0.770930306,0.891384423,mRpL41,FBgn0034001
CG8211,-0.057699147,5.099514276,0.771007071,0.891384423,IntS2,FBgn0030858
Hira,-0.083888103,3.863036955,0.77133083,0.8916425,Hira,FBgn0022786
cal1,0.069771057,4.136166855,0.771526056,0.8916425,cal1,FBgn0038478
CG4679,-0.06714492,4.313828571,0.771526392,0.8916425,CG4679,FBgn0033816
Alg-2,-0.05712475,5.391428439,0.771677027,0.891702514,Alg-2,FBgn0086378
CG3792,0.04736059,5.766841297,0.772116833,0.892065668,CG3792,FBgn0031662
frtz,0.057751801,5.189592867,0.772188789,0.892065668,frtz,FBgn0086698
CG3164,0.047049664,9.818163379,0.772583016,0.892406977,CG3164,FBgn0025683
Ant2,-0.106566401,3.036512127,0.773414494,0.893144299,Ant2,FBgn0025111
CG13151,-0.09477908,3.325353737,0.773419067,0.893144299,CG13151,FBgn0033750
Klp54D,0.055309248,6.699843563,0.773782299,0.893248579,"CG43324 , Klp54D","FBgn0263029 , FBgn0263076"
CG8273,-0.071612158,4.421425969,0.77378236,0.893248579,CG8273,FBgn0037716
CG5869,-0.083017475,3.732875163,0.773847479,0.893248579,CG5869,FBgn0028894
gogo,0.045561896,5.971732904,0.773904874,0.893248579,gogo,FBgn0052227
CG9143,-0.073533097,3.735575923,0.774258552,0.893542636,CG9143,FBgn0034496
CG17294,-0.078394946,4.155518724,0.774434166,0.893631148,CG17294,FBgn0032032
Acph-1,-0.082625229,3.755585293,0.774921689,0.894079507,Acph-1,FBgn0000032
CG7998,-0.049736759,9.40967442,0.775090417,0.894113759,Mdh2,FBgn0262559
CG7154,0.058517598,4.951773687,0.775191374,0.894113759,CG7154,FBgn0031947
CG17078,-0.063385493,4.582918724,0.775345639,0.894113759,CG17078,FBgn0086855
Gprk2,0.049033201,6.314866633,0.775347265,0.894113759,Gprk2,FBgn0261988
CG32544,0.06552275,4.436486962,0.775526748,0.894184509,CG32544,FBgn0052544
CG31706,-0.172185847,2.375923981,0.775606576,0.894184509,CG31706,FBgn0051706
CG3618,-0.043215911,6.569961147,0.775835138,0.894247832,CG3618,FBgn0037028
CG5919,-0.075181275,4.209286664,0.775859476,0.894247832,CG5919,FBgn0038876
CG14903,0.145410075,3.162940599,0.776103726,0.894396318,CG14903,FBgn0038446
CG16771,0.112359286,2.716231902,0.776267835,0.894396318,CG16771,FBgn0032779
CG14073,0.047901754,5.918234623,0.776285314,0.894396318,CG14073,FBgn0036814
CG9086,-0.046689444,8.161312277,0.777144121,0.895213348,CG9086,FBgn0030809
CG5783,-0.087544442,3.751396654,0.777255515,0.895213348,CG5783,FBgn0032670
CG4723,-0.168204686,1.879246993,0.777291731,0.895213348,CG4723,FBgn0039023
D19A,-0.05710976,5.128613297,0.777929179,0.895616299,D19A,FBgn0022935
Oamb,0.049397968,6.645441308,0.777958528,0.895616299,Oamb,FBgn0024944
CG11875,0.092626758,3.127900133,0.777963047,0.895616299,Nup37,FBgn0039301
CG12393,-0.05790838,4.782060461,0.778038158,0.895616299,CG12393,FBgn0031768
wupA,-0.14451584,4.302233864,0.778374258,0.895889036,wupA,FBgn0004028
CG4061,0.053415052,5.323476016,0.778518042,0.895940381,CG4061,FBgn0025630
TfIIFbeta,-0.072238267,4.013370052,0.778993044,0.89635067,TfIIFbeta,FBgn0010421
cln3,0.053483962,6.595663514,0.779157138,0.89635067,cln3,FBgn0036756
CG3407,0.081380068,3.626800636,0.779245768,0.89635067,CG3407,FBgn0031573
Sac1,0.042276391,6.46193306,0.779271437,0.89635067,Sac1,FBgn0035195
CG32075,-0.093783628,3.421538751,0.779372816,0.896353154,CG32075,FBgn0052075
TfIIA-S,0.049517544,6.150454522,0.779779786,0.89670705,TfIIA-S,FBgn0013347
Aats-ala-m,-0.068175113,4.769565872,0.779932481,0.896768491,Aats-ala-m,FBgn0028962
Edc3,-0.05622978,5.249401671,0.780185276,0.896870874,Edc3,FBgn0036735
CG11859,0.067686969,4.52212754,0.780220079,0.896870874,RIOK2,FBgn0039306
Aats-pro,-0.095706418,3.190972108,0.78034949,0.896905508,Aats-pro,FBgn0027082
CG13681,0.148010785,1.378995476,0.780646647,0.897103881,Ect4,FBgn0262579
CG3590,-0.080207764,4.149505846,0.78072069,0.897103881,AdSL,FBgn0038467
mRpL36,0.071069488,3.804314168,0.78128408,0.897637082,mRpL36,FBgn0042112
CG10472,0.12977219,1.96316167,0.782155705,0.898524242,CG10472,FBgn0035670
CG6666,-0.043112652,8.143892951,0.782501398,0.898700784,SdhC,FBgn0037873
sds22,0.063559243,4.527236943,0.782508343,0.898700784,sds22,FBgn0028992
CG16984,-0.175111703,1.984218061,0.782766852,0.89878844,CG16984,FBgn0062517
CG8878,-0.044202027,5.99030369,0.782783645,0.89878844,CG8878,FBgn0027504
l-1-G0255,-0.043559791,7.565405092,0.783108719,0.899013523,l(1)G0255,FBgn0028336
cbx,-0.080833656,4.022424526,0.783348059,0.899013523,cbx,FBgn0011241
lbm,-0.04875917,6.388582905,0.783391552,0.899013523,lbm,FBgn0016032
CG1957,0.081017328,4.116944211,0.78347782,0.899013523,Cpsf100,FBgn0027873
GstS1,-0.04309345,6.136777063,0.783524849,0.899013523,GstS1,FBgn0010226
woc,-0.041533344,7.15816017,0.783582583,0.899013523,woc,FBgn0010328
CG5284,-0.045648649,7.465566976,0.783676278,0.899013523,ClC-c,FBgn0036566
CG42359,0.116417384,3.187522302,0.783931218,0.899191801,CG42359,FBgn0259705
Psc,-0.090625766,3.762785023,0.784146065,0.899324051,Psc,FBgn0005624
CG11964,0.064888461,4.635193993,0.78437869,0.899476655,CG11964,FBgn0037644
DNApol-alpha60,-0.189062958,0.931230529,0.784657261,0.899570454,DNApol-alpha60,FBgn0259676
As,0.043976527,6.170184532,0.784691316,0.899570454,Ube3a,FBgn0061469
raps,0.04715674,5.72738,0.784759215,0.899570454,pins,FBgn0040080
bocksbeutel,-0.065735816,4.331249358,0.78506571,0.899807615,bocksbeutel,FBgn0037719
luna,0.096007161,2.942586143,0.785432414,0.900113716,luna,FBgn0040765
CG9416,0.148827316,2.231744998,0.785633787,0.900230293,CG9416,FBgn0034438
CG4802,0.070321677,4.176961562,0.78591549,0.900438875,Mtap,FBgn0034215
CG7431,0.237775555,0.229761393,0.786064911,0.900495867,TyrR,FBgn0038542
CG9140,-0.04170439,8.495058917,0.786318949,0.900672674,CG9140,FBgn0031771
niki,-0.04419316,6.759197793,0.786583596,0.900714962,niki,FBgn0045980
CG3558,-0.041375404,6.863625987,0.786588944,0.900714962,CG3558,FBgn0025681
CG6282,0.047163334,7.53197389,0.786654975,0.900714962,CG6282,FBgn0035914
CG6638,-0.06943621,3.910721003,0.78681421,0.90077027,CG6638,FBgn0035911
PTP-ER,-0.04052075,6.476425366,0.786913801,0.90077027,PTP-ER,FBgn0016641
Mtor,-0.041682646,6.478970139,0.787002406,0.90077027,Mtor,FBgn0013756
loqs,-0.046344077,7.364681825,0.787413437,0.900939479,loqs,FBgn0032515
CG8939,0.061019169,4.500944661,0.787439946,0.900939479,CG8939,FBgn0030720
Adam,0.041643555,6.540810202,0.787449427,0.900939479,Adam,FBgn0027619
Toll-7,-0.083661569,4.458147517,0.788130667,0.901604716,Toll-7,FBgn0034476
CG10855,-0.067160228,4.188708795,0.788254956,0.901622944,ntc,FBgn0035461
cort,0.227756539,0.79379521,0.788399287,0.901622944,cort,FBgn0000351
CG13322,-0.068929019,4.427028477,0.788446011,0.901622944,CG13322,FBgn0033784
P5cr,-0.050172737,5.37919625,0.789162646,0.902260068,P5cr,FBgn0015781
Sara,0.043276197,7.317604981,0.789281277,0.902260068,Sara,FBgn0026369
CG16971,0.066238107,6.990686865,0.789400265,0.902260068,CR42862,FBgn0262109
CG14252,-0.090173144,3.051420818,0.78942186,0.902260068,CG14252,FBgn0039462
rev7,0.09664145,3.235663766,0.789502528,0.902260068,rev7,FBgn0037345
CG2137,0.172828764,1.527595514,0.789630876,0.902292604,CG2137,FBgn0033190
CG32698,0.20051622,1.115670683,0.789766591,0.902333551,CG32698,FBgn0052698
Or59b,-0.041484376,8.096535119,0.790143174,0.90251795,Or59b,FBgn0034865
SP2353,0.044500699,9.744287862,0.790195588,0.90251795,SP2353,FBgn0034070
CG15880,-0.187834497,0.904469658,0.790374495,0.90251795,CG15880,FBgn0031283
CG9662,-0.068984601,4.493359183,0.790403958,0.90251795,CG9662,FBgn0031529
CG31005,-0.067527487,4.532207443,0.790427498,0.90251795,qless,FBgn0051005
CG13611,0.116185173,2.878157001,0.790627039,0.902631704,CG13611,FBgn0039177
CG32170,-0.086753103,4.538654212,0.791109313,0.902704608,CG32170,FBgn0052170
CG8445,-0.072565995,4.029656331,0.791250675,0.902704608,calypso,FBgn0262166
Ced-12,0.067794791,4.563242904,0.791299616,0.902704608,Ced-12,FBgn0032409
CG30010,-0.113233996,2.721314021,0.791302628,0.902704608,CG30010,FBgn0050010
CG4045,-0.068378137,4.187326631,0.791314517,0.902704608,CG4045,FBgn0025629
CG8816,-0.142807496,2.468444496,0.791334938,0.902704608,Ak6,FBgn0033754
CG12241,0.050112152,5.253731101,0.791584494,0.902704608,CG12241,FBgn0038304
Ca-alpha1T,0.078079821,5.349638263,0.791599424,0.902704608,Ca-alpha1T,FBgn0264386
CG6191,-0.038434276,6.942578774,0.791618641,0.902704608,CG6191,FBgn0027581
CG5220,-0.08295699,3.556139008,0.791690127,0.902704608,CG5220,FBgn0038471
enok,-0.039277683,6.786132173,0.791821193,0.902740113,enok,FBgn0034975
CG8379,0.045420142,5.435394654,0.792152637,0.902760666,CG8379,FBgn0037638
CG10274,-0.05638664,4.676634145,0.792305785,0.902760666,CG10274,FBgn0035690
ham,-0.215998621,1.698737913,0.792473928,0.902760666,ham,FBgn0045852
CG32373,0.146148338,2.396382305,0.792480039,0.902760666,CG32373,FBgn0052373
rho-5,-0.046779856,6.109897737,0.792532702,0.902760666,rho-5,FBgn0041723
CG13954,0.097547352,3.270496152,0.792542239,0.902760666,CG13954,FBgn0033405
CG10960,-0.043727676,7.484461198,0.792591281,0.902760666,CG10960,FBgn0036316
CG8111,0.05113898,5.005905643,0.792638654,0.902760666,CG8111,FBgn0035825
CheA87a,0.289838963,1.306996571,0.792863684,0.902903129,CheA87a,FBgn0038142
CG10262,0.100791156,3.572592727,0.793066987,0.90298251,CG10262,FBgn0032813
CG18854,0.04198987,8.251499405,0.793133298,0.90298251,CR18854,FBgn0042174
CG8607,0.118481452,2.867187421,0.793465631,0.90324704,CG8607,FBgn0035760
Roc2,-0.060356469,4.390142347,0.793914007,0.903499429,Roc2,FBgn0044020
CG13213,-0.044373027,6.014153739,0.793979555,0.903499429,fbl6,FBgn0033609
CG6812,0.044017478,5.515937582,0.793987377,0.903499429,CG6812,FBgn0036843
CG8765,0.055828927,5.11667426,0.794114066,0.903529782,CG8765,FBgn0036900
dik,-0.055098299,5.088138401,0.794333063,0.903591233,dik,FBgn0030891
ey,0.291855594,0.403663628,0.794385034,0.903591233,ey,FBgn0005558
CG9715,-0.04010143,6.17581825,0.794514179,0.903591233,CG9715,FBgn0036668
CG14047,0.047876385,7.130636213,0.794568159,0.903591233,PsGEF,FBgn0264598
Nup153,-0.040496172,6.882933349,0.794984043,0.903849088,Nup153,FBgn0061200
dpr4,-0.062066476,4.655657371,0.794995002,0.903849088,dpr4,FBgn0053512
Bap170,-0.046145647,5.601364653,0.795127364,0.90388582,Bap170,FBgn0042085
vih,0.059765835,4.817120301,0.795444516,0.904031637,vih,FBgn0264848
CG3891,0.060539287,4.845803893,0.795455776,0.904031637,Nf-YA,FBgn0035993
Stat92E,0.041693321,7.955523608,0.796157865,0.904697664,Stat92E,FBgn0016917
Marcal1,-0.093828001,2.768734954,0.796315261,0.904697664,Marcal1,FBgn0031655
noc,0.038884449,6.505087289,0.796342243,0.904697664,noc,FBgn0005771
CG13732,0.275702511,0.40166372,0.796522946,0.904789174,qjt,FBgn0036730
CG33158,0.071706761,4.1291227,0.796865905,0.904956152,CG33158,FBgn0053158
east,-0.04231899,7.352312812,0.796938679,0.904956152,east,FBgn0261954
b,-0.105626554,3.836709217,0.796970461,0.904956152,b,FBgn0000153
Exn,-0.039835219,7.272711531,0.797155975,0.905008045,Exn,FBgn0261547
Cpr47Ea,-0.11799183,1.517568634,0.797216518,0.905008045,Cpr47Ea,FBgn0033597
Ero1L,-0.03973752,6.088292172,0.797432919,0.905139966,Ero1L,FBgn0261274
CG12818,-0.096323787,2.478318691,0.797661368,0.905285528,CG12818,FBgn0037809
CG1240,-0.043194913,6.254878552,0.797813122,0.90534402,Non2,FBgn0035370
CG14619,-0.038368021,6.778621822,0.798012967,0.905356625,CG14619,FBgn0031187
crq,0.04044207,7.115499991,0.798060234,0.905356625,crq,FBgn0015924
cdc2c,-0.11262042,2.824942065,0.79812488,0.905356625,Cdk2,FBgn0004107
CG9059,0.085499954,3.867887654,0.798700363,0.905886242,CG45002,FBgn0266354
CG31033,0.065217889,4.540385725,0.798792318,0.905886242,Atg16,FBgn0039705
CG1575,0.076137026,3.339061609,0.799195795,0.90623005,CG1575,FBgn0029999
CG4875,-0.089754159,3.263001084,0.799427762,0.906275877,Rcp,FBgn0030801
Hs6st,-0.062059456,4.469060072,0.799527391,0.906275877,Hs6st,FBgn0038755
CG6765,0.043529166,6.043033437,0.799537164,0.906275877,CG6765,FBgn0035903
CG17737,0.039606053,7.172770933,0.79969971,0.906326612,CG17737,FBgn0035423
Ef1alpha100E,0.039195065,9.111721279,0.799782571,0.906326612,Ef1alpha100E,FBgn0000557
CG4360,-0.044768301,5.871302435,0.800199707,0.906685583,CG4360,FBgn0038787
CG6000,-0.077376931,3.761982443,0.800390625,0.906708116,CG6000,FBgn0039145
CG31675,-0.280271171,0.878201393,0.800420326,0.906708116,CG31675,FBgn0051675
CG13599,-0.21476609,0.772096072,0.800908137,0.90704554,CG13599,FBgn0039128
btl,-0.317508849,0.707368259,0.800919003,0.90704554,btl,FBgn0005592
edl,0.06781495,4.843628257,0.801185445,0.907233556,edl,FBgn0023214
CG10663,0.196194641,1.162374842,0.801377789,0.90733763,CG10663,FBgn0036287
COQ7,0.041653294,5.736072499,0.801506431,0.907369562,COQ7,FBgn0029502
CG11307,-0.082322589,3.414183609,0.801724633,0.907502861,CG11307,FBgn0037106
CG12641,0.242096333,1.147327034,0.801879642,0.907564606,CG43740,FBgn0263997
CG18659,-0.039683623,6.903728774,0.802503003,0.907894559,CG18659,FBgn0027561
nudE,0.043591318,6.551263174,0.802555979,0.907894559,nudE,FBgn0036059
inaD,0.147161632,1.672536176,0.802643467,0.907894559,inaD,FBgn0001263
CG14270,0.06886253,4.29255317,0.802755026,0.907894559,CG14270,FBgn0029665
CG32638,-0.040194677,6.397358929,0.802966461,0.907894559,CG32638,FBgn0052638
CG5805,-0.038329674,6.019263046,0.803020319,0.907894559,CG5805,FBgn0039223
CG16972,-0.050773939,5.214829656,0.80307634,0.907894559,CG16972,FBgn0032481
CG10144,-0.054134674,4.597471114,0.803245788,0.907894559,CG10144,FBgn0035704
CG7156,-0.06233183,4.390846459,0.803332576,0.907894559,CG7156,FBgn0038588
corto,0.040211451,7.133754231,0.803339995,0.907894559,corto,FBgn0010313
CG6689,0.05606984,5.101016336,0.803380084,0.907894559,CG6689,FBgn0037877
swi2,0.161261179,1.24277417,0.80343775,0.907894559,swi2,FBgn0034262
CG11851,-0.068698948,4.021882402,0.80347764,0.907894559,CG11851,FBgn0039293
CG17202,0.052376837,4.7998294,0.80424117,0.908643663,CG17202,FBgn0038043
CG12236,-0.052985832,5.052744313,0.804438976,0.908753496,CG12236,FBgn0029822
Gclc,0.042901553,8.7669031,0.804671142,0.908902112,Gclc,FBgn0040319
CG7842,0.078383263,3.670551651,0.804926762,0.909027188,beg,FBgn0036691
Aprt,0.093614197,3.34725302,0.80498312,0.909027188,Aprt,FBgn0000109
pcs,-0.042500573,6.153906565,0.805523266,0.909389183,pcs,FBgn0033988
CG5867,-0.046003281,10.59391563,0.805606121,0.909389183,CG5867,FBgn0027586
CoVa,0.038039669,8.893846788,0.80571232,0.909389183,CoVa,FBgn0019624
CG5727,0.08048958,3.059968431,0.805783691,0.909389183,CG5727,FBgn0032193
l-1-G0148,-0.049254834,6.143729437,0.805822553,0.909389183,l(1)G0148,FBgn0028360
CG13900,-0.039978698,6.801099415,0.80590766,0.909389183,CG13900,FBgn0035162
CG31133,-0.076652189,3.381367281,0.806023278,0.909393151,Slimp,FBgn0051133
Mer,-0.045491711,5.283162324,0.806112503,0.909393151,Mer,FBgn0086384
CG6654,0.055731066,4.488332964,0.806426915,0.909552372,CG6654,FBgn0038301
CG13901,-0.075663041,3.849773447,0.806455003,0.909552372,CG13901,FBgn0035164
CG31184,0.059151472,4.295629409,0.807299557,0.910145653,LSm3,FBgn0051184
CG31886,0.06321621,3.591066266,0.807419878,0.910145653,CG31886,FBgn0032079
Ark,-0.039911712,6.411911826,0.807443458,0.910145653,Ark,FBgn0263864
Mat89Bb,0.069371506,3.700428915,0.807476764,0.910145653,asun,FBgn0020407
pita,-0.048909197,5.202230962,0.807547679,0.910145653,pita,FBgn0034878
su-r-,0.093951552,3.546481148,0.807585516,0.910145653,su(r),FBgn0086450
CG13890,-0.056931696,4.52841715,0.807869779,0.910319478,CG13890,FBgn0035169
CG5902,-0.043622099,6.006969188,0.807962072,0.910319478,CG5902,FBgn0039136
CG17565,0.055174038,4.409831921,0.808042052,0.910319478,CG17565,FBgn0038424
CG31961,-0.056642998,5.002698698,0.80825253,0.910423068,CG31961,FBgn0051961
Art3,-0.086941001,3.396491035,0.808417275,0.910423068,Art3,FBgn0038306
CG7967,0.036573641,6.896295788,0.808436335,0.910423068,CG7967,FBgn0035251
tst,-0.063018461,4.456791491,0.808701148,0.910515037,tst,FBgn0039117
CG8831,0.062446371,4.290707799,0.808823424,0.910515037,Nup54,FBgn0033737
Ent3,-0.044591503,5.44978921,0.808828532,0.910515037,Ent3,FBgn0036319
Kap-alpha1,-0.040307941,6.549590969,0.808921152,0.910515037,Kap-alpha1,FBgn0024889
CG15220,0.092277668,3.20278545,0.809035167,0.910529923,RPA3,FBgn0266421
CG11835,0.1757313,0.971683198,0.809509853,0.910950674,CG11835,FBgn0031264
CG17090,-0.041808383,7.806843583,0.809647288,0.910988128,hipk,FBgn0035142
CR40375,0.237330619,1.082924596,0.809744816,0.910988128,CR40375,FBgn0085733
CG3793,-0.045927234,4.881957185,0.809981827,0.911141306,CG3793,FBgn0028507
janA,0.056300598,4.809604186,0.810211432,0.911286115,janA,FBgn0001280
Dhh1,0.072645089,3.332436075,0.810500231,0.911360522,Gem3,FBgn0011802
CG31973,0.059525133,4.78531861,0.810552188,0.911360522,Cda5,FBgn0051973
swm,0.034380781,6.955873866,0.810673972,0.911360522,swm,FBgn0002044
CG5642,0.038054143,7.636295317,0.810681111,0.911360522,CG5642,FBgn0036258
Argk,-0.038799743,11.13438837,0.811375217,0.912027337,Argk,FBgn0000116
CG7550,-0.083479262,3.323409795,0.811486741,0.912039216,CG7550,FBgn0035839
CG2264,-0.060666575,5.113347934,0.811759955,0.912232795,magu,FBgn0262169
CG9581,-0.046044747,5.10758114,0.811887926,0.912263125,CG9581,FBgn0031093
CG10306,-0.036401546,6.542152429,0.812413675,0.912740348,CG10306,FBgn0034654
Trp1,0.037055015,7.568611166,0.812584961,0.912819266,Trp1,FBgn0011584
arm,0.03688272,8.84877374,0.812783676,0.912854705,arm,FBgn0000117
Cirl,-0.03740278,8.564868386,0.812818601,0.912854705,Cirl,FBgn0033313
CR32477,-0.061999958,11.17652087,0.813181997,0.913141111,CR42862,FBgn0262109
dsh,0.041663502,5.750415564,0.813313331,0.913141111,dsh,FBgn0000499
Nup358,0.037379228,7.41983711,0.813376856,0.913141111,Nup358,FBgn0039302
Atg7,0.066636502,4.051009247,0.813539468,0.913176477,Atg7,FBgn0034366
CG1815,-0.035637925,6.738184368,0.813636585,0.913176477,CG1815,FBgn0039863
bif,-0.04062154,6.111321897,0.813775531,0.913176477,bif,FBgn0014133
CG3876,0.086176486,3.580888808,0.813812687,0.913176477,CG3876,FBgn0031284
CG11198,0.037608695,8.489934228,0.814291179,0.913599914,ACC,FBgn0033246
CG12304,0.046534836,4.909242673,0.814762678,0.913934723,CG12304,FBgn0036515
CG9934,0.03551012,6.368664388,0.814880014,0.913934723,CG9934,FBgn0032467
Arp11,0.043983277,5.405120009,0.814893092,0.913934723,Arp10,FBgn0031050
RhoGEF2,-0.036606278,7.9130098,0.815093609,0.914046135,RhoGEF2,FBgn0023172
CG32262,0.05662136,4.734464937,0.81553085,0.914422949,CG32262,FBgn0052262
TH1,-0.047799573,4.888585756,0.815681862,0.914478771,TH1,FBgn0010416
CG5630,0.060729606,4.18591784,0.815861544,0.914566719,hdly,FBgn0038842
Sas-4,-0.087815408,2.918043339,0.81609148,0.914710972,Sas-4,FBgn0011020
CG17162,-0.216475911,1.156444854,0.816434787,0.914982244,CG17162,FBgn0039944
CHORD,-0.085753699,3.563640112,0.816552484,0.915000637,CHORD,FBgn0029503
CG6560,-0.038934059,6.232607132,0.816774551,0.915135966,dnd,FBgn0038916
CycE,-0.133648228,2.452296835,0.817050995,0.915332179,CycE,FBgn0010382
brn,0.084171687,3.161186122,0.817161657,0.915342642,brn,FBgn0000221
CdGAPr,0.036497078,6.069167297,0.817511317,0.915419162,CdGAPr,FBgn0032821
PR2,0.050058599,5.023337626,0.817607322,0.915419162,Ack-like,FBgn0263998
CG5835,-0.129561786,2.417518744,0.817632116,0.915419162,CG5835,FBgn0038682
CG34172,0.167785672,1.634645936,0.817635291,0.915419162,CG34172,FBgn0085201
CG7384,-0.181057785,1.344929929,0.8180224,0.915739078,CG7384,FBgn0032262
CG1675,0.061737854,4.044935849,0.818301826,0.915835554,Ntmt,FBgn0033457
CG32113,-0.037923757,6.158161926,0.818311334,0.915835554,CG32113,FBgn0052113
CHKov2,0.041033917,5.555248733,0.818486102,0.915874022,CHKov2,FBgn0039328
Tsf2,0.035047161,6.737625467,0.818548468,0.915874022,Tsf2,FBgn0036299
CG32418,-0.074867259,3.381160766,0.8192337,0.9165108,vito,FBgn0052418
dor,0.056664674,4.776899206,0.81934158,0.9165108,dor,FBgn0000482
CG10669,-0.060338637,4.092321571,0.81954682,0.9165108,CG10669,FBgn0039329
CG11486,-0.036581402,7.16579598,0.819562302,0.9165108,CG11486,FBgn0035397
Atet,-0.037831274,8.191484467,0.819715685,0.9165108,Atet,FBgn0020762
ATPsyn-d,0.036660562,8.615047352,0.819726286,0.9165108,ATPsyn-d,FBgn0016120
CG32645,-0.268605379,1.331818762,0.820190459,0.916821662,CG32645,FBgn0052645
CG17255,0.038017226,8.155474747,0.820207292,0.916821662,nocte,FBgn0261710
CG33224,0.091363442,2.479781643,0.820578393,0.917026179,CG42388,FBgn0259734
eRF1,0.036714025,7.165846719,0.82075528,0.917026179,eRF1,FBgn0036974
CG13298,-0.043207199,5.277680287,0.82080406,0.917026179,CG13298,FBgn0035692
Mct1,0.053981224,4.702521556,0.821148063,0.917026179,Mct1,FBgn0023549
Adf1,-0.037750076,5.841408548,0.821244665,0.917026179,Adf1,FBgn0000054
CG18766,0.041107593,5.704187697,0.821259918,0.917026179,CG18766,FBgn0042111
DNApol-delta,0.070816522,3.76952438,0.82129365,0.917026179,DNApol-delta,FBgn0263600
NAT1,-0.034787611,9.436103206,0.821359478,0.917026179,NAT1,FBgn0010488
MED15,0.046745035,5.113016658,0.821432928,0.917026179,MED15,FBgn0027592
CG15267,-0.036894434,5.752015865,0.821566878,0.917026179,dao,FBgn0028862
CG4829,0.039032108,6.584248903,0.821573006,0.917026179,CG4829,FBgn0030796
CG10916,-0.06097207,4.762392944,0.821690044,0.917026179,CG10916,FBgn0034312
CG13895,-0.060412873,4.390110725,0.821762608,0.917026179,CG13895,FBgn0035158
CG1347,-0.034280896,6.932004019,0.821811373,0.917026179,Atg17,FBgn0037363
CG9389,-0.121943012,2.045130729,0.822023186,0.917039904,CG9389,FBgn0037064
CG31108,-0.035666085,5.653315427,0.822026693,0.917039904,CG31108,FBgn0051108
Eb1,0.034119359,6.632529639,0.822202599,0.917122889,Eb1,FBgn0027066
CG30081,0.129306761,1.809097516,0.822504327,0.917346184,Ir51b,FBgn0050081
CG9646,-0.035513329,7.186321195,0.822860068,0.917629657,CG9646,FBgn0034184
CG6995,-0.035949556,7.287740586,0.823019029,0.917693645,Saf-B,FBgn0039229
alpha-Man-II,-0.035175094,6.123567448,0.823552151,0.918081793,alpha-Man-II,FBgn0011740
CG5621,-0.249131421,1.219945493,0.823570384,0.918081793,CG5621,FBgn0038840
tun,-0.056209937,3.844305748,0.823923968,0.918201094,tun,FBgn0034046
CG31223,-0.083748033,2.722939482,0.823988133,0.918201094,CG31223,FBgn0051223
CG9056,0.038147598,7.471268425,0.824042054,0.918201094,tay,FBgn0260938
APC4,0.05287975,4.370917828,0.824083958,0.918201094,APC4,FBgn0052707
CG14211,-0.046880168,4.49282746,0.824276324,0.918302172,MKP-4,FBgn0031044
sec8,0.034666139,6.201329755,0.824866096,0.91875799,Sec8,FBgn0266672
Rlip,0.035292412,5.763522624,0.824888871,0.91875799,Rlip,FBgn0026056
CG9121,-0.07619892,3.482887017,0.825112578,0.91878352,CG9121,FBgn0031675
CG9400,0.083787861,4.611150285,0.825115198,0.91878352,CG9400,FBgn0030562
CG8550,0.092794342,2.622639,0.825437922,0.919029601,CG8550,FBgn0033742
ApepP,-0.068092188,4.493194837,0.825669366,0.919150553,ApepP,FBgn0026150
cul-4,0.035700638,5.994798049,0.825799976,0.919150553,Cul4,FBgn0033260
HPS,-0.05663821,4.065235238,0.825856,0.919150553,HPS1,FBgn0033973
CG11896,0.035466804,5.621548317,0.825985992,0.919150553,m-cup,FBgn0038488
CG13067,0.196940146,1.441623716,0.826055274,0.919150553,CG13067,FBgn0036589
CG34309,0.036044723,6.991548711,0.826547091,0.919584535,CG34309,FBgn0259831
mod-r-,-0.038121042,5.509541326,0.826659682,0.919596548,mod(r),FBgn0016038
Art1,0.055826947,4.341266075,0.826761724,0.919596825,Art1,FBgn0037834
CG13603,-0.034956657,6.214294817,0.826978252,0.919724429,CG13603,FBgn0039135
CG3919,0.104262018,1.888888044,0.827118599,0.919767284,CG3919,FBgn0036423
UBL3,-0.042691282,5.894095939,0.827645634,0.920240081,UBL3,FBgn0026076
Dhc62B,0.09931082,2.73170413,0.827953501,0.920469102,Dhc62B,FBgn0013811
CG6083,-0.130879617,1.946090812,0.828134725,0.920557291,CG6083,FBgn0036183
vkg,0.065803487,4.420192073,0.828696254,0.921030993,vkg,FBgn0016075
CG8745,0.171616665,2.428344212,0.828764771,0.921030993,CG8745,FBgn0036381
CG15364,-0.227464556,0.712817688,0.829050363,0.921178413,CG42388,FBgn0259734
CG32226,-0.036444754,5.8700903,0.829101359,0.921178413,Pex23,FBgn0052226
Iap2,-0.032711424,7.450146481,0.8292281,0.921205934,Iap2,FBgn0015247
SCAR,-0.032349458,6.557102594,0.830141198,0.92208654,SCAR,FBgn0041781
robl,-0.04039851,5.435129243,0.830224919,0.92208654,robl,FBgn0024196
Aats-ile,0.032170525,6.358818281,0.830745675,0.922551497,Aats-ile,FBgn0027086
CG7197,0.059146289,4.637389184,0.830862034,0.922567307,CG7197,FBgn0035866
Rm62,-0.035187664,9.660587372,0.831154492,0.922658734,Rm62,FBgn0003261
CG4495,-0.038350032,5.506832903,0.831300185,0.922658734,CG4495,FBgn0031893
CG33298,-0.034346826,6.636773809,0.831307002,0.922658734,CG33298,FBgn0032120
CG8889,0.066816284,3.819892052,0.831352899,0.922658734,Mppe,FBgn0259985
CG32808,-0.08177108,2.690094425,0.831764383,0.922952044,CG32808,FBgn0052808
Hrp59,-0.034000831,6.953538017,0.831821513,0.922952044,rump,FBgn0260010
rasp,-0.083806415,2.628561158,0.832238516,0.923301333,rasp,FBgn0024194
CG3961,0.035918752,8.852265712,0.832462575,0.923436505,CG3961,FBgn0036821
Tsp42Ee,-0.032732124,8.703271463,0.832757547,0.923523987,Tsp42Ee,FBgn0029506
tho2,-0.03093028,6.430017652,0.832829391,0.923523987,tho2,FBgn0031390
CG16817,-0.030368689,6.872930876,0.83284812,0.923523987,CG16817,FBgn0037728
ERR,-0.035295825,5.853900466,0.833225205,0.923828732,ERR,FBgn0035849
CG5315,0.035142184,7.724123979,0.83358482,0.924073617,AdipoR,FBgn0038984
CG12134,-0.076382631,3.421482964,0.83365065,0.924073617,CG12134,FBgn0033471
His2Av,-0.034409114,6.529241125,0.834958183,0.925409425,His2Av,FBgn0001197
CG16850,-0.078321754,3.080092707,0.835322421,0.925642264,CG42784,FBgn0263354
CG7246,0.065068258,3.540911439,0.835373188,0.925642264,CG7246,FBgn0030081
CG2021,0.104316532,2.556614443,0.835839569,0.92597357,CG2021,FBgn0035271
fog,0.042692001,5.10405765,0.835890819,0.92597357,fog,FBgn0000719
CG6254,0.069779513,3.503778724,0.835979681,0.92597357,CG6254,FBgn0037794
CG1665,-0.092308989,3.035789317,0.836256566,0.926166706,CG1665,FBgn0033451
CG7943,0.042470469,4.890921042,0.836724815,0.926485257,CG7943,FBgn0039741
pyd,0.037260201,8.031657847,0.836849459,0.926485257,pyd,FBgn0262614
CG4699,0.033063854,7.495108915,0.83685186,0.926485257,nsl1,FBgn0262527
CG4038,0.052587189,4.436296256,0.837079832,0.926624091,CG4038,FBgn0011824
L,0.048450196,4.403776512,0.83740795,0.926873735,L,FBgn0001332
CG14641,-0.040242034,5.109205334,0.837616862,0.926991392,CG14641,FBgn0037220
CG11982,0.038476005,5.823917416,0.837836915,0.927121349,CG11982,FBgn0037653
c11-1,0.030356651,6.924356241,0.838154786,0.927359503,c11.1,FBgn0040236
nmdyn-D7,-0.099027064,2.086862202,0.83829494,0.927400991,nmdyn-D7,FBgn0028997
CG34239,-0.129859576,1.663776896,0.838528936,0.927454216,CG43693,FBgn0263776
CG10981,-0.059603039,3.822570323,0.838548377,0.927454216,dgrn,FBgn0037384
CG12714,0.116099546,1.570432828,0.838854591,0.927679321,CG43313,FBgn0263005
GABA-B-R3,-0.12317252,2.09301776,0.83910867,0.927841395,GABA-B-R3,FBgn0031275
Cyp28d2,0.100283286,1.452584847,0.839206557,0.927841395,Cyp28d2,FBgn0031688
KP78b,-0.150267227,1.269211808,0.839370258,0.927908824,KP78b,FBgn0026063
ytr,-0.032805413,6.963663327,0.839762867,0.92822926,ytr,FBgn0021895
Dhfr,-0.071011244,3.584896473,0.840237596,0.928640377,Dhfr,FBgn0004087
CG5027,-0.040975567,4.89961364,0.840509478,0.928827232,CG5027,FBgn0036579
CG6674,-0.060250184,3.838853614,0.84092296,0.929170502,CG6674,FBgn0036063
CG18004,0.061354985,3.819933135,0.841120332,0.929274927,CG18004,FBgn0033566
CG7759,0.174931579,0.718216473,0.841454887,0.929369792,CG7759,FBgn0033633
CG4822,-0.033566932,9.622293839,0.841564427,0.929369792,CG4822,FBgn0031220
Ip259,0.031400051,7.151616178,0.841569754,0.929369792,Ip259,FBgn0025366
CG14881,-0.059809022,3.829091614,0.841772127,0.929369792,CG14881,FBgn0038425
Ulp1,0.030821956,6.664033561,0.841773703,0.929369792,Ulp1,FBgn0027603
CG11077,0.034904863,5.789238,0.841857439,0.929369792,CG11077,FBgn0039930
Bub1,0.042596235,5.026989768,0.841956221,0.929369792,Bub1,FBgn0031696
prominin-like,0.040191566,5.694587279,0.842029195,0.929369792,prominin-like,FBgn0026189
l-3-j2D3,-0.050294039,4.36694823,0.842350384,0.929588936,l(3)j2D3,FBgn0011335
Tim9a,-0.076896194,3.094577738,0.842433542,0.929588936,Tim9a,FBgn0030480
CG31115,0.055363551,4.145321671,0.842620614,0.929681806,CG31115,FBgn0051115
CG13843,-0.206222149,0.696493212,0.843269026,0.930187544,CG13843,FBgn0038993
mRpS22,-0.041465576,5.130831674,0.843457178,0.930187544,mRpS22,FBgn0039555
CG8165,-0.079943718,3.147863877,0.843470713,0.930187544,JHDM2,FBgn0037703
Smn,-0.063875476,3.264729405,0.843490852,0.930187544,Smn,FBgn0036641
CG5853,0.056907722,4.799883374,0.843714977,0.93032114,CG5853,FBgn0032167
CG13295,0.042653847,4.615924283,0.844075223,0.930557615,CG13295,FBgn0035674
CG8602,0.031571071,7.294225273,0.84413545,0.930557615,CG8602,FBgn0035763
CG13994,0.077981795,3.439781663,0.844825819,0.931205032,CG13994,FBgn0031772
Prx5037,-0.031913643,6.197643334,0.845129635,0.931426269,Prx3,FBgn0038519
Top2,-0.039055408,6.557695148,0.845773949,0.932021704,Top2,FBgn0003732
CG5039,0.10693957,1.576905471,0.84587624,0.932021704,CG5039,FBgn0039356
CG5191,-0.042079325,8.400165312,0.846087332,0.932140604,CG5191,FBgn0038803
CG6724,0.059114497,4.135080706,0.846197113,0.932147875,CG6724,FBgn0032298
CG5068,-0.037173057,5.343124233,0.846674704,0.932349488,CG5068,FBgn0035951
CG15727,-0.06508344,3.146832657,0.846763847,0.932349488,Aven,FBgn0030410
Imp,0.060495457,3.506964576,0.846891825,0.932349488,Imp,FBgn0262735
Synd,-0.029121489,6.749886249,0.846899304,0.932349488,Synd,FBgn0053094
CG3773,-0.059485018,3.214296131,0.846911606,0.932349488,CG3773,FBgn0038692
CG14806,-0.03658835,5.153348245,0.847033342,0.932349488,CG14806,FBgn0029594
Rae1,0.043582965,4.564252735,0.847149768,0.932349488,Rae1,FBgn0034646
CG41322,-0.105318667,0.95897916,0.847205772,0.932349488,CG41322,FBgn0085613
CG31957,-0.0859024,2.7044247,0.847548403,0.932612944,CG31957,FBgn0051957
CG10516,0.069714665,2.766913618,0.847669079,0.932632135,CG10516,FBgn0036549
Dhc64C,-0.03124019,7.992299759,0.847938047,0.932814456,Dhc64C,FBgn0261797
CG9945,-0.039287434,4.817654665,0.848154848,0.932939352,CG9945,FBgn0034527
Cpr73D,0.03780981,6.074145417,0.848289673,0.932974057,Cpr73D,FBgn0036680
escl,-0.082106256,2.335729287,0.84870374,0.933315835,escl,FBgn0032391
CG11007,-0.059254545,3.98582542,0.849067285,0.933595147,CG11007,FBgn0034455
Ge-1,-0.032280447,6.180826084,0.849188108,0.933595147,Ge-1,FBgn0032340
CG1695,0.032019842,6.649043973,0.849407276,0.933595147,CG1695,FBgn0031116
Taf4,0.033075585,7.137637346,0.849535211,0.933595147,Taf4,FBgn0010280
ALiX,-0.030015285,7.618360503,0.849648598,0.933595147,ALiX,FBgn0086346
CG34233,-0.135345083,0.942498774,0.849734231,0.933595147,CG42700,FBgn0261611
Dif,-0.029051786,7.230139147,0.849838623,0.933595147,Dif,FBgn0011274
CG4282,-0.05813243,3.56254185,0.850022994,0.933595147,CG4282,FBgn0034114
CG14870,0.084597612,3.315020656,0.850085806,0.933595147,CG14870,FBgn0038342
Apc,-0.028667315,6.28439551,0.85014447,0.933595147,Apc,FBgn0015589
Peritrophin-A,0.089882526,2.899178357,0.850212198,0.933595147,Peritrophin-A,FBgn0022770
CG7879,-0.03991407,4.99229361,0.850250062,0.933595147,CG7879,FBgn0035235
CG17343,0.137672089,2.311135583,0.850301181,0.933595147,CG17343,FBgn0032751
CG6763,0.231379225,1.20873831,0.850553199,0.933758367,CG6763,FBgn0039069
CG7903,-0.041416237,5.067432282,0.850913188,0.934040066,CG7903,FBgn0039730
CG32271,-0.04178379,6.954186241,0.851197889,0.934173851,CG32271,FBgn0052271
CG5091,0.077301371,3.201780064,0.85124188,0.934173851,gny,FBgn0032234
CG34139,-0.054329698,4.453822013,0.851662158,0.934456388,Nlg4,FBgn0083975
tankyrase,-0.03043621,5.96875971,0.85170621,0.934456388,Tnks,FBgn0027508
CG40006,0.030465172,8.969346415,0.851969793,0.934618969,CG40006,FBgn0058006
CG13766,0.083610235,3.129893248,0.852149801,0.934618969,CG13766,FBgn0031834
CG17209,-0.049774579,4.682044685,0.852164761,0.934618969,CG17209,FBgn0030687
CG8531,-0.034978041,5.451665944,0.8527284,0.935095316,CG8531,FBgn0033918
CG5162,-0.091090482,4.246082657,0.8528061,0.935095316,CG5162,FBgn0030828
CG10496,-0.053798221,3.854891221,0.853197838,0.935411319,TAF1C-like,FBgn0034631
disco-r,0.028135048,7.188652903,0.853654291,0.935685125,disco-r,FBgn0042650
shn,-0.0318902,6.909172891,0.853744019,0.935685125,shn,FBgn0003396
CG5190,-0.061944624,4.360968722,0.8537583,0.935685125,CG5190,FBgn0034351
glo,-0.027948842,7.533041855,0.85427935,0.935996248,glo,FBgn0259139
Gr61a,0.135372587,1.68994336,0.854429709,0.935996248,Gr61a,FBgn0035167
CG6683,-0.144116077,1.353407131,0.854438393,0.935996248,CG6683,FBgn0035902
fal,0.054300303,4.115075073,0.854456614,0.935996248,fal,FBgn0028380
CG15829,0.061076608,3.245359592,0.854584615,0.936022965,CG15829,FBgn0035743
CG9135,-0.046543813,4.484417908,0.854731609,0.936070475,CG9135,FBgn0031769
CG32392,0.029519433,8.538857657,0.855380316,0.936667366,CG32392,FBgn0052392
CG10973,0.058247428,4.15088014,0.855665395,0.936778319,CG10973,FBgn0036306
CG10336,-0.157695342,0.897787052,0.855689029,0.936778319,CG10336,FBgn0032698
Roe1,0.04315451,4.684490759,0.856162156,0.936940215,Roe1,FBgn0014877
CG2790,-0.042653184,4.610877857,0.856206028,0.936940215,CG2790,FBgn0027599
Tango7,0.028578064,7.467200929,0.856332884,0.936940215,Tango7,FBgn0033902
mars,0.077584296,3.041861602,0.856346303,0.936940215,mars,FBgn0033845
SNF4Agamma,-0.029444246,7.84180146,0.856355475,0.936940215,SNF4Agamma,FBgn0264357
Oseg6,0.028059425,6.481864192,0.856592912,0.937009645,Oseg6,FBgn0034452
lic,0.035744865,5.556308048,0.856626373,0.937009645,lic,FBgn0261524
RhoGAP1A,0.027221604,7.28535318,0.856909443,0.937205799,RhoGAP1A,FBgn0025836
CG32850,0.038450414,5.2113306,0.857147623,0.937296088,CG32850,FBgn0052850
CG4395,0.070459283,3.782338206,0.857231938,0.937296088,hec,FBgn0030437
sbr,0.03111802,6.873303233,0.857303252,0.937296088,sbr,FBgn0003321
CG14050,0.107372843,1.116840651,0.857510108,0.9374088,CG14050,FBgn0040392
CG17761,-0.080895728,1.796033276,0.858019486,0.937852152,CG42492,FBgn0259994
vari,0.030060126,7.431622568,0.858280274,0.937967799,vari,FBgn0250785
Ard1,0.029877148,5.972401369,0.858485612,0.937967799,vnc,FBgn0263251
CG14100,0.059551627,3.626450023,0.858540172,0.937967799,CG14100,FBgn0036889
adp,0.034468816,5.300614713,0.858540594,0.937967799,adp,FBgn0000057
san,0.037139904,5.039622768,0.85901971,0.938318681,san,FBgn0024188
CG13993,-0.047650619,3.999436957,0.859069494,0.938318681,CG13993,FBgn0031776
CG1298,-0.030649267,6.004156833,0.859489212,0.93866363,kune,FBgn0033032
CG15012,0.026535699,6.293464281,0.859931669,0.938965808,CG15012,FBgn0035528
CG42337,0.037287546,5.294441767,0.860046765,0.938965808,CG42337,FBgn0259239
CG9951,0.048958291,4.799465341,0.860077713,0.938965808,CG9951,FBgn0036671
CG34197,-0.077849025,2.3229784,0.8606991,0.939530651,hts,FBgn0263391
CG9392,-0.126216579,1.056341757,0.860971643,0.939714609,ms(3)76Cc,FBgn0036895
nudC,0.05068063,4.495735186,0.861540486,0.94010013,nudC,FBgn0021768
RpL41,0.027795997,9.434334286,0.861596213,0.94010013,RpL41,FBgn0066084
MED25,-0.044611111,4.445277887,0.861689814,0.94010013,MED25,FBgn0038760
CG11592,0.099113996,1.976104634,0.861741908,0.94010013,Amnionless,FBgn0025686
pgant3,-0.038151709,4.996645702,0.861938249,0.94010013,pgant3,FBgn0027558
TXBP181-like,-0.047815399,4.788634325,0.862073406,0.94010013,Mad1,FBgn0026326
CG10249,-0.027340751,7.528330165,0.862087081,0.94010013,CG10249,FBgn0027596
CG5282,-0.035044,5.18512174,0.862213764,0.94010013,CG5282,FBgn0036986
CG10880,0.114693472,2.145560736,0.862261421,0.94010013,CG10880,FBgn0031398
CG10927,0.136751915,1.12954584,0.862392257,0.940129317,CG10927,FBgn0034360
CG32040,0.071552964,5.854255353,0.862535305,0.940171808,CG32040,FBgn0052040
CG7357,0.039711282,4.891778426,0.862905332,0.940461669,CG7357,FBgn0038551
Traf4,0.074373123,2.523351861,0.863151757,0.940616764,Traf4,FBgn0026319
CG1737,0.025817656,6.379576297,0.863373527,0.940744958,CG1737,FBgn0030293
Dot,0.072598821,3.093149939,0.863826521,0.941091088,Dot,FBgn0015663
Hip14,0.025903051,6.197227916,0.863899534,0.941091088,Hip14,FBgn0259824
CG8090,0.043956262,3.929070513,0.864183948,0.941287411,GPHR,FBgn0033995
CG34408,-0.027034028,8.228669418,0.864507961,0.941526814,CG34408,FBgn0085437
CG8297,0.033365269,4.922181105,0.865153769,0.942003118,CG8297,FBgn0034050
CG9426,-0.029313225,6.335058434,0.865153849,0.942003118,CG9426,FBgn0032485
CG12928,-0.147023184,1.079382218,0.865759548,0.942549018,clos,FBgn0261016
osa,-0.026714868,7.892621087,0.866087987,0.94265701,osa,FBgn0261885
CG1416,-0.031886603,6.31746829,0.866114818,0.94265701,CG1416,FBgn0032961
CG12056,0.037323556,5.298706029,0.866171778,0.94265701,CG12056,FBgn0030099
Kif19A,-0.030427846,5.290157214,0.866302405,0.94268561,Kif19A,FBgn0038205
CG10265,0.074674826,3.488499738,0.866616931,0.942914291,CG10265,FBgn0033990
CG10431,0.05443265,3.086243834,0.867182286,0.943415796,CG10431,FBgn0032730
alph,0.026176342,7.774690103,0.867319472,0.943451428,alph,FBgn0086361
CG31064,-0.025661982,6.325849356,0.867453126,0.94348321,CG31064,FBgn0051064
CG10326,-0.03126572,5.602040685,0.86778295,0.943728322,CG10326,FBgn0038453
Akap200,0.04325971,4.862287103,0.867939549,0.943785013,Akap200,FBgn0027932
CG33051,0.081654717,2.84941153,0.868207168,0.943962397,CG33051,FBgn0053051
CG13343,-0.037725858,4.561349441,0.868694073,0.94428579,Uba3,FBgn0263697
tan,0.054562419,3.630814547,0.868713659,0.94428579,tan,FBgn0028980
vap,0.026935089,5.835239302,0.868930242,0.944325537,vap,FBgn0003969
Tif-IA,0.033990969,5.166373388,0.868959286,0.944325537,Tif-IA,FBgn0032988
Faa,0.059894421,4.548709032,0.869708197,0.944814705,Faa,FBgn0016013
CG3342,0.059303622,3.458486807,0.869729569,0.944814705,CG3342,FBgn0029874
CG6686,-0.026693232,6.363287051,0.869795107,0.944814705,CG6686,FBgn0032388
CG7668,0.038880391,5.337901144,0.86982775,0.944814705,CG7668,FBgn0036929
CG33007,0.049660487,4.226084642,0.87005908,0.944952359,Ack-like,FBgn0263998
CG6619,0.02764564,5.70544542,0.870294667,0.945094605,ssp6,FBgn0035676
CG31125,0.035488121,4.752209729,0.870584231,0.945211562,CG31125,FBgn0051125
CG8005,0.069878071,2.552020598,0.870659422,0.945211562,CG8005,FBgn0035854
CG6729,-0.04546482,4.827750592,0.870767855,0.945211562,CG6729,FBgn0032296
Dp1,0.025594886,7.944603901,0.87082088,0.945211562,Dp1,FBgn0027835
CG3003,0.035289253,4.878232241,0.871213368,0.945427468,CG42797,FBgn0261931
CG7789,0.032422443,4.983790358,0.871229098,0.945427468,CG7789,FBgn0039698
sdt,-0.026333116,6.574773567,0.872083078,0.946240514,sdt,FBgn0261873
CG13617,-0.052933331,3.836532891,0.872472726,0.946549611,CG13617,FBgn0039201
CG30026,-0.058936366,3.059031648,0.872733634,0.946625078,CG30026,FBgn0050026
fidipidine,-0.029876253,5.37197956,0.872751857,0.946625078,fidipidine,FBgn0025519
CG14213,-0.024730484,6.617771385,0.872941152,0.94671673,Rcd-1,FBgn0031047
CG5161,-0.046032656,3.633265257,0.873072967,0.946746031,Trs20,FBgn0266724
CG9425,-0.024437059,6.904875889,0.873362895,0.946936385,CG9425,FBgn0036451
cg,-0.024093434,7.406937606,0.873458147,0.946936385,cg,FBgn0000289
CG7638,-0.029602068,4.966043914,0.873957599,0.947251164,CG7638,FBgn0036133
CG8136,0.143883899,1.034808662,0.873980092,0.947251164,CG8136,FBgn0037616
CG10824,0.024340346,8.129234732,0.874063062,0.947251164,CG10824,FBgn0038865
CG8712,-0.084777776,2.53681193,0.874205204,0.947291569,CG8712,FBgn0033258
CG31097,0.17554216,1.056265842,0.874315123,0.947297052,CG31097,FBgn0051097
l-1-G0020,-0.05025434,3.47396004,0.874557989,0.947446561,l(1)G0020,FBgn0027330
Dcr-1,-0.031496884,4.667790786,0.875016635,0.94782977,Dcr-1,FBgn0039016
U26,-0.043547379,4.344737793,0.875188491,0.947902269,U26,FBgn0027780
CG7065,-0.029707646,5.32856928,0.875612284,0.948149601,CG7065,FBgn0030091
CG4069,-0.067308317,3.327085225,0.875674719,0.948149601,CG4069,FBgn0036301
SuUR,0.048271407,4.070348869,0.875760408,0.948149601,SuUR,FBgn0025355
CG15514,-0.037472969,5.093162433,0.875855325,0.948149601,CG15514,FBgn0039712
CG13667,0.073238592,3.313923943,0.875941617,0.948149601,CG13667,FBgn0035890
CG10321,0.023484565,6.390459555,0.876561755,0.948707187,CG10321,FBgn0034643
CG30463,-0.029639153,5.428253418,0.876821552,0.948857755,CG30463,FBgn0050463
CG18005,0.031353482,5.08627591,0.876910937,0.948857755,beag,FBgn0037660
CG12025,0.024653881,5.90915654,0.87713227,0.948983585,CG12025,FBgn0035285
CG10492,-0.023717998,6.002787875,0.877394828,0.949120207,CG10492,FBgn0032748
CG13568,-0.10240547,0.980882212,0.877500428,0.949120207,ppk29,FBgn0034965
nerfin-1,-0.195659881,1.405019012,0.877680606,0.949120207,nerfin-1,FBgn0028999
S6kII,0.030801142,4.852286579,0.877717262,0.949120207,S6kII,FBgn0262866
CG7979,-0.030391248,5.159718657,0.87788173,0.949120207,CG7979,FBgn0035848
CG4806,-0.043931615,4.566253054,0.877970987,0.949120207,CG4806,FBgn0260456
blow,0.030256299,5.437586917,0.877993975,0.949120207,blow,FBgn0004133
Pbp45,0.101893092,2.074307146,0.87815903,0.949185054,Pbp45,FBgn0038371
eIF-4E,-0.023922221,8.201780871,0.878769633,0.949556241,eIF-4E,FBgn0015218
l-2-k09913,-0.023702061,7.82319954,0.878772596,0.949556241,l(2)k09913,FBgn0021979
alc,0.024944125,8.341715646,0.878817769,0.949556241,alc,FBgn0260972
CG14207,-0.024694367,7.426580808,0.879027964,0.949669771,CG14207,FBgn0031037
atms,-0.033508061,4.962867761,0.879242274,0.94978772,atms,FBgn0010750
CG31760,0.043886549,4.450706051,0.879479325,0.949930203,CG31760,FBgn0051760
xl6,-0.024886697,5.588709978,0.879604503,0.949951832,x16,FBgn0028554
fws,0.034670039,5.489890866,0.880008658,0.950176503,fws,FBgn0024689
CG17385,0.025230725,5.906848568,0.880022891,0.950176503,CG17385,FBgn0033934
rgr,-0.02372573,5.872306326,0.880808333,0.950910908,rgr,FBgn0033310
CG5458,-0.057851125,3.607906614,0.881017258,0.950918154,CG5458,FBgn0032478
CG32479,0.02883203,6.239072032,0.881025564,0.950918154,CG32479,FBgn0052479
Side,-0.035707691,4.46541309,0.881515448,0.951200258,Side,FBgn0032741
Arp8,-0.039840849,4.185845441,0.881615628,0.951200258,Arp8,FBgn0030877
CG9836,0.023427673,8.642802451,0.881720402,0.951200258,CG9836,FBgn0037637
not,-0.03455954,4.221992836,0.881737314,0.951200258,not,FBgn0013717
ana3,-0.048146427,2.789018155,0.882042128,0.951200258,ana3,FBgn0266111
CG34250,0.043029501,3.644975358,0.882230218,0.951200258,CG34250,FBgn0085279
growl,0.02411696,8.269746199,0.882245973,0.951200258,lost,FBgn0263594
Scgalpha,0.044871496,4.322145197,0.88227552,0.951200258,Scgalpha,FBgn0032013
CG10809,0.039546471,4.468373458,0.882406229,0.951200258,CG10809,FBgn0036052
CG17803,0.100036369,1.921129259,0.88249309,0.951200258,CG17803,FBgn0038547
CG14529,0.048904005,3.669087254,0.882573634,0.951200258,CG14529,FBgn0039609
CG13908,-0.032926149,7.636123249,0.882637405,0.951200258,Glut1,FBgn0264574
BM-40-SPARC,-0.042618501,6.185746472,0.882754994,0.951200258,BM-40-SPARC,FBgn0026562
Hex-A,-0.023839214,8.633739727,0.88276101,0.951200258,Hex-A,FBgn0001186
CG3777,0.159759215,1.144827288,0.88343141,0.951809106,CG3777,FBgn0024989
Ogg1,-0.07011167,2.661453193,0.883796088,0.952009448,Ogg1,FBgn0027864
CG11870,-0.030842174,5.42374438,0.883828121,0.952009448,CG43143,FBgn0262617
CG32556,0.024410983,7.402572245,0.884086747,0.952014647,chas,FBgn0263258
CG14104,-0.070739848,1.279627392,0.884125659,0.952014647,CG14104,FBgn0040786
JIL-1,-0.022529558,6.767360518,0.884224469,0.952014647,JIL-1,FBgn0020412
muskelin,-0.034854973,4.274909405,0.884254472,0.952014647,muskelin,FBgn0033757
CG9727,0.026417616,6.137035566,0.884628111,0.952209736,CG9727,FBgn0037445
CG7609,0.033679148,4.406832576,0.885002775,0.952209736,CG7609,FBgn0027518
wibg,-0.044545463,3.288994463,0.885025652,0.952209736,wibg,FBgn0034918
CG6792,0.055309527,2.877971933,0.885029265,0.952209736,Plzf,FBgn0032401
phtf,0.022201093,6.418059984,0.885033327,0.952209736,phtf,FBgn0028579
Dcp1,-0.028382822,5.098836893,0.88515011,0.952209736,Dcp1,FBgn0034921
Papst2,-0.035988914,4.839676076,0.885243526,0.952209736,Papst2,FBgn0036695
CG8078,-0.043948726,3.680965097,0.885278899,0.952209736,CG8078,FBgn0033375
Ranbp9,0.033480543,4.446816537,0.885584011,0.952290604,Ranbp9,FBgn0037894
CG3838,-0.029245605,4.88073793,0.885722333,0.952290604,CG3838,FBgn0032130
CG4266,0.020982309,7.004605192,0.88575704,0.952290604,CG4266,FBgn0034598
CG5604,0.022092383,8.978542584,0.88577573,0.952290604,CG5604,FBgn0032208
CG32770,-0.088684936,1.443762655,0.885912883,0.952324725,CG42594,FBgn0260971
exo70,-0.030580208,4.957510723,0.886618532,0.952942363,Exo70,FBgn0266667
CG42361,0.040037193,4.416681929,0.886698418,0.952942363,CG42361,FBgn0259707
beta-Spec,-0.023000312,9.67511957,0.886876078,0.953019922,beta-Spec,FBgn0250788
prom,-0.117868257,1.599753623,0.887259994,0.953319076,prom,FBgn0259210
dod,0.038381582,4.805095983,0.887541784,0.953375616,dod,FBgn0015379
CG7148,-0.027766587,4.900177763,0.887556952,0.953375616,CG7148,FBgn0046301
CG7993,-0.044046627,3.785894585,0.887629213,0.953375616,Non3,FBgn0038585
CG5274,0.047437794,3.988366353,0.887923249,0.953578059,CG5274,FBgn0036987
Tom34,-0.031201917,5.119126098,0.888131362,0.953688187,unc-45,FBgn0010812
Tom20,0.021955579,6.329007906,0.888292812,0.953748189,Tom20,FBgn0036928
Ptp69D,-0.026061623,5.42693339,0.888403361,0.953753531,Ptp69D,FBgn0014007
CG4095,-0.104142713,2.373297529,0.888550938,0.953798618,CG4095,FBgn0029890
CG11071,0.065009916,3.08865088,0.888705862,0.953851581,mamo,FBgn0267033
Tsp42Ek,0.068725302,2.762664021,0.889444894,0.954531382,Tsp42Ek,FBgn0033133
beta4GalNAcTB,-0.051513448,3.665587852,0.889978512,0.954990602,beta4GalNAcTB,FBgn0039625
Tip60,0.030201554,4.68832972,0.890289285,0.955210618,Tip60,FBgn0026080
CG32590,-0.043336167,2.946218565,0.890476507,0.955298037,CG32590,FBgn0052590
ida,-0.043402594,3.445675914,0.890808272,0.955540481,ida,FBgn0041147
zetaCOP,0.024932364,5.637529573,0.891523119,0.956193739,zetaCOP,FBgn0040512
CG15651,0.036953033,4.141995948,0.89183166,0.956283476,CG15651,FBgn0034567
CG9804,0.032601696,4.422404723,0.891946061,0.956283476,CG9804,FBgn0037251
CG4525,-0.022096929,6.21649718,0.892011022,0.956283476,CG4525,FBgn0038358
CG18190,0.129089951,0.325895088,0.892030203,0.956283476,CG18190,FBgn0034403
CG8552,-0.021038877,7.417285605,0.892142477,0.956290358,CG8552,FBgn0031990
Xe7,0.023542495,7.544839589,0.892382732,0.956434405,Xe7,FBgn0010772
Fdxh,0.047184242,3.526627344,0.892699696,0.956505989,Fdxh,FBgn0011769
CG16896,-0.036178317,4.470548107,0.892788736,0.956505989,CG16896,FBgn0035073
CG1674,-0.040116018,4.498152333,0.892862128,0.956505989,CG1674,FBgn0039897
CG11257,0.072980791,2.790978088,0.89300101,0.956505989,CG11257,FBgn0034442
angel,0.064111231,3.551328509,0.893061037,0.956505989,angel,FBgn0016762
Tsp42Ej,-0.02232785,5.898936853,0.893084793,0.956505989,Tsp42Ej,FBgn0033132
p53,-0.043626766,3.988143977,0.893386978,0.956716211,p53,FBgn0039044
Kap-alpha3,-0.021296204,7.779974806,0.893597354,0.956806987,Kap-alpha3,FBgn0027338
CG17293,0.031550703,4.429196095,0.893915,0.956806987,Wdr82,FBgn0032030
Nrk,-0.083056645,2.694473715,0.894016968,0.956806987,Nrk,FBgn0020391
rt,-0.041714164,3.505590622,0.894102631,0.956806987,rt,FBgn0003292
CG34183,-0.0805966,2.216887182,0.894104868,0.956806987,CG34183,FBgn0085212
crb,0.021818295,7.845764164,0.894107215,0.956806987,crb,FBgn0259685
Moca-cyp,0.020703363,6.879389948,0.894527226,0.957143072,Moca-cyp,FBgn0039581
beta4GalNAcTA,0.032018594,4.923463431,0.894818786,0.957210239,beta4GalNAcTA,FBgn0027538
Nop60B,-0.041864964,4.422350842,0.894902134,0.957210239,Nop60B,FBgn0259937
CG18217,-0.096819796,2.245891452,0.894907868,0.957210239,CR18217,FBgn0036646
CG2478,0.025156611,5.88516893,0.895041265,0.957239587,bru,FBgn0261787
Graf,0.023128631,6.24748875,0.895532026,0.957651079,Graf,FBgn0030685
aret,0.042814475,4.211960178,0.895823426,0.957849311,aret,FBgn0000114
eIF2B-epsilon,0.03547962,4.70051159,0.896107534,0.958039699,eIF2B-epsilon,FBgn0023512
CG34195,-0.058202317,3.125646785,0.896545576,0.958394596,CG34195,FBgn0085224
CG34189,-0.088784794,1.366820959,0.89665972,0.958403208,CG34189,FBgn0085218
MAGE,-0.035303681,2.919888487,0.89699236,0.958645331,MAGE,FBgn0037481
CG6568,-0.030794855,4.354855122,0.897293395,0.958853623,CG6568,FBgn0034210
CG15266,0.060160351,2.488063985,0.897399638,0.958853735,l(2)35Cc,FBgn0259982
trsn,0.034295377,3.984981894,0.898494317,0.959891895,trsn,FBgn0033528
Itp-r83A,0.021248474,7.586243317,0.898583768,0.959891895,Itp-r83A,FBgn0010051
CG1317,-0.020334466,7.877169045,0.898806522,0.95997905,CG1317,FBgn0035333
CG4334,0.066617069,2.937627143,0.898877882,0.95997905,Zip88E,FBgn0038312
katanin-60,0.025142854,5.68912311,0.899760852,0.960733132,Kat60,FBgn0040208
CSN5,0.02736715,4.836258603,0.899897819,0.960733132,CSN5,FBgn0027053
CG32223,0.041919351,3.181319761,0.899920526,0.960733132,CG42674,FBgn0261556
Aats-gly,0.020747737,5.935082737,0.900009353,0.960733132,Aats-gly,FBgn0027088
CG11985,-0.041710467,3.414714872,0.900285967,0.960828746,CG11985,FBgn0040534
CG3493,-0.018916958,7.096067019,0.900311638,0.960828746,Golgin245,FBgn0034854
Rad9,0.074967948,2.445456086,0.900815884,0.96125333,Rad9,FBgn0025807
CG14045,0.021887343,6.384887001,0.901388597,0.961694789,PsGEF,FBgn0264598
CG8547,-0.022093356,7.233932499,0.901442492,0.961694789,CG8547,FBgn0033919
Mrtf,-0.028483584,4.947983949,0.901752673,0.961912109,Mrtf,FBgn0052296
CG10267,-0.024597283,4.683099581,0.901938734,0.961996992,Zif,FBgn0037446
CG17260,-0.032901807,3.997043419,0.902129934,0.962087336,CG17260,FBgn0031498
CG11562,-0.047925051,3.891863296,0.902431874,0.962194675,CG11562,FBgn0031247
CG13220,-0.020539756,5.824193141,0.902443599,0.962194675,CG13220,FBgn0033608
sax,-0.023438827,5.896066842,0.903041355,0.962591191,sax,FBgn0003317
pit,0.031436499,4.11037447,0.903047585,0.962591191,pit,FBgn0266581
Rep1,0.028489252,5.029653239,0.90317501,0.962591191,Drep-1,FBgn0024732
CG33129,0.017810993,7.004026622,0.903241701,0.962591191,CG33129,FBgn0053129
CG4617,0.029347622,4.388847677,0.903648239,0.962756369,CG4617,FBgn0029936
CG5664,0.035319404,4.247393306,0.903649635,0.962756369,CG5664,FBgn0037082
CG13921,-0.094339828,2.124137127,0.903716406,0.962756369,CG13921,FBgn0035267
Jra,-0.020337013,6.808132364,0.904501904,0.963276012,Jra,FBgn0001291
Tbp,-0.031760932,4.468960266,0.904515996,0.963276012,Tbp,FBgn0003687
CG7181,0.019597931,8.218012608,0.904567997,0.963276012,CoVIII,FBgn0263911
CG4853,0.024084671,5.611029587,0.904630693,0.963276012,CG4853,FBgn0034230
B52,0.019990712,7.962734768,0.904887654,0.963436072,B52,FBgn0004587
CG12263,-0.027729196,4.445571729,0.905226101,0.963682842,CG12263,FBgn0034346
CG17362,0.059172428,2.627983479,0.905513205,0.963822896,CG17362,FBgn0036393
Ugt86Di,0.119500287,0.504014831,0.905571036,0.963822896,Ugt86Di,FBgn0040251
CG2453,-0.039749384,4.133784857,0.905815941,0.963969986,CG2453,FBgn0030460
CG18624,-0.018538379,7.475002955,0.906132639,0.964193434,CG18624,FBgn0029971
CG2076,0.01850864,7.017032374,0.906304594,0.964262831,CG2076,FBgn0030263
mr,-0.025233851,4.64822715,0.906432632,0.964285492,mr,FBgn0002791
CG11986,-0.040938786,3.578205453,0.906884539,0.964652647,CG11986,FBgn0037656
Oscp,-0.019072045,8.464004539,0.907192689,0.964741278,Oscp,FBgn0016691
CG7112,-0.019242569,7.08316964,0.907233113,0.964741278,GAPcenA,FBgn0035879
Rme-8,-0.020717231,7.097441001,0.907288233,0.964741278,Rme-8,FBgn0015477
CG13886,-0.027442997,4.578093836,0.907739392,0.96510741,"CG42553 , CG42554","FBgn0260755 , FBgn0260756"
CG11475,0.096617657,1.592117502,0.908454595,0.965754155,CG11475,FBgn0034687
CG42382,0.040952414,2.799697664,0.909072134,0.966208128,CG42382,FBgn0259728
cag,0.042211351,3.298970005,0.909095538,0.966208128,cag,FBgn0017414
CG5451,0.034000712,3.843808619,0.909245705,0.966254052,Smu1,FBgn0038666
eIF5B,0.016992283,6.686965058,0.90969251,0.966615165,eIF5B,FBgn0026259
CG1785,0.044197391,3.822577274,0.910294046,0.967140588,CG1785,FBgn0030061
CG3348,0.062509819,2.311235068,0.910492295,0.967148043,CG3348,FBgn0040609
CG7194,0.137411053,0.613471086,0.910515176,0.967148043,CG7194,FBgn0035868
CG11837,0.036177378,3.188823412,0.910948997,0.967258365,CG11837,FBgn0039627
CG18177,-0.024178831,4.952816957,0.910959667,0.967258365,Naa60,FBgn0036039
CG6961,0.040596392,3.425301389,0.910983897,0.967258365,CG6961,FBgn0030959
CG7137,0.053239531,2.680110011,0.911047313,0.967258365,CG7137,FBgn0034422
CG4980,0.029736722,3.934230256,0.911385883,0.967504121,BCAS2,FBgn0039558
Socs36E,-0.026705475,5.912733712,0.911695577,0.967719169,Socs36E,FBgn0041184
CG3077,-0.028755674,4.671927529,0.911936747,0.967798448,CG3077,FBgn0031457
spt4,-0.050679305,2.821587715,0.91203637,0.967798448,spt4,FBgn0028683
Octbeta2R,0.195218704,0.651884812,0.912091652,0.967798448,Octbeta2R,FBgn0038063
Cyp6t3,-0.020785098,7.717827721,0.912559125,0.968180755,Cyp6t3,FBgn0033697
RanGap,0.028656671,4.851894082,0.912719572,0.968237273,RanGAP,FBgn0003346
CG8368,0.025051824,4.612395608,0.913081179,0.968360375,CG8368,FBgn0035707
Myt1,0.034950944,3.918448581,0.91321537,0.968360375,Myt1,FBgn0040298
CG8436,-0.037916711,3.884962204,0.913245899,0.968360375,Ibf1,FBgn0037670
Spt-I,-0.019497745,6.420948397,0.913264379,0.968360375,Spt-I,FBgn0086532
Dp,0.015901575,6.450108042,0.913556313,0.968360709,Dp,FBgn0011763
CG11872,0.048536051,3.614677385,0.913569171,0.968360709,CG43143,FBgn0262617
CG15173,-0.026419502,5.108678566,0.913671191,0.968360709,Ttc19,FBgn0032744
Tap42,0.033615752,4.65901196,0.913693456,0.968360709,Tap42,FBgn0051852
Oatp30B,-0.017453737,6.990189973,0.913910502,0.968477124,Oatp30B,FBgn0032123
CG32813,0.035091368,4.586888148,0.914428985,0.968855062,CG32813,FBgn0052813
CG8366,-0.033846087,3.611333057,0.914520678,0.968855062,CG8366,FBgn0034054
abs,0.025285511,4.325009055,0.914742313,0.968855062,abs,FBgn0015331
CG8311,0.02230883,4.608983916,0.914771488,0.968855062,CG8311,FBgn0034141
CG13532,0.036627392,4.296406163,0.914875696,0.968855062,CG13532,FBgn0034788
CG1640,-0.017315822,8.841043341,0.915009295,0.968855062,CG1640,FBgn0030478
CG18081,-0.021253837,5.035925529,0.915017865,0.968855062,CG18081,FBgn0036537
cav,0.104127804,2.213445374,0.915162841,0.968895008,cav,FBgn0026257
l-3-neo18,-0.017850261,7.473375394,0.91538098,0.968909605,l(3)neo18,FBgn0011455
Ccn,-0.017141638,7.123615706,0.915391131,0.968909605,Ccn,FBgn0052183
bip1,-0.061915591,2.034388234,0.915814393,0.969235652,bip1,FBgn0026263
CG14894,-0.02551739,4.779468854,0.915958172,0.969235652,CG14894,FBgn0038428
CG8193,0.124706865,2.654528565,0.916021031,0.969235652,PPO2,FBgn0033367
CG7580,-0.01707257,7.824181862,0.916214123,0.96932643,CG7580,FBgn0036728
Rh5,0.192514747,0.563136055,0.916684051,0.969710037,Rh5,FBgn0014019
CG1998,-0.016535954,6.968974207,0.917282891,0.970229907,CG1998,FBgn0030485
CG14224,-0.016350777,8.07837428,0.917574295,0.970357004,Ubqn,FBgn0031057
CG33970,0.016550441,10.25161588,0.917617876,0.970357004,CG33970,FBgn0053970
CG9448,-0.016030092,7.379428047,0.917831477,0.970408248,trbd,FBgn0037734
l-2-k05819,0.021144605,6.697616708,0.917881169,0.970408248,l(2)k05819,FBgn0022153
CG7332,0.01557079,6.106770388,0.918211657,0.970644057,CG7332,FBgn0030973
mRpL38,-0.029907226,4.886452772,0.91834405,0.97066881,mRpL38,FBgn0030552
CG6208,0.040359867,3.319164241,0.918504308,0.97066881,gammaSnap2,FBgn0266721
CanA-14F,-0.022590007,5.22923081,0.918563682,0.97066881,CanA-14F,FBgn0030758
CG2982,-0.032134983,4.658188834,0.918768368,0.97066881,CG2982,FBgn0266570
CG6659,-0.016063938,5.80214447,0.918814806,0.97066881,CG6659,FBgn0030946
CG5491,0.048183043,2.080588235,0.91887975,0.97066881,IntS12,FBgn0039459
DMAP1,-0.019506237,5.299472623,0.919069048,0.970755265,DMAP1,FBgn0034537
CG8180,-0.030930799,5.074655329,0.919189822,0.97076933,CG8180,FBgn0034021
Bap55,0.026456263,4.803883463,0.919484339,0.970966864,Bap55,FBgn0025716
rept,-0.027897432,4.44894844,0.919695102,0.971027568,rept,FBgn0040075
Bap,0.015826424,7.820676376,0.919756797,0.971027568,AP-1-2beta,FBgn0010380
fat2,0.019810394,7.0705071,0.91992676,0.97109352,kug,FBgn0261574
CG11526,-0.015786332,6.610141222,0.920144947,0.971210357,Strip,FBgn0035437
Cont,-0.016542767,7.930920861,0.920376831,0.971341623,Cont,FBgn0037240
Uch,-0.01903366,5.46058014,0.920540293,0.971400655,Uch,FBgn0010288
pds5,0.015605895,6.027085493,0.92077527,0.971486896,pds5,FBgn0260012
Tsp29Fa,-0.016271207,7.248954668,0.920837092,0.971486896,Tsp29Fa,FBgn0032074
RhoGDI,0.015793864,7.139522439,0.921324591,0.971812827,RhoGDI,FBgn0036921
CG8783,0.02885461,4.398179091,0.921376377,0.971812827,CG8783,FBgn0036397
CG16791,-0.01472284,6.823705135,0.921468749,0.971812827,CG16791,FBgn0038881
Rev1,-0.029441061,4.105219986,0.921680937,0.971923146,Rev1,FBgn0035150
slpr,0.016600677,5.536586134,0.922929206,0.973125869,slpr,FBgn0030018
ppa,-0.016289972,6.163948993,0.923151191,0.973242085,ppa,FBgn0020257
CG12825,-0.155033982,0.820801018,0.923254889,0.973242085,CG12825,FBgn0033221
l-1-G0196,0.017489277,8.360391479,0.923463533,0.973317209,l(1)G0196,FBgn0027279
CG6236,-0.017176313,5.948198735,0.923641584,0.973317209,CG6236,FBgn0038318
CG6694,-0.019431944,4.615777171,0.923679379,0.973317209,ZC3H3,FBgn0035900
CG15601,0.054776,2.272455579,0.923848484,0.973317209,CG15601,FBgn0030673
CG7597,0.017292398,6.588897925,0.923864852,0.973317209,Cdk12,FBgn0037093
Oli,0.045455161,2.282321475,0.924573915,0.973848688,Oli,FBgn0032651
xmas-1,0.08027691,2.169081105,0.924584923,0.973848688,xmas-1,FBgn0016080
CG1319,-0.019807583,4.921086714,0.924929125,0.974062379,CG1319,FBgn0035529
Pis,0.016472993,7.16863188,0.925003448,0.974062379,Pis,FBgn0030670
mbf1,0.017030945,6.164446929,0.925557663,0.974435058,mbf1,FBgn0262732
AnnX,0.014354699,8.089205194,0.925592868,0.974435058,AnxB10,FBgn0000084
CG3160,0.017550509,5.381117885,0.925753291,0.974435058,CG3160,FBgn0029789
eIF-1A,0.015000584,7.878692863,0.92583016,0.974435058,eIF-1A,FBgn0026250
CG14967,0.014298896,6.439812711,0.925896672,0.974435058,CG14967,FBgn0035420
Cyp12c1,-0.069300377,2.219462761,0.92626608,0.974615383,Cyp12c1,FBgn0036806
Khc,-0.014982258,7.753576186,0.926291353,0.974615383,Khc,FBgn0001308
agt,0.040944927,3.704227354,0.926391664,0.974615383,agt,FBgn0024912
CG42367,-0.064781133,0.704541747,0.92678229,0.97491281,CG42367,FBgn0259713
Cctgamma,-0.016314937,6.59740754,0.927653028,0.975715154,Cctgamma,FBgn0015019
CG3709,-0.056243728,2.275706195,0.928250766,0.9762302,CG3709,FBgn0031227
CG2993,0.024318786,4.979878268,0.928821999,0.976588786,CG2993,FBgn0037521
Tsp86D,-0.030118174,3.904480889,0.92886155,0.976588786,Tsp86D,FBgn0037848
NPFR76F,-0.02761222,5.194191043,0.928916033,0.976588786,sNPF-R,FBgn0036934
CG5781,-0.0645605,1.084561487,0.929274081,0.976628399,CG5781,FBgn0032448
CG2970,0.016461336,5.62145947,0.929306829,0.976628399,CG2970,FBgn0034936
CG17219,0.111502743,0.995100566,0.929367489,0.976628399,CG17219,FBgn0031494
CG17912,0.019695673,5.383005982,0.929431286,0.976628399,CG17912,FBgn0032600
CG10055,0.017530089,5.26319879,0.92970244,0.976628399,CG10055,FBgn0037482
CG10343,-0.038422079,3.814098133,0.929723491,0.976628399,CG10343,FBgn0032703
CG15894,-0.015337099,5.773142192,0.929748015,0.976628399,CG15894,FBgn0029864
mRpL13,0.025772399,3.719100171,0.929818559,0.976628399,mRpL13,FBgn0032720
Pi3K92E,-0.01562282,6.056685419,0.930068827,0.976640166,Pi3K92E,FBgn0015279
CG5611,0.037484557,3.210538147,0.930206374,0.976640166,CG5611,FBgn0039531
Tak1,0.014272682,6.934062487,0.930232037,0.976640166,Tak1,FBgn0026323
mRpS18B,0.034073341,3.897465426,0.93026219,0.976640166,mRpS18B,FBgn0032849
aop,0.016873989,5.732427226,0.930498383,0.976665342,aop,FBgn0000097
Cct5,0.016529582,6.843151141,0.930502391,0.976665342,Cct5,FBgn0010621
AlCR2,-0.07600885,2.063365173,0.930660912,0.976687458,AstC-R2,FBgn0036789
CG1732,0.020018586,6.022841948,0.930739686,0.976687458,CG1732,FBgn0039915
CG6701,-0.014843893,7.437547824,0.930887221,0.976728822,CG6701,FBgn0033889
CG12848,-0.018290686,4.719578436,0.931282056,0.976858396,CG12848,FBgn0040666
Nup62,0.026516941,4.304028576,0.931351628,0.976858396,Nup62,FBgn0034118
inaF,0.046835618,2.319703648,0.931394956,0.976858396,"inaF-A , inaF-B , inaF-C , inaF-D","FBgn0085351 , FBgn0259918 , FBgn0085350 , FBgn0260812"
Taspase1,-0.057484124,3.043270889,0.931443239,0.976858396,Taspase1,FBgn0263602
trbl,0.017523387,4.454187829,0.931626703,0.976937392,trbl,FBgn0028978
CG32706,-0.120628787,1.127141082,0.931737141,0.976939802,CG32706,FBgn0052706
CG11983,-0.031164532,0.884158202,0.932029049,0.977132462,CG11983,FBgn0037654
Exp6,-0.012082257,5.559263206,0.932181265,0.977178644,ebo,FBgn0266572
EloA,0.025197938,4.902708111,0.932813558,0.977399152,EloA,FBgn0039066
CG32276,0.013217592,7.369073149,0.932844703,0.977399152,CG32276,FBgn0047135
spn-A,0.039538656,3.386532142,0.932885902,0.977399152,spn-A,FBgn0003479
Ing3,-0.02071985,4.455221653,0.932940845,0.977399152,Ing3,FBgn0030945
CG2201,0.013716876,7.851649152,0.933081001,0.977399152,CG2201,FBgn0032955
Oseg3,-0.015573306,6.754356611,0.933148106,0.977399152,rempA,FBgn0260933
Gos28,0.025810772,4.5253813,0.933148958,0.977399152,Gos28,FBgn0044871
Grd,-0.041553384,2.536312912,0.933577849,0.977735021,Grd,FBgn0001134
e-y-3,0.012303618,7.250451623,0.934804596,0.978906308,e(y)3,FBgn0087008
Mlh1,-0.058477523,2.342796731,0.935093354,0.979095197,Mlh1,FBgn0011659
CG32368,-0.021819702,4.557506097,0.935356905,0.979257652,CG32368,FBgn0052368
CG5589,0.047706953,2.600980324,0.935573351,0.979265335,CG5589,FBgn0036754
CG8405,-0.012749972,6.777482235,0.935581039,0.979265335,CG8405,FBgn0034071
CG7713,-0.037373721,3.710507871,0.935829154,0.979411559,CG7713,FBgn0038545
CG32436,0.095147127,1.183796939,0.936353473,0.979846783,CG32436,FBgn0052436
pzg,0.013900185,6.686479275,0.936599498,0.979990719,pzg,FBgn0259785
d4,-0.015484674,5.529875443,0.936949244,0.980243135,d4,FBgn0033015
CG9153,-0.011895555,7.237508339,0.937421588,0.980623741,CG9153,FBgn0035207
mRpL22,-0.014504312,4.557552708,0.937907999,0.980984397,mRpL22,FBgn0030786
CG12885,0.012542586,7.539656851,0.938011985,0.980984397,CG12885,FBgn0039523
Klp10A,-0.013661392,6.233936273,0.93809212,0.980984397,Klp10A,FBgn0030268
CG7375,0.017495097,5.567062135,0.938203612,0.980987434,UbcE2M,FBgn0035853
Ugt36Bb,-0.111303088,1.186867833,0.938317701,0.980993185,Ugt36Bb,FBgn0040261
CG8202,0.025341557,4.479125519,0.938506907,0.981077459,CG8202,FBgn0037622
SIP1,0.040389657,3.345137377,0.938779166,0.981248523,HSPC300,FBgn0061198
CG3337,-0.018790398,4.171262619,0.939099831,0.981470138,CG3337,FBgn0038871
veli,0.017980951,5.01479315,0.939212534,0.981474382,veli,FBgn0039269
ptc,-0.02977272,4.362883022,0.939432881,0.981588213,ptc,FBgn0003892
CG4407,-0.013742741,5.745363154,0.939652743,0.981588213,CG4407,FBgn0030431
nxf2,0.046339836,1.437854179,0.939713456,0.981588213,nxf2,FBgn0036640
CG9249,0.030053359,3.940860014,0.939939614,0.981588213,CG9249,FBgn0032922
CG11377,-0.020735009,5.410002028,0.939951112,0.981588213,CG11377,FBgn0031217
CG5757,-0.03275389,2.662760802,0.940188723,0.981588213,CG5757,FBgn0034299
CG7745,0.037993291,3.506853223,0.940271677,0.981588213,CG7745,FBgn0033616
Madm,0.012867254,5.939668914,0.9402812,0.981588213,Madm,FBgn0027497
mia,-0.050442548,2.595750495,0.940299357,0.981588213,mia,FBgn0014342
CG2025,-0.021421668,5.296152443,0.940656355,0.981839457,CG2025,FBgn0030344
CG11396,0.017220596,5.193328663,0.940757398,0.981839457,CG11396,FBgn0037022
CG12883,0.022093032,3.473470588,0.94109137,0.982074557,CG12883,FBgn0039538
CG10268,0.037604521,4.200046676,0.94134349,0.982166537,CG10268,FBgn0032811
CG18731,0.025309196,4.191372983,0.941396949,0.982166537,CG18731,FBgn0042213
aur,-0.06561912,2.622406071,0.941593608,0.982258275,aur,FBgn0000147
CG7280,-0.031918707,3.660620018,0.941824747,0.982385956,CG7280,FBgn0030966
CG31048,-0.010559158,6.342923655,0.942049744,0.9824204,spg,FBgn0264324
Pde8,0.013613609,7.553959605,0.942234151,0.9824204,Pde8,FBgn0266377
CG13995,-0.012572811,5.347003662,0.942273158,0.9824204,CG13995,FBgn0031770
CG13551,0.011878974,7.218143454,0.942347667,0.9824204,CG13551,FBgn0040660
CG32069,0.042998275,2.799543633,0.942401504,0.9824204,CG32069,FBgn0052069
CG8192,-0.084684291,1.325365762,0.9426335,0.982445282,CG8192,FBgn0034030
CG5569,-0.028935152,3.972778805,0.942642872,0.982445282,CG5569,FBgn0034919
CG7275,0.031188792,4.135790588,0.942982767,0.98268616,CG7275,FBgn0036500
CG14749,0.0143828,4.839110394,0.943429932,0.983038754,CG14749,FBgn0033316
CG9317,0.092316446,1.438165038,0.943991605,0.98351057,CG9317,FBgn0032879
beat-IIIa,-0.029901042,2.554003524,0.944480185,0.983844328,beat-IIIa,FBgn0265607
CG4930,0.017271684,6.007752271,0.944529761,0.983844328,EndoGI,FBgn0028515
rux,-0.027597447,3.647012617,0.944941207,0.984159426,rux,FBgn0003302
rno,-0.010098415,6.445416693,0.945112038,0.984223879,rno,FBgn0035106
CG8683,-0.01076057,7.368904603,0.945292759,0.984298615,mon2,FBgn0031985
CG8388,0.027345357,4.030082371,0.945632708,0.984345001,CG8388,FBgn0034062
upd2,0.049236141,1.011463873,0.945657364,0.984345001,upd2,FBgn0030904
Ngp,0.010781967,5.230314042,0.945664187,0.984345001,Ns2,FBgn0034243
l-1-1Bi,0.033198724,3.715437714,0.946089976,0.984428903,l(1)1Bi,FBgn0001341
CG11777,0.032160404,2.792606608,0.946159842,0.984428903,CG11777,FBgn0033527
Tob,-0.011374292,5.449422469,0.946199797,0.984428903,Tob,FBgn0028397
CG7747,-0.017203678,3.785784888,0.946343612,0.984428903,CG7747,FBgn0034109
CG4973,0.030564054,2.848470809,0.946374569,0.984428903,mdlc,FBgn0038772
ncm,-0.013503481,5.454022214,0.946598958,0.984428903,ncm,FBgn0086707
WASp,-0.012179418,5.185936945,0.946699785,0.984428903,WASp,FBgn0024273
Spn6,-0.012611114,4.909583587,0.946802496,0.984428903,Spn55B,FBgn0028983
Tfb2,-0.02073927,3.731978442,0.946892169,0.984428903,mrn,FBgn0261109
Rad17,0.030635883,2.975313265,0.947005121,0.984428903,Rad17,FBgn0025808
CG16799,0.01739731,5.014361245,0.947011597,0.984428903,CG16799,FBgn0034538
CG31251,0.077274318,1.518150167,0.947053311,0.984428903,CG31251,FBgn0051251
CG6133,0.014620725,4.586992107,0.947161393,0.984428903,Nsun2,FBgn0026079
CG1885,-0.012488538,4.389099612,0.947329917,0.984490794,CG1885,FBgn0030066
CG10898,-0.016060446,4.584266393,0.947777615,0.984818241,CG10898,FBgn0037911
sei,0.015269486,5.79632484,0.947890204,0.984818241,sei,FBgn0003353
ph-p,-0.010153276,6.030352373,0.947972041,0.984818241,ph-p,FBgn0004861
CG1381,-0.016769915,3.930218255,0.948183414,0.984924567,RpLP0-like,FBgn0033485
Fas3,0.009768138,6.247489166,0.948667683,0.98499322,Fas3,FBgn0000636
Cog3,-0.017814926,5.115427733,0.948689682,0.98499322,Cog3,FBgn0031536
galectin,0.010915466,6.819207375,0.948692663,0.98499322,galectin,FBgn0031213
CG11583,-0.022280482,4.017875873,0.948786001,0.98499322,CG11583,FBgn0035524
CG8915,-0.031160909,3.848655963,0.949075545,0.98499322,CG8915,FBgn0030833
CG15199,-0.081710149,1.282596507,0.949080639,0.98499322,CG15199,FBgn0030270
CG13875,0.056410154,1.789196219,0.949151336,0.98499322,CG13875,FBgn0035104
hk,0.010483791,6.5686561,0.949364104,0.98499322,hk,FBgn0001202
CG4945,0.074075391,1.52211063,0.949467992,0.98499322,CG4945,FBgn0034137
Vinc,0.009799869,6.599987161,0.949502232,0.98499322,Vinc,FBgn0004397
CG1646,0.013355743,6.870689247,0.949504934,0.98499322,CG1646,FBgn0039600
CG32473,-0.010613406,6.163732202,0.949601892,0.98499322,CG32473,FBgn0052473
RpS27,-0.011480981,9.000918728,0.949850636,0.98499322,RpS27,FBgn0039300
CG14341,0.015487786,3.965367265,0.949857114,0.98499322,CG14341,FBgn0031315
CG9883,0.070310978,1.658688662,0.950353015,0.98499322,Elba2,FBgn0031435
CG10641,0.010202165,5.5825214,0.950356695,0.98499322,Swip-1,FBgn0032731
SH3PX1,0.011088779,6.864038289,0.950416325,0.98499322,SH3PX1,FBgn0040475
l-2-dtl,-0.022195268,3.703663961,0.950418747,0.98499322,l(2)dtl,FBgn0013548
CG11906,-0.01587299,3.95309118,0.950452725,0.98499322,CG11906,FBgn0034425
bs,0.034220659,3.696429488,0.950459276,0.98499322,bs,FBgn0004101
CG5828,-0.024512681,3.971484844,0.950635813,0.98499322,CG5828,FBgn0031682
CG1791,-0.010944054,6.616265271,0.950790809,0.98499322,CG1791,FBgn0030163
ca,-0.009564972,7.34813938,0.951035332,0.98499322,ca,FBgn0000247
mRpL42,-0.019848951,4.094559023,0.951041957,0.98499322,mRpL42,FBgn0033480
ct,0.011849079,6.353769036,0.9510661,0.98499322,ct,FBgn0004198
CG3173,-0.009971798,5.625437457,0.951116809,0.98499322,IntS1,FBgn0034964
CG7861,-0.011380448,5.846416143,0.951193364,0.98499322,Tbce,FBgn0033055
Chd1,0.010114999,7.381480452,0.951329544,0.98502133,Chd1,FBgn0250786
CG33965,-0.067320233,1.539201314,0.951718543,0.985311176,CG33965,FBgn0053965
G-ialpha65A,-0.010198338,6.133796501,0.951834928,0.985318751,Galphai,FBgn0001104
kin17,-0.01845103,4.174528357,0.952154416,0.985454648,kin17,FBgn0024887
CG14550,0.021333199,4.009059215,0.952421415,0.985454648,CG14550,FBgn0039405
GABA-B-R2,-0.008801568,7.002696367,0.952435752,0.985454648,GABA-B-R2,FBgn0027575
Nnf1a,-0.051372709,1.808479691,0.952479232,0.985454648,Nnf1a,FBgn0034523
CG1972,-0.010689424,5.277521705,0.952511622,0.985454648,IntS11,FBgn0039691
Pbprp3,0.009866426,14.33661381,0.952770703,0.985560944,Obp83a,FBgn0011281
CG8866,0.01444262,5.231735353,0.952832553,0.985560944,CG8866,FBgn0037679
Ercc1,0.050185685,1.78815753,0.953298422,0.985826692,Ercc1,FBgn0028434
Sk2,0.018560168,4.783995525,0.953307724,0.985826692,Sk2,FBgn0052484
ush,-0.038319931,2.946111552,0.953592364,0.985919443,ush,FBgn0003963
CG9640,-0.020322996,3.846678232,0.953615684,0.985919443,CG9640,FBgn0034182
CG8885,-0.011677997,5.264118922,0.954032636,0.986237651,Scox,FBgn0262467
mamo,-0.01045133,5.69418727,0.954167049,0.986263743,mamo,FBgn0267033
blue,0.010848134,5.943170643,0.954586932,0.98658487,blue,FBgn0041161
RabX4,-0.01480886,4.973619627,0.954893501,0.986788823,RabX4,FBgn0051118
gt,0.055326235,1.759035556,0.95509745,0.986886694,gt,FBgn0001150
CG14655,0.02832489,1.393715621,0.9554905,0.987179915,CG14655,FBgn0037275
CG6745,0.02482395,3.459097214,0.955680608,0.987263421,CG6745,FBgn0035901
CG7368,0.022788281,4.534272664,0.956017243,0.987486034,CG7368,FBgn0036179
CG4332,0.014428088,4.313029191,0.956114715,0.987486034,CG4332,FBgn0030456
CG3735,0.018187515,3.518525999,0.956724199,0.987938893,CG3735,FBgn0034933
stv,0.00960054,7.591781729,0.956771903,0.987938893,stv,FBgn0086708
Ack,0.009418499,6.511070285,0.956946408,0.987994355,Ack,FBgn0028484
CG11970,0.00733365,5.586273559,0.957044344,0.987994355,CG11970,FBgn0027503
Cypl,0.022211905,3.509084342,0.957489055,0.988340507,Cypl,FBgn0035141
CG13390,-0.028941768,3.421878026,0.957916334,0.98866859,CG13390,FBgn0032031
Gpb5,0.048220509,2.010018939,0.958338194,0.988991004,Gpb5,FBgn0063368
l-1-G0095,0.010538505,5.079563336,0.958716317,0.98924241,IntS4,FBgn0026679
CG13036,-0.058524491,1.987125005,0.958838885,0.98924241,CG44836,FBgn0266099
CG16838,-0.026240259,3.517096033,0.958910315,0.98924241,elg1,FBgn0036574
Trn-SR,-0.020531651,4.399513385,0.959226035,0.989455126,Trn-SR,FBgn0031456
CG13970,-0.076236105,1.551444122,0.959986967,0.990019573,CG13970,FBgn0032851
Traf-like,-0.05243747,2.162186511,0.959992413,0.990019573,Traf-like,FBgn0030748
MED30,0.033662841,3.475911182,0.960202958,0.990123676,MED30,FBgn0035149
polybromo,-0.012788245,6.045378676,0.960498683,0.990308791,polybromo,FBgn0039227
osm-6,0.007840901,6.077082941,0.96060172,0.990308791,Osm6,FBgn0031829
Rhp,0.020087928,4.428479953,0.960961252,0.990528577,Rhp,FBgn0026374
shot,-0.010549582,9.588946754,0.961034202,0.990528577,shot,FBgn0013733
pdm3,0.009529924,6.88362332,0.961486791,0.990882007,pdm3,FBgn0261588
CG10584,0.02617521,3.587898269,0.961716034,0.991005207,CG10584,FBgn0037045
Sema-1b,0.007774711,7.682517668,0.961953235,0.991136579,Sema-1b,FBgn0016059
CG2091,-0.013342979,3.752711219,0.962178325,0.991255444,CG2091,FBgn0037372
Hsp60,-0.007281911,8.369682822,0.96243879,0.991410721,Hsp60,FBgn0015245
CG6984,0.044277172,2.280892121,0.962666647,0.991422857,CG6984,FBgn0034191
CG7394,0.012860546,5.165817592,0.962692111,0.991422857,CG7394,FBgn0036173
CG1647,-0.012881866,4.742687199,0.962779801,0.991422857,CG1647,FBgn0039602
CG14480,-0.014474462,3.822544931,0.963079347,0.991609452,CG14480,FBgn0034242
CG11033,-0.007690361,7.376898416,0.963180534,0.991609452,Kdm2,FBgn0037659
l-2-44DEa,-0.007810526,9.358615777,0.963609192,0.991836751,Acsl,FBgn0263120
CG5366,-0.009099501,6.407175151,0.963699771,0.991836751,Cand1,FBgn0027568
Neb-cGP,0.007275663,7.558951586,0.963739476,0.991836751,Neb-cGP,FBgn0083167
CG14286,0.034330315,2.157501599,0.963910351,0.991836751,CG14286,FBgn0038673
svr,0.008089876,7.5205464,0.964012875,0.991836751,svr,FBgn0004648
CG17370,0.01500706,5.221398806,0.964060052,0.991836751,SppL,FBgn0039381
E2f2,0.008342415,4.548794936,0.964727303,0.992286188,E2f2,FBgn0024371
Med,-0.007432511,6.446255672,0.964730997,0.992286188,Med,FBgn0011655
CG3358,-0.022867925,3.794737357,0.96482642,0.992286188,CG3358,FBgn0033117
fwd,-0.008631936,7.107028347,0.96504443,0.992319794,fwd,FBgn0004373
CDC45L,-0.016846799,3.885379045,0.965078782,0.992319794,CDC45L,FBgn0026143
CG6841,0.013570572,4.821757549,0.965576886,0.99271897,CG6841,FBgn0036828
CG5608,-0.013197202,4.775652683,0.966359009,0.993147674,CG5608,FBgn0038058
rictor,0.007962453,6.223621481,0.966379571,0.993147674,rictor,FBgn0031006
CG3165,0.012523911,4.049468976,0.966509999,0.993147674,CG3165,FBgn0031484
CG9226,0.013132464,4.04054863,0.966573525,0.993147674,WDR79,FBgn0031782
D12,-0.022484759,3.739169339,0.966691221,0.993147674,D12,FBgn0027490
CG13567,0.010692957,3.919146196,0.966716173,0.993147674,Not11,FBgn0034963
CG8600,0.009643881,5.573744572,0.966846176,0.993147674,"CG43780 , CG43781","FBgn0264302 , FBgn0264303"
Nup98,-0.009521435,6.451365509,0.966873344,0.993147674,Nup98-96,FBgn0039120
Apc2,0.013869264,2.480567655,0.967221275,0.993362584,Apc2,FBgn0026598
twf,-0.022945399,4.010771446,0.967302485,0.993362584,twf,FBgn0038206
pain,-0.006939777,6.441127887,0.967797476,0.993757945,pain,FBgn0060296
tko,0.008999293,4.121082028,0.968119172,0.993872275,tko,FBgn0003714
Hph,0.013164201,5.535216366,0.968128849,0.993872275,Hph,FBgn0264785
Prm,-0.026851396,4.819343332,0.968515209,0.994155937,Prm,FBgn0003149
RpS3A,-0.006317423,9.649457715,0.968700106,0.99423276,RpS3A,FBgn0017545
CG13889,0.008031015,5.607490852,0.969236325,0.994596936,CG13889,FBgn0035168
CG30000,-0.011734462,4.248364593,0.969316345,0.994596936,GstT1,FBgn0050000
CG5098,-0.004849135,6.132728575,0.969385214,0.994596936,CG5098,FBgn0034300
Tango13,-0.008056995,6.140542744,0.969640457,0.994745843,Tango13,FBgn0086674
CG9776,-0.005867033,7.062934787,0.969950002,0.994944588,CG9776,FBgn0027866
CG2316,0.006473975,7.863567212,0.970130001,0.994944588,CG2316,FBgn0039890
CG11752,-0.009269867,6.133342783,0.970164587,0.994944588,CG11752,FBgn0030292
CG32543,-0.005978312,5.106127711,0.970363609,0.995035737,CG42450,FBgn0259927
Cdk5,0.009478785,4.363052646,0.970498871,0.995061491,Cdk5,FBgn0013762
LpR2,-0.007177146,5.175128234,0.970736092,0.995191768,LpR2,FBgn0051092
CG10713,0.011015372,2.889746586,0.971312637,0.995669847,CG10713,FBgn0036360
CG14817,-0.009232498,5.286298517,0.971586692,0.995837778,CG14817,FBgn0026089
Su-P-,0.009932273,5.237341525,0.972357848,0.996422272,Su(P),FBgn0004465
CG16890,-0.010680683,4.39406371,0.972377546,0.996422272,CG16890,FBgn0028932
CG4596,-0.012162017,4.349479846,0.972769702,0.996711068,CG4596,FBgn0037849
CG14898,0.023467488,2.894919372,0.9730371,0.996871985,CG14898,FBgn0038437
CG1146,-0.023731207,3.918527329,0.973277035,0.997004733,CG1146,FBgn0035346
CG12219,-0.014751422,4.276131845,0.973696019,0.997235796,CG12219,FBgn0043796
RabX6,0.038890306,2.682197768,0.973723373,0.997235796,RabX6,FBgn0035155
CG30356,-0.034253715,2.742441285,0.974468896,0.997738472,CG30356,FBgn0050356
CG8152,0.015460848,2.910640128,0.974471225,0.997738472,CG8152,FBgn0034008
pr,-0.004626708,5.72693522,0.974705658,0.997738472,pr,FBgn0003141
CG13850,0.00980317,4.68312995,0.974742459,0.997738472,CG13850,FBgn0038961
CG1239,0.036593938,2.956627269,0.974766411,0.997738472,CG1239,FBgn0037368
l-2-k14505,0.015928419,4.63771815,0.974908189,0.997738555,l(2)k14505,FBgn0021856
Bx,-0.014016735,4.68741577,0.974987377,0.997738555,Bx,FBgn0265598
Not1,0.0052224,8.489710087,0.975275944,0.997815365,Not1,FBgn0085436
CG16812,0.008912756,4.650865373,0.975283337,0.997815365,CG16812,FBgn0032488
Cap-G,-0.011478755,4.686290369,0.975581427,0.998007316,Cap-G,FBgn0259876
cpa,-0.004577043,5.652679363,0.975805611,0.998032719,cpa,FBgn0034577
cdc14,-0.008485638,6.015042538,0.975955244,0.998032719,cdc14,FBgn0031952
CG32202,0.013771449,3.24926367,0.976000656,0.998032719,CG32202,FBgn0052202
mRpS18C,0.014620321,3.319391711,0.97604816,0.998032719,mRpS18C,FBgn0039765
CG3527,-0.024953072,3.314645962,0.976718319,0.998604945,CG3527,FBgn0029714
Mms19,-0.014003574,4.725006735,0.976860735,0.998605339,Mms19,FBgn0037301
Kul,-0.006377796,6.370082069,0.976939782,0.998605339,Kul,FBgn0039688
Pcaf,-0.006352791,6.020708663,0.97711386,0.998670281,Gcn5,FBgn0020388
CG10874,0.007402388,7.335437454,0.97731337,0.998688161,CG10874,FBgn0031395
Aos1,-0.008742662,4.910728483,0.97735245,0.998688161,Aos1,FBgn0029512
CG16892,-0.008638362,3.407862607,0.977833762,0.999066976,CG16892,FBgn0030122
CG5414,0.018462936,3.403276225,0.977955585,0.999078453,CG5414,FBgn0036569
l-2-05714,0.02022229,3.099672252,0.97819427,0.999209298,l(2)05714,FBgn0010607
CG32108,-0.010918191,3.493461168,0.978512572,0.999353426,CG42588,FBgn0260965
CG6734,0.007556321,5.780972888,0.978567492,0.999353426,CG6734,FBgn0032395
lok,0.010121202,3.310219557,0.978676727,0.999353426,lok,FBgn0019686
Ca-P60A,-0.006302421,9.169257846,0.978777851,0.999353426,Ca-P60A,FBgn0263006
Tina-1,-0.004161264,9.911665193,0.979064335,0.999532964,Tina-1,FBgn0035083
RpI135,0.003319584,3.466595106,0.979350846,0.999712491,RpI135,FBgn0003278
lid,0.004292877,7.181249466,0.97947001,0.99972117,lid,FBgn0031759
CG15881,-0.005833425,3.242630173,0.97968303,0.999825632,CG15881,FBgn0036909
CG11337,-0.018956589,3.638078425,0.979954908,0.999944367,CG11337,FBgn0039846
usnp,-0.004398841,5.105254743,0.980020746,0.999944367,Snap29,FBgn0034913
CG34132,0.003719232,3.434403762,0.980248622,1,CG34132,FBgn0083968
CG1973,0.004718677,6.2544383,0.980704992,1,yata,FBgn0260990
CG12424,0.003633885,6.687618374,0.980904431,1,ckn,FBgn0033987
CG34449,-0.006178741,5.202735284,0.981142347,1,CG34449,FBgn0085478
CG42321,-0.003722819,9.138919369,0.981339747,1,CG42321,FBgn0259221
pasha,-0.008379761,3.797520881,0.981582024,1,pasha,FBgn0039861
pncr004-X,-0.013354621,3.52473811,0.981685099,1,pncr004:X,FBgn0047095
ovo,0.004625569,5.452422923,0.981811324,1,ovo,FBgn0003028
CG14367,0.003827845,7.652654634,0.982220438,1,CG14367,FBgn0038170
rnh1,-0.021913634,3.759055478,0.982429844,1,rnh1,FBgn0023171
CG7523,0.003116342,5.357987308,0.982523772,1,CG7523,FBgn0038533
CG12128,-0.015612425,3.810306018,0.982548574,1,CG12128,FBgn0033473
CG1789,-0.009649516,3.867322461,0.982583318,1,CG1789,FBgn0030063
CG4036,0.014034176,3.864006613,0.982657675,1,CG4036,FBgn0032149
ssp2,0.006249757,5.884197372,0.982918966,1,ssp2,FBgn0036389
CG7519,0.001591178,4.067378024,0.98414063,1,CG7519,FBgn0037087
mRpL15,-0.003697067,4.389564956,0.985953259,1,mRpL15,FBgn0036990
Top3alpha,0.010882465,4.370207014,0.985992298,1,Top3alpha,FBgn0040268
pgant6,-0.008885676,4.503847327,0.986472081,1,pgant6,FBgn0035375
CG5127,0.006568599,4.514211002,0.986521944,1,Vps33B,FBgn0039335
CG7231,0.010128587,4.487998904,0.986821646,1,CG7231,FBgn0031968
Rad23,0.002512907,6.782744789,0.988094469,1,Rad23,FBgn0026777
Nak,-0.002178066,7.851873038,0.988853132,1,Nak,FBgn0015772
CG8818,0.003128267,6.538692014,0.989325459,1,CG8818,FBgn0033751
l-2-NC136,-0.002375851,7.145726125,0.990217381,1,Not3,FBgn0033029
Pi3K59F,-0.002824429,5.742446316,0.990577927,1,Pi3K59F,FBgn0015277
CG12079,-0.002112337,7.75409345,0.990954425,1,NDUFS3,FBgn0266582
cul-5,-0.000174036,5.419393385,0.991355935,1,Cul5,FBgn0039632
ftz-f1,-0.005674621,5.995062495,0.991852956,1,ftz-f1,FBgn0001078
CG33464,0.000784368,5.202809594,0.99186603,1,sli,FBgn0264089
CG31098,-0.003604188,5.569212883,0.992559006,1,CG31098,FBgn0051098
CG9000,-0.00478793,5.87698655,0.992703192,1,ste24a,FBgn0034176
px,-0.001313709,7.03176586,0.993002025,1,px,FBgn0003175
CG1371,0.003775764,5.877823275,0.993283941,1,CG1371,FBgn0033482
CG18317,-0.001975872,6.486841393,0.994208098,1,Rim2,FBgn0031359
CG34123,0.0034547,7.093031511,0.994894047,1,Trpm,FBgn0265194
retm,0.001158596,7.920247385,0.995947076,1,retm,FBgn0031814
Cp190,-0.002027387,6.857852371,0.996384645,1,Cp190,FBgn0000283
CG6830,0.000258955,6.82041346,0.996778428,1,CG6830,FBgn0037934
CG11009,0.000800682,8.221898063,0.997343003,1,Wbp2,FBgn0036318
Thd1,0.002134476,6.961295166,0.997751978,1,Thd1,FBgn0026869
bru-2,0.000833136,8.195322102,0.997912856,1,bru-2,FBgn0262475
Ubi-p63E,-0.001996633,7.279577331,0.998187523,1,Ubi-p63E,FBgn0003943
CG16959,0.120545529,0.913388946,1,1,CG16959,FBgn0036481
Orc1,0.015108456,0.898620684,1,1,Orc1,FBgn0022772
CG4741,0.064378201,0.31250463,1,1,CG4741,FBgn0035040
CG11164,0.030607095,1.609874425,1,1,CG11164,FBgn0030507
CG8713,0.016103039,1.632567711,1,1,CG8713,FBgn0033257
CG10222,-0.006411033,2.43317338,1,1,CG10222,FBgn0036356
Bc,-0.025454005,1.610752835,1,1,PPO1,FBgn0261362
CG15332,-0.061598679,0.549693663,1,1,CG15332,FBgn0029986
CG34112,0.130122727,0.575366233,1,1,CG34112,FBgn0086608
Wnt10,0.090075532,0.644558977,1,1,Wnt10,FBgn0031903
CG42331,0.082167031,0.995941085,1,1,CG42331,FBgn0259233
CG12853,0.075989605,0.934379335,1,1,CG12853,FBgn0040747
CG17742,0.066457803,0.874362876,1,1,Dscam2,FBgn0265296
CG13719,0.055699248,0.647789612,1,1,CG42540,FBgn0260657
Pif1A,0.048494276,0.815683907,1,1,Pif1A,FBgn0261015
CG5731,0.035461645,2.231963441,1,1,CG5731,FBgn0032192
CG30355,0.033075617,0.876595623,1,1,CG30355,FBgn0050355
CG8159,0.030827199,2.436726392,1,1,CG8159,FBgn0037619
Psf1,0.029577948,0.774635256,1,1,Psf1,FBgn0035194
CG9793,0.023985103,1.775939739,1,1,ranshi,FBgn0037620
CheB93b,0.023109754,1.741769279,1,1,CheB93b,FBgn0051438
CG3238,0.020192855,1.49460602,1,1,CG3238,FBgn0031540
CG18171,0.019911423,2.56720024,1,1,CG18171,FBgn0035262
Tfb4,0.019473963,2.566261035,1,1,Tfb4,FBgn0031309
CG11110,0.018820903,2.929194348,1,1,CG11110,FBgn0034535
CG15107,0.018133078,3.078842839,1,1,CG15107,FBgn0041702
CG8173,0.014937626,0.928602251,1,1,CG8173,FBgn0030864
Dim1,0.014609272,3.879254616,1,1,Dim1,FBgn0031601
Ote,0.014576355,2.276500929,1,1,Ote,FBgn0266420
CG7928,0.012981876,3.597654092,1,1,CG7928,FBgn0039740
CG31457,0.012882635,3.143736031,1,1,CG31457,FBgn0051457
Rgk3,0.012835608,1.27736751,1,1,Rgk3,FBgn0085426
CG11261,0.011346724,1.4218735,1,1,CG11261,FBgn0036332
beat-Ia,0.011209984,4.028673487,1,1,beat-Ia,FBgn0013433
CG31365,0.011108661,4.017766068,1,1,CG31365,FBgn0051365
CG5267,0.011036359,2.238453084,1,1,CG5267,FBgn0034154
CycD,0.010895262,3.640443724,1,1,CycD,FBgn0010315
l-2-37Cd,0.010846881,3.261592047,1,1,l(2)37Cd,FBgn0086445
mRpL49,0.009304536,4.671964402,1,1,mRpL49,FBgn0030433
CG9293,0.009169396,4.255308223,1,1,CG9293,FBgn0032516
CG31229,0.008641382,4.749220149,1,1,CG31229,FBgn0051229
CG7698,0.007856201,4.235465325,1,1,Cpsf73,FBgn0261065
CG10673,0.007846549,3.259324843,1,1,Prpk,FBgn0035590
CG10984,0.006888177,5.39322946,1,1,CG10984,FBgn0036305
CG34149,0.006238235,1.565629252,1,1,CG34149,FBgn0083985
CG9215,0.005785435,4.152613149,1,1,CG9215,FBgn0030659
CG15439,0.005706249,3.694847407,1,1,CG15439,FBgn0031606
CG12879,0.005466676,2.331374555,1,1,"CG43319 , CG43320","FBgn0263024 , FBgn0263025"
Ranbp21,0.005129011,5.621492052,1,1,Ranbp21,FBgn0031051
CG34231,0.004296359,0.804896236,1,1,CG34231,FBgn0085260
Mcm6,0.004024084,3.197418512,1,1,Mcm6,FBgn0025815
CG1427,0.003915096,5.913525991,1,1,CG1427,FBgn0037347
CG5934,0.003698913,4.429580699,1,1,CG5934,FBgn0039505
CG3894,0.003402397,5.521215646,1,1,CG3894,FBgn0035059
CG9586,0.003109463,4.492500149,1,1,CG9586,FBgn0032101
Ntf-2,0.002643937,5.943826379,1,1,Ntf-2,FBgn0031145
CG5446,0.002540476,5.054638185,1,1,CG5446,FBgn0032429
Cap,0.002277303,5.753202227,1,1,Cap,FBgn0015615
CG2126,0.001620035,4.332845865,1,1,CG2126,FBgn0039876
CG17378,0.001253491,5.797140633,1,1,CG17378,FBgn0031858
ald,0.001138165,1.87070754,1,1,ald,FBgn0000063
CG18508,0.000814388,5.453010535,1,1,CG18508,FBgn0028746
CG32176,0.000792964,4.552034145,1,1,CG32176,FBgn0052176
Taf10b,0.000536538,4.753293936,1,1,Taf10b,FBgn0026324
bonsai,0.000534763,4.743938317,1,1,bonsai,FBgn0026261
Meics,0.00032016,3.699862515,1,1,Meics,FBgn0025874
mRpL28,0.000276657,6.230803359,1,1,mRpL28,FBgn0031660
nerfin-2,0.000178987,3.514855449,1,1,nerfin-2,FBgn0041105
CG34187,6.41239E-05,0.752031012,1,1,"CR44241 , Trpm","FBgn0265176 , FBgn0265194"
Cyp317a1,2.42531E-05,5.940906549,1,1,Cyp317a1,FBgn0033982
CG4589,-1.69958E-05,8.777220637,1,1,Letm1,FBgn0019886
Pde1c,-4.85233E-05,6.983498317,1,1,Pde1c,FBgn0264815
CG7083,-7.87632E-05,5.350680198,1,1,CG7083,FBgn0035877
clt,-0.00022254,4.648158154,1,1,clt,FBgn0000326
lwr,-0.000342075,6.856600371,1,1,lwr,FBgn0010602
Caf1-180,-0.00048271,2.917164336,1,1,Caf1-180,FBgn0030054
CG8298,-0.000661627,4.022399837,1,1,CG8298,FBgn0033673
CG5591,-0.000673558,5.290823715,1,1,Lpt,FBgn0263667
nmo,-0.001280275,5.020692431,1,1,nmo,FBgn0011817
CG14632,-0.001311401,2.842128685,1,1,CG43867,FBgn0264449
cutlet,-0.001328478,1.099040419,1,1,cutlet,FBgn0015376
CG9376,-0.001330773,3.288252081,1,1,CG9376,FBgn0036893
Aats-glupro,-0.001464911,6.570703022,1,1,Aats-glupro,FBgn0005674
NELF-A,-0.001468927,6.330952668,1,1,Nelf-A,FBgn0038872
CG31717,-0.001791981,4.694532816,1,1,CG31717,FBgn0051717
CG42327,-0.001974845,6.496820311,1,1,CG42327,FBgn0259227
CG11523,-0.002062461,3.530477569,1,1,CG11523,FBgn0037156
CG6204,-0.002404433,5.03523894,1,1,CG6204,FBgn0039165
CG7627,-0.002525979,6.30295122,1,1,CG7627,FBgn0032026
sog,-0.002584816,5.182644779,1,1,sog,FBgn0003463
fzr2,-0.002600792,1.121974564,1,1,fzr2,FBgn0034937
CG14646,-0.002810056,4.016857059,1,1,CG14646,FBgn0037241
Aats-arg,-0.003231743,4.569902692,1,1,Aats-arg,FBgn0027093
CG7718,-0.003362237,2.95662534,1,1,CG7718,FBgn0038649
CG6569,-0.003720941,4.638084505,1,1,CG6569,FBgn0038909
CG11188,-0.003805271,3.782761217,1,1,Aatf,FBgn0031851
CG41378,-0.004304056,2.818276817,1,1,CG41378,FBgn0085638
CG14149,-0.004451692,3.649783175,1,1,Blos4,FBgn0036105
CG11175,-0.004476261,2.382464713,1,1,Rcd6,FBgn0034530
CG14358,-0.004918604,2.097544251,1,1,CCHa1,FBgn0038199
CG9257,-0.005668904,4.466200086,1,1,CG9257,FBgn0032916
CG32147,-0.00684357,4.235335305,1,1,CG32147,FBgn0047178
CG9008,-0.007097211,4.337486577,1,1,CG9008,FBgn0028540
CG34174,-0.008156326,1.319001657,1,1,CG34174,FBgn0085203
CG9896,-0.008353629,2.187563786,1,1,CG9896,FBgn0034808
Vps16B,-0.008724912,3.74685121,1,1,Vps16B,FBgn0039702
CG14318,-0.008725829,1.054720364,1,1,CG43102,FBgn0262562
CG7351,-0.008776375,3.636160805,1,1,PCID2,FBgn0036184
CG31871,-0.008837067,1.880011333,1,1,CG31871,FBgn0051871
CG15117,-0.009053387,3.990897507,1,1,CG15117,FBgn0034417
CG31068,-0.009181869,1.785925148,1,1,CG31068,FBgn0051068
CG9967,-0.00959796,2.973302231,1,1,CG9967,FBgn0031413
Rs1,-0.010042884,4.467338805,1,1,Rs1,FBgn0021995
CG15684,-0.010181048,3.590736975,1,1,CG42668,FBgn0261550
NaPi-T,-0.011569983,0.811523703,1,1,NaPi-T,FBgn0016684
mirr,-0.014030582,1.525961745,1,1,mirr,FBgn0014343
Kmn1,-0.015163262,1.910353046,1,1,Kmn1,FBgn0027259
CG33521,-0.016249507,3.942957723,1,1,CG33521,FBgn0250819
krimp,-0.017983024,0.446670782,1,1,krimp,FBgn0034098
CG11839,-0.020687893,2.141231938,1,1,CG11839,FBgn0039271
CG34364,-0.020846254,0.949722775,1,1,clos,FBgn0261016
CG12912,-0.02428472,1.941204926,1,1,CG12912,FBgn0033497
Dip1,-0.025899244,1.950562387,1,1,Dip1,FBgn0040467
nord,-0.030726015,1.080078584,1,1,nord,FBgn0050418
Nuf2,-0.03445183,1.578972484,1,1,Nuf2,FBgn0031886
c-2-M,-0.03460766,0.654208528,1,1,c(2)M,FBgn0028525
CG18278,-0.036416885,1.296346122,1,1,CG18278,FBgn0033836
CG6951,-0.03716702,1.792369155,1,1,CG6951,FBgn0036959
CG33310,-0.037975731,0.573489471,1,1,CG33310,FBgn0053310
meso18E,-0.04012713,0.727343311,1,1,meso18E,FBgn0040089
Nox,-0.060449566,0.195441274,1,1,Nox,FBgn0085428
CG12288,-0.06062284,0.628686662,1,1,CG12288,FBgn0032620
Pkd2,-0.063781815,0.779786308,1,1,Pkd2,FBgn0041195
CG34208,-0.066674086,1.346685362,1,1,CG34208,FBgn0085237
CG10191,-0.079471675,1.104013065,1,1,Poc1,FBgn0036354
CG1231,-0.086375158,0.729363449,1,1,CG1231,FBgn0035134
CG6332,-0.088970355,0.920365378,1,1,CG6332,FBgn0038921