Symbol,logFC,logCPM,PValue,FDR
Or47b,-7.173847635,6.543380385,9.29E-132,8.79E-128
Orco,-4.945973651,10.65076173,1.11E-97,5.27E-94
GstE4,-6.151112132,10.59847602,6.73E-92,2.12E-88
Or67d,-8.663786465,5.478411557,9.61E-91,2.27E-87
CG33177,-5.346152916,7.063847334,2.08E-87,3.94E-84
Obp28a,-4.471185867,11.45044273,4.79E-87,7.55E-84
CG31288,-5.366651634,6.667993866,3.33E-78,4.50E-75
Jhedup,-6.248005435,11.87608128,1.72E-71,2.03E-68
CG34342,-3.310824839,7.425681185,5.37E-69,5.65E-66
Kua,-3.547504381,7.406568334,2.12E-68,2.01E-65
Sp1,-3.88246572,8.183098665,1.83E-65,1.58E-62
OS9,-5.846529401,11.78672696,8.55E-65,6.74E-62
CR44960,-4.648823211,6.37485468,5.91E-63,3.82E-60
Gr64f,-5.091356734,5.439597882,6.02E-63,3.82E-60
CG7509,5.249902199,5.119213784,6.05E-63,3.82E-60
Or85b,-6.930491953,4.795604513,2.23E-61,1.32E-58
Or65a,-8.420721077,5.137309,1.06E-60,5.92E-58
CG40486,-5.875982426,9.71201184,4.04E-60,2.13E-57
Or56a,-8.026429069,4.737343523,1.83E-59,9.13E-57
Or7a,-6.621170256,4.703158584,6.75E-57,3.20E-54
Or65b,-7.89767706,5.23757804,5.18E-56,2.33E-53
Or67c,-9.087878155,4.022869071,3.10E-55,1.33E-52
Gr63a,-7.779788376,4.610284227,9.70E-55,3.99E-52
Cyp6a2,-2.972058907,10.04110518,6.26E-54,2.47E-51
Spn43Ab,3.973892473,7.003467562,5.72E-53,2.17E-50
CG9541,-2.78800689,8.121915067,6.30E-53,2.29E-50
Snmp1,-3.083867202,9.623817296,7.53E-53,2.64E-50
OSCP1,-3.232390913,6.859515754,1.27E-52,4.30E-50
CG42540,-3.01996999,8.174685743,3.52E-52,1.15E-49
IM14,12.24630135,3.887773399,1.59E-51,5.00E-49
Or67a,-8.019462781,4.285902912,7.65E-50,2.34E-47
GstD8,-2.950454996,7.089878858,8.47E-50,2.51E-47
Or9a,-7.126872983,5.27684032,1.31E-48,3.75E-46
Galphaf,-3.862652155,5.400502856,2.24E-47,6.23E-45
Osi8,-6.241180039,7.593283848,1.39E-46,3.76E-44
Or43a,-7.169609004,4.812256856,5.17E-46,1.35E-43
CG9555,-5.218915543,4.640225818,5.29E-46,1.35E-43
Or59b,-2.712992372,7.165542874,1.59E-45,3.97E-43
Tsp42Ef,-2.673147412,9.260378628,2.09E-45,5.08E-43
ea,4.452223793,4.93099361,2.28E-42,5.40E-40
Or23a,-8.014354347,3.64223969,2.48E-42,5.73E-40
CR45600,7.099899074,3.29455654,1.36E-41,3.07E-39
CR44541,-7.822207665,3.154543764,2.22E-40,4.88E-38
CG6938,-2.505534314,6.914979688,5.03E-40,1.08E-37
CG42237,-3.409611027,5.715588223,5.61E-40,1.18E-37
Obp69a,-7.66013478,10.27357198,6.01E-40,1.24E-37
Or83c,-7.525093084,2.855023511,8.39E-40,1.69E-37
Or49b,-5.922063055,3.673562736,2.87E-39,5.66E-37
Or85a,-7.654845602,4.253950463,1.15E-38,2.21E-36
Or43b,-3.490078374,5.408592628,2.78E-37,5.26E-35
CG15169,-2.62794012,7.578574142,3.13E-37,5.81E-35
CG30274,-2.657154873,6.501901487,5.63E-37,1.03E-34
Or69a,-7.498705497,4.10092254,7.40E-37,1.32E-34
Gr21a,-5.924856565,3.92851401,1.95E-36,3.42E-34
unpg,-5.836776702,3.002404502,4.18E-35,7.20E-33
Nep1,-2.237654918,7.882375437,7.00E-35,1.18E-32
toy,-3.13610335,6.333472587,1.01E-34,1.68E-32
Cyp6a14,5.690282955,3.724475664,1.23E-34,2.01E-32
Or13a,-5.494429049,4.137068818,2.30E-34,3.69E-32
CG3349,-7.136783297,2.48504483,2.95E-34,4.65E-32
GstD11,-2.179661318,7.49331047,3.50E-34,5.43E-32
CG34265,4.911710123,3.86762278,4.67E-34,7.09E-32
Or98a,-7.922760157,5.524725567,4.72E-34,7.09E-32
Or22a,-7.316863253,5.340874913,7.23E-34,1.07E-31
CG31683,7.480542567,1.720148469,4.15E-33,6.05E-31
Or19b,-6.496523083,3.85129304,4.50E-33,6.45E-31
CR45502,-6.327415314,3.662204872,9.41E-33,1.33E-30
CG7342,-2.335893767,7.400187913,1.45E-32,2.01E-30
Hf,-3.632931928,7.128352916,2.18E-32,2.99E-30
Cyp6a8,2.805731949,7.227051677,3.32E-32,4.49E-30
Or19a,-6.633094104,2.287811012,6.04E-32,8.06E-30
CG17919,-2.020794188,9.228053838,1.09E-31,1.43E-29
Or67b,-6.025702549,3.524155672,1.58E-31,2.05E-29
ppk6,-5.504837388,2.253236129,2.60E-30,3.32E-28
Gr98b,4.445922656,4.455705404,6.99E-30,8.82E-28
CG16713,-3.144345174,5.877551658,9.26E-30,1.15E-27
Or2a,-5.291953994,3.022241041,1.05E-29,1.29E-27
Or88a,-5.964850994,2.432857113,1.27E-29,1.54E-27
Tsp42A,-9.531159415,1.255626819,1.01E-28,1.21E-26
CG7786,-5.006469175,2.365920455,3.56E-28,4.21E-26
halo,-6.920789601,1.41192438,1.31E-27,1.53E-25
CG17321,-2.807402316,5.450215731,1.74E-27,2.01E-25
CG6912,4.936088807,4.358144671,1.80E-27,2.05E-25
CG43222,-3.680862985,4.368185865,3.14E-27,3.54E-25
amd,-2.025359873,7.292520418,3.59E-27,3.99E-25
CR43834,-9.351836951,1.086166824,3.70E-27,4.07E-25
CG11852,-3.637895738,5.241704199,3.84E-27,4.18E-25
SLC5A11,-2.018579753,7.275313982,6.56E-27,7.06E-25
l(2)34Fc,-2.551469118,5.906205681,6.93E-27,7.37E-25
lush,-7.659352135,10.32002093,1.01E-26,1.06E-24
CG6337,5.043584611,2.089324013,1.47E-26,1.52E-24
CG12911,-5.10612671,3.137082468,1.58E-26,1.61E-24
Or33a,-6.760531102,1.25125444,1.58E-26,1.61E-24
HnRNP-K,-1.804049323,9.826492523,5.22E-26,5.25E-24
CG1394,-4.870437953,2.408189985,7.04E-26,7.01E-24
Adk1,-1.865046673,8.895989792,8.36E-26,8.24E-24
Tsp42En,-2.082387184,6.619963569,1.10E-25,1.08E-23
CG34309,-2.137249038,7.079524768,1.42E-25,1.37E-23
CG7896,-3.696535948,4.003490465,2.03E-25,1.94E-23
CR44065,-4.285550263,3.353465986,2.26E-25,2.14E-23
CG12970,6.347028981,1.106056009,3.55E-25,3.32E-23
CG5758,2.424436855,6.304100619,3.89E-25,3.61E-23
CG33288,-1.994851338,6.672741816,4.65E-25,4.25E-23
Or22b,-7.485863638,4.870514299,4.67E-25,4.25E-23
CG43861,-3.234927893,4.59250218,6.14E-25,5.54E-23
CG8170,5.674904795,1.345653222,1.14E-24,1.01E-22
CG42766,-5.208677583,3.579187699,1.91E-24,1.69E-22
ninaB,-3.005291994,4.859875428,2.43E-24,2.12E-22
CG17278,2.048208258,6.913297753,4.88E-24,4.24E-22
CG5071,-3.015981162,5.116558777,9.07E-24,7.80E-22
SerT,-1.812414139,7.937544448,9.77E-24,8.33E-22
CG31689,-1.716299556,7.653369677,1.45E-23,1.22E-21
CG4822,-1.7102839,8.591535964,1.92E-23,1.61E-21
ATP8B,-1.759923719,8.091955882,2.24E-23,1.86E-21
hec,-3.97486914,2.489696875,2.89E-23,2.38E-21
CG13659,-3.486480292,4.316589533,9.29E-23,7.58E-21
CG15661,-1.729000489,8.42228041,1.29E-22,1.05E-20
CG17097,9.483885971,1.161660464,1.51E-22,1.21E-20
spab,-1.786511708,7.253913067,8.49E-22,6.75E-20
btv,-1.780578239,6.893374325,1.13E-21,8.95E-20
Or82a,-4.873259706,3.127600624,1.15E-21,9.03E-20
CG43647,-3.340110729,4.118420306,1.44E-21,1.12E-19
CG31115,-3.774746418,2.914279427,4.58E-21,3.52E-19
Cyp6g1,2.021206337,10.5195113,5.01E-21,3.83E-19
CG30116,-1.968364744,6.103166205,5.34E-21,4.05E-19
CR45822,4.141405764,1.98759803,6.46E-21,4.85E-19
CG42284,-1.809564668,6.5353268,7.17E-21,5.34E-19
CG32392,-1.615108489,7.594809782,9.97E-21,7.37E-19
Obp83ef,-3.308167126,3.981874815,1.18E-20,8.64E-19
Or85f,-3.694358243,2.575259338,2.11E-20,1.54E-18
CG11550,-1.85776646,9.719391501,2.34E-20,1.69E-18
CG15170,-3.137682836,4.048450245,2.52E-20,1.81E-18
CG5079,-3.2723577,3.929739008,3.41E-20,2.43E-18
Or65c,-6.305601987,3.611854286,5.24E-20,3.70E-18
Nos,-3.725977012,4.172562397,5.65E-20,3.96E-18
Osi7,-3.498655751,2.425084087,1.52E-19,1.06E-17
CG12896,-4.882793079,0.860131285,1.92E-19,1.32E-17
CG17672,3.477247246,2.657949787,2.36E-19,1.62E-17
bgm,-1.611833865,8.665963377,4.05E-19,2.76E-17
CR43467,-4.426986865,1.238150544,4.15E-19,2.80E-17
CG14153,1.518090916,8.912639022,4.27E-19,2.86E-17
Tsp42El,-1.974973389,5.834827256,4.71E-19,3.14E-17
CG13318,1.734097668,7.532725855,4.80E-19,3.17E-17
Obp59a,1.533964134,12.00210851,5.37E-19,3.53E-17
ppk19,-4.271893424,1.225005283,6.24E-19,4.07E-17
CG10638,-1.643082703,7.242888753,6.38E-19,4.14E-17
Hsp23,3.335300831,4.676495392,7.09E-19,4.56E-17
Obp19a,-7.426387263,10.81059741,7.89E-19,5.04E-17
mAChR-B,-2.608151124,4.749233848,9.96E-19,6.33E-17
CG30339,-3.380775882,2.339754585,1.54E-18,9.73E-17
CG9498,-1.586869071,8.452022838,1.81E-18,1.13E-16
CG18641,-4.541822266,0.92537736,3.17E-18,1.97E-16
Or92a,-8.359206649,6.717033049,3.32E-18,2.05E-16
ppk25,-2.479050956,5.530320034,3.81E-18,2.34E-16
CG15522,-2.5461377,4.797885214,4.29E-18,2.62E-16
CG12268,-2.394361449,5.209767357,4.40E-18,2.67E-16
CG15211,-1.599120201,7.057366886,4.59E-18,2.77E-16
fa2h,-2.944397378,4.402326033,7.67E-18,4.60E-16
to,-1.772886008,11.061645,9.08E-18,5.40E-16
Vmat,1.546652212,7.710125756,1.57E-17,9.31E-16
GABA-B-R1,-1.504706258,7.027895775,4.45E-17,2.61E-15
CG8300,-1.649498115,6.479444672,1.03E-16,6.01E-15
Jheh3,-1.997446057,6.479539012,1.31E-16,7.61E-15
Pde6,-1.485140503,7.100305546,2.17E-16,1.25E-14
CG10336,3.617833363,3.168894976,2.37E-16,1.36E-14
CG17599,-1.685472709,6.176798356,2.74E-16,1.56E-14
CG30271,-1.365344448,7.523562442,3.87E-16,2.19E-14
tut,2.893092012,3.066928344,4.64E-16,2.61E-14
CG16798,3.773518416,1.957318525,8.29E-16,4.64E-14
Cyp6a9,2.063181631,5.851740665,8.38E-16,4.66E-14
CG1227,1.703244061,6.603664664,9.83E-16,5.44E-14
boss,-1.569464799,6.413417057,1.28E-15,7.02E-14
CG13578,-1.453782805,7.32804214,1.59E-15,8.69E-14
CG8083,-3.149117296,2.020672953,1.91E-15,1.04E-13
CR43170,2.95396983,2.478406725,1.96E-15,1.06E-13
CG15201,1.369352888,7.640206906,2.39E-15,1.28E-13
Tsp29Fa,-1.741583853,6.058648476,2.75E-15,1.47E-13
CG17324,2.486937507,4.686516023,2.96E-15,1.57E-13
CAH2,1.308012484,10.84116461,3.29E-15,1.74E-13
Or47a,-7.390130996,5.709978581,3.62E-15,1.90E-13
Hsp26,2.870602913,4.65733034,4.81E-15,2.51E-13
Gr93a,-3.317583222,1.831633014,6.25E-15,3.25E-13
CG10126,-1.366812478,8.615550332,7.61E-15,3.93E-13
Frq1,-1.532711917,6.76499909,8.87E-15,4.56E-13
ppk5,-3.013621255,3.134083556,1.04E-14,5.33E-13
CG32444,1.602393289,6.800350541,1.21E-14,6.16E-13
CG10035,-2.480761784,4.421213211,1.85E-14,9.35E-13
CG13558,3.873503381,1.22764399,1.93E-14,9.72E-13
CG13386,3.115408385,2.842195689,2.03E-14,1.02E-12
CR45042,-4.793143864,-0.067951687,2.28E-14,1.14E-12
Lgr1,-2.348409528,4.577863371,2.82E-14,1.40E-12
btd,-2.74551915,3.457767062,3.78E-14,1.86E-12
Drip,1.423301268,7.257520774,4.18E-14,2.05E-12
Tsf1,1.510868004,9.977125838,4.50E-14,2.20E-12
CR44525,-3.852314674,0.607585954,4.63E-14,2.25E-12
Cpr47Ea,-2.837727798,2.213750795,5.56E-14,2.68E-12
Su(H),-1.669459961,6.866062435,5.73E-14,2.75E-12
fabp,-1.445981096,6.400276192,6.31E-14,3.02E-12
Spn42De,4.195700234,0.006152385,6.83E-14,3.25E-12
Idgf6,1.314941767,8.359394343,1.16E-13,5.51E-12
CG13950,1.253128242,7.993268647,1.43E-13,6.74E-12
sNPF,-1.378887566,7.267104644,1.77E-13,8.28E-12
5-HT2A,-2.038985091,5.199216626,1.85E-13,8.64E-12
Rh4,2.892674242,1.467042363,1.97E-13,9.13E-12
Ccp84Ac,-4.843324353,-0.013186911,2.23E-13,1.03E-11
pHCl,-1.444493295,7.010513486,2.24E-13,1.03E-11
CG32137,-1.264537811,7.768971137,2.48E-13,1.14E-11
ppk14,-3.936611832,0.407174791,2.77E-13,1.26E-11
GstE1,1.601908447,6.129575564,2.85E-13,1.29E-11
CG14692,-1.223625495,8.386104654,3.48E-13,1.57E-11
fid,-1.372157305,6.600674174,4.15E-13,1.86E-11
mthl3,2.570316037,2.781202843,4.42E-13,1.97E-11
Cyp4p2,-2.675532706,2.73781248,6.23E-13,2.77E-11
Krn,-1.476589197,6.01674166,7.20E-13,3.18E-11
CR43498,-4.722793754,-0.114655062,7.84E-13,3.45E-11
Cpr64Ac,1.585961851,6.333645383,8.14E-13,3.56E-11
Obp83a,-8.189753615,13.40782137,9.02E-13,3.93E-11
Tep4,1.330579952,8.534540123,9.25E-13,4.01E-11
CG15666,-1.27935599,7.273193134,9.29E-13,4.01E-11
CG32104,-1.949941653,5.888393449,9.97E-13,4.29E-11
CG32271,-1.624195291,6.653376904,1.02E-12,4.37E-11
CG32333,-1.6376071,5.738285005,1.20E-12,5.10E-11
BBS4,-1.332527237,6.731119863,1.26E-12,5.35E-11
Cyp6a19,3.970037104,0.000882369,1.30E-12,5.49E-11
5-HT2B,-2.171713085,4.46535736,1.35E-12,5.68E-11
Sirup,1.476785464,6.828150867,1.45E-12,6.08E-11
GstE7,-1.396780442,6.547661953,1.79E-12,7.46E-11
Slob,-1.199548956,8.117456816,1.80E-12,7.49E-11
CG14247,3.00767775,1.060965364,2.07E-12,8.56E-11
Syngr,-1.26002141,7.196770673,2.12E-12,8.74E-11
ADPS,-1.472976549,6.017489479,2.34E-12,9.57E-11
Gld,2.353708908,4.159042973,2.71E-12,1.10E-10
cDIP,-1.324866134,7.425867162,2.95E-12,1.20E-10
RSG7,-1.26504287,6.860600935,3.27E-12,1.32E-10
CG30356,-2.545855262,2.35457727,3.29E-12,1.32E-10
Mal-B1,1.662627181,5.985830307,3.50E-12,1.40E-10
CG10936,-1.612437862,5.896167936,3.67E-12,1.46E-10
CR44285,-4.459410784,-0.348560568,3.68E-12,1.46E-10
Mur89F,3.430809664,1.571181965,3.86E-12,1.53E-10
link,-3.088254109,1.108980167,4.24E-12,1.67E-10
7B2,-1.22974943,8.008730772,5.23E-12,2.05E-10
CG14661,-1.256797535,11.84578046,5.45E-12,2.13E-10
CR32111,2.714668739,1.481553845,7.09E-12,2.76E-10
GstZ2,1.609176572,6.66349545,8.09E-12,3.14E-10
CG6123,-3.134073319,1.434933446,8.26E-12,3.19E-10
Ady43A,1.261121318,6.809359192,9.76E-12,3.75E-10
Obp83b,-8.178444132,12.84485656,9.90E-12,3.79E-10
twit,1.226942012,6.810258192,1.06E-11,4.06E-10
Mvl,-1.229355364,6.890323,1.12E-11,4.25E-10
Gat,-2.141035719,4.869352107,1.16E-11,4.39E-10
Oseg2,-1.313824059,6.439467196,1.23E-11,4.63E-10
beat-Ia,-2.432787387,3.471045138,1.27E-11,4.78E-10
smog,-1.405606681,6.385305509,1.28E-11,4.79E-10
CG13133,1.134924886,9.290266541,1.39E-11,5.17E-10
Cpr67B,1.175113145,9.662085661,1.44E-11,5.35E-10
acj6,-1.584107599,5.567488125,1.52E-11,5.62E-10
CG31221,-1.211291109,9.051474599,1.98E-11,7.30E-10
CG8861,2.739974418,1.716648177,2.06E-11,7.55E-10
CG40485,-3.004363346,0.993470919,2.14E-11,7.82E-10
CG12885,-1.235048135,6.746116986,2.16E-11,7.87E-10
CG32447,-2.555238319,3.820234262,2.55E-11,9.25E-10
CG11191,-1.154557846,8.268089938,2.56E-11,9.25E-10
nAChRbeta1,2.491027951,1.957510616,2.61E-11,9.39E-10
CG6282,-1.270046691,6.727557123,2.66E-11,9.53E-10
CG14694,2.299441933,4.896951452,2.79E-11,9.95E-10
CG13928,-1.103164486,8.430142797,2.90E-11,1.03E-09
pst,1.126321244,8.292348183,3.13E-11,1.11E-09
Ude,-1.44300177,6.248180461,3.78E-11,1.33E-09
Epac,-1.47539025,5.711850218,4.40E-11,1.55E-09
CG30203,1.605685524,5.236819809,4.42E-11,1.55E-09
ssp6,-1.898726135,4.688486087,4.68E-11,1.63E-09
nSyb,-1.11228126,9.547439771,5.13E-11,1.78E-09
CG4928,-1.132718718,9.750120067,6.87E-11,2.38E-09
form3,1.161623054,7.398158299,7.03E-11,2.43E-09
CG1358,-1.144335753,7.347541756,7.14E-11,2.46E-09
Gdap1,-1.623928823,5.473035361,7.67E-11,2.63E-09
CG43165,-3.150271283,1.766978444,9.35E-11,3.20E-09
CG3556,-1.073943039,9.081858488,1.05E-10,3.57E-09
Mdr49,1.615548589,5.452827726,1.09E-10,3.71E-09
CG14142,1.138600304,9.53119462,1.19E-10,4.03E-09
noe,-1.134190168,8.308732829,1.39E-10,4.68E-09
CG42806,-1.401462506,5.828806188,1.64E-10,5.51E-09
Spn88Eb,3.34950179,0.381208364,1.69E-10,5.67E-09
Tsp39D,-1.176488759,6.963009047,1.78E-10,5.94E-09
CR45320,-2.958766167,0.93921031,1.84E-10,6.10E-09
Cht5,2.442556587,1.521163111,2.05E-10,6.78E-09
Drsl5,1.110673937,12.8135888,2.14E-10,7.04E-09
CR30009,-2.629849255,1.235484241,2.28E-10,7.50E-09
TrissinR,-1.542511979,5.243611023,2.49E-10,8.14E-09
Cpr65Au,1.092179802,9.857114398,2.69E-10,8.79E-09
Fer1,-1.123910661,7.217101013,2.81E-10,9.14E-09
CG4721,1.101464172,7.559812558,3.15E-10,1.02E-08
CG34456,1.576135241,5.931607747,3.19E-10,1.03E-08
Hml,1.606552109,5.615303828,3.45E-10,1.11E-08
CG17279,1.143205751,8.528391649,3.61E-10,1.16E-08
CG8086,1.080875874,9.513774038,3.97E-10,1.27E-08
CG2065,-1.071644356,7.545248142,3.98E-10,1.27E-08
CG43149,1.040871073,7.640296235,4.05E-10,1.29E-08
CG7966,1.335724645,6.09894716,4.63E-10,1.46E-08
fok,1.083572091,8.026178377,5.73E-10,1.81E-08
CG7236,-1.09200864,7.25748665,6.23E-10,1.96E-08
CG12672,-2.257104849,2.451703246,6.78E-10,2.13E-08
nerfin-2,-2.355966768,2.732625166,8.21E-10,2.56E-08
CG4199,-1.023460422,7.634614699,8.27E-10,2.57E-08
Tep2,1.39608157,5.700896392,8.82E-10,2.73E-08
dysc,-1.143742659,6.789564809,8.84E-10,2.73E-08
sosie,1.023082221,7.728318367,8.90E-10,2.74E-08
Or42b,-7.526940007,6.416966367,9.10E-10,2.80E-08
CG42329,2.242412096,3.871525018,9.21E-10,2.82E-08
CG34227,2.910799499,0.826542147,9.44E-10,2.88E-08
Osi17,-2.819275585,0.902875156,9.55E-10,2.91E-08
krimp,2.297564973,2.180023461,1.03E-09,3.13E-08
CG10357,1.119135581,9.549658818,1.05E-09,3.16E-08
CG17732,-2.758929991,2.220908215,1.06E-09,3.19E-08
CG14445,1.07010284,8.874922827,1.06E-09,3.19E-08
CG13437,-1.600253851,5.016291266,1.18E-09,3.52E-08
CG6908,-1.117599466,9.430831979,1.18E-09,3.53E-08
Cyp9b1,-1.230310267,6.229509436,1.20E-09,3.56E-08
SP2353,-1.016787034,9.348273841,1.26E-09,3.74E-08
CG10874,-1.538005063,5.168450958,1.36E-09,4.01E-08
SPE,1.071464518,7.68551523,1.45E-09,4.27E-08
GNBP3,1.251539805,6.069353227,1.47E-09,4.32E-08
CG43236,2.853062353,0.416857431,1.49E-09,4.37E-08
CG33178,-1.997450413,3.978069468,1.75E-09,5.10E-08
mthl4,2.214982186,2.714976629,1.77E-09,5.15E-08
IFT52,-1.29150371,5.992216852,1.77E-09,5.15E-08
CG8665,2.240670928,2.59685035,1.88E-09,5.43E-08
CG13694,-2.394797914,1.456212745,2.06E-09,5.95E-08
trp,-2.285834933,1.599872463,2.12E-09,6.10E-08
CG32006,-1.159278075,6.776270552,2.13E-09,6.10E-08
CG34120,-1.007844733,9.629843167,2.52E-09,7.21E-08
CG3259,-1.355554517,5.623524128,2.54E-09,7.25E-08
Tim17a2,2.903513099,0.624747778,2.60E-09,7.38E-08
Idgf2,1.035142978,7.961061866,2.71E-09,7.68E-08
bru2,-1.001069244,7.607915807,3.06E-09,8.65E-08
CR44237,-3.336628682,-0.274829193,3.07E-09,8.65E-08
CG8641,-1.697562431,4.739146287,3.09E-09,8.67E-08
CG42808,1.205654922,7.408497292,3.15E-09,8.78E-08
CG4757,1.478580858,10.01400162,3.15E-09,8.78E-08
CG30259,1.359697886,5.618391604,3.86E-09,1.07E-07
CG9701,1.417863645,5.302322535,4.07E-09,1.13E-07
jhamt,-1.651321742,5.173754099,4.15E-09,1.15E-07
CG4302,-1.232066321,6.040626597,4.19E-09,1.16E-07
Scp2,1.625083352,4.851795152,4.30E-09,1.18E-07
SelR,1.084002642,6.68715205,4.33E-09,1.19E-07
CG2816,2.118303737,2.095692539,4.41E-09,1.20E-07
phyl,-1.148917289,6.384678106,4.63E-09,1.26E-07
slp2,-1.828555346,4.205705268,4.65E-09,1.26E-07
Dat,1.014113816,7.932688101,5.21E-09,1.41E-07
CG10031,1.009783618,7.495011449,5.48E-09,1.48E-07
CG9519,-1.184574528,6.887728971,5.69E-09,1.54E-07
CG6421,1.108663974,7.218704876,6.13E-09,1.65E-07
Tsp42Er,2.100988719,2.114198335,6.58E-09,1.76E-07
Naam,0.986464945,9.529871938,6.59E-09,1.76E-07
LanA,1.605241,4.966456608,6.66E-09,1.78E-07
eyg,-1.229544957,5.851557011,7.11E-09,1.89E-07
CR44850,-2.447123653,1.776498719,7.18E-09,1.90E-07
CG11200,1.122779258,6.678893761,7.30E-09,1.93E-07
CR44317,-2.261770361,3.751050957,7.60E-09,2.00E-07
CG10185,1.059623877,9.550174331,7.77E-09,2.04E-07
CG6409,1.00873232,14.34782844,8.02E-09,2.10E-07
CG31199,1.110919651,7.741641309,8.29E-09,2.17E-07
CG43324,-1.527085876,5.171521411,9.97E-09,2.60E-07
CrzR,1.230226289,6.181452988,1.03E-08,2.68E-07
CG18467,2.519468804,0.429278579,1.06E-08,2.75E-07
CG11407,-1.193047995,9.439599452,1.11E-08,2.86E-07
CG5835,1.123283542,6.479496336,1.15E-08,2.96E-07
CG9689,1.979442236,3.612614118,1.15E-08,2.97E-07
aurB,6.493437914,2.704908441,1.20E-08,3.07E-07
CR45835,2.433240055,0.626022748,1.21E-08,3.11E-07
CG34445,1.980616284,2.356838842,1.24E-08,3.17E-07
CG10650,-1.94424953,3.660180492,1.26E-08,3.19E-07
antdh,-1.001023024,11.94602728,1.28E-08,3.25E-07
CG34136,1.362596054,5.566649811,1.32E-08,3.33E-07
CG15414,2.16783306,2.893034347,1.38E-08,3.48E-07
CG9413,-0.988515741,7.613619057,1.43E-08,3.60E-07
hgo,1.658825661,6.004499901,1.48E-08,3.71E-07
CR43856,-2.052943558,1.879311733,1.48E-08,3.71E-07
blanks,-2.11602141,1.954363717,1.61E-08,4.02E-07
SPARC,0.971968042,7.930853182,1.66E-08,4.13E-07
Cyp4e2,-1.123846426,9.709353137,1.66E-08,4.13E-07
CG13606,-1.943385373,2.960207348,1.69E-08,4.18E-07
Cyp6a17,-1.299877058,6.102330729,1.71E-08,4.22E-07
CG32668,-1.147381596,6.016757661,1.77E-08,4.36E-07
CG3940,1.05159034,6.866707644,1.78E-08,4.37E-07
CR43086,2.370631866,2.223084629,1.83E-08,4.48E-07
ASPP,-0.990096255,7.342839054,1.91E-08,4.66E-07
Hr83,2.860834518,0.769192228,2.13E-08,5.18E-07
Idgf4,0.947128721,11.30002676,2.20E-08,5.36E-07
CG1143,1.165860073,6.25339335,2.39E-08,5.79E-07
bnb,1.06876743,7.18256383,2.46E-08,5.96E-07
CG17386,1.097710222,6.456835272,2.54E-08,6.13E-07
CG11000,-1.776859567,4.33160514,2.56E-08,6.16E-07
CR45955,2.066169415,1.949194159,2.65E-08,6.37E-07
CR44646,2.835357539,-0.157339596,2.75E-08,6.59E-07
Obp57b,1.091765571,7.357064191,2.87E-08,6.85E-07
CG13250,-2.47946575,0.477416894,2.97E-08,7.09E-07
CG43646,-1.797023864,4.128284605,3.03E-08,7.21E-07
CG4000,1.275616295,6.556887756,3.06E-08,7.27E-07
CG18234,-2.475802927,0.41885707,3.17E-08,7.50E-07
E5,1.345659734,5.24782693,3.20E-08,7.56E-07
CG8909,-1.967082557,2.639329393,3.49E-08,8.20E-07
CG9649,1.22760033,6.215104448,3.60E-08,8.44E-07
Lsd-1,-1.723789328,4.544829613,3.68E-08,8.63E-07
CG11841,1.380311346,5.171372687,3.88E-08,9.08E-07
Sox15,-1.088420202,6.204897126,4.01E-08,9.33E-07
CG4570,8.029744432,4.385242473,4.01E-08,9.33E-07
CR46218,-2.115604586,2.831716147,4.10E-08,9.50E-07
Obp44a,1.083340156,6.562670137,4.11E-08,9.50E-07
CG4409,-2.610063792,0.186629534,4.24E-08,9.79E-07
CG5945,0.90567864,10.86363499,4.36E-08,1.00E-06
CCKLR-17D1,-1.027342564,7.822440809,4.37E-08,1.00E-06
Cyp313a1,0.91632994,10.02681064,4.51E-08,1.03E-06
CG4927,2.320733109,1.022942866,4.58E-08,1.05E-06
TwdlT,2.074437767,1.834133954,4.64E-08,1.06E-06
Tsp,1.485610455,5.172990197,4.68E-08,1.06E-06
BBS8,-1.129958628,6.066073796,4.68E-08,1.06E-06
tRNA:Leu-AAG-1-4,1.987857002,1.745169728,4.79E-08,1.08E-06
CG31200,0.95973588,8.116520408,4.80E-08,1.08E-06
Kif3C,-1.592680084,4.624749413,4.88E-08,1.10E-06
miple2,1.859734933,2.919636291,6.26E-08,1.41E-06
lin-28,-2.852510668,-0.243952745,6.29E-08,1.41E-06
CG15209,1.448312583,4.878741824,6.80E-08,1.52E-06
CG10237,-0.961605935,10.33639391,7.25E-08,1.62E-06
CR46254,2.522166289,0.224831237,7.82E-08,1.74E-06
CR46136,-1.957562391,2.007563026,8.40E-08,1.87E-06
CG6357,0.922185046,9.260593807,8.50E-08,1.88E-06
PsGEF,-1.001375976,7.059758117,8.93E-08,1.97E-06
CG46025,1.090019046,6.038592078,8.95E-08,1.97E-06
CG32547,-1.410303504,5.002958311,8.96E-08,1.97E-06
CG30424,2.544054559,0.596074038,9.49E-08,2.08E-06
CG42821,1.922411642,5.305566331,9.53E-08,2.08E-06
CG15096,-1.145594791,6.015253809,9.54E-08,2.08E-06
CG8303,1.182804209,6.970390751,9.56E-08,2.08E-06
CG17778,-1.0105905,6.695485559,9.75E-08,2.12E-06
Obp83cd,-2.070409468,1.723219348,9.77E-08,2.12E-06
Nost,1.381078749,5.053324321,1.01E-07,2.19E-06
AdamTS-A,1.159780524,5.703008067,1.04E-07,2.25E-06
TrpA1,1.916901468,2.650265354,1.07E-07,2.31E-06
dy,-2.556316666,0.298428783,1.11E-07,2.40E-06
CG14984,1.169361708,5.932983984,1.16E-07,2.48E-06
s-cup,-0.92010639,7.36103737,1.17E-07,2.50E-06
CG13202,1.911335898,2.145882807,1.19E-07,2.55E-06
Cyp12e1,1.60124932,4.469868981,1.24E-07,2.64E-06
CG2145,1.339188175,5.108257293,1.24E-07,2.64E-06
CG33110,1.049975249,6.81168921,1.25E-07,2.64E-06
Cpr92F,1.86356764,2.04008619,1.26E-07,2.67E-06
IA-2,-0.88739053,8.611589282,1.32E-07,2.80E-06
Appl,-0.883326169,9.867721622,1.36E-07,2.86E-06
CG1126,-1.091101052,6.13736973,1.38E-07,2.91E-06
GstE5,-0.952794125,7.011789235,1.46E-07,3.06E-06
CG13251,-1.045399764,6.216494088,1.47E-07,3.07E-06
CG11796,1.681817751,7.959477612,1.54E-07,3.21E-06
Cby,-1.573000066,4.489194751,1.54E-07,3.21E-06
CG1695,-1.065704144,6.10487422,1.60E-07,3.32E-06
CG2157,1.177972662,6.210971031,1.61E-07,3.34E-06
CG33143,-1.081482144,6.361581986,1.64E-07,3.39E-06
CG18130,1.019403911,6.292241775,1.64E-07,3.39E-06
CG34166,-3.701974592,2.924940907,1.66E-07,3.43E-06
CG14219,2.455673586,0.031982633,1.70E-07,3.50E-06
CG32260,1.658368626,4.499314417,1.80E-07,3.69E-06
CG4133,-1.214474059,5.47847751,1.81E-07,3.69E-06
CG31760,-1.754739429,3.423084106,1.81E-07,3.69E-06
CG6495,-1.026066889,6.221645099,1.82E-07,3.71E-06
CG13500,2.407980083,0.054034308,2.02E-07,4.11E-06
CG17350,1.411546827,5.005887591,2.05E-07,4.16E-06
CG7742,1.019388822,6.40292731,2.09E-07,4.23E-06
Hn,1.028386635,6.922488197,2.12E-07,4.28E-06
fax,1.249922512,7.503183586,2.15E-07,4.34E-06
CG42321,-0.860204742,8.456811477,2.17E-07,4.37E-06
ems,1.119101194,5.786464634,2.18E-07,4.37E-06
CG11951,1.200934126,6.233397461,2.24E-07,4.49E-06
CG3009,0.973655056,6.632724936,2.26E-07,4.52E-06
peb,-1.031281685,6.163082652,2.43E-07,4.85E-06
Mdh1,-1.028012021,8.154726373,2.45E-07,4.88E-06
Atet,-0.904467533,7.856544573,2.59E-07,5.14E-06
CG42390,0.940910308,7.98630324,2.62E-07,5.19E-06
Incenp,7.541548339,4.425750579,2.68E-07,5.30E-06
sas,1.015937187,6.487255999,2.72E-07,5.37E-06
CG9452,-1.016902703,7.744284258,2.75E-07,5.40E-06
CG14105,1.519975742,4.799932444,2.75E-07,5.40E-06
H15,-1.081834301,6.078776996,2.75E-07,5.40E-06
CG17018,4.145163887,4.472680766,2.77E-07,5.43E-06
CG1441,0.955532741,6.805667674,2.78E-07,5.44E-06
Spn42Dd,1.172557099,5.672261781,2.93E-07,5.72E-06
GstS1,1.18068217,6.937078708,2.98E-07,5.80E-06
CCHa2-R,2.009123187,1.3091203,2.98E-07,5.80E-06
uzip,-0.883645468,8.54012028,3.02E-07,5.84E-06
CarT,-2.359834646,0.5094197,3.02E-07,5.84E-06
CG15829,-2.005212123,2.810074457,3.09E-07,5.96E-06
vvl,1.239683252,5.494271055,3.09E-07,5.96E-06
CG1927,-0.878360114,9.841566681,3.10E-07,5.97E-06
CG33993,1.823901592,2.070547928,3.25E-07,6.24E-06
CR44043,-2.314819768,0.304689568,3.26E-07,6.24E-06
CG5535,1.147378138,5.737710532,3.27E-07,6.26E-06
CG6739,1.698031412,2.623799817,3.35E-07,6.38E-06
Gr43a,-2.42337338,0.028861579,3.37E-07,6.42E-06
Eaat1,0.963881872,6.873816767,3.42E-07,6.50E-06
CG8654,-1.540845127,4.538040014,3.43E-07,6.51E-06
CG7724,0.953674748,7.626951573,3.49E-07,6.61E-06
CG6435,1.001239107,6.554608438,3.60E-07,6.80E-06
E(spl)m7-HLH,-2.480136102,0.378734905,3.75E-07,7.05E-06
rut,-0.871209694,7.86456215,3.75E-07,7.05E-06
spirit,1.272221255,5.222745809,3.76E-07,7.05E-06
Gr64a,-2.087522083,1.058700842,3.76E-07,7.05E-06
CG11425,-2.070787894,3.362022776,3.79E-07,7.08E-06
CG7201,1.875648615,2.567503471,3.79E-07,7.08E-06
CG9947,-0.854267837,7.424514428,3.80E-07,7.08E-06
CG15628,1.024276667,8.04078985,3.84E-07,7.14E-06
CG5397,0.9064003,8.481711851,3.92E-07,7.26E-06
rad,-1.718198638,3.771494328,3.92E-07,7.26E-06
CG45105,0.969953527,6.604577994,3.93E-07,7.26E-06
CG9572,1.140400502,7.393575574,3.94E-07,7.26E-06
squ,5.39307048,3.563186636,3.99E-07,7.34E-06
CG42322,-0.893179419,7.567851742,4.12E-07,7.57E-06
Mal-A5,2.175187067,4.491778343,4.18E-07,7.66E-06
Vha13,-0.861454677,9.289799952,4.18E-07,7.66E-06
CG31097,-2.499379659,0.004327295,4.21E-07,7.69E-06
CR43650,2.007609739,1.205952127,4.27E-07,7.78E-06
Spn85F,2.643320019,-0.334213535,4.31E-07,7.84E-06
CG8539,-1.223889477,5.573934589,4.34E-07,7.89E-06
Cyp6a23,1.331855949,5.444305968,4.37E-07,7.91E-06
Ser,2.272652792,0.710524818,4.43E-07,8.01E-06
CG3746,1.822288354,2.733498222,4.49E-07,8.10E-06
beat-IIa,-2.187123422,1.204627898,4.52E-07,8.15E-06
CG32809,-1.027131055,6.545359351,4.55E-07,8.18E-06
Def,-2.318515242,1.237177432,4.62E-07,8.29E-06
Dhc93AB,0.875203783,8.000202043,4.67E-07,8.36E-06
CG1513,-0.850056335,8.447108373,4.71E-07,8.43E-06
CG11854,-1.686937059,4.564839382,4.99E-07,8.91E-06
bdl,0.841269296,8.413073803,5.02E-07,8.95E-06
Dh44-R1,-1.632553124,3.856021209,5.10E-07,9.06E-06
NijC,-1.113981887,5.72606255,5.38E-07,9.56E-06
chrb,-0.859750265,8.707727661,5.48E-07,9.71E-06
Tdc1,-1.822140836,3.107338367,5.51E-07,9.75E-06
PGRP-SD,1.872466692,6.045820665,5.54E-07,9.78E-06
ine,0.833943785,7.610483336,5.97E-07,1.05E-05
plx,-0.843615059,9.146903346,6.36E-07,1.12E-05
Gfrl,-0.880022049,6.970309488,6.69E-07,1.17E-05
retm,-0.916916734,7.135763319,6.96E-07,1.22E-05
Obp84a,1.014830931,6.94749461,7.07E-07,1.24E-05
CG13101,-1.164211717,5.912105941,7.08E-07,1.24E-05
BBS1,-1.660526252,3.566242959,7.12E-07,1.24E-05
CG3812,-1.191698207,5.440145829,7.18E-07,1.25E-05
sv,-0.983251601,6.227385039,7.27E-07,1.26E-05
CG7589,1.520042152,4.242871391,7.38E-07,1.28E-05
CG14762,-0.843474731,7.594679475,7.78E-07,1.35E-05
Obp8a,1.616588937,4.107497896,7.82E-07,1.35E-05
Dh31-R,-1.650806577,3.647250456,7.93E-07,1.37E-05
sev,0.878969221,6.893166592,8.15E-07,1.40E-05
CG10062,0.889953299,6.921265057,8.18E-07,1.40E-05
mmd,1.371010843,4.768081489,8.58E-07,1.47E-05
toe,-0.972840305,6.298255542,8.60E-07,1.47E-05
PPO1,2.67121015,3.25222758,9.15E-07,1.56E-05
CG10553,-0.831551916,7.696067805,9.19E-07,1.57E-05
CG14259,0.872801806,7.494140894,9.54E-07,1.62E-05
prom,-2.067412666,0.61869469,1.00E-06,1.70E-05
CR42646,2.311020309,0.210914181,1.07E-06,1.82E-05
CG31644,-2.285547931,0.214596466,1.11E-06,1.87E-05
Cht7,1.966461182,1.135984999,1.13E-06,1.92E-05
CG31103,0.907525019,6.832901036,1.17E-06,1.97E-05
CG6429,0.946896115,6.776116748,1.29E-06,2.16E-05
CG32032,0.827635863,7.847689195,1.31E-06,2.20E-05
CG9328,1.25822453,5.697163359,1.34E-06,2.25E-05
TpnC25D,1.094437633,6.02493701,1.34E-06,2.25E-05
Men,-0.794892583,9.254435232,1.35E-06,2.26E-05
wat,1.524618534,6.626940502,1.37E-06,2.29E-05
sns,-1.600782052,3.63127096,1.40E-06,2.34E-05
Ir60a,1.558917044,3.982619713,1.42E-06,2.37E-05
how,0.868096767,7.025407179,1.47E-06,2.44E-05
comm3,1.322710462,4.920436767,1.48E-06,2.46E-05
MFS14,-0.864393278,6.96785356,1.54E-06,2.55E-05
CG6870,1.855269526,1.933770878,1.58E-06,2.62E-05
CG5895,0.996235058,6.203315985,1.60E-06,2.64E-05
nxf2,2.862908714,3.038169201,1.61E-06,2.65E-05
CR46245,-2.063650252,0.921575352,1.62E-06,2.67E-05
CG34355,1.678179616,3.396760265,1.70E-06,2.79E-05
CG7214,1.509864761,5.233273804,1.71E-06,2.79E-05
CG10339,0.954994554,6.169842613,1.74E-06,2.84E-05
snoRNA:2R:9445410,-1.804775635,1.334541524,1.79E-06,2.91E-05
CG17777,2.364549155,2.621147774,1.80E-06,2.93E-05
CG9384,-0.877647543,6.871145927,1.86E-06,3.02E-05
qin,1.992736494,2.963734671,1.88E-06,3.05E-05
amon,-0.848485625,6.976245774,1.95E-06,3.16E-05
yellow-e,1.210692824,5.466233394,1.97E-06,3.18E-05
Pen,5.022690666,4.047123995,2.00E-06,3.23E-05
Oseg6,-1.011572351,5.794970013,2.11E-06,3.40E-05
CG7016,1.405728783,4.49118533,2.20E-06,3.54E-05
CG3301,0.927693829,6.523155657,2.21E-06,3.55E-05
CG3168,0.797515687,8.250216087,2.25E-06,3.61E-05
aPKC,1.013934982,6.571149048,2.27E-06,3.64E-05
CCHa1-R,-2.057596685,0.87248272,2.32E-06,3.71E-05
Vha16-1,-0.786510013,10.87113141,2.33E-06,3.71E-05
CG17549,0.891078537,8.305463878,2.36E-06,3.76E-05
CG12869,1.772759261,1.487555747,2.38E-06,3.79E-05
ZnT41F,1.379054113,4.557376118,2.45E-06,3.89E-05
CG42675,-0.833441035,7.020748503,2.45E-06,3.89E-05
CG5191,-0.815653517,7.172380936,2.46E-06,3.90E-05
dnr1,-0.777920408,7.583670065,2.54E-06,4.02E-05
brk,-1.671056637,2.934092121,2.58E-06,4.06E-05
snoRNA:2R:9445205,-2.307887986,-0.153196837,2.65E-06,4.17E-05
CG5162,0.944692404,6.074520215,2.65E-06,4.17E-05
CG5390,0.791259553,7.777163969,2.72E-06,4.26E-05
CG30046,2.587839548,1.916566761,2.78E-06,4.35E-05
cib,0.926673826,6.480551042,2.87E-06,4.49E-05
CycB3,5.15078273,5.731235138,2.92E-06,4.55E-05
CG8180,0.936800227,6.101452911,2.92E-06,4.55E-05
CR43700,-1.760332351,1.674966969,3.11E-06,4.83E-05
Chd64,0.963831497,6.28539934,3.11E-06,4.84E-05
CG13458,1.722336858,2.796004464,3.13E-06,4.85E-05
CG10730,-2.265263004,0.31571069,3.21E-06,4.97E-05
Sema5c,1.491318337,4.228064133,3.24E-06,5.00E-05
CG34215,2.135521615,1.936921697,3.27E-06,5.04E-05
CG31189,1.137643067,5.485697341,3.44E-06,5.30E-05
jtb,-1.932608825,3.681320402,3.52E-06,5.40E-05
CG11453,-1.60976984,3.284811699,3.52E-06,5.40E-05
CR43476,-2.066287043,0.272214348,3.55E-06,5.44E-05
CG30082,1.996282694,0.612617011,3.58E-06,5.47E-05
CG5142,-0.949538581,6.008010746,3.58E-06,5.47E-05
Cyp4g15,0.843746763,6.99498275,3.60E-06,5.49E-05
Cyp305a1,1.393271675,4.751747678,3.80E-06,5.79E-05
Syt4,-0.791772733,8.546110991,3.88E-06,5.90E-05
CG15368,1.802042428,2.008989224,3.91E-06,5.94E-05
Pax,1.072140585,7.363465296,3.98E-06,6.03E-05
Drsl4,1.109161136,5.918532637,3.98E-06,6.03E-05
Ect4,0.878411384,9.15433561,3.99E-06,6.03E-05
CG13285,0.829264007,7.222800595,4.03E-06,6.08E-05
CR45290,-2.223140873,0.241047836,4.03E-06,6.08E-05
hdm,-2.01823367,0.302647875,4.04E-06,6.08E-05
antr,-2.205249292,-0.056224363,4.09E-06,6.14E-05
CG30158,-1.575888852,3.164602024,4.09E-06,6.14E-05
CG44325,0.891089071,6.5520804,4.12E-06,6.16E-05
CG1673,2.073029793,1.686835097,4.13E-06,6.17E-05
CG13003,1.130091771,5.246587077,4.14E-06,6.18E-05
CG42822,2.305247165,0.460623352,4.22E-06,6.29E-05
CG45057,1.450360342,4.424653484,4.26E-06,6.34E-05
CG9743,0.88846333,6.465090375,4.31E-06,6.40E-05
Ac76E,-0.861593658,6.642516767,4.33E-06,6.42E-05
CG8369,0.81651011,12.39585055,4.42E-06,6.55E-05
CG15161,-1.048424728,5.66933451,4.45E-06,6.58E-05
CG15529,1.573459231,2.16828821,4.47E-06,6.59E-05
CG14275,0.907181469,6.371707916,4.47E-06,6.59E-05
niki,-0.916199041,6.144940561,4.68E-06,6.88E-05
CG34219,-1.577914434,2.400726088,4.69E-06,6.89E-05
iav,0.870052147,6.360581126,4.72E-06,6.93E-05
gogo,-1.193685038,4.918307762,4.88E-06,7.14E-05
DptB,2.3074697,1.360867553,4.95E-06,7.24E-05
CG31769,0.949873454,6.324568924,5.10E-06,7.44E-05
Act87E,1.415430097,8.177508371,5.12E-06,7.46E-05
CG11317,0.901148621,6.206905367,5.13E-06,7.47E-05
CG14757,0.90821275,6.608538716,5.15E-06,7.49E-05
CR45115,1.573506809,3.328581321,5.21E-06,7.56E-05
CG4194,-1.690368085,2.719077775,5.23E-06,7.57E-05
ry,1.464259566,4.112081276,5.24E-06,7.58E-05
Non1,0.801875433,8.790363715,5.29E-06,7.65E-05
CG15203,0.772635528,7.694072797,5.32E-06,7.67E-05
CG14314,-1.029907548,5.632509284,5.35E-06,7.70E-05
Src42A,-0.761180905,8.152532135,5.36E-06,7.70E-05
CG7568,1.291512191,4.657671786,5.39E-06,7.73E-05
CG10116,1.551371661,3.345762657,5.46E-06,7.82E-05
CG14301,1.694667811,1.379879906,5.65E-06,8.09E-05
Obp57e,2.367390681,0.43422925,5.66E-06,8.09E-05
Cyp6w1,-0.861828059,11.49442774,5.70E-06,8.13E-05
N,1.150709748,5.22343423,5.74E-06,8.18E-05
CG7997,2.069966195,2.911892953,5.83E-06,8.29E-05
snoRNA:Psi28S-1153,-1.689757699,1.66111252,6.17E-06,8.76E-05
fend,3.313325473,3.354951017,6.25E-06,8.85E-05
LpR1,1.534989376,4.272499366,6.25E-06,8.85E-05
CG7381,-0.939461316,6.334194545,6.34E-06,8.97E-05
Gabat,0.823534555,7.819206968,6.64E-06,9.38E-05
Pde11,0.780034274,7.585556095,6.74E-06,9.50E-05
CG33144,-0.754503783,7.419571538,6.85E-06,9.65E-05
dpr9,-1.064020899,5.391376503,7.16E-06,0.00010062
CG31674,-1.474822193,3.351207483,7.24E-06,0.000101569
orb2,-0.819051602,7.793907607,7.31E-06,0.000102215
CG9427,-1.483816475,2.636588439,7.31E-06,0.000102215
Sep5,4.173916659,1.950555075,7.31E-06,0.000102215
mol,2.407865598,4.551296154,7.44E-06,0.000103851
Oamb,-0.9558616,6.072768244,7.60E-06,0.000105843
Lmpt,0.778474793,8.291204644,7.73E-06,0.000107539
CG33679,1.519644561,3.646478982,7.75E-06,0.000107609
hoe1,0.742446461,8.667488349,7.76E-06,0.000107609
CG14551,-1.863622779,0.739641651,7.78E-06,0.000107749
mfas,0.766135122,7.999500601,7.80E-06,0.000107944
Wnt2,-1.040624781,5.587853906,7.85E-06,0.000108418
Cyp313a4,1.300563141,4.991511163,7.91E-06,0.00010913
CG6071,-1.700990497,1.27468456,8.21E-06,0.000113119
pncr017:3R,1.811380588,0.71937893,8.25E-06,0.000113433
CG15202,0.816344217,6.717283242,8.33E-06,0.000114399
CG15784,0.772620586,7.132525746,8.56E-06,0.000117319
Fdh,0.854611982,6.412725016,9.21E-06,0.000126177
CG15731,1.627091777,1.634361056,9.32E-06,0.000127416
Vha68-2,-0.740267365,10.12641363,9.33E-06,0.000127416
RhoGEF4,3.476376769,3.015835002,9.41E-06,0.00012824
Cdc6,5.705333622,4.014292265,9.45E-06,0.000128704
CG44247,-0.811300398,6.70709426,9.48E-06,0.0001289
CG9812,0.943447178,7.720411623,9.67E-06,0.000131311
CG43110,-1.328714417,4.678356362,9.76E-06,0.000132239
CG1461,2.016888315,2.884924725,9.77E-06,0.000132239
CG6765,-1.055028852,5.443202802,9.79E-06,0.000132293
CG34325,0.948983682,5.827881794,9.99E-06,0.000134796
Sodh-2,1.380522723,4.030934402,1.01E-05,0.000136166
CR43671,2.185423035,0.749551754,1.01E-05,0.000136255
Thor,1.287103654,5.583221339,1.01E-05,0.000136255
CG7888,0.75216616,7.819253451,1.02E-05,0.000137023
Pdk,0.760155367,8.127113695,1.03E-05,0.000137454
CG13082,1.943312051,0.387854124,1.03E-05,0.000138366
Hsc70-2,0.942411501,5.813809851,1.04E-05,0.000139628
Adh,1.714576591,2.029101683,1.05E-05,0.000140224
CG3777,1.607113047,1.922424695,1.05E-05,0.000140224
CG15803,-0.880234006,6.260963491,1.06E-05,0.000140988
CG7860,1.478242508,3.189481069,1.07E-05,0.000142402
Hsp27,1.484380166,3.153023713,1.07E-05,0.000142659
CG31028,1.646020627,1.457674247,1.09E-05,0.000144167
Cpr62Bc,1.753519377,0.836016038,1.10E-05,0.000145009
wisp,5.658816486,4.200317356,1.10E-05,0.000145716
CG16700,0.971803698,6.99330148,1.10E-05,0.000145755
CG5778,0.884446945,6.862159397,1.13E-05,0.000148897
CG9400,1.006663999,5.860814569,1.15E-05,0.000150998
CG2678,3.742719348,1.864162359,1.15E-05,0.000151491
Faa,1.080275091,5.413701532,1.17E-05,0.000154136
slo,-0.825904209,7.900673696,1.19E-05,0.000155367
kek4,-1.527495694,3.196831603,1.19E-05,0.000155778
exu,1.306523658,4.40893806,1.23E-05,0.00016019
CG32512,2.998091666,4.218081071,1.23E-05,0.000160878
Acsl,-0.751615001,8.808638447,1.25E-05,0.000162316
fas,-1.464543732,3.627163459,1.26E-05,0.000163593
vir-1,0.774477509,10.88865082,1.27E-05,0.000164949
CG43737,-1.344257157,4.181757524,1.28E-05,0.000165725
CG3714,0.726201954,8.828280948,1.29E-05,0.000166741
GlyRS,1.095906288,6.122068248,1.30E-05,0.000167592
dally,0.819656144,6.587007294,1.30E-05,0.000167592
CG10939,-0.75182656,8.535044592,1.30E-05,0.000167592
Pdfr,-1.027481326,5.375607824,1.30E-05,0.000167592
Cyp311a1,0.932648992,5.893410061,1.31E-05,0.000168164
twe,5.838633526,4.097434234,1.31E-05,0.000168164
olf186-F,-0.803577793,6.949594059,1.32E-05,0.000169885
CG16978,0.763824493,8.029538344,1.33E-05,0.000169885
Dsk,1.482390959,2.035585161,1.36E-05,0.00017432
CG4576,-0.789485439,8.268329911,1.37E-05,0.00017504
Zip89B,1.608879751,3.581795858,1.40E-05,0.000178902
CR44169,-1.669907644,1.333803065,1.42E-05,0.000180686
foi,0.715352094,8.28210157,1.46E-05,0.000185458
Galk,0.826927465,6.941112451,1.54E-05,0.000195427
Dnai2,1.005738307,5.494321903,1.54E-05,0.000195427
Obp99d,-1.955287327,0.646796915,1.58E-05,0.00020071
rn,1.609334342,1.349204347,1.59E-05,0.000201979
Col4a1,0.93643342,6.150428594,1.60E-05,0.000201979
CG6225,0.815346554,6.740095146,1.62E-05,0.000205197
CG42826,1.609975318,1.202428093,1.63E-05,0.000205855
dsb,1.139233226,4.978262816,1.73E-05,0.000217427
CG14085,1.081895523,5.135208799,1.73E-05,0.000217427
CG30101,1.65537838,1.785345542,1.84E-05,0.000230758
CG9631,1.043432235,5.512097696,1.85E-05,0.000232215
hig,0.862479554,6.077213797,1.85E-05,0.000232215
CR14033,2.352122471,4.180202535,1.86E-05,0.00023227
CG14367,-0.722156808,7.771960065,1.92E-05,0.000239633
mad2,3.602246534,3.450716109,1.98E-05,0.000247543
CG4525,-0.903637262,5.880697989,1.99E-05,0.000247749
Eip63F-1,0.865219246,6.543733952,2.08E-05,0.000259481
CG14853,-0.76737519,6.898637376,2.13E-05,0.000264892
AttB,1.443121982,4.891056403,2.16E-05,0.000268798
Amt,0.754059098,9.973603063,2.17E-05,0.000269432
GstE6,-0.729941582,8.73376779,2.21E-05,0.000273409
CG17124,-0.798579131,6.642601748,2.24E-05,0.000277549
CG9593,1.592567839,1.849409471,2.35E-05,0.000290064
Gadd45,1.205238575,4.708915628,2.38E-05,0.000294143
ninaD,2.028650196,0.290141577,2.39E-05,0.000294234
CG7530,1.147876582,5.261007851,2.42E-05,0.000298
Tb,2.005496008,0.640349173,2.50E-05,0.000306696
CG31313,0.80694487,8.172758718,2.51E-05,0.000307549
CG12483,-2.237156505,5.774555429,2.54E-05,0.000311423
CG14982,-1.141328646,4.864526404,2.55E-05,0.000312266
alpha-Est2,-1.505037838,1.918348866,2.57E-05,0.000313553
Sytalpha,0.840707104,6.570419894,2.57E-05,0.000313553
CG10737,-0.777105108,9.282561306,2.59E-05,0.000316036
Rbp6,-0.717495737,9.52547353,2.62E-05,0.000319385
vkg,0.931324191,5.742222467,2.68E-05,0.000326246
CG42399,-0.901250459,5.840902352,2.70E-05,0.00032771
CR44283,1.692604553,3.982167768,2.72E-05,0.000329594
Dro,1.508949613,5.017723685,2.72E-05,0.000330027
CG13842,1.021401415,5.222262878,2.82E-05,0.000340669
CG15247,1.883799716,2.618984853,2.85E-05,0.000344965
dati,-1.16604534,4.90755121,2.88E-05,0.000347214
nrv2,0.731165137,9.337364974,2.88E-05,0.000347214
Eglp4,-0.743545498,7.710954804,2.89E-05,0.000348456
Gclc,-0.693210213,7.959532031,2.93E-05,0.000351966
Nrx-1,-0.710310152,8.62683396,2.94E-05,0.000352729
SoYb,2.114347308,3.575150043,2.94E-05,0.000352729
Pgd,-0.70162639,7.786760896,2.95E-05,0.000352729
CG30427,0.833824644,6.290765887,2.98E-05,0.000356381
dpp,1.090034113,5.252782473,3.04E-05,0.000363545
Mcm5,3.269781096,2.826233626,3.05E-05,0.000363892
CR46041,-1.304373702,4.593233173,3.05E-05,0.000363892
NimB2,1.400422889,4.228014679,3.07E-05,0.00036501
GV1,-0.792674898,6.788872357,3.14E-05,0.000372711
CG14024,-1.470069461,2.76144467,3.14E-05,0.000372711
l(2)k05911,1.743082904,0.675150887,3.16E-05,0.000374366
CG15765,0.726301884,7.069338463,3.16E-05,0.000374366
CG3036,0.904931888,6.079040979,3.22E-05,0.000380728
NPFR,-1.68099495,1.232287814,3.22E-05,0.000380728
wun,-0.752348876,6.846639465,3.24E-05,0.00038229
sxe2,0.909139323,9.229763504,3.27E-05,0.000385527
scra,3.202311012,3.924888114,3.31E-05,0.000389034
CG32225,-0.875927176,5.886979295,3.32E-05,0.000389946
CG3769,-1.252553869,4.609416382,3.33E-05,0.000390417
CG7910,1.520758527,2.371252952,3.35E-05,0.000392205
Root,-1.276662449,4.180300138,3.36E-05,0.000393424
mtsh,1.80063088,0.620070175,3.36E-05,0.000393424
chn,-0.708748141,7.82509686,3.38E-05,0.000394516
nolo,0.961592792,5.489877273,3.39E-05,0.00039594
Zw,-0.711946747,7.50706892,3.48E-05,0.000405311
sprt,0.78822173,6.45598133,3.50E-05,0.000407831
CG6845,1.397692189,2.711871054,3.54E-05,0.000411512
BubR1,3.282601863,3.547978745,3.55E-05,0.000411807
Jheh1,-0.766214312,9.077011625,3.64E-05,0.000422167
CG8173,4.25443058,3.819869985,3.67E-05,0.000424646
Gbs-70E,1.564846344,6.032512797,3.68E-05,0.000425305
CG31705,0.690514464,8.127947407,3.78E-05,0.000436918
CG10738,1.212246213,4.603489058,3.83E-05,0.000441512
jeb,-1.016225619,5.30335016,3.83E-05,0.00044161
CG1146,1.143418981,5.360553771,3.85E-05,0.000443451
Hk,-0.748451549,8.005699415,3.88E-05,0.000446635
tfc,2.952520286,1.069569662,3.93E-05,0.00045142
CG6426,1.114119233,4.987268082,3.94E-05,0.000452194
CG5955,1.166457777,4.747458429,3.96E-05,0.000454141
CG34002,1.936168698,0.323795235,3.99E-05,0.000456731
Sulf1,0.709116864,7.0657997,4.00E-05,0.000457437
CG42346,1.476340431,1.384218934,4.13E-05,0.000471488
CG13793,1.342159731,3.067241567,4.18E-05,0.000477009
Skeletor,1.432104581,3.435826336,4.19E-05,0.000477167
Pu,0.784242653,7.477177654,4.28E-05,0.000486211
CG8547,0.714453576,8.061159106,4.35E-05,0.000494362
CG42402,1.204054097,4.616259484,4.40E-05,0.000498866
Spn42Db,-1.496537514,1.436440657,4.50E-05,0.000509365
CR32205,2.32585153,2.067500938,4.51E-05,0.000510385
alpha-Est4aPsi,1.623121473,1.861898972,4.55E-05,0.000514227
Snp,1.003393514,6.116456494,4.56E-05,0.000514915
CR43651,3.0028457,1.797055591,4.57E-05,0.000515948
wrapper,1.521739906,1.199471545,4.59E-05,0.000516858
CG13855,0.948542078,5.447028607,4.67E-05,0.000525927
CG5048,1.040823891,5.095291496,4.71E-05,0.000528447
Rim,-0.856485577,6.648604874,4.71E-05,0.000528447
Est-6,0.71546946,11.29630075,4.71E-05,0.000528472
CG9170,-0.712491845,7.332505888,4.76E-05,0.000533452
CanB,-0.876266643,5.776198193,4.84E-05,0.000541547
Ppn,0.842400382,6.533210633,4.86E-05,0.000543187
CAHbeta,-1.202398075,4.534404467,4.96E-05,0.000553145
Glycogenin,1.071015909,6.732250557,4.99E-05,0.000556302
CG9492,0.765595163,8.362523662,5.08E-05,0.000565479
caup,2.349458181,1.968809023,5.12E-05,0.00056885
alphaTub85E,1.61768249,3.244918706,5.15E-05,0.000572388
CycA,4.694249492,4.870886739,5.26E-05,0.000583894
CG10747,0.812738321,6.102620141,5.30E-05,0.000587648
CG31445,1.243918726,4.517930105,5.33E-05,0.000590378
CR44833,-1.585408456,0.964848979,5.44E-05,0.000600887
CG30016,1.514938688,1.385911338,5.51E-05,0.000608523
tsl,1.228013948,4.393491448,5.53E-05,0.000608967
Mcm7,4.140575558,3.08822428,5.53E-05,0.000608967
VhaAC45,-0.666696695,9.000581104,5.62E-05,0.000617893
CR32207,2.248617524,1.75386591,5.74E-05,0.000630611
CR44298,-1.637292878,0.849122912,5.77E-05,0.000632839
CG43902,-0.681575549,7.514800096,5.78E-05,0.000633407
spd-2,2.588074151,1.488243265,5.94E-05,0.000650658
rdhB,1.425767504,1.709507507,5.97E-05,0.00065283
CG15186,-1.253941788,4.220389248,6.00E-05,0.000655141
CG3339,0.75919644,7.18154832,6.10E-05,0.000665552
CG3308,0.74494051,7.657160385,6.11E-05,0.00066563
ZnT35C,1.030604256,5.38635187,6.11E-05,0.00066563
Sobp,-1.296502963,3.882121547,6.13E-05,0.000666788
CG1607,1.227355437,4.668193259,6.16E-05,0.000668392
CG1998,-0.719512112,6.88499842,6.16E-05,0.000668392
teq,1.087438611,5.136982408,6.17E-05,0.000668392
CG43091,0.755366176,7.045893966,6.22E-05,0.000672913
Oseg1,-0.841374978,5.958816443,6.22E-05,0.000673152
CG9451,0.716076492,7.250053796,6.24E-05,0.000674177
Dl,1.416844933,4.329039205,6.35E-05,0.00068457
CG32695,-1.788771997,0.734771821,6.35E-05,0.00068457
mir-7,-1.631525712,1.305747396,6.39E-05,0.00068793
CG6216,1.304264534,3.814405523,6.42E-05,0.000690532
CG13077,-1.667332266,4.222001123,6.53E-05,0.000701156
eIF4E-6,1.615742101,1.546785867,6.55E-05,0.000702545
CG3397,1.606906898,1.481391169,6.68E-05,0.000715433
CG31323,-0.946034196,5.380712083,6.69E-05,0.000715828
Con,-1.016390847,5.183189867,6.76E-05,0.000722997
CG9674,0.681164463,9.27577415,6.79E-05,0.000724666
CG3902,0.916060891,6.824035431,6.82E-05,0.000727151
CG11041,0.906317047,5.60335753,6.84E-05,0.000729116
nan,1.120918575,4.670529441,6.91E-05,0.000735056
CG14342,1.113637804,4.722348294,7.00E-05,0.000744237
LManII,0.783057189,6.573568831,7.06E-05,0.000749944
Ance,0.734624537,6.728008328,7.14E-05,0.000757219
Cpr49Ae,0.875261967,5.781080798,7.15E-05,0.000757219
CG17364,-0.794615388,6.388649495,7.17E-05,0.000759145
CG32206,-1.120772306,4.707406495,7.45E-05,0.000787977
CG42711,1.493017375,1.663705712,7.52E-05,0.000793984
qsm,0.835899902,6.045340146,7.54E-05,0.00079536
Cyp6a20,-0.757091307,7.199546104,7.56E-05,0.000796983
b,1.033426558,5.167577546,7.60E-05,0.00079939
CG9733,1.427570729,2.997773461,7.73E-05,0.000812757
CG34454,1.323734349,4.15769932,7.89E-05,0.000828309
CG31140,-0.818349077,6.264376591,7.99E-05,0.000838196
Kaz1-ORFB,1.300847583,2.572345258,8.05E-05,0.000843389
GstE3,-0.689896828,7.945311775,8.14E-05,0.000851828
ClC-a,0.745042555,6.843455805,8.43E-05,0.00088166
tej,3.593150022,2.885636499,8.53E-05,0.000890532
laza,1.699776334,0.348617186,8.55E-05,0.000892234
CG15099,-0.690206603,6.925414871,8.58E-05,0.000894347
CG13743,1.181521502,4.291847403,8.68E-05,0.000903928
obst-B,1.670603221,0.722785124,8.75E-05,0.000909782
CG44085,1.186660463,6.859474404,8.78E-05,0.000912221
SPoCk,-0.644254888,9.252239117,8.88E-05,0.000920931
CG1572,0.910819148,5.558665822,8.94E-05,0.000926236
Sr-CI,1.401328667,3.334174074,8.97E-05,0.000928183
CG15771,-0.676194765,7.319115137,8.98E-05,0.000928183
CR44912,1.49256954,1.443818911,9.04E-05,0.000933672
CG15878,1.200989737,4.219923136,9.17E-05,0.000945767
CG34109,1.530412028,1.25672155,9.20E-05,0.000948721
CG14321,-1.302992374,3.721720412,9.28E-05,0.000955572
CG30441,-1.453956814,2.825088708,9.34E-05,0.000960362
RluA-1,0.971273518,5.293843281,9.36E-05,0.00096127
Amy-d,-2.926510413,2.154434335,9.42E-05,0.000965579
CG18635,1.316228803,2.033873406,9.42E-05,0.000965579
Cbp53E,-0.676595105,6.930672047,9.62E-05,0.000984309
CG10352,1.605468848,0.540931341,9.62E-05,0.000984309
Dhap-at,-0.889911452,5.591325595,9.65E-05,0.000985825
CG31875,2.062575176,1.823892376,9.67E-05,0.000986591
CG14291,1.320472363,2.835398213,9.68E-05,0.000986591
CG15701,-0.999019276,5.150066642,9.85E-05,0.001003511
Irk2,0.731204506,6.842301065,9.96E-05,0.001013294
yellow-c,1.087129868,4.875896408,9.99E-05,0.001014658
CG4752,1.505758512,3.451535328,9.99E-05,0.001014658
CG3345,-1.600534383,1.178530069,0.00010045,0.001018715
CG5639,-1.472805722,3.817341531,0.000100779,0.00102095
CG7365,1.328385882,4.109381164,0.000102921,0.001041542
CG10550,-0.667209769,9.726359531,0.000104823,0.001059655
apt,1.616894807,5.404373613,0.000106933,0.001079834
run,0.959899819,5.284369709,0.000107184,0.001081213
CG8550,1.071441449,4.828230939,0.000107662,0.001083655
nec,0.71303742,7.143462401,0.000107716,0.001083655
GluRIIC,1.523252206,1.526314721,0.00010777,0.001083655
Cdk1,3.857011116,4.121535195,0.000108297,0.001087798
CG7695,1.649158676,7.946186288,0.000108798,0.001091668
CG6927,1.737999519,0.512089065,0.000109526,0.001097808
CR44137,-1.2505348,4.039579326,0.000110325,0.001104651
CG10064,1.316268015,2.235458836,0.000111116,0.001111391
CG44153,1.589671765,0.509159436,0.000112738,0.001126429
CG31207,0.750040382,7.212729605,0.000113617,0.001134014
Odc1,-1.344143334,2.050175386,0.000113921,0.001135852
Actbeta,-0.812692227,5.908590295,0.000114171,0.001137141
CG43897,1.024824117,9.778779371,0.000114296,0.001137191
CG6980,1.27282398,2.446431629,0.000114451,0.001137534
CG9312,1.266104165,3.784466739,0.000115143,0.001143213
tor,2.4308718,2.7755889,0.000116271,0.001153205
Act57B,1.252509388,6.974680702,0.000116997,0.001159193
CG17387,1.352150186,1.760646893,0.000117745,0.001165379
Pask,-1.058095808,4.795373408,0.000118906,0.001175642
mGluR,1.386572575,2.141733259,0.000120016,0.001185372
CG13599,2.945215847,2.05962894,0.000120941,0.001193269
CG5549,-0.963773961,5.193260244,0.000121699,0.001199495
CG14693,1.165094662,4.225133959,0.000122187,0.001203054
CG11356,-1.273495792,2.665108641,0.000122642,0.001206276
PCNA,3.762945895,3.155235082,0.000124229,0.001220615
CG3679,3.68363758,3.559329349,0.000125612,0.001232924
CG34347,-1.139132623,4.356951467,0.000126454,0.001239908
rdgC,-0.842137452,5.773464714,0.00012752,0.001249066
Cyp6a21,0.754033997,7.064433977,0.00012778,0.001250312
CG17843,1.244190598,3.926890843,0.000131689,0.001287228
CG12836,0.909603888,5.321309804,0.000132137,0.001290279
Tm1,0.907632937,8.510844137,0.000132866,0.001296063
Rab26,-0.986613706,5.018171083,0.000133271,0.001297735
dah,5.046913548,4.399372751,0.000133312,0.001297735
CR33294,1.294373265,2.281674063,0.000134208,0.001305117
CG15365,1.080664321,4.724849675,0.000136023,0.00132005
goe,0.952880014,5.364905399,0.000136023,0.00132005
fusl,1.19914585,3.972499515,0.000140566,0.001361878
CG6688,1.762051672,-0.249452009,0.000140621,0.001361878
CR44320,-1.394007747,1.675213472,0.000142202,0.001375786
CG42633,1.021682223,4.816348536,0.00014255,0.00137759
CR31451,-0.729553249,6.783369887,0.00014268,0.00137759
CG31125,-1.12665127,4.308812191,0.000144817,0.001396795
CG15083,0.917044414,5.349493129,0.000147438,0.001420634
snz,-0.747767846,6.374899589,0.000148634,0.001430701
dila,-1.124487446,4.40673683,0.000151683,0.001458566
pyx,1.230617621,3.726169497,0.000152178,0.001461834
CR45054,1.460702381,1.794247751,0.000153024,0.001468475
CG4733,0.660227457,7.038423936,0.000153441,0.001468948
sti,4.754550587,3.903856163,0.000153504,0.001468948
dtr,1.14060234,4.213008544,0.000153539,0.001468948
Mlp84B,1.100668178,8.669352611,0.000154845,0.001479227
Buffy,0.857006095,5.620240132,0.000154926,0.001479227
Plp,0.750210211,6.701573351,0.000156487,0.00149262
feo,3.532321703,2.916597222,0.000157611,0.00150183
CG34208,2.381738847,4.65688412,0.000157985,0.001503875
fw,-1.083326003,4.66193777,0.000158675,0.001508929
CG1275,0.765291644,6.409632096,0.000161942,0.001537668
unc79,1.052269473,4.810691107,0.000162022,0.001537668
salm,0.94450122,5.104380002,0.000164963,0.001562866
Or33c,-1.606020757,1.85577165,0.000165008,0.001562866
Klp64D,-0.661940515,6.963103978,0.00016592,0.001569729
CG31075,0.744686824,8.554509754,0.000166064,0.001569729
Clect27,0.93049847,5.532047821,0.000166948,0.001575183
sstn,1.491419525,4.736759314,0.000166974,0.001575183
ham,1.25249455,3.141180005,0.00017012,0.001603261
CG30340,-1.784402534,0.275563587,0.000170496,0.001604296
CR45985,-1.586105623,0.638210184,0.000170569,0.001604296
Lkr,1.457181795,1.092777141,0.000171283,0.00160941
CG1213,1.265906547,3.734481798,0.0001726,0.001620179
mus301,1.435538363,1.040246121,0.000173664,0.001628551
CG7384,3.204852934,3.360095294,0.000173974,0.001629845
Pde8,-0.708518262,6.845294326,0.000174198,0.001630326
Eglp2,-1.287197138,3.659397861,0.000175739,0.001643122
Hasp,1.462464656,1.374375746,0.000176511,0.001648714
zormin,0.798459484,8.063844669,0.000177312,0.00165456
CG4238,-0.654467002,7.032097589,0.00018052,0.001682838
Rbfox1,0.760911702,6.154896103,0.00018109,0.001686492
ncd,3.720870472,4.045452659,0.000181549,0.001689101
CCDC151,1.139211311,4.190786346,0.000181785,0.00168964
CG4998,1.641207536,0.64786611,0.00018287,0.001696446
sad,-1.458919951,0.863570672,0.000182876,0.001696446
CG3588,1.381092214,1.197064946,0.000183207,0.001697846
Caf1-180,3.07889962,4.776206805,0.000184086,0.001704331
CG6231,-0.795708739,5.950848523,0.000184822,0.001709464
Gasp,0.896051004,5.353870762,0.000188159,0.001738637
iotaTry,1.229173057,2.287078557,0.000190967,0.00176286
CG8888,1.505242179,3.309656781,0.000192509,0.001775365
CG13921,2.192705968,2.302809616,0.000193221,0.001780192
CR45615,1.253276875,2.519657825,0.000193654,0.00178245
CG8245,-0.672739244,6.899456253,0.000197859,0.00181938
psh,1.114013623,4.558422978,0.000199357,0.001831376
CG9396,0.92436044,5.25483546,0.000200511,0.001840187
Listericin,1.163298152,5.369629049,0.000204077,0.001871101
Swim,0.762007283,6.003064892,0.000205474,0.001880883
CG34375,1.284593134,2.107959921,0.000205541,0.001880883
Kal1,1.209981089,2.633338167,0.000205764,0.001881097
cona,1.902279123,0.362516118,0.000209017,0.001908995
grk,1.373375542,3.346381362,0.000209649,0.001912925
Rgk2,-1.422777599,0.844176545,0.00021544,0.001963865
CG4766,1.229624401,3.489785856,0.000215728,0.0019646
Erk7,1.247256508,2.891100273,0.000216587,0.001970523
CG18336,0.896725214,5.283925408,0.000216836,0.001970895
TM4SF,-0.638651892,7.315699905,0.000217223,0.001972515
CG11378,1.295664948,3.413590876,0.0002184,0.001981302
Strica,2.133087063,0.790860175,0.000219634,0.001990588
Oseg4,-0.885628517,5.223000772,0.000221253,0.002003348
Poc1,2.774428807,3.527311581,0.000222243,0.002010381
GstD2,-0.666297573,6.94839474,0.00022393,0.002023714
CG33475,-1.733815025,0.057574053,0.000228015,0.002057483
tx,0.964982808,4.930116727,0.000228102,0.002057483
Klp67A,3.174986094,2.542416427,0.000228463,0.002058775
wtrw,0.619670356,7.392336059,0.000229852,0.002069327
GABA-B-R2,-0.706268958,6.316649144,0.00023151,0.002082268
VhaAC39-1,-0.612185669,8.425797158,0.0002325,0.002089184
CG34446,1.357233869,1.396282415,0.00023298,0.002091513
kek1,-0.947633549,4.936302775,0.000234203,0.002100498
Glut1,-0.6719347,8.038528101,0.000234794,0.002103808
CG1941,0.855933081,5.822993045,0.000239182,0.002141097
CR46061,-1.598323859,0.435863122,0.000240212,0.002148282
CG14079,-1.088240468,4.476298612,0.000241046,0.002153712
CG8492,1.232867336,2.328908329,0.000242796,0.0021673
Ugt58Fa,1.585778758,0.790422655,0.00024658,0.002198997
CG4860,1.423518191,2.200937102,0.00024832,0.002212432
Ser7,0.82561327,5.893752715,0.000248845,0.002214992
Tpi,-0.642446431,8.029568354,0.000249075,0.002214992
CG4962,1.644098955,3.307955059,0.000249731,0.002216743
CG7881,1.452398007,0.793337949,0.000249741,0.002216743
CG6293,0.864482515,5.285927727,0.000250276,0.002219411
Hsp67Bc,1.571271598,0.244129728,0.00025366,0.0022467
Akap200,2.271006205,6.365411789,0.000253828,0.0022467
CG45076,1.082573238,6.514060727,0.000255966,0.002263502
Cdk5alpha,-0.639116208,7.093575715,0.000258248,0.00228155
Amy-p,-2.909254489,2.413877789,0.000259675,0.002290139
Cyp9h1,1.260261156,2.97834697,0.000259704,0.002290139
CG9368,-1.192826453,3.790182198,0.000260398,0.002294123
CG8629,-1.374755608,1.205495665,0.000260739,0.00229499
Cirl,0.630891122,8.419873975,0.000262587,0.002307098
Vha100-2,-0.60047551,9.127985756,0.000262602,0.002307098
CG13707,1.184772704,3.790248713,0.000263597,0.002313688
CG9395,-0.801179219,5.68566279,0.000264431,0.002318856
CG3376,0.67921353,6.676875839,0.000265264,0.002324009
ed,1.075999165,6.062896304,0.000266515,0.002332808
CG10131,1.354562635,1.913374909,0.000270838,0.002367149
CG33080,0.70313923,6.40703702,0.000270939,0.002367149
Hsc70-3,-0.599634951,9.138168758,0.000273629,0.002388444
CG5890,-1.168601632,4.123531606,0.000276622,0.00241235
nAChRbeta2,1.242635563,2.376495914,0.000277673,0.002417799
tty,-0.936321541,5.552787861,0.000277758,0.002417799
CG14854,1.35866431,2.932887125,0.000280588,0.002440183
fs(1)Ya,1.829283838,0.45672856,0.000283314,0.002461632
Ir31a,0.790815892,6.047818959,0.000284166,0.002466771
CG14052,1.413123179,0.979907675,0.000285507,0.002476141
dpr13,1.028960496,4.786235584,0.000287084,0.002487533
Npc2b,0.677697808,8.251207494,0.000288037,0.002493511
CG13650,-0.697428337,6.568380849,0.00028998,0.002508037
Dad,0.683943448,6.707389492,0.000293201,0.002533581
dpr5,0.9213221,5.065783079,0.000294069,0.002537541
CG1265,0.911085642,5.423410101,0.000294196,0.002537541
CG4267,0.830976506,5.763209835,0.000295542,0.002546825
CG3328,0.595070516,7.918245046,0.000298421,0.002569303
lbm,-0.705564077,6.443180046,0.000299601,0.002577109
Obp57c,0.702025238,9.503517721,0.000300236,0.002580226
Ef1alpha48D,0.824068499,11.47120499,0.000301774,0.002591097
tyn,-1.263301923,3.182251603,0.000302323,0.002593451
VhaPPA1-1,-0.593451876,8.676722605,0.000307055,0.002631665
CG42366,-0.809489295,5.649167773,0.000308769,0.002642149
Fife,0.856597206,5.343425063,0.000308837,0.002642149
CG8785,0.631537882,7.125358939,0.000309762,0.002647672
AstC-R2,-1.396027341,1.233848261,0.00031046,0.002651238
DopEcR,-0.644029845,8.259416078,0.000311979,0.002661807
Ant2,-1.266523368,2.074086112,0.00031348,0.002672206
CG4462,0.96327259,4.881244778,0.000315926,0.002690628
Df31,1.698672857,8.488300983,0.000319046,0.002714757
Dtg,1.431773805,0.750986643,0.000320425,0.002721831
Timp,0.899680561,5.41574895,0.000320452,0.002721831
Grip,1.067767495,4.326099509,0.000329808,0.002798787
ex,0.824938483,5.563121041,0.000333687,0.00282916
Ir94b,1.248239521,3.023714872,0.000335916,0.002845512
dpr7,-0.733668059,6.49366688,0.000338376,0.002863788
SK,-0.649787219,7.564366946,0.000339313,0.002869148
CG6125,0.862316759,5.404352221,0.00034062,0.002877628
Eip71CD,-0.765334919,6.381126981,0.000342512,0.002891037
CG5687,0.602517738,9.847723384,0.00034307,0.002893162
Skp2,2.259382673,4.107985079,0.0003447,0.002904324
yellow-f2,0.783559172,5.954859566,0.000346197,0.002911992
CG13008,1.378557457,1.250519565,0.000346226,0.002911992
CG7255,1.246550668,2.89703842,0.000348997,0.002930971
mars,2.357063149,4.495309607,0.000349102,0.002930971
hng3,1.595065347,3.447361121,0.000353517,0.002965406
Coop,1.17384678,3.649933884,0.000354438,0.002969508
Vha36-1,-0.603580393,8.389175898,0.000354639,0.002969508
CG30377,1.829748565,2.379651615,0.000354948,0.002969508
Nurf-38,-0.608995791,8.320454482,0.000356229,0.002977599
CG43795,1.18069621,3.625661392,0.000357238,0.002983394
CG18662,-1.644747733,0.06523574,0.000357992,0.002987058
CG42246,0.913241991,5.199907941,0.000359437,0.002996468
Lim1,1.045458589,4.557637392,0.000364711,0.003036193
kuk,1.440221135,7.197574717,0.000364844,0.003036193
drpr,-0.623188497,7.010927748,0.000366025,0.003040932
pim,3.005923848,4.257030131,0.000366056,0.003040932
Wnt10,1.38044339,0.99163768,0.000367232,0.00304803
Cep89,1.428340136,0.849467686,0.000368836,0.003058654
Sdc,0.595368346,7.696323496,0.000370873,0.003072858
lectin-24Db,1.123302124,4.05240883,0.000372605,0.003084506
CG7409,0.667918796,9.865878779,0.000376615,0.003113533
CG31706,1.145061996,4.263734783,0.00037677,0.003113533
CG14185,1.016533115,4.5557266,0.000378579,0.003123991
lili,0.835867247,5.367973226,0.000378696,0.003123991
Tctp,0.792942578,9.806246603,0.000381323,0.00313951
Syt7,-0.669256561,6.856574925,0.000381376,0.00313951
CG14274,0.644012139,7.148271613,0.000381572,0.00313951
CG7565,-0.821768098,5.489905665,0.000382976,0.003148042
Tsp42Ed,-0.626178983,7.513575087,0.000383275,0.003148042
Ugt35a,0.713923278,7.568429782,0.000383828,0.00314985
CG9194,1.656416853,-0.117565805,0.000387039,0.003173451
CG6959,0.85318098,5.541534336,0.000388532,0.003182935
Cpr66D,1.270143253,1.712862024,0.000390939,0.003199883
dup,3.410456248,5.066101989,0.000391631,0.003202779
CG12224,1.165893999,2.756264131,0.000392328,0.003205703
Tsp5D,1.171484545,3.536991152,0.000395154,0.003226011
Npc2a,0.745113481,6.117399413,0.000395703,0.003227708
asf1,-0.890575079,5.093530113,0.000396481,0.003231266
Mp20,1.410473844,6.898754687,0.000398322,0.003243483
CG2003,1.068533599,4.437560549,0.000399296,0.003247161
CG6967,1.425439116,0.976640588,0.00039946,0.003247161
Btk29A,1.468977534,5.761371837,0.000410784,0.003336339
CG32040,-1.073666175,4.620130316,0.000414507,0.003361336
CG7149,-0.722270921,6.455197881,0.000414572,0.003361336
CG11686,1.076743857,4.334863696,0.000415081,0.003362582
bond,-0.714440148,6.473525822,0.000415735,0.003365
CG30485,-1.17163451,2.234324841,0.000416891,0.003371475
CG4586,3.856033098,3.114018525,0.000425185,0.003435608
CG10359,1.178527662,3.015449621,0.000428007,0.003455459
GstD10,-1.184674683,2.500489584,0.000430317,0.003471147
CR46239,1.427222599,0.682182262,0.00043151,0.00347781
hth,0.620575082,8.864683582,0.000434919,0.003502302
CG14615,1.108008673,4.184964335,0.000438502,0.003528152
CG14880,1.024720567,4.487251301,0.000442343,0.003556035
Frq2,0.997845809,4.867523003,0.000443834,0.003564988
bnl,0.995771365,4.711066875,0.000444534,0.003567583
prel,-0.606825526,7.373242655,0.000454447,0.00364405
CG6126,0.701311041,6.143172251,0.000457101,0.003662223
kek3,-0.82384332,5.587345014,0.000457771,0.003664491
Hsp68,1.240128224,4.120392572,0.000460355,0.00368206
hmw,-1.142018197,3.656518067,0.000461053,0.003684532
slow,0.914174142,4.906702936,0.00046264,0.003693653
verm,1.128653994,4.122497224,0.000462975,0.003693653
CG15546,1.277913561,3.781391627,0.000466109,0.003712447
Gas8,1.077233592,4.172348986,0.000466116,0.003712447
CG2269,-0.606327682,7.264825846,0.000472424,0.003759529
CG14020,-0.907128703,4.982518609,0.000472948,0.003760532
CG14221,0.914257619,4.950105418,0.000474423,0.003767724
LManI,1.202518362,2.306788584,0.00047504,0.003767724
CG3277,-1.321769041,1.368912245,0.000475047,0.003767724
CG32017,-0.801660206,6.003159353,0.000478816,0.003794439
SIFaR,-1.16592806,2.882185608,0.000479409,0.003795954
VhaSFD,-0.575551639,8.929361909,0.000480535,0.003801693
CG45781,-1.209265025,2.872530369,0.00048705,0.003850015
CG15021,0.71202705,6.640340856,0.000489348,0.003864953
VhaM8.9,-0.580644674,8.715358864,0.00049087,0.003867861
Ror,-1.111929511,3.985927391,0.000490885,0.003867861
CG4259,1.403315296,0.693156148,0.000490943,0.003867861
thw,1.544082576,-0.046944545,0.000494074,0.003887189
dlp,1.423590108,4.776962367,0.000494218,0.003887189
CG32572,1.39468051,0.734948487,0.000500182,0.003930831
Tsp29Fb,-0.609656464,9.209541325,0.000501582,0.003938563
sage,-1.204888078,2.469303012,0.000506115,0.00397086
NimC2,1.326635754,0.886291674,0.000511986,0.004013596
CG6910,0.732084265,7.231518241,0.000515947,0.004041301
bun,-0.569944845,8.858513403,0.00051693,0.004045652
Pglym78,-0.579569754,8.312663561,0.000521182,0.004075556
Hydr1,-0.590767067,8.351650424,0.000522811,0.00408492
CG31345,-1.063185638,4.172822533,0.000530059,0.004134812
CG32694,0.593796472,8.55256245,0.000530071,0.004134812
Orc1,2.915952343,3.006950788,0.000530859,0.00413755
CG9272,1.34594771,3.701713787,0.00053538,0.004169357
alphaTub84B,0.668879603,10.58604548,0.000536729,0.004176423
CG43120,1.387973671,0.671206423,0.000543761,0.004227661
Apc2,2.289831544,4.14996658,0.000547489,0.004253153
CG12484,0.604250015,7.009821487,0.000548602,0.0042583
CG33543,1.014241811,4.364868058,0.000552075,0.004281747
CG15695,1.170065102,3.401088011,0.000553839,0.004291908
CG11362,-1.3576086,0.906645549,0.000554663,0.004294783
dysf,1.199184096,3.010068904,0.000556925,0.004308768
metro,-0.723252607,5.86290123,0.000565814,0.004373965
CG9650,1.132025482,3.80805452,0.000571094,0.004411178
CG14945,1.145611586,3.912161677,0.00057427,0.004432092
rho,0.809658757,5.4295148,0.000576973,0.004449326
CG1545,1.220231404,1.823647094,0.000578809,0.004457342
CR43452,1.613637917,0.849078409,0.000578955,0.004457342
Tg,0.905091942,5.089531233,0.000589331,0.004533533
CG4783,-1.401055231,1.076219146,0.000591581,0.004545408
mnd,1.746651997,2.370321398,0.000591835,0.004545408
CG13631,0.652470843,6.519840446,0.000595264,0.004560959
CG17928,0.601694593,7.473518239,0.000595563,0.004560959
fd3F,1.139968639,3.092021459,0.00059565,0.004560959
UK114,1.615257948,1.87623984,0.000595788,0.004560959
Orct2,-1.044308796,4.290717046,0.000598107,0.004575011
CG8407,1.108659729,3.6519637,0.000607468,0.004642861
CG7296,1.346605505,3.220270543,0.000609262,0.004650862
Ir25a,-0.574346126,7.930565583,0.000609498,0.004650862
CG10863,0.569488889,7.488721095,0.000612287,0.004668378
CG17190,1.229233289,2.567369721,0.000613435,0.00467337
CG43920,0.960993465,4.790412618,0.000617622,0.004701477
CR46015,-1.479164121,0.247651076,0.000625101,0.004754588
CR44779,1.250580953,2.062544133,0.00062873,0.004778346
CG15120,1.018935658,4.311839223,0.00062954,0.004780661
CG2444,1.36863557,1.143207233,0.000634206,0.004812238
CG3788,2.139389831,1.066442567,0.000640349,0.004854953
slp1,-0.805063214,5.420917452,0.000643371,0.00487396
EF2,0.639998289,11.26671469,0.000646082,0.004890585
dar1,1.111967412,3.387886279,0.000648239,0.00490299
CG6044,0.640228467,6.562712295,0.000649628,0.004909572
Zwilch,1.431559506,0.812589785,0.00065392,0.004938065
Sesn,0.775377575,6.206435234,0.000659262,0.004973164
Pal2,-0.600184646,6.949948515,0.00065962,0.004973164
hdly,0.864591835,5.297317647,0.000660889,0.004978766
CG9497,-0.599761947,12.20529909,0.0006636,0.004995217
Galphai,1.03238705,6.665332123,0.000666535,0.005013318
CG31019,0.796547767,5.459586623,0.000670142,0.005036447
coro,0.947653516,6.575809913,0.000672345,0.005048989
sog,0.743852011,5.826479065,0.000675444,0.00506824
CG9114,1.395563344,3.555766031,0.000680246,0.005100226
Cyp318a1,1.109514095,3.19022965,0.000684933,0.005130863
RhoGAP100F,-0.726048156,6.398428275,0.000685416,0.005130863
CG8745,1.24950453,3.814739984,0.000688936,0.005151025
hebe,0.605810314,7.592645568,0.000689199,0.005151025
Cyp6g2,-0.652954744,8.722800123,0.000691625,0.005164304
Acox57D-d,-1.129554415,3.126048417,0.000692067,0.005164304
scrt,-0.698996978,6.23310345,0.000693726,0.005171025
CG34180,1.001595553,5.068797285,0.000694353,0.005171025
CG32816,1.358904065,3.462204898,0.000695099,0.005171025
btsz,0.563530102,7.522781606,0.000695154,0.005171025
Tsf3,0.832211781,5.253203285,0.000697314,0.005183021
CG9815,1.131856902,3.019231449,0.000700467,0.005202368
mlt,0.558328015,7.872593521,0.000703111,0.005217912
Rif1,2.975607117,4.828626126,0.000710951,0.005271958
pncr009:3L,1.03646082,4.236218089,0.000712861,0.00528198
CG7708,-0.622580532,7.11405442,0.000714577,0.005290362
hb,1.660282048,1.040444132,0.000715303,0.005290362
mfrn,-0.5874973,7.205178668,0.000715669,0.005290362
CG17121,0.770668568,5.608851809,0.000716483,0.005292246
CG8258,-0.609403602,6.845578019,0.000721525,0.005325328
CG1909,-0.601755096,7.071988903,0.000728629,0.005373568
tun,1.058401758,4.954737473,0.000729501,0.005375811
CG3091,0.599269415,7.112964032,0.000738954,0.005441228
IFT57,-0.888836528,4.909778655,0.000740309,0.005446967
CG9338,0.579671401,7.713197986,0.000744359,0.005472514
pirk,1.232607051,3.622285419,0.0007476,0.005492072
B9d1,-1.128444622,3.085862394,0.000755573,0.005546343
CG12702,2.713029994,2.920656873,0.000758836,0.005565977
CG10361,1.115459783,2.513913498,0.000771751,0.005653245
CG30062,1.434863261,0.310918438,0.000772751,0.005653245
CG13954,-1.285259543,1.278150623,0.000772991,0.005653245
h,-0.606949372,6.946770701,0.000773124,0.005653245
CR44119,-1.125937083,2.184888822,0.000779118,0.005692677
CG12950,-0.869687776,4.942828941,0.000782957,0.005716309
CG2767,0.683886144,6.108021159,0.000789679,0.005760942
Spn27A,0.74654223,6.143261984,0.000795651,0.005796997
Tl,1.484060054,6.363088437,0.000795846,0.005796997
msd5,2.325393143,1.769895581,0.000799422,0.005818565
CG11044,1.516563391,3.159742149,0.000804823,0.005853371
Gp93,-0.589894181,8.134475384,0.000813461,0.005911653
CG9297,1.2626891,8.558230284,0.000816622,0.005930065
alpha-catenin-related,-0.621616353,6.648275447,0.000820937,0.00595683
IRSp53,0.694768609,6.367931562,0.000822188,0.005961334
Pex3,-0.680235369,6.815938617,0.000829402,0.006009035
CG4115,1.161731551,4.008501065,0.000830535,0.00601057
Pgk,-0.5719628,8.518613757,0.000830884,0.00601057
CR44127,1.159025336,2.093191101,0.000843089,0.006093183
Reep1,0.579937705,7.370286587,0.000843886,0.006093183
CG7737,2.480872185,2.650586893,0.000844236,0.006093183
Cyp6d5,0.678534337,8.019969587,0.000848105,0.006116438
Elba2,2.592670836,3.10155845,0.000850237,0.006126684
Rab6,-0.627251739,6.57019923,0.00085082,0.006126684
Invadolysin,-0.6071308,6.744146021,0.000856925,0.006164499
eater,1.378656627,1.06533898,0.000857375,0.006164499
hiw,-0.644161117,6.41204229,0.00086063,0.006183204
CG8854,1.133707174,2.078137942,0.000865218,0.006211454
CR43730,1.203727979,1.427317108,0.000877943,0.006298023
CG2698,0.576814364,6.94741616,0.000882521,0.006326068
dnd,-0.672675689,6.318704145,0.000883655,0.006329402
CG4210,-1.109044709,2.461530236,0.000886498,0.006343815
CG15909,-1.467963582,0.128502187,0.000887008,0.006343815
Tsp42Ei,0.675387798,6.54807733,0.000888301,0.006348268
elav,-0.651608243,6.678557745,0.000891696,0.006367717
CG2121,1.151238435,2.034674347,0.000893983,0.006379234
Indy,-0.563374352,8.197212941,0.000895761,0.006387108
E(spl)m2-BFM,-1.109768826,2.474969028,0.000899988,0.006412412
l(2)gl,0.808623753,6.876306383,0.000900914,0.006414182
Karybeta3,0.566785044,8.183013342,0.000905201,0.006439861
CG16786,0.836723687,5.272055383,0.000913146,0.006491498
pch2,2.508116175,3.265354198,0.000925665,0.006575555
CR44442,1.129737219,2.414614254,0.000929984,0.006599375
CG30156,-1.136510148,2.52398744,0.000930413,0.006599375
Drs,1.490316389,1.689858516,0.000934554,0.006623782
bmm,0.671580605,6.477888744,0.000942622,0.006675966
CG4329,0.957230606,4.481426323,0.000953676,0.006749202
RyR,0.935261439,6.314816186,0.000954824,0.006752277
CG15394,1.061544048,3.799722198,0.000959816,0.006782511
FER,0.933549368,5.125699618,0.000961922,0.006792321
CG10508,-0.585465776,7.400373723,0.000963613,0.006799183
CG13455,1.090106716,3.179185623,0.000966888,0.006817212
CG2852,0.825316092,7.223568076,0.000977063,0.006883819
CG10362,-0.753224099,5.568345591,0.000978331,0.006887626
CG8398,1.094297827,2.776899291,0.000983654,0.00691995
CG8620,1.372083412,0.536358413,0.000985669,0.006928975
Mal-B2,1.084168568,4.645725227,0.000988784,0.00694571
Trpgamma,-1.352933578,0.586631808,0.000992594,0.0069673
cmb,0.765130941,5.859510624,0.001000314,0.007016287
CG17739,0.760444573,5.583878531,0.001004812,0.007042616
CR44514,1.250696173,1.039517061,0.001005947,0.007043847
CTPsyn,1.037706616,6.382262635,0.001006477,0.007043847
CG12207,0.570913012,7.087150407,0.001015731,0.007103361
SKIP,2.208829199,4.36039447,0.00102536,0.007165405
CG32091,0.613891646,7.031097833,0.00102619,0.007165908
CG5791,-0.666858631,6.337913723,0.001030941,0.007193776
wgn,0.765583617,5.502006972,0.001032469,0.007199135
lectin-28C,1.265031666,3.29412615,0.001040028,0.007246501
Ir41a,1.215863287,3.036279427,0.001064577,0.007412088
pyr,1.05049237,3.834098408,0.001079116,0.00750779
PIP5K59B,-0.676155988,5.99906426,0.001081131,0.007516284
Taldo,-0.550306116,7.974761355,0.001088457,0.00756166
Sik2,-0.724537639,5.651622561,0.001094089,0.007595208
Dic1,-0.573276114,7.185800411,0.001095039,0.007596228
CG31279,-1.24940855,2.121827045,0.001098311,0.007613344
CG30285,0.557730342,7.96364485,0.001102832,0.00763909
Mcm2,1.560113201,2.553417301,0.001105288,0.007650502
IM23,-1.512081647,4.737857143,0.001111378,0.007687032
CG12910,-1.083324968,3.460812221,0.001119553,0.007737916
grim,-1.262641955,1.000119565,0.00112087,0.007741364
Pdcd4,0.672892016,7.733018357,0.001125953,0.007770799
CG15657,-1.333890439,0.499593383,0.00112973,0.007791183
CG1139,1.108113004,2.007711794,0.001135703,0.00782439
msps,0.547564295,8.61718229,0.001136199,0.00782439
CG3726,0.83302563,5.184913731,0.001141579,0.007855721
CG43689,-0.968769063,4.543447147,0.001145263,0.007875344
Proc,1.060112035,3.704524913,0.001154979,0.007936393
Ptr,1.11430559,2.024173603,0.00115627,0.007939498
PGRP-LF,1.099539967,4.194349835,0.001160083,0.007959902
CG9518,1.085565942,2.328009929,0.001162557,0.007971094
CG34351,1.316987838,1.526072753,0.001164895,0.007980921
IM1,-1.301251595,5.449325495,0.001165677,0.007980921
AGO3,2.721804399,4.254232753,0.001173126,0.00802562
MtnA,-0.568301182,9.297464855,0.001173902,0.00802562
CG11164,2.630035402,3.457257917,0.001182166,0.008076284
mthl15,-1.094553008,2.904598579,0.00118386,0.008082025
CG45263,0.767116125,5.333694136,0.001188108,0.008105172
CG7536,0.773377793,6.003762821,0.00119713,0.008160837
nompB,-0.662209653,6.133415478,0.001203614,0.008199136
norpA,-0.586261143,6.725476409,0.001206398,0.008212188
CG14834,1.38649999,0.99710175,0.001212286,0.008246333
fng,0.766679428,5.428245808,0.001233562,0.008385032
Dgkepsilon,-0.651473446,6.007999821,0.001234633,0.008386287
CG14715,-1.072270053,3.235134798,0.001240236,0.008416202
Galphao,-0.566339559,7.452895882,0.001240816,0.008416202
RhoGAP102A,-0.876890408,4.978221025,0.001247128,0.008452955
Frl,0.577608163,6.805157331,0.001257581,0.008517705
Cad74A,1.339907545,1.016680905,0.001264341,0.008557361
Kr-h2,-0.573087675,7.391687002,0.001266684,0.00856709
CG31475,-0.715368436,5.618716717,0.001270374,0.008583889
LanB1,0.771483668,5.317351939,0.001270982,0.008583889
CG11768,-1.222267318,1.061645559,0.0012742,0.008599486
CG8800,1.099811931,3.484674176,0.001275581,0.00859973
CG9132,-0.659380139,6.721595077,0.001276054,0.00859973
Orct,-0.980999816,4.355673003,0.001278942,0.008613058
CG8046,1.262001675,1.057435109,0.001280395,0.00861671
PGRP-LC,0.599068666,7.096274544,0.001285457,0.008644632
CG10050,0.595482366,7.084990622,0.00129823,0.008724328
pbl,1.011706012,4.117453372,0.001310431,0.008800072
mthl7,1.469974611,0.392326756,0.001318094,0.008841731
CG18869,-1.086723156,3.427303692,0.001318504,0.008841731
CG13449,1.109114281,2.585560458,0.001324459,0.008875374
CG8192,1.162622481,2.879013219,0.001331466,0.008916015
Inx2,0.741798754,7.064232643,0.001336102,0.008940736
Myc,1.006527866,4.179388241,0.001344523,0.008990729
Mcm6,2.323952031,4.378390481,0.001345512,0.008990982
CR45674,-1.251810504,0.854773086,0.001361126,0.009088899
CG13282,1.437381226,0.040411912,0.001362201,0.009089666
CG42663,0.800590431,5.138194379,0.001367615,0.009119364
CG4096,-0.60165788,6.559545616,0.001374556,0.00915919
Mtk,1.319338758,2.522404908,0.001383873,0.00921478
CG8248,-1.03065206,3.885043211,0.001389873,0.009248225
CG17669,1.048316498,3.250351542,0.001404395,0.009338291
CG3618,-0.639379309,6.141111212,0.001413465,0.009391999
Asap,-0.597489497,6.675756037,0.001415429,0.009398446
side,1.103106704,3.447366378,0.001418117,0.009409694
CG13857,1.362887594,0.368169989,0.001439,0.009541571
CG31778,1.33268397,0.649213706,0.001443089,0.009555946
Gal,0.963062936,4.269970198,0.001443188,0.009555946
CG6013,-0.805465907,5.186823533,0.001452487,0.009610789
CG14933,1.071932975,3.465994646,0.001454702,0.009618721
CG9760,1.051919176,2.882529469,0.001462826,0.009665682
Tret1-1,0.595581663,7.118847916,0.001474928,0.009738849
CycD,1.782632955,4.711420056,0.001476285,0.009741012
CG5948,-0.604998043,7.014958068,0.001489247,0.009819688
asp,2.724146378,3.332521186,0.00149058,0.009821637
RabX4,-0.749051295,5.348859287,0.001491674,0.009822001
brp,-0.587759001,7.058823737,0.001506056,0.009909808
GNBP2,0.612194868,6.60850186,0.00151638,0.009970802
CG8012,0.981852682,4.227119944,0.001535613,0.010087099
mab-21,0.991991309,4.113518564,0.001536198,0.010087099
Dyrk2,0.94140361,5.106307658,0.001539174,0.010099631
CG33965,1.205433442,1.698490661,0.001551968,0.010176521
CG2837,1.141815291,1.996577562,0.001555136,0.010190231
CG5882,1.14919603,1.563807726,0.001562045,0.01022842
mam,0.612085301,6.422742581,0.001565619,0.010241636
CG10947,0.739961088,5.660266171,0.001566228,0.010241636
CG14921,1.053022853,2.749530654,0.00156741,0.01024229
cact,0.711822057,8.038297686,0.001572092,0.010264498
Mink,2.116863014,3.078317456,0.001572978,0.010264498
CG12290,-0.5288264,7.935561176,0.001579846,0.010302209
CG13594,0.807960027,5.142889908,0.001584545,0.010325735
MFS3,1.127558795,1.713409792,0.001617981,0.010536361
CG31800,-0.819664933,5.111108349,0.001621778,0.010553828
CG42269,1.034170075,2.832489784,0.001625097,0.010568155
CG9850,0.665382996,5.787296764,0.001634206,0.010620093
mirr,1.065646305,2.495013224,0.001636106,0.010625142
AsnS,1.214295101,4.728121758,0.001638678,0.010627565
CG7220,0.599870935,6.611422324,0.001638725,0.010627565
Cyp4s3,1.054149735,2.547272057,0.001641849,0.010633303
CG32284,-1.37285578,0.135217304,0.001641857,0.010633303
kst,0.592468327,6.70635176,0.001647632,0.010663399
Ote,2.465489626,3.606936018,0.001653655,0.01069507
vret,2.443011189,1.830718489,0.001664239,0.010753824
Nrt,0.63388963,6.53445669,0.001665641,0.010753824
TkR86C,-1.002195416,4.053557374,0.001666149,0.010753824
CG44837,1.175350322,1.102001291,0.001668586,0.010762212
CG4297,-0.627557467,6.308331176,0.001686285,0.010868954
CG1894,1.133878976,3.390512513,0.001689439,0.010881876
CG34453,1.067372968,2.902906027,0.001702878,0.010960973
cav,2.256289342,3.773923022,0.001708683,0.010990862
Rgk3,1.18173136,4.375121775,0.001711545,0.011001791
CG13931,1.128559396,2.717745702,0.001715518,0.011019842
CG34377,1.245619118,0.933221276,0.001718372,0.011030689
Mmp2,0.730840836,5.414937473,0.001750354,0.011228375
VhaM9.7-b,-0.51699931,7.773521497,0.001753,0.011237726
CG13722,1.023245608,2.917451002,0.001769991,0.011338966
CG42450,-0.644882145,6.091643183,0.001774963,0.011363123
bi,-0.731204463,5.504500086,0.001779105,0.011379248
FK506-bp1,1.878195683,5.956364366,0.001779887,0.011379248
mir-283,-1.201810381,1.280973765,0.001781336,0.011380824
Dscam4,1.03317278,3.628389759,0.00179662,0.011470727
CG17108,0.775651491,8.52722458,0.00179853,0.01147518
Alas,0.530619862,7.722560362,0.001801425,0.011485905
LBR,1.760627129,4.542172917,0.001805284,0.011502757
CG6749,1.128121037,1.693391125,0.001810087,0.011525603
CG10616,-0.688236058,5.641945215,0.001819629,0.011572539
dpr4,-0.733248554,5.3377901,0.001819905,0.011572539
dao,-0.598023916,6.385708198,0.001826304,0.011605435
CG11147,0.560185736,9.313442257,0.001835211,0.011654203
CG5023,1.107387631,6.039069778,0.001854514,0.011757188
Aldh-III,-0.529279998,9.522959709,0.001855072,0.011757188
CG34394,-0.553796244,7.192005154,0.001855156,0.011757188
CG7330,1.2580289,0.372269577,0.001858349,0.011769543
eIF-5A,0.755317822,8.891370597,0.001863569,0.011794706
CG34034,1.198746129,2.449736599,0.001868369,0.011817181
dpr6,1.110811225,1.863869163,0.001880054,0.011883148
CG32052,-1.059359311,2.085360508,0.001884229,0.011901583
CG15642,-1.007507891,4.056314304,0.00189083,0.011932557
Cyp313b1,1.129708758,2.366114365,0.001891655,0.011932557
lost,0.509928026,8.41212315,0.00190856,0.012019931
CG9512,1.163461673,2.231594815,0.00190887,0.012019931
gudu,1.028967221,2.868641549,0.001910336,0.012019931
Obp56a,1.693947742,5.92667331,0.001910587,0.012019931
CG12880,-1.09154202,1.784353829,0.001918859,0.01206328
Vha55,-0.515600982,9.724659833,0.001920027,0.01206328
CG4880,2.546976709,3.778182875,0.001921472,0.012064342
CG30015,0.51760595,7.681578214,0.001923248,0.01206749
CG12643,-0.662368209,6.089483371,0.001926805,0.012081797
CG10433,0.604975778,6.726873437,0.00193494,0.012124768
ppk,0.882279656,4.585990674,0.001940653,0.012152521
CG7372,2.307393028,4.707193529,0.001946986,0.012184112
rhi,2.645133748,2.223671904,0.001949966,0.012189398
Snmp2,-1.068077175,5.417708628,0.001951554,0.012189398
CG15894,-0.806758306,5.006728308,0.001952788,0.012189398
fru,-0.661644944,6.048040825,0.001952983,0.012189398
CG14947,1.027865905,2.835473609,0.001960657,0.012229224
NLaz,-0.529395658,8.8938359,0.001967775,0.012264588
Lip3,-1.049136609,2.204755564,0.001968919,0.012264588
CG14683,0.703145127,6.246150654,0.00197186,0.012274831
CG11261,1.137196868,2.309761336,0.001982531,0.01233314
insc,0.952000443,4.018180509,0.001995952,0.012405206
dpr11,-0.782766396,5.04718589,0.001996737,0.012405206
Drep2,1.994150362,5.351115264,0.002002023,0.012429882
CG13436,1.033929672,2.870636549,0.002014746,0.012500675
Cbl,1.197023754,6.263661681,0.002022325,0.012539476
osp,-0.515410462,7.445925127,0.002037225,0.012623588
trol,0.527390442,7.8729124,0.002042799,0.012649844
CG1943,1.264242871,7.075149683,0.002058917,0.012741315
CR44566,1.239239085,0.410654113,0.002081306,0.012871446
CG17839,0.564070898,8.789892017,0.002088457,0.012907238
CG17684,0.894817293,4.61734177,0.002090741,0.01291292
CG12693,-1.333039304,0.25182882,0.002100368,0.012963914
CG6145,-0.572037486,7.999504951,0.002102727,0.012970013
CG5745,-0.556254088,7.222656975,0.002108721,0.01299851
CG15734,-1.145289947,3.413044766,0.002118699,0.013051518
l(1)G0469,0.675018439,5.753786186,0.002130904,0.013118162
Duox,1.298963512,3.356872212,0.002138614,0.013157065
5-HT1B,1.003734499,2.664650277,0.002141312,0.013165104
Tsp96F,0.841383822,5.330930662,0.002146564,0.013188823
CG16799,-0.853873719,4.963875065,0.002161595,0.01327256
CG17127,1.128080797,3.176615015,0.002222649,0.01363859
Obp57a,0.753614855,6.197671873,0.002227022,0.013651773
al,0.962660359,3.830101857,0.002227683,0.013651773
CG15210,1.046831899,2.766509215,0.002264862,0.013870632
CG31826,1.01021,3.814750556,0.002270804,0.013898026
CG43117,-1.352894365,0.674533158,0.002276815,0.013925806
CG15927,1.020642106,2.759198226,0.00227836,0.013926256
Doc1,1.210747509,0.587037933,0.002283434,0.013941645
spn-B,0.906452482,4.278134182,0.002283825,0.013941645
CG9628,0.539935317,8.223683641,0.002305741,0.014066359
Dok,1.522832112,4.609690201,0.002311379,0.014091669
CR44272,-1.050431622,3.081789884,0.002324142,0.014160353
CG31663,0.802405302,5.019815313,0.002337329,0.014231536
NtR,1.025119841,3.250492095,0.002345062,0.01426944
cpo,-0.515232508,10.53680717,0.002350523,0.014293479
Spn31A,1.025148565,3.456403456,0.00235845,0.014332466
aos,0.593757075,6.359642354,0.002365111,0.014361356
pes,0.89594747,4.418807657,0.002366239,0.014361356
RpL5,0.53250297,10.76208996,0.002372449,0.014387286
CG43291,-1.366183096,2.912664477,0.002373552,0.014387286
CG31523,0.509055912,7.731628037,0.002382216,0.014430557
CG3238,2.361929706,2.935362207,0.002387147,0.014451172
CG13248,-0.873201068,4.498174671,0.00239731,0.014500616
CG34253,1.270421939,0.086510747,0.002398379,0.014500616
papi,0.718803459,5.724705501,0.002402048,0.014513527
PICK1,-0.739995526,5.436406947,0.00241247,0.014567195
CG10026,1.077517651,4.020112153,0.002418714,0.014595581
Mf,0.949555592,8.886766418,0.002426286,0.014631944
TpnC73F,1.081393542,2.15605859,0.002430036,0.014645224
Src64B,1.835612779,5.478826385,0.002435335,0.014667206
mod,1.409400139,7.111217483,0.002436784,0.014667206
CG44286,1.019302887,2.179008918,0.002446022,0.014713452
CG42260,1.175490984,0.928795067,0.002447642,0.014713844
CG14567,1.159384846,2.772618532,0.002451672,0.014721188
pr,-0.631516196,5.911407251,0.002451976,0.014721188
CHKov1,0.680891296,5.679527287,0.00245686,0.014741163
CG3842,0.535647208,6.86971525,0.002463701,0.01477284
CG3964,1.426866917,0.228036902,0.002483614,0.014882811
CG42700,0.739318663,5.212303091,0.002497842,0.014952472
Pxn,0.958738478,4.076152191,0.0024984,0.014952472
dpr3,-0.848181953,4.634751159,0.002515498,0.015045284
Oatp74D,0.843838034,4.800615728,0.002523447,0.015083293
CG1208,1.343908074,1.627717131,0.002528807,0.015103221
nop5,2.064995744,5.217823112,0.002529973,0.015103221
stumps,0.825358973,4.731244949,0.002532279,0.015107453
bbg,1.023655499,3.525679197,0.002538998,0.015137996
CG9521,1.052178864,2.838959243,0.002547932,0.015181696
Pfk,-0.509965297,7.835849931,0.002550423,0.015185181
CBP,1.709260817,1.637872562,0.002551727,0.015185181
Cct2,0.750719352,5.208888954,0.002557452,0.015209689
br,1.029432976,2.157500103,0.002575773,0.015309021
CG5116,-1.030639184,2.704342357,0.002585973,0.015360001
CG7840,2.030271907,4.871802808,0.002599897,0.015433017
CG5888,0.845135103,4.665752102,0.002603999,0.015447673
Snap24,-0.560361779,6.981041888,0.002611271,0.015481107
CG7497,1.041964926,2.963157491,0.002619261,0.015514077
l(2)01289,1.097983557,5.954942721,0.002620111,0.015514077
dpr15,1.065585286,1.651544775,0.00263076,0.015567385
CG18472,0.981867364,3.606757697,0.002636459,0.015591362
Vha44,-0.497174345,9.097555425,0.002640165,0.015603521
Cpr47Ee,-1.187593806,4.534262368,0.002642556,0.015607908
CG4269,1.049138773,2.105304336,0.002648466,0.015633051
CG3253,-0.979524864,3.690778471,0.002662881,0.01570834
ACXD,0.718580383,5.386799591,0.00266724,0.015724251
CG18031,-1.032703239,2.493624779,0.002677972,0.01577769
CG9507,1.127055967,1.231568402,0.0026914,0.015846934
CG14905,1.005389656,3.181461735,0.002708246,0.015936211
Rel,0.553709017,7.333105934,0.002711109,0.01594314
CR43417,0.99310269,2.994988081,0.002735473,0.016076428
Smyd4-3,1.284976916,2.037133228,0.002752939,0.016169029
asl,1.997977804,3.597929468,0.00277469,0.016286672
Ilp6,0.794417401,4.98928547,0.00278139,0.016315876
CG18539,1.8075846,2.236292803,0.002785674,0.01632044
FASN3,1.163267159,3.094657017,0.002786049,0.01632044
CG5541,1.003003259,5.467444962,0.002787342,0.01632044
Ac13E,0.677199777,5.5993776,0.002789946,0.016325583
SmydA-9,1.101815321,5.513578454,0.002807903,0.016420504
CG45122,0.994806366,2.18979592,0.002835654,0.016572551
CG34273,-1.184657053,1.428001782,0.002846772,0.016627258
yellow-h,0.578063828,7.139042809,0.002850714,0.016640008
en,-0.938367201,3.965378699,0.002859006,0.016673585
alpha-Est6,1.235484266,1.017798043,0.00285999,0.016673585
Ir75a,0.510626249,7.772802499,0.00286202,0.016675147
m,1.134587552,0.892195681,0.002879004,0.016758621
unc-4,0.701573006,5.420859157,0.002881653,0.016758621
CG42673,0.913793409,4.465633505,0.002881661,0.016758621
CG10307,0.712336194,5.577794371,0.002889948,0.01679649
CG5235,2.206279223,2.749507371,0.002923525,0.016981212
Arl6,-0.602962483,6.196627158,0.002935855,0.017041864
CR43973,1.163553987,2.546023833,0.002937569,0.017041864
CG18327,-1.06226095,2.777158895,0.00295582,0.017137237
CG18547,1.103708656,3.076352452,0.002961107,0.017157376
CG3078,-0.754527646,5.157379254,0.002964346,0.01716563
CG5789,0.949985112,4.903335276,0.00296631,0.017166496
BI-1,-0.494718879,8.171993258,0.002972674,0.017192811
CG14408,-0.520510723,6.920296556,0.0029791,0.017219452
Hayan,1.02475557,2.935463502,0.002992727,0.017287659
CG17032,0.678753604,5.591004887,0.002999471,0.017316041
Sse,1.198939615,0.670292154,0.003008894,0.017359848
CG10479,-0.982597374,2.652890131,0.003032004,0.017480452
CG42337,-0.721948974,5.366404062,0.003035365,0.017480452
CG34402,1.17896088,1.431996683,0.00303571,0.017480452
atilla,0.530456287,8.604368833,0.003037187,0.017480452
smg,2.084805808,7.061567202,0.003043789,0.017507799
CG31326,0.801220596,5.043235686,0.00308459,0.017727855
Scp1,1.204662617,8.70389725,0.003085833,0.017727855
FMRFaR,-0.993079589,3.301313283,0.003087667,0.017727855
CG17841,0.494749508,7.627462247,0.003089917,0.017730015
CG18213,1.704168312,3.337596508,0.003102654,0.01779231
CR43259,0.969953892,2.65889696,0.003119661,0.017879002
Ras64B,0.614825666,5.892847896,0.00312297,0.017881045
DNaseII,0.986560667,3.970099526,0.003123797,0.017881045
CG12520,1.07547898,1.539453727,0.003127306,0.017890307
CG15093,1.020697762,3.080759091,0.003134802,0.017922354
CR45174,-1.146630504,1.659013304,0.003141972,0.017952498
Hsc70Cb,-0.49080211,7.875275689,0.003151345,0.017995191
lz,1.14596677,1.060744336,0.003153432,0.017996244
AttA,0.871447192,4.886682135,0.003156174,0.018001034
Obp56d,0.584955262,11.45784829,0.003162524,0.018026387
Karl,0.975734888,2.832500872,0.003176884,0.018097339
KFase,0.836948739,4.663100871,0.00318077,0.018108573
mei-S332,2.013536642,2.537774821,0.003184816,0.018120705
SPH93,-1.23056713,0.542202953,0.003193662,0.018160116
CG30172,0.978265939,2.328183421,0.003220611,0.018296837
CG42846,0.969759864,2.350050623,0.003221574,0.018296837
RhoGAP18B,0.553529392,6.651943193,0.003229181,0.018321425
Vdup1,0.491891986,7.62957645,0.003229776,0.018321425
CG12470,-1.195727692,0.594092643,0.003240044,0.018368663
Ork1,0.960588554,2.801625859,0.003271768,0.018537405
CG6569,-0.882584692,4.425996854,0.003277651,0.018559625
CG31759,1.303556917,2.777569257,0.003281308,0.01856922
Ef1gamma,0.81283058,8.847468493,0.003288717,0.018600024
Obp19d,0.510174056,15.32492398,0.003303415,0.018671989
prc,1.332056409,0.097721699,0.0033289,0.018804806
CG10996,1.125038245,1.553975449,0.003354237,0.018936631
CG11321,0.974938513,5.742650427,0.003406069,0.019217786
Mtl,0.806740575,5.740771223,0.003423849,0.019306593
CG1665,0.982823298,3.195220104,0.003431335,0.019337281
dgt5,1.641423718,2.570970484,0.003438459,0.01936589
ImpL2,-0.714659489,7.418118246,0.003453102,0.019436794
CG6701,0.509555835,7.265335848,0.003473832,0.019541853
Neurochondrin,1.235002913,3.61032662,0.003480332,0.019566785
Bili,-0.751581092,5.120810113,0.003503397,0.019684762
CG5280,1.015037464,2.001172237,0.003518005,0.019755112
T48,0.676505924,5.547122737,0.003520382,0.019756734
CG5621,1.230513431,4.282200622,0.003525458,0.019773491
Ets65A,0.945620592,3.703127032,0.003541214,0.0198501
repo,0.63541207,5.63795365,0.00354865,0.019880005
CG8526,1.007320276,1.733320968,0.003553652,0.019896243
CG30197,0.529490855,9.970494779,0.00356001,0.019920057
Ncc69,0.495442043,8.600640531,0.003571142,0.019970533
timeout,1.945695407,3.219159258,0.003576167,0.019986821
Esp,-0.500467239,8.648644569,0.003600231,0.02010588
CG15071,1.162473063,0.60991235,0.003601719,0.02010588
CR43334,1.314011707,0.299602134,0.003605766,0.020116602
mbm,1.930422946,4.168366432,0.003608322,0.020119002
Wnt6,0.647484625,5.612574679,0.003617347,0.020157445
Lst,1.294493913,3.184255695,0.003628473,0.020207543
Nmdar2,1.324557032,0.205630308,0.003633839,0.020225519
CG13284,-0.614754863,6.497894153,0.003647654,0.020290475
Lim3,1.160389351,0.54343882,0.003651685,0.020300968
Gk1,-0.555230599,6.376123699,0.003659297,0.020331339
CG17786,0.969460193,3.668834109,0.003705319,0.020574961
Cyp4e3,1.128968577,4.420662948,0.003776305,0.02095683
CG31030,-0.530662654,6.802092148,0.003787801,0.021008305
CG5910,0.693534304,5.755208011,0.003801959,0.021074477
Sgs1,1.151545596,1.450956622,0.003820026,0.021162226
Map60,1.98558378,5.274544727,0.003832572,0.021219308
meso18E,1.149210577,1.891197736,0.003838833,0.021241545
MtnD,-1.002617796,2.275425423,0.003853882,0.021310842
Tm2,1.095875442,7.792115187,0.003857703,0.021310842
Hop,-0.513050078,6.891251778,0.003858114,0.021310842
CG2082,0.970759191,5.834837143,0.003860387,0.021310958
CG4678,0.680686105,5.498242695,0.003882764,0.021421989
CG13124,0.544332152,8.640495485,0.003888215,0.021439565
CG42361,-0.754023924,4.900946599,0.003899422,0.021475689
CG15564,1.106580562,1.069533788,0.003900571,0.021475689
CG6867,-0.571435789,6.217029039,0.003901576,0.021475689
CG1674,0.787238511,6.494610606,0.00391091,0.021514551
CG4629,0.956762876,2.813645048,0.003924334,0.021575858
CR46064,-0.700737978,5.320969584,0.003931063,0.021600298
CG9896,1.056672317,4.139801889,0.003951489,0.021699935
CG1231,1.153388325,0.699866665,0.003953826,0.021700172
CG31547,1.175162675,2.918216547,0.003982124,0.021842818
sPLA2,-0.948852198,3.965938574,0.003991659,0.021882432
CG1791,-0.612329617,6.542141036,0.004011144,0.021976519
CG3967,-0.496032693,6.953350396,0.004030585,0.022070251
CG6425,2.514243787,2.667676959,0.004057019,0.022202148
Ugt36Bb,-1.031776354,2.098089745,0.004078978,0.022309417
CG11073,0.488505577,8.640030957,0.004085635,0.022332918
Tango7,0.499268439,8.193413467,0.00412782,0.022550483
EDTP,0.812234999,6.203937817,0.004141895,0.022614317
Zasp66,1.01762548,8.262790352,0.004146356,0.022625619
mino,0.927922797,4.605175755,0.00415614,0.022665936
Syx4,0.999292997,3.580541916,0.004186484,0.022818265
Tollo,0.870856652,4.185758393,0.004207082,0.022908801
CG34383,-0.505606287,6.937801808,0.004207937,0.022908801
CG43729,0.547088256,7.787704358,0.004232081,0.023026998
Cyp6v1,0.5640408,6.124450446,0.004258095,0.023155229
CG7079,0.57471548,6.330440057,0.004263858,0.023173249
Rx,1.048688927,1.434650752,0.004270248,0.023194655
Vha14-1,-0.518329691,7.453933619,0.004288769,0.023272595
Cyp12a4,0.575087649,6.495658924,0.004289517,0.023272595
CG13833,0.502665502,9.002855609,0.004322407,0.023437601
CG11353,0.971786361,2.484283588,0.004343617,0.023539122
Keap1,-0.639183453,5.621614759,0.004346793,0.023542847
CG12177,0.769539862,4.813031748,0.004361711,0.023610132
miple1,0.801300064,4.758761914,0.004374194,0.023663478
CG31100,0.534024437,6.562901441,0.004376568,0.023663478
CG10562,0.508668745,7.002828113,0.004436764,0.023975246
CG13300,1.168263947,0.694820614,0.004459871,0.024086355
Oseg5,-0.727059037,5.155745941,0.004472635,0.024141514
Kebab,1.319526774,2.066140221,0.004481827,0.024177334
be,0.659701964,5.472355154,0.0044978,0.024249677
alphaTub67C,1.503266864,1.472294459,0.004504825,0.024273718
CG13168,1.199581357,0.188149801,0.004513869,0.02430861
CG31809,-0.541457909,7.345776705,0.004516733,0.024310196
Trim9,0.976005526,1.770358068,0.004528074,0.024357383
CG31798,1.015481794,1.896143647,0.004546538,0.024442806
CG14234,-0.755888356,4.823947001,0.004559273,0.024497354
CG5404,0.819898489,4.604950021,0.004585201,0.024622688
Ekar,-0.973182261,2.082896971,0.004589095,0.024629618
Zip48C,-0.591648275,5.897504035,0.004602988,0.024690175
CG33181,0.467293907,8.215782822,0.004627604,0.024799626
CG43094,0.664362358,6.056070696,0.004628634,0.024799626
GILT1,-0.472324413,9.09338508,0.004642307,0.024858804
CG9164,0.879899661,4.135995229,0.004705007,0.025180301
Prip,0.724735329,5.021148616,0.004711148,0.025198916
Vha26,-0.493386918,9.495053895,0.004721995,0.025226224
glu,1.982504294,4.862002871,0.004723299,0.025226224
CG18536,1.434695532,3.845127315,0.004724252,0.025226224
NAAT1,0.55272308,7.494529696,0.004730959,0.025247789
CG11226,1.129075207,1.012135948,0.004736888,0.025265183
CG4572,0.513591096,6.978685192,0.004748934,0.025304234
GILT2,1.756391933,2.390310055,0.004749558,0.025304234
CG4666,1.2888587,1.143439846,0.004759314,0.025341941
CR44645,1.247352915,0.81293625,0.00476883,0.02537833
CG42684,-0.509197624,6.717168007,0.004773681,0.025389864
CG4301,0.951279048,2.803449647,0.004788323,0.025453433
Cad99C,0.833217373,4.407938704,0.004838796,0.025707295
CG14636,0.967641713,2.607680672,0.00488069,0.025915313
CG6330,0.475123835,7.45995834,0.004949629,0.026266624
18w,0.680565143,5.289650712,0.004957105,0.026291552
vas,1.130702266,0.34748964,0.004970511,0.026347886
Fit2,0.759730778,4.776952717,0.004991654,0.026445144
CG34056,0.810909676,4.503785762,0.004995279,0.026449541
mys,0.588886664,6.755601704,0.005003629,0.026478936
CG12868,-0.733421792,5.021591437,0.005009965,0.026497645
Rab3,-0.475671571,7.362656313,0.005027901,0.026577653
Chd3,1.196751259,0.388750858,0.005037343,0.026612698
Cyp4ac3,1.286826532,0.950116899,0.005046926,0.026648446
GlyS,0.840253694,6.843614352,0.005054952,0.026675936
CG10345,0.48178528,9.287230545,0.005110117,0.02695202
CR44811,0.920327655,3.557699065,0.00511809,0.026979037
CG14109,1.238068023,4.3052426,0.005155445,0.027160814
cora,0.470076126,8.65567465,0.005166361,0.027197498
Ssadh,0.505252136,6.833862137,0.005168157,0.027197498
CG11448,-0.462565238,8.019918814,0.005184036,0.027265896
CG7432,1.105255366,0.452587642,0.005233708,0.027511859
CR32658,-0.697445134,5.141840578,0.005237492,0.02751646
CR45024,0.952769964,2.856773405,0.005243731,0.027517493
zfh1,0.863503948,4.08311203,0.005245267,0.027517493
Fer3,-1.304369584,0.324031642,0.005246413,0.027517493
CG6972,0.964002595,3.60292847,0.005260667,0.027561801
Liprin-beta,0.668079604,6.354766444,0.005262248,0.027561801
CG13332,-0.817825304,4.658036637,0.005263599,0.027561801
Dhc16F,0.877411182,4.009881743,0.005279829,0.027631492
Dop1R2,0.909158138,3.673253754,0.005285329,0.027644986
CG4250,0.8115108,5.386110372,0.005309335,0.027755207
Snap25,0.626377329,5.960815379,0.005351852,0.027962022
pdm3,-0.513012401,6.656408893,0.005362814,0.028003831
Su(var)3-7,1.396944484,5.777505778,0.005374121,0.0280474
DNApol-alpha50,1.319989214,1.570792519,0.00541411,0.028240522
CG7378,0.485121822,8.357081838,0.005424142,0.028277263
Hex-C,-1.400818379,0.444972428,0.00546429,0.028470876
CG1971,1.152116859,2.571767839,0.005468013,0.028471528
Idgf3,0.490387668,8.56698705,0.005472651,0.028471528
Ire1,-0.52597596,6.773240052,0.005473442,0.028471528
Ets21C,-0.875112191,3.899022611,0.005482147,0.028501142
Hr3,-0.839108917,4.566817792,0.005495633,0.028555564
Rcc1,1.891698402,6.285773135,0.005522813,0.028681042
GstD7,-1.242204211,0.361502845,0.0055268,0.028686001
Cam,0.471303846,10.62756992,0.005530243,0.028688134
CG6191,-0.927500291,3.932727407,0.00557186,0.028885005
oxt,0.735309886,5.45027855,0.005574299,0.028885005
Xpc,0.968195088,6.265330207,0.005596517,0.028984261
tn,0.845240136,6.397648937,0.005636992,0.029177911
Dhc36C,0.686856848,5.41845347,0.005647274,0.029215148
nompC,0.838936142,4.612420483,0.005656851,0.0292487
CG8478,1.999348242,3.883509409,0.005665289,0.029276331
nord,0.985187303,1.440376898,0.005674039,0.029305544
CG12288,2.525764042,2.656774254,0.005684403,0.029330684
GstD1,-0.468539627,10.65127988,0.005685106,0.029330684
CG42825,1.144018369,0.25957319,0.005703546,0.029409782
Lis-1,-0.457855116,8.644942211,0.005707915,0.029416283
ara,1.708067629,1.297187599,0.005725066,0.029488609
CG13506,0.552712046,6.934997078,0.005742384,0.029561718
rempA,-0.566025983,5.97512321,0.005753792,0.029604337
Ccn,-0.497134244,6.779585867,0.00576319,0.029636581
CG45078,1.23663726,3.881443162,0.005769322,0.029651994
CG13699,1.194491715,3.169508136,0.005775711,0.029668719
dgt6,1.551061342,3.852865528,0.005784622,0.029698368
CG14535,-0.885694566,3.781920554,0.005798904,0.029755549
Slc45-1,0.835030263,4.645112783,0.005809694,0.029786699
CG34398,0.544110012,6.954659063,0.005811271,0.029786699
Cyp28d1,0.752509851,4.795416766,0.005822042,0.029825752
CG5780,-0.740377032,4.817823069,0.005828287,0.029834486
CG8545,1.679832352,5.104851319,0.005832195,0.029834486
trpl,1.187433322,0.219807247,0.005833206,0.029834486
CG4991,0.713823339,5.34460552,0.005841715,0.029861861
FucTA,-0.810779331,4.558518515,0.005845356,0.02986434
CG30403,1.700501356,1.250216999,0.005866996,0.029958723
Tpr2,0.690205447,7.148399014,0.005874831,0.029982551
Lcp65Ag2,1.010922309,1.141355393,0.005889818,0.030042833
CG4455,1.229878304,3.824396712,0.005913268,0.030146195
vn,0.937437292,3.509899367,0.005927782,0.030203918
dpr16,0.991381869,1.463768956,0.005963783,0.030361932
by,0.460197552,7.607395279,0.005965212,0.030361932
TSG101,-0.499424467,6.797495361,0.005971134,0.030375735
CG13924,0.902616021,3.542324224,0.005999623,0.030501042
CG9657,1.059626975,0.956600925,0.006002213,0.030501042
dpr1,-0.665384781,5.218464761,0.006025666,0.030595069
CG2918,-0.476766828,7.407567896,0.006027183,0.030595069
CG9919,-0.52707378,6.495025133,0.006053388,0.0306927
JhI-21,0.910330453,4.898254607,0.006054278,0.0306927
Plod,0.787019077,4.947566339,0.006056148,0.0306927
net,0.967337835,2.028437171,0.006061059,0.030701147
CG15144,0.993438412,1.943357899,0.006066679,0.03071317
twi,1.137301437,0.386526068,0.006108119,0.030885152
Nup93-1,1.436724126,4.973878843,0.006109035,0.030885152
Oli,-0.905598725,2.474034904,0.006110442,0.030885152
Dronc,1.540451928,4.044217499,0.006119849,0.030916181
SP2637,0.491473332,6.844864374,0.006129823,0.030950046
Tis11,0.634248136,6.691507958,0.006145134,0.030999434
CG7781,-0.455695543,8.169800698,0.006146157,0.030999434
CG13409,-0.682797691,5.1375861,0.006176419,0.031135469
CG5065,0.455192052,7.533756815,0.006211717,0.031296736
CG6800,-0.892089032,3.650526249,0.006216088,0.031302091
CG34155,0.879503499,3.820082046,0.006234331,0.031377255
Pgi,-0.462229471,8.510513979,0.006250172,0.031440259
hui,1.005942031,2.362766075,0.006253581,0.031440693
sn,1.692855107,4.918622908,0.006278536,0.031549393
CG31145,-0.478508764,7.583493475,0.006307814,0.031679688
tilB,0.90887828,2.604277212,0.006329479,0.031771632
CG14798,-0.908515624,2.782522159,0.006365704,0.031936527
CG2218,0.947320145,5.893822134,0.00639978,0.032090471
CG15412,0.975512998,4.094389111,0.006423366,0.032191679
CG6171,1.023621317,4.301398403,0.006473053,0.032423519
CG11883,-0.570160015,5.856778104,0.00648691,0.032475736
CG14625,0.980633778,1.577254473,0.006545066,0.032749556
CG14507,-0.987253765,1.470273597,0.006559508,0.032804476
CG42342,0.69218419,5.168264452,0.006565419,0.032816692
Spn42Dc,-0.893654607,3.431647598,0.006571318,0.032828833
CG42674,0.586595369,6.254793773,0.006593844,0.032923983
CG10654,0.824208275,4.202442059,0.006616538,0.033019877
Dp1,0.583681812,7.609543232,0.006620532,0.033022389
NimB4,1.073355934,1.596249653,0.006647707,0.033140468
Gfat1,0.521112955,6.723783523,0.006665381,0.033211075
Cda5,0.787708226,5.128617509,0.006720626,0.033468719
CG3081,0.918254747,3.469448623,0.00672956,0.033480558
Cap-D2,1.95438882,3.628457573,0.00673008,0.033480558
gd,1.218819135,0.227917995,0.006748899,0.033556533
cnn,0.473863566,6.996828859,0.006782232,0.033704557
CG33056,0.45735156,7.708897671,0.006822622,0.033887479
AQP,1.099727416,4.363532724,0.006853205,0.034021524
CG15739,1.015611101,1.047169479,0.00687539,0.034103915
DCX-EMAP,0.58497252,5.692920047,0.00687701,0.034103915
alpha-Man-Ia,0.504018912,7.114351446,0.006987313,0.034632767
SkpB,1.657499373,2.592698444,0.006992116,0.034638433
Drgx,0.92748084,3.121719709,0.007001648,0.034667501
CG2256,0.877719671,3.863028559,0.007005837,0.034670101
Cyp4d20,0.48042777,8.037382527,0.007022721,0.034735488
Corin,0.936167348,2.996991266,0.007048049,0.034842548
fz,1.393316665,4.224720151,0.007055494,0.03486114
Rcd7,-1.023048409,1.708438227,0.007061005,0.034870162
CG30345,0.759909816,4.767912416,0.007084645,0.034968653
PPO3,1.124287513,0.483238614,0.007091881,0.034980591
CG30460,0.474464122,7.000557397,0.007094457,0.034980591
Hnf4,-0.46654277,7.855751557,0.007124628,0.035111059
DAT,0.882829909,3.170355873,0.007188975,0.035397189
sals,0.933351602,5.215633914,0.007190171,0.035397189
CG13074,-0.893605943,3.077398801,0.007204231,0.035447961
Inx3,0.529725554,6.429128222,0.007209329,0.035454609
CG2930,-0.548647552,6.51610645,0.007221977,0.035498362
CG7110,0.533288319,6.142051121,0.007270702,0.035719308
Mec2,0.635376555,5.705143559,0.007303797,0.035863275
Act5C,0.615626627,10.37275118,0.007365202,0.036146027
Oatp58Dc,0.883375488,3.166962176,0.007394783,0.036272386
5-HT1A,0.831632147,4.093562,0.00740087,0.036282798
CG33928,1.148688229,0.052927286,0.007407637,0.036282798
CG40498,-0.584957704,6.011273145,0.007408409,0.036282798
CG5861,0.646440327,5.358717967,0.007435972,0.036398946
CG34354,0.856525804,3.912773727,0.007444607,0.036422372
p120ctn,0.613989008,7.121782931,0.007477393,0.036562357
Prm,0.997555476,7.581852851,0.007480947,0.036562357
CG5321,0.891127875,3.255648809,0.007534345,0.036804324
Ctf4,1.02416907,1.225914184,0.007559135,0.036906366
bark,0.531270966,6.174506625,0.007571483,0.036947586
CG5177,1.024011033,6.337595191,0.007581014,0.036975026
CG7264,1.090080064,0.45456008,0.007601396,0.037027756
spz5,0.812631755,4.483709424,0.007601771,0.037027756
Nlg2,0.994813728,0.969330105,0.007603565,0.037027756
Act42A,1.50775904,5.360130017,0.007650086,0.037235141
CG9123,-0.859055084,3.859243663,0.007657184,0.037250529
axo,0.495951662,6.580396321,0.007662536,0.037257407
CG5916,-0.844104132,3.815977633,0.007667753,0.037263626
btl,0.942775891,1.940937884,0.007679609,0.037288945
Hsp67Ba,1.264283438,-0.212147755,0.007680845,0.037288945
dac,-0.784672127,4.589890944,0.007707896,0.037399344
Ptp10D,0.517676403,6.523301759,0.00771149,0.037399344
Cyp6t1,0.96151702,1.468086058,0.00771741,0.037408877
CG7328,0.91506316,2.891642431,0.00772775,0.037439821
CG32264,0.440959703,7.546898209,0.00775042,0.037530438
beat-Ib,0.868406447,3.374300873,0.007764883,0.037581238
CG30440,0.662248269,5.888102189,0.007772447,0.03759135
CG31431,0.940941091,3.683301642,0.007774918,0.03759135
Nop60B,1.666773118,5.611440411,0.007812613,0.037754311
Fpps,1.089575762,4.456265114,0.007820948,0.037775297
CR44587,1.069039244,0.854248279,0.007840828,0.037848728
CG3918,1.156253089,4.968997496,0.007844151,0.037848728
Aps,0.575508657,8.231430723,0.007883103,0.03799853
CG15923,0.608571505,5.595926665,0.007883229,0.03799853
Plc21C,0.473832756,6.90176967,0.007902803,0.038073483
a,0.640410511,5.206824165,0.00791532,0.03811438
Cyp49a1,0.829614033,4.07136185,0.007933653,0.038179604
pon,1.055287361,1.860361588,0.007940853,0.038179604
Cct5,-0.483846838,6.656017918,0.00794097,0.038179604
wus,1.324802714,1.980295579,0.007978918,0.038342572
eIF3-S10,0.608863042,7.908472874,0.007986203,0.038358096
CR43870,0.857440616,3.76789933,0.008011576,0.038460441
Gfat2,0.517811844,6.377222984,0.008040906,0.03858167
Arpc2,1.110385076,6.143965423,0.008119661,0.038921487
CG15553,-1.095471771,4.416048648,0.008119955,0.038921487
CG8331,0.45342589,8.360737566,0.00812816,0.038941088
Eip63E,-0.595710354,6.50509099,0.008184044,0.039188979
CG11241,0.862831574,4.155865793,0.008235912,0.039417399
ball,1.791671292,4.164670548,0.008249541,0.039462668
CG31321,0.907269227,3.983264512,0.008274064,0.039559975
CG6999,0.862205415,2.349755124,0.008327832,0.039794852
CG1888,0.656717064,5.176770655,0.008333511,0.039794852
Map205,-0.755550269,5.142879841,0.008337627,0.039794852
Hr96,-0.575836531,5.646410046,0.008340012,0.039794852
CG30033,0.886939119,3.976341229,0.008377637,0.039954235
P5CDh1,-0.436438014,8.781631801,0.008386869,0.039965668
hdc,0.94133517,5.73142294,0.008388482,0.039965668
CG15890,-0.474994244,7.636765557,0.008402228,0.04001101
CR43464,1.156006561,0.070294436,0.008416281,0.04005777
Ten-m,0.530346653,6.244218197,0.008425692,0.040082401
rumi,1.213482644,3.609821002,0.008431013,0.040087558
clumsy,1.211258133,3.168019326,0.008468391,0.040245063
CG5731,0.890321159,3.156129547,0.008478825,0.040274421
aurA,1.693524799,3.294530114,0.008492619,0.040319701
Rim2,0.475085187,7.435077259,0.008510889,0.040386176
CG10804,-0.702425599,5.062102315,0.008554706,0.040573748
Sb,1.036018131,0.840779031,0.008579304,0.040670029
RhoGEF64C,0.825908787,4.083722931,0.008592461,0.040712003
Poxm,1.015274283,1.930958409,0.008647129,0.040950518
CG32683,-0.785481738,4.42944924,0.00868584,0.041113265
Lapsyn,-0.81374074,4.07264683,0.008708723,0.041200969
CG8768,-0.756181155,4.75245696,0.008743787,0.041346184
TwdlG,0.92541583,3.185191711,0.008764895,0.041425291
CG4461,1.067437034,6.106313905,0.008781147,0.041481384
CR44138,0.904445774,1.715679143,0.008794573,0.041524075
GstD5,2.242055485,1.833877868,0.008807777,0.04156568
CG34371,0.833235372,3.848841501,0.008849728,0.041742834
Cpr50Cb,1.755401512,1.42755828,0.008861511,0.041766731
CG33155,-0.844610067,3.77584513,0.008863622,0.041766731
PGRP-LA,0.597805697,5.707992716,0.008873267,0.041791365
CG14022,1.050199803,3.034088721,0.00887917,0.041798363
CG12512,0.788983873,4.205243845,0.008893863,0.041846711
CG31999,0.465142381,7.253003437,0.00889908,0.041850447
CG31626,-1.10206752,0.384655511,0.008905604,0.04186032
CG8586,0.504367775,7.36020345,0.008920809,0.041898187
wupA,0.965045724,7.768257642,0.008922516,0.041898187
Zasp67,0.925967298,1.502926112,0.00893963,0.04195773
Ret,0.8449356,3.836621286,0.008954098,0.042004797
msn,0.599279228,7.131718131,0.008991289,0.042158364
CG14044,-0.806490511,4.094704418,0.009000375,0.042174531
B-H2,-0.672532411,4.946215423,0.009003652,0.042174531
pdm2,0.869460216,3.274304511,0.009024843,0.042252876
l(2)efl,0.979464263,5.357561267,0.009031609,0.042263643
CG13949,-0.854934403,3.439285906,0.009037811,0.042266768
CG17544,0.431158598,7.972776713,0.009041211,0.042266768
GlcAT-P,-0.528139814,6.084702457,0.009120085,0.042614439
CG31436,-0.612896628,5.386047469,0.009166229,0.042794743
CG33655,-0.994643197,1.549397521,0.009167718,0.042794743
capt,0.649988989,6.925921139,0.009214822,0.042993415
beat-Ic,1.036760552,0.402856238,0.009244775,0.043111908
CG42807,1.470753921,1.872938798,0.009264826,0.043177653
sdk,0.892533428,5.359523502,0.009268,0.043177653
Dnah3,0.81435209,4.182611693,0.009295177,0.043282953
zfh2,-0.470331468,6.860355806,0.009315506,0.043356282
rst,-0.787032302,4.261812803,0.009364667,0.043563659
Mlc1,0.895491773,7.407170523,0.009370203,0.043567988
CG5612,0.900311289,3.982235091,0.009407316,0.043719069
CG1092,0.876205687,2.773163396,0.009415364,0.043734989
CG42750,-0.954293866,1.976199247,0.00950356,0.044123004
CG5958,0.573725969,6.081041124,0.009511745,0.044139346
wech,1.970565345,6.201913867,0.009556584,0.044318554
Mlp60A,0.766729723,7.460706641,0.009566898,0.044318554
CG13313,-1.068800127,0.593397508,0.009567291,0.044318554
unc-104,-0.429869408,9.304010422,0.009569098,0.044318554
CG8417,-0.534153274,6.193637882,0.009661229,0.04472336
CG18208,0.614194283,5.298926367,0.009665997,0.044723553
OdsH,0.916007904,1.976110934,0.009672959,0.044733889
Mst36Fa,-0.880880082,3.443318235,0.009703371,0.044839109
Fit1,0.547884578,6.572062436,0.009706251,0.044839109
CG9246,1.50863944,4.810597677,0.009709928,0.044839109
CIAPIN1,-0.555657637,5.71161644,0.00971693,0.044849556
Fhos,0.517716359,7.125875582,0.0097376,0.044923046
l(3)07882,1.284954458,4.810756655,0.009812589,0.045246939
CG5674,0.748571201,4.848399533,0.009825186,0.045270431
l(2)37Cd,0.986599594,3.843601971,0.009827253,0.045270431
CG31612,1.130759316,1.79012129,0.009850294,0.045354492
CG16892,1.381041286,3.808940031,0.0099009,0.045565328
trbl,0.688585475,4.827403399,0.009975517,0.04588641
TpnC41C,1.058947069,6.647410845,0.009993692,0.045947676
CG7720,-0.540859729,6.6011434,0.010023537,0.046062507
CG8713,1.02757345,1.417678169,0.010043194,0.046130439
CadN,-0.563282437,5.787528865,0.01005498,0.046162165
lov,1.024142563,0.987106279,0.010090297,0.046301838
CG42458,0.811592581,3.907911383,0.010105081,0.046347204
l(2)k05819,-0.517685351,6.16984991,0.010111581,0.046354546
Nopp140,1.460283207,6.103965098,0.01016372,0.046554995
CG14688,0.689660373,5.115994299,0.010165147,0.046554995
CG4788,1.403658925,3.880909954,0.010202232,0.046702236
CG44774,0.637018031,6.010458349,0.010208519,0.046708417
CG1667,0.811478425,5.008014318,0.010226956,0.046770157
CG14232,-0.60471284,5.293427698,0.010232335,0.046772154
CG9940,0.551930514,5.863461264,0.010259452,0.046855597
CG15373,1.098023854,0.220569881,0.010260494,0.046855597
dpr18,-1.001536548,0.832447615,0.01028156,0.046929144
nrv1,0.428969069,7.922870119,0.010311124,0.047041396
CG3829,0.852627158,3.066861615,0.010352118,0.047186804
Drak,0.512903988,6.194569411,0.01035297,0.047186804
Dic61B,1.126694276,0.11836502,0.010358873,0.047190978
GILT3,1.188676805,4.037243347,0.010372318,0.047229486
Zmynd10,0.834555297,3.701370097,0.010381065,0.047246578
AP-2mu,-0.454836783,6.897966193,0.010444565,0.047512726
Vps25,-0.605787632,5.333637247,0.010451703,0.047522354
CG33521,0.817773968,6.622292757,0.010460509,0.047539546
santa-maria,0.549921943,6.190959349,0.01050009,0.047691143
Nlp,1.081329961,6.551591427,0.010503947,0.047691143
CG13796,0.803591454,4.037471017,0.010574472,0.047988324
Lam,0.892613806,6.230417005,0.010584637,0.048011427
CG15766,1.197747262,0.32594656,0.010589821,0.048011924
cv-d,0.702353123,4.807699835,0.010610709,0.048083588
CG40160,0.4860882,6.509164247,0.010665008,0.048306513
Dh44,0.878403599,2.804562206,0.010717812,0.048522457
ko,0.507111537,6.150267614,0.010747355,0.048632937
hfw,0.603322461,5.343305921,0.01075689,0.048652815
CG7675,-0.519166217,6.484451668,0.010836681,0.048990291
CG5282,-0.617826781,5.23016472,0.010848517,0.049006331
CG8568,1.033162137,0.961217047,0.010850588,0.049006331
Mvb12,0.822349758,4.897051562,0.010922889,0.049293443
CG9928,0.503721937,6.319673285,0.010924577,0.049293443
AspRS,0.774229979,4.192596309,0.010955876,0.049411105
CG43373,0.720776167,4.643807515,0.01096188,0.049414631
CG16743,0.711998818,4.658736253,0.010967301,0.049415526
chic,0.472540238,8.525750028,0.010980387,0.049450938
mbf1,-0.47489025,6.584650327,0.011016773,0.049591204
grass,0.486484125,6.694305588,0.011043261,0.049686797
Sep1,1.07007923,5.690128435,0.011105253,0.049941971
CG5626,1.226241905,2.860947628,0.011139059,0.050046433
GalNAc-T1,0.651237277,5.072610422,0.011139326,0.050046433
mnb,0.878471575,5.901772267,0.011144349,0.050046433
cort,0.985008234,1.179442183,0.011200061,0.050272761
CG42649,0.804628652,4.090011188,0.011246155,0.050455724
Lpin,-0.460880334,7.842461495,0.011260586,0.050496523
Nse1,1.34304187,1.608502614,0.01128131,0.050565495
CG14313,-0.73572945,4.597326394,0.011304692,0.050646304
Mks1,-0.845470378,2.688838644,0.011314383,0.05066573
CG15279,0.693795003,4.781107895,0.011325465,0.050669618
Pal1,0.797475522,5.743045188,0.011331498,0.050669618
CG8500,-0.585234261,5.532885168,0.011334029,0.050669618
CG18268,-0.643643707,5.292091927,0.011336671,0.050669618
CG43093,0.461519773,8.423545077,0.011347922,0.050695959
Pkc98E,-0.444343993,7.560102758,0.01136482,0.050747487
CG13617,-0.820296015,3.645416332,0.011391786,0.050843904
gprs,-0.63473431,5.382095256,0.011455672,0.051104937
dbr,0.541262806,6.039647209,0.011476975,0.051175843
Actn,0.687834368,7.597082544,0.011503185,0.051268552
CG17574,0.592309672,5.628430227,0.011516705,0.051304642
Top1,1.070337217,7.203812389,0.011528676,0.051326933
CG12116,-1.505207721,2.2337555,0.011532558,0.051326933
Cpsf160,0.966463178,5.003211793,0.011553108,0.051389675
CDase,0.698700217,5.022662214,0.011557517,0.051389675
ago,1.161435316,6.457458583,0.011567064,0.051407964
CG6665,-0.620023562,5.46546342,0.011575104,0.051419545
CR44600,-0.888477573,2.002501456,0.0116235,0.051610306
Rpn7,-0.487321819,6.491880323,0.011635945,0.051640572
Ugt35b,-0.46906384,10.82313029,0.011641232,0.051640572
CG42265,0.827388757,2.786053,0.011764268,0.052161906
CG5174,-0.423420059,7.934669009,0.01177839,0.05220006
AOX3,-0.453927702,9.74506531,0.011820883,0.052363855
CG3303,0.700859668,4.882874511,0.011868259,0.052531829
CG3085,0.870023497,2.009586944,0.011869906,0.052531829
CG40178,-0.465147129,7.744219778,0.011888817,0.052590923
ZnT77C,0.677098774,4.864451593,0.011972387,0.052924534
TBC1D16,-0.588716252,5.375982363,0.011975704,0.052924534
Tusp,-0.518878816,5.981734209,0.011981014,0.052924534
HEATR2,0.863928096,3.622712396,0.012010299,0.053029139
gus,0.770239234,7.092310779,0.012037247,0.053123335
CG8195,-0.575096283,5.57687425,0.012046172,0.053137939
CG13203,0.650604189,4.984671812,0.012052103,0.05313933
glec,-0.45433502,6.794755421,0.012103028,0.053339007
CG10257,-0.526250627,5.9102944,0.012146415,0.053501837
CG6106,1.198292635,0.677659266,0.012154555,0.053501837
rho-5,-0.536144806,5.77062822,0.012156938,0.053501837
otk,0.963174413,0.673169611,0.012167044,0.053521417
salr,0.765330255,4.155008231,0.012191049,0.053602094
CG42404,-0.745319585,4.386423911,0.012203118,0.053630236
Irk3,0.888927657,3.390542127,0.012264121,0.053873313
obst-A,0.864657894,2.335474793,0.012282299,0.053928129
htl,0.678005802,4.761791847,0.012345166,0.054175472
rtet,1.011425113,3.572952183,0.012350084,0.054175472
CG2104,-1.111064233,0.330083078,0.012396966,0.054355927
CG13532,-0.746338568,4.233977633,0.012429947,0.054475295
mav,0.592676424,6.31185036,0.01250527,0.054780029
hpo,0.921126076,5.381486781,0.012517251,0.054791744
scw,0.972598034,0.615720094,0.012519526,0.054791744
if,0.443793877,7.160403517,0.012528633,0.054806255
Top2,1.094051049,6.96326102,0.012555956,0.054878789
Su(var)3-9,1.354039694,1.94585173,0.012556814,0.054878789
CG33098,1.072343122,3.216063279,0.01258764,0.054988112
Nhe2,0.477553101,7.054743043,0.012615674,0.055085146
CG32170,0.647515521,5.015367117,0.012637269,0.055153987
qtc,-0.411108649,7.702884475,0.012657746,0.055217884
boi,0.918499436,2.76071806,0.012695164,0.055355596
msi,0.533484927,5.907888403,0.012714615,0.055414872
CG5455,-0.449470101,7.473828951,0.012727316,0.055444688
CG6006,0.764123023,4.366913566,0.012768588,0.055598887
CG17129,1.651133859,3.55855563,0.012797371,0.055698587
CG8852,1.16284875,1.846444149,0.012831155,0.055819947
CG12071,-0.596296759,5.331925928,0.012849587,0.055874445
Gr28b,0.801364787,3.779364127,0.012861071,0.055889604
B-H1,-0.580072466,5.449147602,0.012868813,0.055889604
CG14434,0.88638129,3.232054494,0.012870793,0.055889604
CG12594,0.825423509,3.55970841,0.012937037,0.056151486
Rh7,0.856964373,1.932425694,0.012944153,0.056156612
ple,0.46134153,7.623969739,0.012987678,0.056300976
Pkcdelta,0.911662792,4.953237678,0.012989329,0.056300976
CG15237,-0.650888115,5.104710301,0.013003706,0.056337485
Ipk1,0.771044554,3.996396791,0.013042218,0.056478473
Lac,0.411041755,7.733612389,0.013075135,0.056595116
CG18004,0.929846188,4.277071119,0.013091527,0.056640159
Asph,0.543383053,6.454519525,0.013138137,0.056793117
CG17450,0.977257439,0.6101635,0.013138885,0.056793117
c(3)G,1.382382845,4.726855433,0.013160656,0.056861246
p24-1,-0.483338434,6.396206545,0.013206719,0.05703422
CG15082,0.948514042,0.688853735,0.013234389,0.057127639
CG9008,0.648609759,4.92999322,0.013300842,0.057388311
CG32085,-0.587784116,5.284790706,0.013314774,0.057422238
Cpr60D,1.104783938,0.300932306,0.013325462,0.057442152
CG7730,0.972690264,4.288872344,0.013331966,0.057444019
Acon,0.44080336,9.941425987,0.013339256,0.057449266
ocm,0.608863898,5.310492577,0.013352454,0.057479946
grh,0.489129408,6.729036404,0.013396886,0.057644992
CG43202,-1.175740606,0.275922725,0.013420375,0.057719813
SmydA-1,1.115079135,1.843055117,0.013467129,0.057886305
para,-0.479293808,7.766113941,0.013471321,0.057886305
kirre,-0.593385809,5.359038886,0.013503247,0.057973708
GLaz,0.569438683,5.586943904,0.013503916,0.057973708
CR45949,1.003243428,0.405219809,0.013550685,0.058148109
CG11668,1.060743919,0.407783882,0.013561369,0.058167575
LRP1,0.630494979,5.108091329,0.013573779,0.058170455
CG11155,-0.42744138,7.526727343,0.013574336,0.058170455
CR44111,0.836289072,3.570974678,0.013615275,0.058319481
kay,0.428102837,7.862055185,0.013644128,0.058416625
kel,0.868535576,4.852634306,0.0136675,0.058490226
Pdi,0.450058688,8.741720837,0.013699115,0.058599018
Mlc2,0.966430254,9.098826983,0.013736998,0.058734514
CG42672,0.439994983,7.127449298,0.013774431,0.05886796
GstD9,-0.578748215,5.5853744,0.013784377,0.058883872
DIP-beta,0.954642973,0.978793524,0.013804377,0.058942698
Nop56,1.306218506,5.14767678,0.013830773,0.059028767
CG13024,0.817100372,2.226392278,0.013849522,0.059082134
CG13293,-0.692163277,4.68227864,0.013874301,0.059161169
Glut4EF,-0.431000385,7.53000535,0.013983045,0.059598004
CG17687,0.809130883,3.196440754,0.014030276,0.059772389
nes,-0.481106689,6.292762366,0.014041978,0.059795316
CR43051,-0.591857427,5.276269774,0.014061962,0.059853478
CG14868,-0.574160123,5.434066265,0.014102411,0.059998658
Npl4,0.519452744,7.13737759,0.014124676,0.06005853
Kif19A,-0.627031749,5.150962137,0.014129179,0.06005853
CG7991,0.831567312,1.93045646,0.014179235,0.060244238
CG14196,0.48622875,6.165981292,0.014213212,0.060361496
for,0.545482112,7.868094854,0.014239812,0.060447333
CG9068,0.836620361,1.653120945,0.014273933,0.060565002
CG6723,1.251156259,0.683021318,0.014392785,0.061041923
Ac78C,-0.81162677,2.37131228,0.014426377,0.061134376
Cyp6d4,0.807896729,3.351873519,0.014427506,0.061134376
pit,1.133082994,4.83574903,0.014503987,0.061430942
Eogt,0.724146758,4.361537313,0.014544285,0.06157406
CycE,1.655202201,3.139412111,0.014601134,0.06178709
CG30195,0.965272184,0.840591055,0.014627341,0.061870319
pnut,0.975741998,6.565546145,0.014650385,0.061934689
CG18765,-1.008793422,0.591969336,0.014655651,0.061934689
CG10657,-0.858925414,1.845825378,0.014668223,0.061960147
CG15528,1.167912895,3.114611077,0.01467586,0.061962742
tef,1.714472391,3.818525179,0.014681935,0.061962742
comm2,0.814349732,3.203659233,0.01470955,0.062045046
Cpr100A,1.0827047,0.759539353,0.014714551,0.062045046
Cip4,0.453443021,6.894306198,0.014721406,0.062046301
eIF3-S8,0.512239938,8.281875541,0.01476498,0.062202242
Uba1,-0.402168104,7.938934303,0.014848029,0.062524276
CG15556,0.657926213,4.950546549,0.014862331,0.062531746
put,0.69839397,6.11691886,0.01486302,0.062531746
dpa,1.091450335,3.326256949,0.014906085,0.062672348
CG9837,-0.889041992,2.723557633,0.014909687,0.062672348
CG2493,0.538686398,6.295391674,0.014931074,0.062734378
CG14186,-0.531049026,5.677447165,0.014943649,0.062759346
Lip4,0.684277613,4.802126966,0.014953338,0.062772174
Su(var)3-3,1.292427836,4.230178274,0.014965557,0.062779875
CG10880,1.558360777,3.423831059,0.014969071,0.062779875
Dcp-1,1.708533517,3.547838567,0.014975077,0.062779875
CG2010,0.997691096,4.303859304,0.014989775,0.062813664
DIP-iota,1.016258393,0.282215215,0.015027445,0.062943641
GluClalpha,1.026249177,4.546309144,0.015054075,0.063027282
CG11180,1.078144251,4.265897283,0.015110464,0.063230034
CG12567,0.736620951,6.703856435,0.015115867,0.063230034
CG7872,0.814685365,5.313619529,0.015141685,0.063310042
zyd,0.614661256,5.126966342,0.015190438,0.063466505
CG8924,1.465562294,4.487780791,0.015196629,0.063466505
qvr,0.436282346,7.650917217,0.015204298,0.063466505
spi,0.423122985,7.339940457,0.015205936,0.063466505
dmGlut,0.575886781,5.459360853,0.015279635,0.06374599
Zasp52,0.877052848,7.780238703,0.015294985,0.063781907
D,0.808760853,3.248904038,0.015387017,0.064137424
crc,0.410038878,8.403380381,0.0154145,0.064223688
nau,1.320173133,0.700157793,0.015449802,0.064342441
tral,0.905242751,8.200223914,0.015471138,0.064402951
RpS3A,0.54162774,10.56520006,0.01552731,0.064605446
CG32095,1.064431692,3.965715472,0.015533438,0.064605446
SH3PX1,-0.452041824,6.559034955,0.015548496,0.06463966
CG17564,0.960954609,0.709758216,0.015580207,0.064743048
ect,1.010910805,0.565691881,0.015768183,0.065480923
me31B,1.127214374,7.518624733,0.015771615,0.065480923
Hsp83,-0.418099678,9.815797257,0.015805363,0.065592258
ss,-0.395176952,8.273075677,0.016069346,0.066632568
scb,0.716189882,4.255824404,0.016070125,0.066632568
CG31104,-0.970963319,0.747699132,0.01610343,0.066741419
jdp,0.419357224,7.751457338,0.016175954,0.067012643
5-HT7,0.804425233,2.323830495,0.016183993,0.067016604
CG11275,0.540320384,5.674328212,0.016248578,0.067237933
MFS17,-0.423967055,7.034503674,0.016251654,0.067237933
CR44415,1.02366755,0.409299008,0.016302566,0.067419092
jigr1,0.980397986,6.941942717,0.016315999,0.067445165
CG12038,-0.673186526,4.725491747,0.016329418,0.067471158
CG17258,0.857439801,1.57408348,0.016382568,0.067661222
CG6683,1.274490084,2.640928269,0.016531237,0.068245448
Octbeta1R,-0.556006279,5.659630042,0.016549998,0.068293103
lms,-0.9031131,1.298790771,0.016560054,0.068304809
CG5245,0.99121564,1.458799064,0.016580042,0.068357455
CG12768,0.790826742,2.587718985,0.016600118,0.068410415
koko,1.590109966,3.902235468,0.016609243,0.068418224
NimC1,0.822801047,3.208551174,0.01663183,0.068481452
CG13096,1.554639197,4.843060786,0.016643727,0.068500629
pix,0.399777696,7.906890861,0.016798783,0.069108733
Obp58b,0.672836775,4.655950895,0.016834651,0.069223749
Mppe,0.842181432,4.39456256,0.016841373,0.069223749
Asator,-0.427270268,7.401412446,0.016915346,0.069497614
Rpn9,-0.431173362,6.75093238,0.016923009,0.069498921
CG31064,-0.480236309,6.082159196,0.016935581,0.069520374
nst,1.134857881,4.750813445,0.016948211,0.069542053
png,0.947183578,0.954598135,0.016968073,0.06959337
Surf6,1.42502331,4.195146293,0.01698234,0.06962171
CG5742,-0.632197285,4.838479395,0.017028719,0.069775702
Mhc,0.956776033,9.70048037,0.017034651,0.069775702
Yippee,-0.505361916,5.798779578,0.017185723,0.070364045
Rpt3,-0.417204171,7.257986784,0.017212067,0.070441427
MRE16,0.415640677,8.331429517,0.017277591,0.070672312
CR42860,0.987436218,2.558678827,0.017283421,0.070672312
hang,1.042529967,6.235896628,0.01732291,0.070803185
Gel,0.427562934,7.358504256,0.01736413,0.070941018
CG33199,0.801981369,3.08842875,0.017429354,0.071176759
CG9360,0.407475279,8.135091725,0.017454148,0.071202054
CG4332,0.99543692,4.635510984,0.017455469,0.071202054
CG4239,0.602742267,6.020656227,0.017458123,0.071202054
CG34461,0.915655954,1.221169572,0.017486477,0.071286966
CG8870,0.835644279,1.809314798,0.017552371,0.071524779
Cyp28d2,0.805599602,2.386676706,0.017620172,0.071770155
CG3038,0.939727696,3.326678341,0.017648592,0.071843621
CG44245,0.539587689,6.601989905,0.017653395,0.071843621
fd96Cb,0.612605517,5.013487374,0.01769678,0.071986164
ash2,0.538509339,5.725683649,0.017703636,0.071986164
CG4377,1.103599725,1.502129936,0.017745551,0.072089632
DIP-theta,0.758190113,3.683752981,0.017748052,0.072089632
mamo,0.42496758,7.318335445,0.017756392,0.072089632
CG4911,0.524689063,7.306997346,0.017759557,0.072089632
spartin,-0.755356624,3.86631768,0.017775373,0.072122891
CG8596,-0.542594174,5.522851504,0.017784411,0.072128632
GstE13,0.896549742,4.111280831,0.017818148,0.072234497
r-l,1.057034032,4.579971463,0.017910871,0.072560568
Tsp74F,0.397089096,8.755962688,0.017913917,0.072560568
CR45119,0.927831068,0.809208116,0.018005074,0.072896573
CG7646,-0.463010435,6.491661629,0.018012279,0.072896573
C901,1.011303491,-0.090557034,0.018027529,0.072927096
MFS9,0.416807591,9.993522371,0.018083751,0.073108444
SERCA,0.751402813,10.56015036,0.018087811,0.073108444
CG9192,1.226433122,0.225159949,0.018111147,0.073140646
Nedd4,-0.423838969,7.234312672,0.018111238,0.073140646
sens-2,0.64320249,4.751633069,0.018127972,0.073175119
CG34113,-0.741838416,4.186689461,0.018135242,0.073175119
CG9098,0.778680836,3.280717974,0.01823065,0.073528733
Tudor-SN,0.899341333,6.714138212,0.018245005,0.073555277
cana,0.480368679,6.085277647,0.018350026,0.073947168
AP-2alpha,-0.402669308,7.022795301,0.018427847,0.074206225
CG3257,-0.422398572,7.282791696,0.018429997,0.074206225
spoon,0.951277044,6.513503378,0.01848462,0.074394503
CR45133,0.968179161,0.543336505,0.018493348,0.074397986
Nlg1,0.961988351,3.460834677,0.018521405,0.074479191
Obp58d,0.910795978,1.019716274,0.018596243,0.074748363
CG31467,-0.810796974,2.109857884,0.018606031,0.074755953
snoRNA:Me28S-U1688,0.970631667,0.465218677,0.01862196,0.074757911
Usp16-45,1.177130392,5.482235138,0.018624348,0.074757911
cv-c,0.428778438,7.175685712,0.018634082,0.074757911
Pde9,-0.729048174,4.175070023,0.018642713,0.074757911
Cys,0.636952304,4.912907618,0.018646023,0.074757911
RpII140,0.715834019,6.662249578,0.018703272,0.07495568
Fmo-1,0.845681642,1.294801719,0.018712952,0.074962721
Cpr,-0.386253659,9.785975834,0.018788391,0.075233077
CG6472,0.777133307,3.155037714,0.01882713,0.075356304
drd,0.769814665,3.750553204,0.018876624,0.075522459
fra,0.784519673,4.085102625,0.018912969,0.075608142
CG2924,1.050703383,6.776201651,0.018914022,0.075608142
CG31205,1.030270967,3.797514952,0.018943113,0.075669622
CG11594,0.745231402,3.955702534,0.018945396,0.075669622
CR46263,0.833020661,2.45473735,0.018961114,0.075700448
Tom7,-0.405802085,7.206352487,0.019043269,0.075996378
Drep1,0.976870859,5.423253315,0.019102553,0.076200826
CG4364,0.539051611,7.167231243,0.019118224,0.0762312
gb,0.784441287,4.002932076,0.019127611,0.076236503
CG14312,-0.874021618,1.267100546,0.019217517,0.076562589
CG2691,1.007427447,5.433124782,0.019271951,0.07674714
disco-r,0.409780481,6.888221773,0.019335637,0.076968364
CG8519,1.169997605,2.700632207,0.019431802,0.077318634
Chrac-16,1.119594306,3.445284079,0.019444442,0.077336404
Ubc2,0.911036002,5.860157845,0.019458485,0.077344058
CG7059,0.767769097,3.767609295,0.019462714,0.077344058
GCS2alpha,-0.414262857,8.926705611,0.019480955,0.077384047
CG7024,0.972198842,0.160134217,0.01949612,0.077411788
CG9782,1.022405557,0.898078682,0.019544191,0.077570109
pigs,0.467877064,6.196422717,0.019580719,0.077670251
CG17322,2.001549628,2.010373438,0.01958584,0.077670251
CG9864,0.427725594,7.384891369,0.019613754,0.077716471
CG8312,-0.39352268,8.916768847,0.019613922,0.077716471
CG32373,0.766257299,3.426581656,0.019626369,0.077733239
up,0.946785897,8.472919004,0.019645425,0.077776153
CG13283,1.200062898,0.669239459,0.019678609,0.077874947
CG8177,-0.407793628,8.023375449,0.019699349,0.07792443
Scsalpha,0.408002813,7.975531891,0.019841285,0.078453089
CG7208,-0.950506805,3.472342605,0.01987243,0.078543415
Gk2,0.560866794,5.626400309,0.019883205,0.078553189
CG6398,0.521696683,6.39728644,0.019920672,0.078668362
klu,0.791484963,2.985251758,0.019999747,0.078947688
Tlk,0.902569775,6.636381932,0.020060224,0.079153393
CG11835,1.054422267,3.592669516,0.020076513,0.079178637
CG34172,0.856053588,5.014034194,0.020083358,0.079178637
parvin,0.462918162,6.531597019,0.020132461,0.079339169
Rtca,-0.593596637,4.947280274,0.02029964,0.079964694
HERC2,-0.451698608,6.349931665,0.020478368,0.080635172
pita,0.789386373,5.694915703,0.02051189,0.080733569
CG16926,-2.067249477,2.997881674,0.020594484,0.081024952
TRAM,0.624193466,5.100434052,0.020617012,0.08107987
pain,0.44252108,6.476012466,0.020649351,0.081173312
kuz,0.94064322,5.138088697,0.020679562,0.081258313
CG31704,0.837549856,1.774981107,0.02072612,0.08140745
UbcE2H,0.5449069,8.086792033,0.020925701,0.082157255
CG5964,-0.695401584,4.181525903,0.020985527,0.082323409
DnaJ-H,-0.385455001,7.597106544,0.020992419,0.082323409
rgr,-0.555403553,5.348560622,0.020994122,0.082323409
ppk15,1.060529345,0.458145852,0.021099581,0.082702666
Snx6,-0.445314944,7.164783562,0.021119114,0.082744952
CG13116,0.513264595,5.811887123,0.021235286,0.083143053
mbc,0.423585933,6.661062987,0.021238296,0.083143053
Usp10,0.92272905,6.069122585,0.021262906,0.083193432
CR17025,0.886273882,1.047704867,0.02126875,0.083193432
CG8481,0.451457055,6.598203894,0.021340767,0.08342624
AANATL2,0.71665044,4.158805566,0.021345902,0.08342624
Nox,0.913740401,0.756501825,0.021380064,0.083519935
Ip259,0.406966777,7.968762354,0.021394194,0.083519935
CG40470,0.998439924,1.068733737,0.021403542,0.083519935
CG18675,0.869631701,1.163042814,0.021405183,0.083519935
conv,0.805833257,1.883602724,0.021436156,0.083593333
Octbeta2R,0.764540182,3.960233639,0.021441663,0.083593333
Art1,1.017095109,5.066794177,0.021474655,0.083656097
CG8858,0.599403616,4.993910393,0.021475445,0.083656097
CG15544,1.168758771,0.891476886,0.021504048,0.083733044
Gen,0.991018677,2.719099315,0.021528625,0.083794261
beat-IIb,0.756697136,3.171945243,0.021572764,0.083931536
ca,-0.427788293,6.688516699,0.021590698,0.083966785
Pbp95,1.196101352,2.881883268,0.021604159,0.083984617
mth,0.595914603,4.928267468,0.021626358,0.083990386
CG12605,-0.504839419,5.811565918,0.021627311,0.083990386
CG5642,0.418799585,7.984862269,0.021632273,0.083990386
CG32750,-0.811136635,2.225439464,0.021737098,0.084362763
CG15772,-0.760882034,3.481569766,0.021773415,0.084469068
CG9095,0.748298966,2.881683589,0.02180596,0.084534543
scf,0.622449959,4.744153997,0.021808161,0.084534543
GstT4,0.502000439,7.183235307,0.021822001,0.084553553
Jabba,-0.461037316,6.090949614,0.021841967,0.084596271
CG12163,0.410047496,8.177859308,0.021858851,0.084627024
elm,-0.389749657,7.680763823,0.021990331,0.085101232
Su(dx),-0.392692661,7.385269562,0.022016942,0.0851516
Spn43Ad,0.774261313,2.492798768,0.022021345,0.0851516
4EHP,-0.40909041,7.229163875,0.022052769,0.085238276
Dscam1,-0.49398609,5.879826162,0.022121813,0.085441149
CG34261,1.523037267,1.722508375,0.022123316,0.085441149
Axs,0.787310948,2.614847956,0.022199698,0.085701161
CG12105,0.903864897,1.260339474,0.022344079,0.08622336
FucTC,-0.863199665,1.525182135,0.022408209,0.086435578
Mipp1,-0.405121262,7.561700378,0.022423553,0.08645952
insv,1.309049653,4.524410868,0.022436242,0.086473207
CG10713,-0.753148719,2.957297196,0.022518004,0.08671522
puc,-0.444092471,6.2479481,0.022523941,0.08671522
CG31710,-0.591467226,4.959600794,0.022526528,0.08671522
CG11897,0.828376753,5.705057368,0.022591309,0.086929225
CG12301,1.293677062,3.697798641,0.02260934,0.086963243
Fib,1.25681732,4.626204268,0.02262139,0.086974235
Lk6,0.381168159,10.21929099,0.02264838,0.087042635
CG16959,0.977576933,0.609996518,0.022856528,0.08780693
CG3097,0.544865575,5.325960123,0.022868242,0.087816278
PGRP-SB1,0.921607543,1.068690631,0.022905185,0.087922457
FASN1,-0.401692069,8.733979916,0.022978131,0.088166697
CG34297,0.76991378,2.309565743,0.02305176,0.088413356
CG9780,-0.844213287,2.017155027,0.023087306,0.088498294
CG9705,0.589812591,6.720551033,0.023092611,0.088498294
Gapdh1,-0.395460408,9.361174003,0.023174185,0.088774953
RpL19,0.441957132,9.675866078,0.02328952,0.089180671
Ir21a,0.740127544,3.258635058,0.02336373,0.089428645
mwh,0.814959453,2.382304732,0.02338352,0.089435693
CG9447,0.435130493,7.043641522,0.023384475,0.089435693
Ets98B,0.535959751,5.503987336,0.023496334,0.089827196
CG43707,0.848621814,1.388014799,0.023523824,0.08989597
grn,0.94089989,2.213416697,0.023571671,0.090042451
ebi,0.787417312,6.368668511,0.023664643,0.090361119
IKKbeta,0.68317018,4.296543584,0.023711092,0.090482667
Manf,-0.457543334,6.144511949,0.023715601,0.090482667
beat-VI,0.746416121,2.700372604,0.02383374,0.090896753
Act79B,0.941797342,8.746494791,0.023848199,0.090915252
Rpt6,-0.394549078,7.210203647,0.023877981,0.09099213
CG11529,0.802712889,4.322573941,0.023905282,0.091059493
CG44836,0.641123315,4.691734982,0.023975306,0.091289477
Mabi,-0.869043085,1.200986545,0.023992068,0.091316553
CG42367,-0.860121345,1.319650427,0.024056277,0.091524122
CG33062,0.774643297,1.722508401,0.024079622,0.09157612
Gale,-0.539476703,5.251579907,0.024100605,0.091619094
CG13618,0.856330666,0.863107304,0.024144873,0.091750517
Sema2a,0.995146286,5.467736858,0.024194215,0.09188638
Pgam5,0.984636075,3.877040383,0.024200048,0.09188638
CG13196,0.90333495,0.90879121,0.024215072,0.091906543
Cyp12a5,0.564821256,5.386020537,0.024234713,0.091944207
CG15143,0.686082624,4.300464804,0.024254453,0.091982218
Spn47C,-0.557571459,5.606534808,0.024369871,0.092382899
foxo,0.421696105,6.632240903,0.024380078,0.092384582
CG6971,0.74721548,2.799826715,0.02441981,0.092498097
CG9062,0.839878521,4.999885354,0.024480194,0.092689713
Ggamma30A,-0.403051066,6.842777781,0.024559801,0.092933214
Hsp60B,0.957615388,0.099831939,0.024564148,0.092933214
Ranbp9,1.072506511,4.85061308,0.024582786,0.092966555
CG16947,0.61694782,4.778278781,0.02459467,0.092974338
Cpr62Bb,0.72845287,4.544594785,0.024609109,0.09299177
CG2993,-0.562721805,5.404980928,0.024624818,0.093013982
CG16820,0.781085737,2.130101985,0.024642578,0.093034351
CG3040,-0.56443666,5.238875469,0.024649875,0.093034351
CG17107,0.797790557,5.375438955,0.024696029,0.093171382
eIF3-S9,0.445989896,8.009779465,0.024772578,0.093422931
CR43144,0.857025607,1.632213741,0.024825519,0.093549347
in,0.76381263,2.983239055,0.024825873,0.093549347
Best2,0.396326833,7.00309982,0.024842754,0.093575694
T-cp1,-0.432372599,6.568693192,0.024866593,0.093628215
CG9626,0.931294312,2.342427955,0.024881582,0.093647388
Uev1A,0.508244154,7.601147416,0.024915467,0.0937133
CG31495,0.931185063,2.841633519,0.024918903,0.0937133
RpS7,0.423945428,9.826522036,0.024952408,0.093800221
CG7203,0.926337429,4.817503276,0.024961843,0.093800221
CngB,-0.440575307,6.253782973,0.025045129,0.094075828
HmgD,0.868640873,6.995347125,0.025059061,0.094090807
Caf1-55,1.137097075,5.634223714,0.025071874,0.094101576
cher,0.704964959,6.277182472,0.025089862,0.09413175
PP2A-B',-0.378680986,7.540629631,0.025119008,0.094203746
CG13026,1.132788461,2.164913445,0.025220009,0.094533642
CG42331,0.921954042,0.3029226,0.025233927,0.094533642
Acox57D-p,-0.456470101,6.020954389,0.025242358,0.094533642
CG2556,-0.57271886,4.986168016,0.025246937,0.094533642
tobi,0.76889175,2.398469749,0.02526293,0.094556108
Sam-S,0.643041747,7.468942347,0.025344992,0.094825745
dpr8,-0.637506609,4.550416686,0.025378215,0.094912518
Sap47,-0.37764986,8.710123202,0.025431568,0.095074476
CG5554,0.470024091,6.497782688,0.025558525,0.095480367
Schip1,-0.53707531,5.237126991,0.025560322,0.095480367
Pfdn6,-0.449102603,6.174009629,0.025577598,0.095507196
Uhg3,0.737178167,2.637229621,0.02561308,0.095601957
CG15125,1.030788414,0.045026315,0.025636216,0.095650582
Hel25E,0.710181313,7.482127683,0.025723817,0.095939598
CG9416,0.839472683,4.443150657,0.025744546,0.095979077
l(2)35Bd,1.15879166,4.016614413,0.025770555,0.0960382
CG1542,1.104007987,4.362777564,0.025862573,0.096311924
sbb,0.549037976,6.792026275,0.025864363,0.096311924
CG14518,0.783385626,3.63361908,0.025950611,0.096595077
l(1)G0289,0.460774051,7.705992698,0.026000086,0.096741178
CG9636,-0.398038571,6.792957077,0.026032068,0.096822102
rb,0.506542079,6.043787379,0.026055961,0.096856756
OstStt3,-0.406592437,7.382937189,0.026061858,0.096856756
esn,0.553050604,5.162609001,0.026168044,0.097213204
Ostgamma,-0.43864971,6.490762595,0.026179706,0.097218359
bic,0.396960684,8.666923571,0.026200394,0.097257012
CG17075,-0.530006626,5.488365728,0.026218261,0.097285171
Pfdn4,-0.512929619,5.58969483,0.026287866,0.09750521
MtnE,-0.760897749,2.701751329,0.02632793,0.097615545
CG31381,0.990565208,2.3169171,0.026375026,0.09775186
CG8814,-0.38580056,7.321734259,0.026435581,0.097937929
CG10365,0.519303475,5.362103707,0.02646476,0.098002213
CG6685,0.955975854,3.17100291,0.026478773,0.098002213
Vps28,-0.462262376,5.947292389,0.026484005,0.098002213
Ndfip,-0.406818719,7.048951546,0.026500318,0.098024241
Doa,0.445888208,7.189826939,0.026525899,0.098074047
nrv3,-0.381855697,9.960499531,0.026534513,0.098074047
CG9171,0.518928175,5.58132494,0.026558807,0.098116546
Osi5,-0.797679019,2.335238816,0.02656675,0.098116546
CG31636,0.849449939,0.983144639,0.026635715,0.098296742
CG9109,-0.774775081,2.049036751,0.026636319,0.098296742
obst-E,-0.459257917,6.44718814,0.026675783,0.098403998
CG32280,0.390765046,6.947907792,0.026700512,0.098456838
CG34404,-0.515072549,5.484430703,0.026783135,0.098705735
kat-60L1,-0.73267776,3.340168489,0.026788874,0.098705735
CG14965,1.473571379,3.242065176,0.026833191,0.098828817
emp,0.395177972,10.19212024,0.026843168,0.098828817
Sec15,-0.478211295,5.841876794,0.026865328,0.098871932
CG5937,-0.504833223,5.569163071,0.026947846,0.099137059
PSR,0.78110569,5.210249387,0.027048523,0.099468761
sNPF-R,0.522606857,5.546309872,0.02707672,0.09953377
Rbf2,1.173729767,2.168201619,0.027177602,0.099865814
sli,-0.425929529,6.439218457,0.027240004,0.100056258
ChAT,-0.398182329,6.696457322,0.02730149,0.100243189
muskelin,1.044728258,4.899522745,0.02736921,0.100452857
RtGEF,0.522891393,5.845551939,0.027466536,0.100736343
CG34396,0.980706674,2.87695696,0.027467741,0.100736343
Elo68alpha,-1.034289257,0.997986058,0.027593927,0.101152057
CG5001,0.61718449,5.102384023,0.027602474,0.101152057
CG6287,0.392916702,8.255913965,0.027647414,0.101273572
eIF4G2,-0.44632741,6.104172508,0.02765704,0.101273572
esc,0.816510186,1.74402686,0.027725236,0.101484018
not,0.975267385,4.673754531,0.027741925,0.101505838
CG14655,0.946992695,2.609392877,0.027772913,0.101565636
CR46065,0.811117166,1.399403207,0.027779736,0.101565636
Ir75b,0.495274445,5.630939174,0.027811876,0.101629105
CG11505,-0.444764232,6.512816428,0.027818578,0.101629105
Set,1.030950247,6.09800866,0.027829403,0.101629414
CG13377,0.903463251,0.543817561,0.027872499,0.101747524
fbp,1.277243088,2.101001489,0.027997956,0.102166087
CG7728,1.006708824,4.830716808,0.028107815,0.102527427
a10,0.37951291,13.81576752,0.028163955,0.102692618
CG13930,0.777307807,1.859779053,0.028196429,0.102771423
l(2)k09022,1.142180033,4.444708663,0.02822728,0.102844251
Cerk,-0.369404011,7.948117509,0.028286339,0.103019763
CG7560,-0.788519833,1.620039232,0.028321497,0.103108122
CG33090,0.528758614,5.287365248,0.028437259,0.103489749
CG14561,1.23450913,2.386098018,0.028557412,0.103856754
sqa,0.983331452,4.636463798,0.028563763,0.103856754
Hlc,0.476790277,6.834840021,0.028571035,0.103856754
Rlip,-0.480389999,5.659364671,0.028648203,0.104097271
ome,0.515256007,5.368137683,0.028683681,0.104186177
sktl,0.435293324,6.083193028,0.028748704,0.104382284
CG31300,0.662579987,4.579545769,0.028895015,0.104873278
bru1,0.638366553,4.503858685,0.029074816,0.105485396
Tsp42Ej,0.428822232,6.506033472,0.029129456,0.105643126
CG15715,0.541352678,5.923869535,0.02920433,0.10587409
Csl4,0.834948584,3.852866662,0.029225001,0.105908449
CG12766,0.796404695,1.398898067,0.029281745,0.106073458
AhcyL2,0.699405775,4.277074104,0.029352246,0.106288155
CG1578,0.526042784,6.184372936,0.029383648,0.106361164
corto,-0.413711689,6.740374222,0.029508905,0.106773712
heix,0.952581746,4.126542882,0.029716267,0.107482918
CG6321,0.806880672,3.940194781,0.029763487,0.107612578
CG17378,-0.502452388,5.512460409,0.029798651,0.107698563
Shaw,-0.71802028,3.310312695,0.029840777,0.107803778
Gapdh2,-0.365150457,9.756557929,0.029856606,0.107803778
RpL4,0.426630258,9.917002731,0.029872098,0.107803778
fat-spondin,0.558328393,4.925035531,0.029873336,0.107803778
CG42656,0.657403417,4.476708605,0.029952173,0.108047068
CG18507,0.375304686,7.528838986,0.029977077,0.108095693
CG33493,-0.740009844,2.406746195,0.030007102,0.108162744
Tango4,0.874338878,4.764985396,0.030043793,0.108225402
SNF4Agamma,0.3943675,7.748480763,0.030047361,0.108225402
CG32815,-0.445158696,5.901348625,0.030129751,0.10848086
CG4949,1.201051034,3.935243839,0.030152691,0.108522163
CG14191,1.139562273,1.230014139,0.030173513,0.108538964
exp,-0.766869201,2.768023761,0.030180302,0.108538964
CG17593,-0.432597557,6.125453595,0.030220078,0.108631763
CG12736,0.588510295,4.851818981,0.030229067,0.108631763
Pep,0.475714281,8.666219871,0.03054256,0.109716666
pygo,0.928742849,5.597417295,0.030554653,0.109718455
msk,0.530920953,6.813975717,0.03063254,0.10995641
Rbf,-0.457380511,5.782691367,0.030645317,0.109960556
CG4789,-0.445110008,6.177558211,0.030664726,0.10998849
CG12909,1.15801524,3.4040271,0.030714109,0.110123874
Rbsn-5,-0.555632124,4.92567024,0.030731358,0.110143979
TAF1B,1.055464619,3.883561021,0.030765593,0.11018949
Tektin-C,0.509383276,5.529963786,0.030767346,0.11018949
COX7A,-0.358629638,8.705117161,0.030805136,0.110283086
CG15098,0.371844488,9.441937572,0.030830514,0.110332194
gammaSnap2,-0.701362466,3.756466151,0.030845843,0.110345319
CG33757,1.190180425,-0.045878109,0.030990045,0.110819278
let-7-C,0.804896482,1.463745422,0.031017792,0.110876596
ValRS,-0.46296356,5.715456762,0.031103861,0.111142271
CG17528,0.444627881,6.699811896,0.031175715,0.111356971
Membrin,-0.646739302,4.274451837,0.031254113,0.111574655
CG14215,0.646242035,5.911565256,0.031260242,0.111574655
CG45049,0.437716277,6.046997839,0.031368501,0.111889519
pigeon,-0.650760846,4.164461046,0.031372109,0.111889519
CG5510,0.649818345,5.38872145,0.031524179,0.112332656
betaTub56D,0.550138757,10.32361898,0.031530455,0.112332656
PrBP,-0.483629159,5.809481039,0.031531973,0.112332656
Bre1,0.787708283,5.882127142,0.031565636,0.112410257
CG11307,0.957731897,4.238823999,0.031654814,0.11263004
CG14589,0.742905091,1.948004912,0.031657035,0.11263004
Pka-R1,-0.354774132,7.739688987,0.031663064,0.11263004
CG8353,-0.731539371,2.079049209,0.031733925,0.112815808
Uch-L5,1.130358564,5.059108183,0.031748974,0.112815808
CG32856,-0.66474673,3.989351439,0.031751056,0.112815808
Rbp,-0.428994024,6.994189942,0.031792011,0.112918924
atms,0.612369998,5.425615504,0.031811098,0.11294432
CG15545,0.696135219,2.622349467,0.031853551,0.113052624
CG3505,0.485919817,5.690831858,0.031921436,0.113251079
robo2,0.796153869,1.473546453,0.032061437,0.113705142
CG11318,0.885910498,0.472062235,0.032095452,0.113783126
Arp8,0.880114535,4.2335176,0.032218168,0.114175396
Obp58c,0.862735012,0.637982327,0.032312615,0.114439124
CG10555,0.779503082,5.529837324,0.032316776,0.114439124
SelD,0.902321978,5.715409062,0.032364925,0.114563302
Unc-89,0.694674878,6.798836117,0.032376059,0.114563302
CG7414,0.370702242,8.425136327,0.032411319,0.114645195
Bgb,0.636239265,5.366978393,0.032436905,0.114692824
Ddc,0.575611191,5.500808741,0.032681352,0.115488417
CG1814,0.410004501,6.300853337,0.032686322,0.115488417
NPF,0.760608603,2.23456351,0.032707518,0.11552017
Dop2R,0.85599532,1.08408435,0.032736069,0.115577866
NetA,1.023586107,0.100888734,0.032754137,0.115598526
GEFmeso,0.46952963,5.648452492,0.032789886,0.115681543
bt,0.83459886,7.814488671,0.032930265,0.116133495
CG7091,0.801973657,1.254255501,0.032952052,0.116145767
CG18302,0.389808405,7.96870909,0.032965069,0.116145767
CG5335,0.63614184,4.383455844,0.03297057,0.116145767
Dbp73D,1.104874451,3.442820103,0.032988982,0.11616738
elB,0.494051532,5.509097304,0.033032841,0.11627855
HP5,1.046048877,5.571692952,0.033131525,0.116573687
fd96Ca,0.654123493,4.165247018,0.033141325,0.116573687
RNASEK,-0.369816395,8.212706999,0.033295742,0.117046981
Sk1,-0.385743092,6.882583371,0.033300621,0.117046981
GLS,0.76258662,4.382732022,0.033355189,0.117195248
l(1)1Bi,1.206049046,4.29045198,0.033372846,0.117213759
CG2199,1.120639632,4.611152285,0.033501712,0.117622708
CG6540,1.338066412,3.91331872,0.03354075,0.117716089
CG15436,1.133935166,2.740648628,0.033666653,0.118114154
caps,0.452963421,5.954409582,0.033693362,0.118164045
Pex6,-0.478724792,5.642517259,0.033731334,0.118253383
geminin,1.059163567,5.775220418,0.033756623,0.11829821
loh,0.675435699,4.054579366,0.033839077,0.118543261
Syp,0.377000379,8.550457782,0.033931251,0.118822168
Dhc98D,0.725087811,3.418848684,0.033991466,0.118988995
Mrtf,0.565403771,5.077060394,0.034016615,0.119032991
CG9920,0.751040607,2.081402696,0.03406035,0.119139901
CG5033,0.993545754,4.800204731,0.034072349,0.119139901
Lerp,-0.401864161,6.398950238,0.034263456,0.119763879
CG31898,1.142774886,2.392015241,0.034343909,0.119964974
GstO2,0.393985691,6.778719132,0.03435592,0.119964974
Trip1,0.410962244,7.664875401,0.034359023,0.119964974
CG4945,0.915642734,3.610594134,0.034396272,0.120050728
CG7510,0.412371678,8.779734119,0.034599119,0.120714183
Zip71B,0.738114551,2.188260394,0.034695646,0.120977391
CG7985,0.620325378,4.427062148,0.034700131,0.120977391
GstE14,0.93450297,0.270287756,0.034737918,0.121064525
Acer,0.98055639,3.794087677,0.034764291,0.121111827
dlt,1.01551156,3.77178682,0.034777713,0.121113995
Jra,-0.398299792,6.654148807,0.034803662,0.12115977
CG8249,0.755242125,2.672479997,0.034864468,0.121326809
CG5273,-0.360191064,9.965315826,0.034917613,0.12146708
CG13097,1.0789307,4.36567834,0.034960217,0.121570588
DNApol-alpha180,0.776621177,1.943386614,0.035036923,0.121792567
CG5326,0.910073502,2.873475654,0.03506226,0.12183588
ppan,1.018347822,3.995591112,0.035115607,0.121941017
CG43394,0.390396936,6.711348753,0.035118291,0.121941017
CG13894,-0.688274815,2.816762494,0.035258804,0.122341584
Pka-C3,0.402090762,6.735609482,0.035259512,0.122341584
CR45923,-0.820539057,2.266968844,0.03528391,0.122381361
CG12877,0.772596558,5.285719611,0.035308158,0.12239859
CG4596,-0.673587189,3.929338298,0.035314749,0.12239859
Usp39,1.106459706,3.934576347,0.035328144,0.122400184
CG8311,0.522423202,5.17579884,0.035387107,0.122559592
Bap60,0.744902978,6.414364897,0.035452444,0.122740955
pcs,0.396110262,6.564448403,0.035656761,0.123394961
Hmr,1.174825658,4.326020308,0.035667429,0.123394961
CG14057,0.786319091,2.506840208,0.035737567,0.123592419
DnaJ-1,-0.348482757,7.80454436,0.035785539,0.123713106
pAbp,0.361649052,10.3115583,0.035818066,0.123780328
smal,-0.470366704,5.606635498,0.035842651,0.123820065
PRAS40,0.549082049,4.897084422,0.035917293,0.124032637
CG4723,0.697837562,2.920965834,0.036091548,0.12458892
CG5597,0.630472394,4.735069558,0.036167956,0.124781231
CG33494,0.902036279,0.884023439,0.036173633,0.124781231
Bap111,0.928322191,6.049590174,0.03624364,0.124977158
CG14767,-0.355594645,8.524096054,0.03638361,0.125414106
Mat89Ba,1.01071733,4.465968803,0.03642272,0.12545738
ergic53,0.420672765,6.252971493,0.036430851,0.12545738
fz3,0.426697223,6.616960433,0.036435942,0.12545738
ApepP,0.832500922,5.070213093,0.036503236,0.125643369
Usp12-46,0.473994666,5.53504191,0.036604179,0.125944995
CG3045,1.164227555,2.865752413,0.036643978,0.126034157
RpS30,0.350439882,9.800416204,0.036656732,0.126034157
Ublcp1,0.823422505,4.963437066,0.036671374,0.1260387
Neto,0.859874963,1.555921249,0.036730529,0.126196175
Tina-1,-0.368820228,9.553015424,0.036768085,0.126243067
MYPT-75D,-0.466234572,6.866955286,0.036770861,0.126243067
CG5800,1.02903298,3.989573294,0.036860935,0.126505204
SmF,0.846827211,4.226523834,0.036873954,0.126505204
lic,0.784228564,5.720729106,0.036906246,0.126556212
Nnf1b,0.89090407,2.205384059,0.036915572,0.126556212
CG10082,0.365163438,7.20422194,0.037001068,0.126795517
CG17167,0.755637089,2.410021219,0.037012177,0.126795517
CG13622,-0.697294456,2.556063073,0.037093054,0.127026592
Uba2,0.751060791,6.209958556,0.037190595,0.12728148
CG5522,0.436911642,6.489000329,0.037194387,0.12728148
G6P,-0.692358511,3.154990821,0.037227313,0.127348098
CG8837,0.704798162,3.620021798,0.037243336,0.127356863
CG13708,0.640354897,4.183784805,0.037325429,0.127559099
yellow-b,0.683202859,3.84538807,0.037342547,0.127559099
Mes2,0.689876992,2.415967799,0.03734292,0.127559099
CG7115,0.454716414,6.221681295,0.037374722,0.127621659
H,0.956070628,5.376712636,0.037511789,0.128043489
CG34401,-0.501809635,5.286431497,0.037525762,0.128044991
CG2310,0.694522489,4.806088324,0.037698714,0.128566214
CG17734,-0.387098059,7.10173423,0.037726012,0.128566214
Set2,0.750819811,6.162157308,0.037730275,0.128566214
CG33639,0.841552534,0.42853115,0.037732866,0.128566214
RunxA,0.820478213,0.810040888,0.037796429,0.128736434
xmas-2,0.887116126,3.642020672,0.037882193,0.12894835
et,0.825194547,0.634551442,0.037885903,0.12894835
CG7280,0.624013462,4.277747228,0.037920001,0.129010858
Myd88,-0.375469507,6.735501835,0.037931537,0.129010858
Sod3,-0.346732908,8.059115657,0.038053556,0.129379356
CG31814,0.677481145,3.023992521,0.038111634,0.129530274
tsr,0.589233908,8.06401143,0.038144173,0.129594315
grp,0.802730149,4.96485756,0.038188545,0.129698496
nAChRalpha7,0.753958567,3.706399926,0.03821202,0.129731658
CG6931,0.691394148,2.428222975,0.038266902,0.129871386
CG12713,1.268031308,3.001305374,0.038307088,0.129961157
CG14246,1.124090123,2.365532152,0.038443662,0.130377753
crm,0.76602478,5.1749187,0.038552611,0.130646635
Rnp4F,-0.448944496,5.663749861,0.038553303,0.130646635
wcd,1.026445723,3.359234666,0.038564368,0.130646635
CG7329,1.06953095,1.849446962,0.038663792,0.130912736
alpha-Est9,0.488068934,5.363102062,0.038670587,0.130912736
Bub3,0.970542038,4.988581297,0.038713252,0.131010296
Ir8a,0.364570456,7.335909782,0.038740189,0.13104602
Cht10,0.687873249,3.360536977,0.038751508,0.13104602
CG4300,0.607187202,7.073821576,0.038772929,0.131071615
CG14400,-0.895782957,0.629420072,0.038844221,0.131265722
nAChRalpha4,0.561525898,5.261723015,0.038860814,0.131274908
Uhg5,-0.614334614,4.2271178,0.038884407,0.13130773
HDAC4,-0.365915477,7.20548464,0.038944748,0.131464574
P5cr,-0.486640661,5.403608001,0.038961247,0.131473365
LpR2,0.583202102,5.112040583,0.03899835,0.131510951
CG43901,-0.519775765,5.157164617,0.039000183,0.131510951
Tps1,-1.643863404,3.756948451,0.039068441,0.13169419
endos,-0.371219827,6.845210057,0.039090081,0.131714148
Hsc70-1,0.913682211,5.452428895,0.039113245,0.131714148
mAChR-A,-0.571348653,4.749196505,0.039116123,0.131714148
cutlet,0.719157524,1.609933758,0.039131904,0.131720411
CG34408,-0.339591525,7.606995019,0.039166149,0.1317888
dco,0.742899412,7.087473225,0.039283617,0.132137073
AnxB9,0.345012657,9.022345129,0.039466984,0.132706683
HDAC1,0.838855571,6.531368281,0.039499222,0.132767899
CG7458,1.093210603,2.441348845,0.039590868,0.133000738
CG3702,-0.382130776,6.652662696,0.039596605,0.133000738
egr,0.521651939,5.183553749,0.039687563,0.133258951
Nup154,0.689568806,5.229146965,0.039722376,0.133328527
CG2120,0.788474152,1.071668134,0.039767444,0.133432466
cin,0.559835833,5.968125215,0.039814441,0.133542802
CG7044,-0.540567323,5.454280195,0.039838043,0.133574615
Ugt36Bc,-0.395243989,7.299254952,0.039893074,0.133711747
UQCR-Q,0.386964959,8.342286698,0.040008022,0.134049541
dome,0.700308734,6.133915944,0.040239854,0.134778585
Reck,0.644718903,4.071409657,0.040311404,0.134970455
CG9752,0.729067357,1.497745901,0.04033063,0.134987062
CG16885,0.894012504,0.276867478,0.040405119,0.135158429
Syx6,-0.421773241,5.929610429,0.040410399,0.135158429
CG32204,0.643825453,3.949151966,0.040474523,0.135275824
jbug,0.348299102,9.075748103,0.040485778,0.135275824
CG12428,-0.521759711,5.155517513,0.040488389,0.135275824
CG5921,0.608264991,4.311199663,0.040502934,0.135276655
uri,0.810565949,4.417396073,0.040636715,0.13562492
temp,0.436329057,5.857157754,0.040645096,0.13562492
lbl,0.741998578,3.243023476,0.040650209,0.13562492
Efa6,0.364503888,6.868011416,0.040704193,0.135757163
PHGPx,-0.348746359,9.505991052,0.040804108,0.13604245
Scgdelta,1.054301578,0.254297834,0.04085942,0.136178877
ncm,0.726970064,5.747747614,0.041103592,0.136944433
rdo,0.681989705,3.108623743,0.041120187,0.136951501
CG33939,-0.676533184,3.594482874,0.041146862,0.13699212
CG14438,0.651965479,5.886520737,0.041231278,0.137224888
CG14818,-0.396987453,6.430611641,0.041376274,0.137659037
CG42238,-0.530231029,5.404944839,0.041392881,0.137665884
CG18731,-0.555427718,4.935404087,0.041439651,0.137773006
CG3764,-0.407066976,6.385947834,0.04151963,0.137990425
CG7739,-0.384480782,6.615273557,0.041543381,0.138020882
RpL41,0.487838625,9.914147811,0.041569866,0.138060397
Ef1beta,0.60599335,8.095490049,0.041593983,0.138091899
CG16898,-0.86693874,0.116708901,0.04160854,0.138091899
Cdc16,0.851171314,4.594087375,0.041628196,0.138108693
CG10565,0.574498601,6.610834424,0.041655421,0.138150574
CG31368,-0.525756707,4.947384445,0.04176041,0.138331019
CG2100,0.737514606,4.068204521,0.041767186,0.138331019
spz,0.356346748,7.169703303,0.041773205,0.138331019
Smn,1.091583163,4.462735137,0.041777337,0.138331019
CG43092,0.362828825,8.194856118,0.041790789,0.138331019
Nup133,0.889696199,4.158442811,0.041797546,0.138331019
Obp18a,0.743881931,3.309740212,0.041825399,0.138374798
CG16772,0.391924354,6.68126206,0.04199903,0.138900671
CG8155,0.565886875,5.230043376,0.042083201,0.139130416
CG44838,0.515749294,6.888344796,0.042141569,0.139274722
grnd,0.449857504,5.807125892,0.042181396,0.139357671
CG32591,0.684560817,2.608790381,0.04230132,0.139705093
CG4497,1.053236692,4.512063969,0.042509092,0.140326765
sws,-0.353555306,7.379784786,0.042521935,0.140326765
Rcd5,0.594168131,5.940610906,0.042545653,0.140326765
CG6310,0.706650895,2.48011742,0.042548879,0.140326765
glob1,0.542054627,5.554270227,0.042639693,0.140577273
fus,-0.334171849,7.923860934,0.042674494,0.140643002
ltl,0.367848061,7.460143899,0.042858454,0.141200103
Nnp-1,0.964544273,5.14879071,0.042943993,0.14136539
CG14132,0.600909037,4.501984148,0.042948309,0.14136539
Or35a,0.442468634,5.793083049,0.042953445,0.14136539
X11Lbeta,-0.439875052,5.86307036,0.043005765,0.14148837
CG30105,0.911490019,2.595041911,0.043042919,0.141561383
twz,0.704939964,1.650581074,0.043158549,0.141892354
rho-4,0.581469608,5.247314905,0.043223669,0.142057087
CG18769,0.694507279,4.917052651,0.043242452,0.142069471
CG14440,-0.475081314,5.482509443,0.043293301,0.142187161
sls,0.683884408,7.218544817,0.043347379,0.14230906
ens,0.365248814,8.251733882,0.043360497,0.14230906
CG32700,0.882864493,0.543964168,0.043580107,0.142971874
CG6923,-0.493860348,5.209121194,0.043592671,0.142971874
CG7006,1.034779493,3.037311962,0.043658865,0.143139354
GstE11,-0.472351907,5.408810663,0.043831415,0.1436553
PPO2,0.907456613,3.050892231,0.043879105,0.143761805
CG6962,1.030961124,3.814577782,0.04390884,0.143766043
CG10962,0.720364018,1.481555756,0.043913966,0.143766043
CG9143,0.984083401,4.035836539,0.043925981,0.143766043
Sox100B,0.732072442,1.457705963,0.043972004,0.143861837
CG14964,0.821215094,4.353718849,0.043985658,0.143861837
CG10492,0.80503887,5.714079834,0.044197735,0.144457045
Gs1l,-0.370374766,6.76846008,0.044198177,0.144457045
CG14325,0.741952945,1.880271169,0.044244604,0.144558854
ktub,-0.426451774,5.845144669,0.044278445,0.144595878
SmydA-2,1.007626374,2.063036421,0.044286499,0.144595878
CG1440,0.517305526,6.581143297,0.04432258,0.144663763
mus81,1.076404771,2.912450496,0.044417704,0.144924245
CG9090,0.773122835,7.341024599,0.044466784,0.144998009
Rpt1,-0.344416747,7.077576511,0.04447096,0.144998009
CG7341,0.814509377,1.500991742,0.044512821,0.145084504
CG4630,-0.338431388,7.693480889,0.04456707,0.145208392
CG14777,-0.394381021,6.289499435,0.044581524,0.145208392
CR45743,-0.985188912,0.028200627,0.044600762,0.145221065
CG10602,0.379298131,6.504238417,0.044803102,0.145829704
beta3GalTII,-0.651807189,3.376535811,0.044897171,0.146085636
gfzf,0.627991391,5.466453438,0.044920025,0.146109754
VhaM9.7-a,-0.444172352,5.75518913,0.04510125,0.146648805
Pkc53E,-0.504836534,5.253375972,0.045213449,0.146963125
CG5026,0.657074777,5.416166085,0.045274563,0.147102257
mof,1.046954138,3.96509389,0.045287347,0.147102257
Oct-TyrR,0.685295261,2.253077596,0.045310868,0.14712815
CG42566,0.789953169,2.055801229,0.045445852,0.147515832
pyd,0.354485943,7.89384089,0.045614077,0.147961769
beat-VII,0.503836614,5.332954446,0.045614509,0.147961769
CG3530,-0.337048447,7.370874484,0.045679718,0.148118476
Wbp2,-0.329519491,8.374445111,0.045694127,0.148118476
CG4281,0.779485609,5.612936493,0.045714953,0.148135234
Tspo,0.36047196,6.898187508,0.045767907,0.148256055
CG10089,0.422601623,5.768394271,0.045849987,0.148471107
CG17361,1.026485025,3.307062045,0.045983124,0.14885129
CG2201,-0.340738614,7.701088869,0.046068035,0.149075153
CG34107,0.718212518,2.294165167,0.04617887,0.149330891
CaMKI,-0.342693783,8.539405422,0.046180756,0.149330891
l(2)k01209,0.41914461,6.106981603,0.046194411,0.149330891
Unc-76,0.328808135,7.61607606,0.046259312,0.149489622
path,-0.343891401,9.552357221,0.046296434,0.149504481
CG7033,-0.357337708,6.736842392,0.046298717,0.149504481
Ranbp11,-0.61065854,4.10233233,0.046311312,0.149504481
Sidpn,-0.626584853,4.114536075,0.046365507,0.149628387
l(3)psg2,0.888634463,4.90674181,0.046539781,0.150139587
Sp7,0.355315827,7.192501667,0.046617521,0.150339122
CG18304,0.879860661,3.88409693,0.046646312,0.150380716
CG4095,-0.847357214,0.390500023,0.046715315,0.150551878
CheB42b,-0.76582431,4.904299232,0.046833919,0.150866947
CG10226,0.467847929,5.544450052,0.046844968,0.150866947
CG13692,-0.5570594,4.658414832,0.046974705,0.151233295
CG15630,0.573926507,4.573918518,0.047036671,0.151340896
RhoGAP5A,0.737889095,4.378784966,0.047040116,0.151340896
Kap3,-0.346996042,6.95706736,0.047070083,0.151385834
CG32147,0.61817232,4.381313042,0.04712282,0.151465359
Rac1,0.46512059,6.489119024,0.047126825,0.151465359
MED21,0.640890737,5.412687332,0.047157769,0.151513349
CG43658,-0.394057685,6.071567495,0.04734311,0.151967732
CG13841,0.463187195,5.719282365,0.047346382,0.151967732
yellow-f,0.714841283,2.048971924,0.047347376,0.151967732
VAChT,-0.35022247,7.169954094,0.047405179,0.152101662
Gp150,0.345795796,9.785822606,0.047472644,0.152235945
uif,0.558221924,4.654461719,0.047479209,0.152235945
Cnx99A,-0.326850859,7.59573771,0.047498425,0.152239597
CG12179,1.034948156,3.071541651,0.047512527,0.152239597
Oatp33Ea,0.657829475,2.609363006,0.047612154,0.152448181
Ace,0.334372153,8.378421714,0.047624362,0.152448181
onecut,-0.41152504,6.395486291,0.047625959,0.152448181
pod1,0.67284745,5.853016761,0.047773305,0.152844549
Adgf-D,-0.706995591,1.833319495,0.047782094,0.152844549
RpS4,0.393395658,9.752117411,0.047900038,0.153122151
Nse4,0.904727931,3.556098535,0.047901243,0.153122151
dpr2,-0.580510629,4.469989894,0.048163424,0.153908248
CG5728,0.986566789,4.919376138,0.048192612,0.153949525
Hexo1,0.404087746,6.019579104,0.048219826,0.153984472
tow,-0.561055521,4.553550702,0.048237935,0.153990331
CG7156,0.772435972,4.70933418,0.048298995,0.15413325
NetB,0.502286534,5.05475701,0.048328128,0.154174222
CG9449,-0.378640563,9.710707592,0.04837809,0.154179998
Ndae1,0.342519933,8.115366501,0.048378211,0.154179998
gbb,0.424113816,5.901188313,0.048378822,0.154179998
SdhC,-0.332450376,8.302415476,0.048488124,0.154476305
PGRP-LB,-0.379358195,6.732245155,0.048603614,0.15476954
CG1427,-0.391216102,6.168579914,0.04861288,0.15476954
CG8507,0.438665873,6.561644417,0.048751435,0.155158453
Acph-1,0.892243612,4.447983043,0.048792883,0.155238151
CG3735,0.908861583,4.116577288,0.048888896,0.155491339
RhoGEF3,-0.476105835,5.195346554,0.048936079,0.155538379
CG12065,0.342723884,7.214463404,0.0489679,0.155538379
Ac3,-0.4836235,5.50886201,0.048978844,0.155538379
Alk,0.725595552,2.561476311,0.048982897,0.155538379
Pez,0.689972192,5.243844847,0.048985877,0.155538379
CG17271,0.394617969,6.103775905,0.049168368,0.156065446
CG4842,0.769334788,0.825267739,0.049222445,0.156139239
Mkk4,-0.35210292,6.755596201,0.04922462,0.156139239
dom,0.606584681,7.185097189,0.049259319,0.156191235
lute,-0.413911956,6.063377369,0.049276802,0.156191235
cal1,0.632322761,4.065310376,0.049290533,0.156191235
CG8116,1.228827013,4.739703639,0.049307186,0.156191694
CR46089,0.819783387,0.986334473,0.049370555,0.15634009
RnrL,0.879450844,3.617350398,0.049431915,0.156404503
CG13562,0.697277842,1.413680476,0.049450565,0.156404503
CG10581,-0.655211029,2.542264695,0.049454395,0.156404503
CG5080,0.638368038,4.224665937,0.049457015,0.156404503
CG11842,0.803551628,0.377870827,0.049704722,0.157135343
Ddr,-0.561023805,4.596788234,0.049725548,0.157148676
pont,0.779945625,5.108348486,0.049750425,0.1571748
Zif,0.581732374,5.305438345,0.049798432,0.157227498
CG8320,-0.493468079,5.174518315,0.049800339,0.157227498
e,0.772646232,3.374621261,0.049899062,0.157426947
Cad96Ca,0.508617743,5.131246307,0.049905482,0.157426947
Cyp4d8,-0.418424154,6.635901333,0.049915812,0.157426947
CG34331,0.815958295,2.2590914,0.049930064,0.157426947
tkv,0.435986398,5.813308869,0.049976055,0.157495653
CG8646,0.775337876,1.373047014,0.049985145,0.157495653
Kdm4A,0.994380176,4.192338978,0.050165502,0.157967079
CG8306,-0.337416529,8.410619254,0.050168154,0.157967079
Hs6st,0.562871602,4.929090956,0.050275224,0.158221774
Cyp12b2,0.403008003,6.392537932,0.050290351,0.158221774
Rfx,-0.374394396,6.63005671,0.050299207,0.158221774
CG6023,-0.644922785,4.095433592,0.050433658,0.158591981
CG1124,0.575291131,4.626214694,0.050591152,0.15903438
myo,0.352523243,6.881916344,0.050657956,0.15919149
Cbs,0.463350879,6.192753644,0.05068391,0.159220171
ITP,-0.347416845,7.165266333,0.050851363,0.159693195
CG10151,-0.609197756,3.964142163,0.050881545,0.159734962
chinmo,-0.599987034,4.217809714,0.051024354,0.160105653
drm,0.779910132,1.860537431,0.051033465,0.160105653
Gs1,0.51515514,5.638516822,0.05112215,0.160330722
lola,0.774713624,8.411740111,0.051142256,0.160340631
Xrp1,-0.325506499,10.32474424,0.051178552,0.160401279
RpII215,0.627645057,6.440225557,0.051243945,0.160518377
GlcAT-I,0.686557881,4.316201212,0.051249843,0.160518377
NaPi-III,-0.32829552,9.633570048,0.051342229,0.160754523
CG5854,0.550170801,5.299657399,0.051431086,0.160979468
swaPsi,0.775664033,0.601826742,0.051572269,0.161367992
Ada2b,0.638599857,5.403580157,0.051655952,0.161576402
CG6961,0.883696183,4.296516998,0.051826304,0.162055681
CG11596,0.783791228,5.132692338,0.051855338,0.162092899
CG7137,0.752170518,3.490500733,0.051900333,0.16217997
nvy,-0.511223997,4.945007324,0.051976544,0.162364495
vig2,-0.343859191,7.248785264,0.052026114,0.162465707
CG10927,0.961185537,1.775504885,0.05227101,0.163164229
Pvr,-0.340058927,7.06207648,0.052295019,0.163164229
CG13868,-0.343237457,8.954731803,0.052301533,0.163164229
nwk,-0.333464978,7.229113323,0.052513138,0.163770374
Kah,0.742116544,3.113104456,0.052594835,0.163971113
CG15563,0.801438545,0.87910036,0.05261997,0.163995441
CG5808,0.760078993,3.349620759,0.052680097,0.164128771
RhoU,0.616625246,3.711639691,0.052700133,0.16413715
CG10311,0.34665133,6.91208462,0.052747646,0.164182563
CG42598,-0.745127108,0.889084776,0.052749418,0.164182563
jv,0.467544548,5.22109915,0.053063596,0.165106131
Ance-5,0.742128235,2.788952084,0.05312497,0.165242756
MAN1,0.789253456,5.33590123,0.053234117,0.165508744
unc-13,-0.348043496,8.568533269,0.053245468,0.165508744
TfAP-2,0.697456893,1.97626422,0.05329765,0.16561654
Rack1,0.345803391,9.701720039,0.05336822,0.165781383
Usp32,-0.362635327,6.521802295,0.053423366,0.165882368
psq,0.506870384,7.198662121,0.053435791,0.165882368
Non2,0.635059569,6.735278006,0.053463666,0.165914465
Smg6,-0.332730954,7.184349449,0.053539701,0.166095951
CG31365,0.870268702,4.612312715,0.053603086,0.166238085
CG16771,0.637378828,3.323019176,0.0536757,0.16640874
Gem2,1.057779774,3.398313293,0.053760977,0.166618527
Dlic,-0.333706444,7.802424963,0.053831734,0.166783192
Lrrk,-0.434531128,5.602311149,0.053899442,0.166843895
Pka-C1,-0.315773521,8.906956586,0.053901952,0.166843895
Orc6,0.874574125,1.650241184,0.053904226,0.166843895
dpr10,0.625034958,3.629781721,0.053929123,0.166866371
Ssb-c31a,-0.542186058,4.656692137,0.054028668,0.167119732
eys,-0.383479952,6.098331227,0.054256522,0.167769678
Cp190,0.637621377,7.016687351,0.054293572,0.16781271
CG2736,-1.20298694,1.221054403,0.05430591,0.16781271
CG15385,-0.410188516,5.896712797,0.054375325,0.167972357
CG15629,0.66278141,1.896366895,0.054479092,0.168237978
TyrR,0.758795965,0.585317794,0.05451051,0.168280079
Rph,-0.658303663,2.309507372,0.054533696,0.16829675
Updo,-0.352647653,6.897668215,0.054678222,0.168687753
ana2,0.777272176,1.580136129,0.054892001,0.169292083
cos,1.049344785,4.507245112,0.055058025,0.16974879
Pkn,0.362369346,6.532763349,0.055113346,0.169864
Ipk2,0.511380047,4.920072031,0.055140251,0.169891583
CG4741,0.711781396,1.094210843,0.05524776,0.170167417
bif,0.481432099,6.085025205,0.055364916,0.170472775
Eip55E,0.514926549,5.551781126,0.055398172,0.170519684
ab,0.493096051,4.977009066,0.055483574,0.170727016
Drice,0.736360725,4.953859559,0.055530637,0.170816284
CG14223,0.664723593,3.173150123,0.055730993,0.171376879
hid,0.632497504,3.547488783,0.055843817,0.171630338
Dis3,0.702299331,4.354926995,0.055849695,0.171630338
Ada,0.736265009,2.027695031,0.055918263,0.171785262
Fak,-0.377439003,6.208248286,0.055957708,0.171835435
ush,0.636832141,3.335960638,0.055978489,0.171835435
CG4213,0.893500729,2.976406295,0.055989077,0.171835435
CG6347,0.623646416,3.363910015,0.056150959,0.172276385
RIOK1,0.888661179,4.233405921,0.056281276,0.172620237
Tsp47F,-0.342566207,7.948363939,0.056358288,0.172800427
wek,0.857838602,3.986474531,0.056425262,0.172949733
CG42268,-0.342457531,6.939999886,0.056627802,0.173466316
CG9876,0.664863188,1.734465505,0.056630464,0.173466316
Cad87A,0.391490141,6.576424594,0.056719702,0.173683436
CG32150,-0.370192207,6.521257919,0.056767815,0.173774527
KrT95D,0.392317217,6.532151547,0.05681139,0.173851672
CG30379,0.79197164,0.434423939,0.056845109,0.173886687
Nup205,0.897390835,4.763467484,0.056859587,0.173886687
CG8184,-0.348755245,6.732171793,0.057068812,0.174470145
Cyp303a1,0.82894964,-0.05323303,0.057128945,0.174583804
fal,0.835562004,4.417609303,0.057142892,0.174583804
CG42704,0.781487711,0.535256702,0.057170272,0.174611077
CG7461,-0.331219677,7.232031546,0.057192843,0.174623647
CG7120,0.561452191,4.506676074,0.0573378,0.175009763
Ssl1,0.660176279,3.204569814,0.05758112,0.175695761
alpha-Spec,0.315571913,9.207505683,0.057633677,0.175791403
CG5966,1.120291622,2.280769308,0.057649622,0.175791403
Vps11,0.771941901,5.075881309,0.057736363,0.175999183
CR15345,0.980291267,2.356969764,0.057811249,0.176170705
CG11892,0.798503126,2.076984245,0.057835432,0.176187657
bib,0.698985858,1.294921706,0.057883774,0.176278168
wake,-0.335566149,7.127403437,0.057974989,0.176499147
RhoGAP15B,-0.417070139,5.824107061,0.058015651,0.176560133
pot,0.410140754,5.778757957,0.058032341,0.176560133
CG11523,0.680867604,4.527803984,0.058111898,0.176745348
Hexim,0.632647254,5.032158298,0.058163265,0.176844733
CG18003,-0.760505368,0.780417122,0.058459138,0.177687235
crok,0.677338918,4.591274073,0.058697516,0.178354496
MKP-4,0.598137673,4.684338675,0.058765162,0.178502717
mspo,-0.404604197,5.7169586,0.058858347,0.178722285
mip130,0.670915195,5.13401123,0.058875223,0.178722285
CG2865,0.541384286,4.771250724,0.05898713,0.179004563
brat,0.992940089,5.281409026,0.059012664,0.179024631
CG10283,0.488434067,4.976310569,0.059315766,0.179886467
Paip2,0.402750125,6.575673132,0.059364755,0.179926701
SmD1,0.790723882,3.709140427,0.059367064,0.179926701
Mcm3,0.659246327,2.306532227,0.059676864,0.180807714
Scgbeta,-0.555673934,4.377449192,0.059737927,0.180934785
RpS6,0.330364762,10.08187534,0.059770089,0.180951042
Cyp4ac2,0.556647793,5.627029277,0.059781543,0.180951042
e(y)2b,0.660572308,1.776127787,0.059863373,0.181140786
Rpn10,-0.347184531,6.677006978,0.059888482,0.181158828
CR45251,0.70683264,2.158782036,0.060061594,0.181624417
l(3)02640,0.341800345,7.875875973,0.060140769,0.181750386
Snr1,0.747890768,5.338089238,0.060141667,0.181750386
CR33318,-0.878839684,-0.034149893,0.060464201,0.182666752
Ipp,-0.33719308,7.270225827,0.060511443,0.182751125
CG1113,0.619960458,2.882850485,0.060581722,0.182866606
Cep97,-0.393533979,5.981085808,0.060588333,0.182866606
Nup54,0.779164069,4.421985499,0.060694555,0.183128788
bma,0.611445796,2.37715603,0.060738105,0.18320177
DIP-eta,0.387367255,5.953786173,0.060768418,0.183220585
her,-0.445464119,5.263350279,0.060783071,0.183220585
l(1)G0193,-0.317677707,7.518282988,0.060899026,0.183511651
Cdc42,0.413306761,7.049245142,0.060934729,0.183560778
Bacc,-0.31881451,9.58850616,0.061024029,0.183771279
CG11593,-0.398759171,5.804873533,0.061276539,0.184418234
so,0.713348347,1.884231611,0.061277841,0.184418234
CR43653,0.788055344,0.365413275,0.061478503,0.184963305
Psf1,1.124465211,1.173070023,0.061525346,0.1850454
cbt,-0.343038479,6.880963661,0.061678498,0.185422742
ZnT86D,0.46762241,5.127946339,0.061697428,0.185422742
CG6951,0.874829679,2.585065789,0.061709598,0.185422742
CG12034,0.757063601,4.747920622,0.061975259,0.18610734
r,0.538130476,4.61803755,0.061976773,0.18610734
CG2004,0.557842818,5.188191739,0.06213119,0.18651184
moody,0.341943146,6.803562598,0.062204257,0.186671957
CG12974,0.646945146,2.076843973,0.062426608,0.187279825
MEP-1,0.904846325,0.549328453,0.062474906,0.187365311
CG7839,0.829881444,5.253917414,0.062607618,0.187703828
Sp212,0.513962867,4.741328723,0.062633922,0.187723208
polybromo,0.730592386,5.843667756,0.062782248,0.188108181
Nep5,-0.55940671,4.195879443,0.062890762,0.188243308
CG8740,0.316396298,7.612037871,0.062895558,0.188243308
CG6465,0.464185212,5.223569942,0.062899815,0.188243308
CG31098,-0.452515044,5.188581028,0.062906927,0.188243308
CG8611,0.877727326,3.515604219,0.062975499,0.188375759
CR46006,0.636259335,3.487968701,0.062991006,0.188375759
CG5810,-0.812548058,0.059728661,0.063033335,0.188442786
AP-1-2beta,-0.319634463,7.452782448,0.063072398,0.188500009
CG11400,0.599677631,4.00586539,0.06316575,0.188719397
CG6067,-0.427751344,5.854262011,0.063305158,0.189076201
CG2260,0.862022523,3.927386343,0.063370055,0.189210305
stck,0.3343519,6.874521504,0.063450214,0.189389883
CG32649,0.44936978,5.452985308,0.06351433,0.189521472
Tom40,0.502272035,6.253592479,0.063832894,0.190411995
Act88F,1.395880672,3.261319903,0.063853199,0.190412535
CG33160,0.738788019,0.48830556,0.06389202,0.190468272
CR45210,-0.687682796,1.069006621,0.063995448,0.190716512
kz,0.760782226,3.461114372,0.064199145,0.19126332
CR45274,0.733215834,1.019437907,0.06425959,0.191383143
CG1622,0.760167755,5.313107595,0.064471175,0.191952883
CG17027,0.341789745,6.759100492,0.064537053,0.192088579
CG32459,0.754995453,0.642002485,0.064795866,0.192798265
MTA1-like,0.483847266,6.410361748,0.064837335,0.192845264
DAAM,0.472020294,6.314662862,0.064891251,0.192845264
Or71a,-0.687470317,2.064316513,0.064892303,0.192845264
CG7841,0.541850895,4.607900502,0.064893185,0.192845264
Smyd4-4,0.644292495,5.243822757,0.065021846,0.193166941
Su(fu),0.615942592,4.947697598,0.065065254,0.193229843
pea,0.775744135,4.895523542,0.065083863,0.193229843
Tango5,-0.321913261,6.894498746,0.065232723,0.193573388
Tsp42Ek,-0.595676141,3.259961624,0.065243932,0.193573388
Mtap,0.66111831,4.790938618,0.06526095,0.193573388
egg,0.705269635,5.09636607,0.065341105,0.193750404
Cpr97Eb,0.617760204,3.707844208,0.065376401,0.19379433
Pde1c,-0.367318613,6.64537903,0.065416433,0.193827047
galla-1,0.438736014,5.302088782,0.065428407,0.193827047
CG12014,0.623792499,2.395948102,0.065452753,0.19383848
CG14803,0.831664204,4.253352034,0.065800344,0.1948069
yip2,0.316972454,6.958397231,0.066310242,0.196202648
CG42486,0.72399548,0.702901077,0.06631326,0.196202648
CG5376,0.755959921,1.597863384,0.066348427,0.196245332
Nup62,0.836335631,4.842399507,0.066372959,0.196252404
FoxP,-0.587846564,4.849959519,0.0663923,0.196252404
CG11671,0.884303634,0.670524762,0.066480964,0.196453117
CG31121,0.617258874,3.184538863,0.066783287,0.197284878
Sara,-0.340591951,6.662388513,0.066825918,0.197349199
CG3264,0.799605022,0.00478865,0.06685158,0.197363385
eIF-4a,0.303661469,11.12984252,0.066892202,0.197421713
mRpS10,0.657424963,4.4064994,0.067026516,0.197756437
EloA,0.684410239,5.128412522,0.06713767,0.198022642
Ance-3,0.317249847,8.081661279,0.067274558,0.198364558
CG10866,0.377123835,5.861807108,0.067470392,0.198871847
pinta,0.535549154,4.444270622,0.067488639,0.198871847
mthl1,0.576659497,3.904751368,0.0675521,0.198996877
CG12194,-0.39410254,5.743805912,0.067711632,0.199404749
CG18171,-0.734982024,0.915457387,0.06780905,0.199629506
CG9302,0.671545901,4.993159521,0.067969605,0.200000921
CR32657,-0.656457509,2.71879517,0.067983412,0.200000921
CG6362,-0.339637188,6.647867573,0.068013273,0.200000921
CanA-14F,0.362317178,6.32904377,0.068019759,0.200000921
CG12817,-0.625785218,2.928800711,0.068052093,0.200033832
Tsr1,0.661215397,5.180411396,0.068109764,0.200141177
IntS14,0.788985813,3.649210841,0.068156351,0.200215893
IM2,-0.694546273,4.51722755,0.068197716,0.200275229
sced,0.917114506,4.795632998,0.068249077,0.200363874
jef,-0.331225746,6.76581879,0.068413786,0.200785124
5PtaseI,-0.43501108,5.255877327,0.068506737,0.200995579
CG7246,0.731344846,3.99122775,0.068657404,0.201375189
Rb97D,-0.361024608,6.15710317,0.068996791,0.202307913
RpL10,0.382876736,10.19009867,0.069057018,0.20242178
CG6843,0.650600266,4.80860398,0.069181903,0.202725043
Arp3,0.548660598,5.760025938,0.069239156,0.202829999
Psf3,0.369372727,6.451717496,0.069283978,0.202895965
Dh44-R2,0.585988809,3.344074633,0.069304561,0.202895965
CG8008,0.34519514,7.29856923,0.069364456,0.203008501
Tre1,0.588687712,3.286977885,0.069430867,0.203096795
Rop,-0.299569487,7.935100585,0.069449654,0.203096795
CG10527,0.30671886,7.8693711,0.069459018,0.203096795
CG7593,0.954663033,2.421458068,0.069516571,0.203202284
CG42313,-0.603013027,3.482413237,0.069539298,0.203205941
CG16817,-0.314603639,7.277118311,0.069594291,0.203300612
eEF1delta,0.550263467,6.56673735,0.069614667,0.203300612
CG15706,0.492166387,4.782846242,0.069711205,0.203517279
CG4660,-0.590065168,3.363171969,0.069741559,0.203517279
Elk,0.702211889,0.706897242,0.069753386,0.203517279
spir,-0.320157604,6.822364814,0.069854034,0.203748112
CG5525,-0.348291965,6.39986958,0.06995721,0.20398617
scaf,0.53752521,4.440206184,0.069984562,0.204003058
CG5004,0.506599854,5.203762704,0.070235362,0.204593437
betaTub97EF,0.348773201,6.362398778,0.070251047,0.204593437
CG17803,-0.62906684,2.096479463,0.070251963,0.204593437
CG43778,-0.484617512,4.910457924,0.070345603,0.204803108
Spp,0.40810571,6.343092129,0.070391767,0.20487447
Pvf3,-0.556443188,4.166654742,0.070569875,0.205329691
ena,0.460888402,5.758573418,0.07063978,0.205387933
CG31029,-0.784932212,0.386049863,0.07064263,0.205387933
Rpb5,0.526734064,4.975015604,0.070655012,0.205387933
alpha-Est5,1.076843062,2.582551696,0.070763922,0.205641347
CheA7a,0.922970907,6.34225337,0.070808346,0.205707269
ric8a,0.705818956,4.180376481,0.070967247,0.206105613
chif,0.599077301,6.179203578,0.071018756,0.206191921
Pdk1,0.390614815,7.169143881,0.071156214,0.206527637
Zip99C,0.362610164,6.614555129,0.071245464,0.20672327
vnd,0.954481413,0.000529379,0.071341651,0.206938904
Rassf,0.611569276,5.599231336,0.071584004,0.207519242
SMC2,1.075271663,4.672277394,0.071595444,0.207519242
RpL17,0.351416226,9.369151362,0.071607517,0.207519242
CG7504,0.777224739,3.337373427,0.071757035,0.207888876
CG17829,0.925818188,4.324818582,0.071783391,0.207901574
CG32036,0.746487339,0.177977756,0.071874269,0.20810108
CG13784,-0.313755167,6.934529672,0.071898891,0.208108688
nAChRalpha6,0.711357926,2.022786645,0.071961819,0.208227135
Sdr,0.415070404,5.621998431,0.072300325,0.209142671
Lsm10,0.631613567,2.061587165,0.072365408,0.209266958
ifc,0.301889549,7.431865956,0.072490018,0.209542413
sug,-0.714232376,1.006883843,0.072516071,0.209542413
Girdin,0.422565698,5.828511889,0.072527098,0.209542413
Ndc80,0.668146679,1.192852402,0.072576304,0.209620569
Mer,0.41551622,5.60944613,0.072719996,0.209961088
CG6005,0.5929508,4.449231852,0.07273858,0.209961088
Dhc62B,0.597443915,2.375009657,0.072797849,0.210009397
TfIIA-L,-0.357440505,7.095965838,0.072799706,0.210009397
Antp,1.179285324,1.593939872,0.072858591,0.210073862
CG1234,0.749180957,4.44799295,0.072866457,0.210073862
Vps60,-0.337799317,6.500302774,0.072894244,0.210089961
RpS2,0.354673257,9.791388691,0.072943619,0.210168247
CG34134,-0.629077206,1.911609618,0.073004029,0.210278271
CG18011,-0.568418798,4.496478823,0.073041261,0.21032149
mon2,-0.333317,6.648832814,0.073222646,0.210724994
ics,0.485497032,5.440716107,0.073238789,0.210724994
Cen,0.745554908,6.218370678,0.073248204,0.210724994
Or42a,-0.80680239,1.299543288,0.073375792,0.211027885
CG16935,-0.370221227,6.045127116,0.073476378,0.21125296
CG1402,0.754733778,0.378494422,0.07357189,0.211463313
aop,0.431724222,5.422042851,0.073597556,0.211472844
CG16790,0.596470589,3.28125437,0.073630369,0.2115029
Ca-beta,-0.425950261,5.531356027,0.073663422,0.211533628
bbc,-0.298907274,7.548466026,0.073889046,0.21205885
Sec6,-0.470272598,4.875072106,0.073891146,0.21205885
CG5589,0.866698643,3.289312714,0.073980018,0.212249523
mtd,-0.306017573,8.605211204,0.074014068,0.212282847
Cortactin,0.475668495,5.371859452,0.07404709,0.212313202
CG42534,-0.426895442,5.523957044,0.074163107,0.212581435
Got1,-0.297021083,8.69492903,0.074193081,0.212589681
CG2254,0.307705278,9.5600498,0.074210919,0.212589681
CG11127,0.55923621,4.279417814,0.07424788,0.212631185
Calr,-0.296601719,9.520904931,0.07428462,0.212672036
RpL15,0.32491915,10.03873838,0.074323902,0.212720132
CG6712,0.87420428,3.626233139,0.074359359,0.212757259
EMC1,-0.32664291,7.183355445,0.074436633,0.212841072
Rab4,-0.305002344,7.481313861,0.074464299,0.212841072
HP1b,0.608497781,5.337773779,0.074481911,0.212841072
CG1299,0.329214877,7.64033377,0.07449927,0.212841072
mRpL18,-0.521603488,4.451218627,0.074501124,0.212841072
garz,-0.34774615,6.282481781,0.074616153,0.213105356
CDK2AP1,0.541970115,5.501887293,0.075042918,0.214259534
fne,-0.326251221,7.475423117,0.075133626,0.214386088
CG1550,0.455187722,5.044385582,0.075151264,0.214386088
Dsor1,-0.406643328,5.576319521,0.075155216,0.214386088
CR44807,0.586817259,3.180473051,0.075349228,0.214874742
CG32066,0.374474915,5.930913622,0.075431911,0.215045719
Xbp1,-0.299551052,9.548144504,0.075498845,0.215171707
Mst36Fb,-0.576963415,3.673202081,0.075625777,0.215468563
Aplip1,-0.337805869,6.405448116,0.075879158,0.216125403
peng,0.654162188,4.958390633,0.076103479,0.216699103
Cyp4ac1,-0.617193012,2.013975077,0.076127531,0.216702377
CG8399,-0.297756949,7.485449675,0.07623584,0.216945418
CG32121,0.882722334,1.691130766,0.076270213,0.216977978
CR44024,-0.415717083,5.775827155,0.076328907,0.217032297
CG3955,-0.575327921,3.220444301,0.076360295,0.217032297
Su(Tpl),0.397033138,7.196513702,0.076374504,0.217032297
trn,0.527789592,4.310236163,0.076381056,0.217032297
CanA1,0.726392407,2.383820566,0.076567873,0.217497812
CR44095,0.569650238,4.050481826,0.076665202,0.217708927
Sgf11,0.636658977,3.436870215,0.076701331,0.217746173
Fas2,0.303399972,7.307750413,0.076776677,0.217894695
CG14687,0.311804854,8.453572228,0.076889985,0.218135101
CG3732,0.468543531,5.418636386,0.076907493,0.218135101
Obp50a,0.895562217,0.891458741,0.076996003,0.218303328
Mdr65,0.371172967,6.299141671,0.077012948,0.218303328
CG11357,0.664287545,5.429643485,0.07705534,0.21831235
betaCOP,-0.307118211,6.987509088,0.077062275,0.21831235
CG9389,-0.676776623,0.987025976,0.077157095,0.218515544
Idh,0.311747794,9.534965341,0.077225909,0.218644988
CG11168,0.445423024,5.08886734,0.077290646,0.218716341
CG11221,0.5835363,2.508555114,0.077327466,0.218716341
CG3781,-0.496548253,4.631481163,0.077340181,0.218716341
CG13144,-0.782751828,0.712670208,0.0773666,0.218716341
Ced-12,0.547654631,5.151441661,0.077366687,0.218716341
CG8419,0.582055911,3.438296251,0.077576594,0.219244245
RpL27,0.328910817,9.34854387,0.077822699,0.219874105
Axud1,0.614806367,5.663824235,0.077927802,0.220058651
CycC,0.605831194,4.482490554,0.077946556,0.220058651
mal,0.353036384,6.193259968,0.077969119,0.220058651
Sfmbt,0.699983279,5.852159988,0.077981046,0.220058651
CG1311,0.403566058,5.815201628,0.078487349,0.221421376
CG4066,0.791026757,0.279114886,0.078718913,0.221981128
CG32278,-0.354597649,6.006177763,0.078734465,0.221981128
CG11417,0.722337903,4.294152612,0.078756145,0.221981128
CG10639,-0.441345069,5.112606235,0.078936186,0.222422332
RpII15,0.539696679,4.814919588,0.079001179,0.222539195
ms(3)76Cc,-0.743398197,0.2171422,0.079118078,0.22280216
CG5171,0.573896477,3.76582087,0.07916666,0.222812891
mew,0.489689628,4.786323102,0.079168985,0.222812891
Rat1,0.74269087,5.301128272,0.079244494,0.222959086
CG1518,0.482301497,5.88733127,0.079393603,0.223269471
FANCI,0.609665032,2.480965159,0.079408209,0.223269471
CG9801,0.440614868,5.136876553,0.079425601,0.223269471
CG2875,0.868179985,3.660878631,0.079609526,0.223701103
CG8460,0.643497806,4.798081094,0.079626434,0.223701103
CG14352,0.782300251,2.912713506,0.079708535,0.223865289
CG10338,0.437406578,5.110838487,0.079766356,0.223896881
alpha-Est7,0.428828547,5.829276254,0.079782156,0.223896881
plh,0.778365243,3.690383292,0.079790772,0.223896881
Cngl,0.566371627,3.885298893,0.079978315,0.224323951
lap,-0.300130609,7.563810601,0.079991093,0.224323951
Smurf,0.347759465,7.074568032,0.080046437,0.224323951
mbt,0.541893379,6.251409081,0.080057023,0.224323951
CG7166,-0.441096199,5.104202886,0.080061507,0.224323951
CR46108,0.61071175,3.546093998,0.080098974,0.22436249
mod(mdg4),0.619246573,7.737657302,0.080165796,0.224483208
Spx,0.823696435,4.396770545,0.080379294,0.224945438
magu,0.382298644,5.692530014,0.080395016,0.224945438
CR44644,0.867814137,0.385152442,0.080402185,0.224945438
CG4753,-0.503326035,4.593780916,0.080671914,0.225633358
CG11984,0.345182463,7.545962604,0.080790766,0.225836834
CR32582,0.583074584,3.033266247,0.080792399,0.225836834
CG7222,0.436847609,5.723887916,0.080850206,0.225931674
hng2,0.957305642,2.736203704,0.081140834,0.22665304
CG12404,-0.365814453,5.897134526,0.081156256,0.22665304
Treh,0.327708388,9.396693128,0.081240463,0.226821263
CG5646,0.510495383,4.761821975,0.081336996,0.227023792
C15,0.620040647,2.129744303,0.081407628,0.227113426
Cep135,-0.414679163,5.6156188,0.081417115,0.227113426
Dek,0.451124638,7.71072939,0.081576879,0.227492022
Tasp1,0.661686844,3.682560403,0.081820823,0.228105075
CG9915,0.531054079,5.8561132,0.081926517,0.228271537
mRpL39,0.7223072,4.227407498,0.081952014,0.228271537
Cul1,0.580530245,7.355507511,0.081952908,0.228271537
CheB38b,2.005873033,4.409986226,0.081996341,0.228325303
2mit,0.583293009,2.689411056,0.082134988,0.228644089
l(3)72Dn,-0.574669342,2.954683228,0.082343581,0.229157342
Trf4-1,0.621109627,6.325534808,0.082408734,0.229271226
CG13375,0.646761767,3.932947765,0.082525375,0.229528246
Cwc25,0.704499904,4.796150578,0.082567398,0.229577644
Art3,0.774039004,4.122166447,0.082601613,0.229605307
CG5290,-0.555489319,3.699971171,0.082823128,0.230153433
Nmdar1,-0.619224535,1.958388709,0.082923368,0.23036433
LanB2,0.490509201,4.602846925,0.083034845,0.230606311
CR43995,-0.724028121,0.347466551,0.083088268,0.230686968
CG11334,0.53462881,5.203830426,0.083143333,0.230772139
AstA-R1,0.655000851,1.071296,0.0832339,0.230945121
CR45535,0.605708176,1.750687498,0.083266933,0.230945121
olf186-M,-0.452136971,4.982388601,0.083350633,0.230945121
Fas1,0.290922746,9.878237158,0.083353525,0.230945121
CG13955,-0.69202683,0.70752638,0.083391478,0.230945121
gammaSnap1,-0.360512594,5.988093584,0.083397774,0.230945121
Pino,0.294852873,9.683815987,0.083434358,0.230945121
CG11076,-0.33029459,6.388352894,0.083435993,0.230945121
Gycbeta100B,0.443374055,5.017028171,0.083438497,0.230945121
CG11577,0.617964716,4.708441323,0.083449733,0.230945121
Proc-R,0.593841908,2.967934067,0.083559605,0.231181573
aay,0.300938639,8.778889877,0.08363282,0.231316499
Klc,-0.296466789,7.073665634,0.083658916,0.231321059
Vps15,-0.406960948,5.51395553,0.083732681,0.231457385
Tep3,0.408135408,5.523678079,0.083793529,0.231557936
lox2,0.37502624,6.18250098,0.084000199,0.232011238
CG30291,0.373016611,5.679888772,0.084006606,0.232011238
CG9281,0.348399093,7.107561311,0.084054832,0.232076692
CG10631,0.38872506,5.604938774,0.084273728,0.232574664
CG18273,0.597030307,4.246747854,0.08428435,0.232574664
CG11504,0.591476261,5.09198327,0.084339379,0.232593209
oaf,-0.476484351,4.685772025,0.084375876,0.232593209
CG14277,1.1136362,4.910553696,0.084402581,0.232593209
mh,0.571130081,2.235013772,0.084412227,0.232593209
CG3704,0.619194204,4.75554147,0.08441398,0.232593209
hoe2,-0.4070383,5.441233755,0.084493107,0.232700729
Nxt1,0.713514473,4.437503378,0.084521087,0.232700729
CG42867,0.64584663,1.019337346,0.084526781,0.232700729
Ankle2,0.406673153,6.314808257,0.084616989,0.232881312
bur,0.504646798,6.595352769,0.084756627,0.233197791
CG11790,0.327161797,6.491485658,0.085139568,0.234183312
AdSS,0.297514404,8.453047904,0.085185151,0.2342406
Bin1,0.832966131,4.227367486,0.085411634,0.234795142
COX7AL,0.683784234,1.200180626,0.085445083,0.234818872
CG3520,-0.419337644,5.498913793,0.085596295,0.235166127
CG10915,-0.342955307,6.328913139,0.08566847,0.2352961
ImpL3,0.434160603,5.186967812,0.085715479,0.235356896
CG3847,0.503936787,6.301020073,0.085758637,0.235407087
klg,-0.403421236,5.464291501,0.085931409,0.235786161
Ir75c,0.543619978,3.889583221,0.085946573,0.235786161
CG3011,0.412532342,5.360014699,0.08598418,0.235820959
CG8525,0.614118274,2.84282566,0.086245619,0.236469444
sm,-0.31130128,7.029290203,0.086363715,0.236724643
cta,0.543109587,5.278864886,0.086457788,0.236913869
drongo,0.293619937,7.440202423,0.086532752,0.237050636
CG32409,0.830488887,4.052011348,0.086609362,0.237191832
CG31522,0.341157538,6.988301665,0.086730751,0.237455546
pll,0.539900525,4.505626908,0.087006878,0.238091719
CG16952,-0.333925339,6.238868053,0.08701344,0.238091719
CG33926,-0.622076666,1.840215572,0.087043254,0.238104442
SmydA-5,0.736337324,0.915637548,0.087070005,0.238108783
Pms2,0.635864211,3.683989643,0.087214963,0.238436286
CG30069,0.300297289,7.057176927,0.087346141,0.238725934
rept,0.687109678,5.023241701,0.087466087,0.238984728
Mob4,-0.324985107,6.535372382,0.087533214,0.239099096
RpS27A,0.311071261,9.691534373,0.087634153,0.239262511
icln,0.921571708,3.922616537,0.087664185,0.239262511
gro,0.472335968,7.164296202,0.087668899,0.239262511
ogre,0.298294755,6.911900004,0.087836282,0.239612805
barr,0.633482713,4.502991691,0.087847899,0.239612805
sqd,0.468300199,8.782583881,0.08789007,0.239658744
stj,-0.385324203,5.78238243,0.087926509,0.239661747
Nup153,0.609930027,6.46525902,0.087954553,0.239661747
CG4768,0.643483092,5.607489838,0.08798354,0.239661747
CG4022,0.722152489,4.242839425,0.087993874,0.239661747
bves,-0.295068563,7.252440363,0.088035462,0.239661747
Nup358,0.581327647,7.145831583,0.088043145,0.239661747
TfIIFbeta,0.808903821,4.51132979,0.088301986,0.240297208
wcy,0.55761369,6.539705757,0.088499759,0.240757249
CG8939,0.714255113,4.790881239,0.088521927,0.240757249
CheA75a,0.86114053,6.337743982,0.088686775,0.241135316
betaTub60D,-0.342895872,6.132676869,0.088711904,0.241135316
AkhR,0.76196888,1.057314016,0.088954859,0.24172627
cert,0.312956247,6.635424714,0.089005951,0.241795667
CG43095,0.619591182,3.898805526,0.089062906,0.241880947
Dref,0.609379814,5.654265262,0.089094134,0.241896327
Trf2,0.494308709,6.431707015,0.089179541,0.242058754
CG42394,0.43612932,5.110713404,0.089277008,0.242249029
CG9911,-0.296290696,6.96607444,0.089300847,0.242249029
elg1,0.656452793,3.392090714,0.089493871,0.24270307
mre11,0.621050776,3.99460503,0.089549974,0.242785631
MED17,-0.495314666,4.440594688,0.089700459,0.243123958
CG7772,0.341422228,6.036710597,0.090018894,0.243917174
Dcr-2,0.442944168,5.473934488,0.090210805,0.244367201
Rpb7,0.600047153,4.571642406,0.090442639,0.244925085
CG18178,0.693604411,4.606246178,0.090491064,0.244986107
Usp5,-0.407767252,5.280101651,0.090603469,0.245220258
CG17292,0.374007749,5.732842731,0.090657394,0.245296042
mor,0.628235231,6.890866875,0.090846313,0.245717052
Mgat1,-0.375734687,5.645332971,0.09086493,0.245717052
MFS12,-0.733716931,0.618421959,0.090906467,0.245759141
CG14207,0.286214001,7.982733574,0.091089317,0.246143919
CG4730,0.783879521,2.609041543,0.091121717,0.246143919
fau,0.681057882,2.20635585,0.091126839,0.246143919
Cyt-c1L,0.732202116,0.373278603,0.091187582,0.2462377
CG14286,0.904546655,3.029837806,0.091256819,0.246354357
Chrac-14,1.071475082,3.787349608,0.09131169,0.246432175
Oxp,0.549135756,3.585238735,0.091367513,0.24651252
DppIII,-0.312989728,6.649703584,0.091401296,0.24653337
CR43242,-0.521724765,4.266783961,0.091596397,0.246981047
tgo,0.461710256,5.721003836,0.091619475,0.246981047
cac,-0.389836516,5.939588388,0.091662134,0.247025665
CG31473,-0.624683806,1.465275786,0.091882188,0.247495651
CG8301,-0.563075205,5.088519831,0.091888842,0.247495651
CG7239,-0.480307786,4.499694365,0.091966685,0.247634823
tweek,-0.357067256,6.164660927,0.092004784,0.247666932
CG32506,-0.563854303,3.342034574,0.092077908,0.247793279
Mi-2,0.528954978,7.337601973,0.092157335,0.247936509
MED26,0.362308905,7.422238305,0.092433625,0.248609143
Srp54,0.541990344,6.01660968,0.092500812,0.248719149
Pdxk,0.383333333,5.841469978,0.092554321,0.248792325
Fcp3C,0.662748211,1.014628145,0.092703838,0.249123463
CG9967,0.57238121,3.254288109,0.092764046,0.249214481
CR46194,0.523056568,4.018394379,0.09302043,0.249832334
RpL24-like,0.298623951,7.443608729,0.093048947,0.249838006
smo,0.79610893,3.787574202,0.093146949,0.250030192
CG10483,-0.516368443,4.037632612,0.093202526,0.250108423
CG11122,-0.398144975,5.279820965,0.093239999,0.25013804
TH1,0.60353548,5.019447834,0.093325107,0.250295399
Panx,0.816499424,3.85632046,0.093445064,0.250487853
Klp31E,0.438326632,4.906336673,0.093449812,0.250487853
CG5853,0.555420615,2.514504835,0.093544934,0.250671811
Clbn,-0.350644505,5.963464442,0.093606547,0.250765896
dpr17,-0.582576843,2.329766463,0.093707972,0.250966554
Crg-1,0.596867983,2.457082304,0.093743502,0.250990667
Kmn1,0.898276405,2.495821759,0.093830622,0.251128559
CG5439,0.435041524,5.495626643,0.093848086,0.251128559
RpS19a,0.32253308,9.029986606,0.093969546,0.251318737
CG14187,0.729478875,0.233506564,0.093972278,0.251318737
Ubc4,0.558371406,6.377404901,0.094095381,0.251576857
CalpC,0.509512558,4.19828375,0.094169853,0.251704844
vls,0.685726871,3.60811718,0.094293606,0.251964446
CG1236,0.486016468,4.946192288,0.094328826,0.251987394
ldbr,0.898484283,2.682209,0.094624085,0.252704796
Rad51D,-0.599034155,1.877148969,0.094673447,0.252765281
CG5815,0.544174113,4.702987674,0.094752297,0.252864385
eIF-3p66,0.363246628,7.005327838,0.094764015,0.252864385
CG33096,0.737499287,1.230713088,0.094794174,0.252873548
und,0.299892639,6.699790221,0.094902083,0.253090053
CG42336,0.450231772,4.988722146,0.095160777,0.253637092
krz,0.414092014,6.292780117,0.09516082,0.253637092
XRCC1,0.563769539,4.662384564,0.095230392,0.253751047
CG7029,0.275913846,8.221123018,0.095270777,0.253787189
CG7956,-0.314899475,6.576913371,0.095367956,0.253952339
CG16896,0.64076044,4.63014036,0.095386453,0.253952339
Arl5,0.607245859,5.047301707,0.095425868,0.253985812
CG1105,0.348887812,5.892622276,0.095622313,0.254437099
Mp,0.529648203,4.290138506,0.096100936,0.255638757
Hil,-0.362913462,5.70308282,0.096203264,0.255839034
CG7824,0.610241123,4.226869407,0.096234009,0.255848888
Rpt5,-0.316959118,6.515424888,0.096283588,0.255908796
CG10137,-0.371907275,5.622283326,0.096376071,0.255953386
Nup98-96,0.462591135,6.215023982,0.09637719,0.255953386
pzg,0.524644548,6.786548063,0.096381517,0.255953386
Rcd4,0.647502358,3.600147833,0.096425647,0.255987006
su(r),0.517439614,3.949042995,0.096457087,0.255987006
tam,0.822832288,3.382694891,0.09647534,0.255987006
Npc2g,-1.110700172,2.246318876,0.096560194,0.25614033
CG9319,-0.355341244,5.719539845,0.096756684,0.256589615
CG16734,0.600364624,2.947636923,0.097130365,0.257445876
Mau2,0.719828751,4.302320693,0.097133986,0.257445876
CG14131,0.609347304,1.699368683,0.097309189,0.257838014
fs(2)ltoPP43,0.687937563,4.710988888,0.097364239,0.257911656
Atg1,0.312410952,6.472914402,0.097415206,0.257974441
CG14641,0.566289191,5.437663273,0.097455595,0.25800919
RpS10b,0.311683572,9.477987721,0.097517004,0.25809955
Sytbeta,0.447400483,4.826840396,0.097636611,0.258291441
Tsp3A,0.583055145,3.664980632,0.097644101,0.258291441
CG5527,0.722443537,0.391252336,0.097835406,0.258725158
CG2617,0.706458486,2.913265787,0.097883488,0.258731552
CG32187,-0.558338668,2.189136843,0.097892513,0.258731552
bs,0.491120902,4.328387002,0.098012398,0.25890356
Rgl,0.319678284,6.692519903,0.098026137,0.25890356
kek5,0.380072691,5.810263956,0.09803968,0.25890356
CCHa2,-0.547496611,3.597285113,0.098178366,0.259197462
CG7322,0.565650648,3.419226033,0.098226854,0.259253137
firl,0.543872041,3.450318635,0.098327729,0.259447009
Lst8,0.560314268,4.625589283,0.098516494,0.259872613
CG33332,0.707674483,3.428968248,0.098712263,0.260316452
Cadps,-0.272963684,7.774503409,0.098744658,0.260329328
Patr-1,0.707008428,5.636759141,0.098814626,0.260441224
RhoGAP71E,0.55786449,5.704048876,0.098944984,0.260712179
CG6084,0.295710232,6.841281878,0.099069932,0.260968735
Rep,0.554410517,4.291439658,0.099336549,0.261598225
CG31675,0.69941025,3.269698992,0.099373183,0.261621885
CG7607,0.540135202,3.93129812,0.099444562,0.26173698
RpL6,0.301783481,9.943255287,0.099693444,0.262319067
csul,0.553245274,4.579284358,0.099910519,0.262817163
CG5567,-0.422050392,5.053211295,0.100009838,0.263005304
Edc3,0.651291491,5.32103349,0.100161771,0.26333167
CG4404,0.283251595,7.00407794,0.10027626,0.263532115
Mad,0.549379703,6.123813843,0.100293716,0.263532115
Art4,0.534824459,4.347007121,0.100360268,0.263633775
CR45270,0.62609625,1.061902065,0.100420774,0.263719501
Nmda1,-0.273534938,8.60084344,0.10046051,0.26375065
CG17337,0.346287978,6.422946461,0.100600095,0.264043855
alphaCOP,-0.284823928,6.960148579,0.100888581,0.26470088
dj-1beta,-0.348887259,5.8688992,0.100928068,0.26470088
REPTOR-BP,-0.322894573,6.467686061,0.100934345,0.26470088
fu,0.648768056,4.653804441,0.101022326,0.264858201
CASK,-0.309932985,6.463181926,0.101082178,0.264941708
tum,1.335420517,4.901343087,0.101398194,0.265696403
x16,0.800267596,5.866104703,0.101436605,0.265723466
Usp47,0.27908161,7.947593472,0.101572595,0.266006059
Sem1,-0.330456662,6.225090007,0.10166434,0.266172659
Trf,0.659481713,2.639915727,0.101739921,0.266296856
Tsp42Eh,0.625079353,3.358366244,0.101838795,0.266481936
Ibf2,0.628833109,4.076231436,0.10195142,0.266702885
Gbp1,-0.511716432,4.023383233,0.102082744,0.266972615
brm,0.421784932,7.103372757,0.102157907,0.267095362
Mps1,0.599361523,1.269807963,0.102201964,0.267116517
Rbp1-like,-0.296024562,7.311827077,0.102222459,0.267116517
CG5381,0.369187931,5.830153824,0.102510506,0.267795255
CG12991,0.2876255,7.104588707,0.102542602,0.26780516
CG5355,0.457078613,6.339567364,0.10259581,0.267852477
Rtc1,0.69198399,3.934257052,0.102619457,0.267852477
CG1103,0.645362439,3.905059361,0.102645644,0.267852477
tsh,0.678916439,1.030180837,0.102710456,0.267947707
Dlc90F,-0.314744243,7.446521597,0.102868209,0.26828528
Gycalpha99B,-0.338992158,5.895808658,0.102917253,0.268339226
CG6091,-0.324553697,6.053428955,0.103264449,0.269129599
O-fut1,0.674060663,4.827718411,0.103277275,0.269129599
mdlc,0.895615437,3.658870739,0.103462033,0.269536827
Rpt2,-0.286316938,7.11044382,0.103552615,0.269698553
CG13314,0.693258287,-0.030375508,0.10373803,0.269981996
CG42389,0.284961279,6.916263075,0.1037435,0.269981996
Cib2,0.621768631,0.757692702,0.103747045,0.269981996
CG11050,0.2772834,7.770934067,0.103782778,0.270000727
Grip75,0.536396325,4.631771712,0.103959338,0.270300415
melt,0.525766581,3.768305046,0.10397479,0.270300415
SMC1,-0.32151989,6.151998,0.103990475,0.270300415
lid,0.494941142,7.065571143,0.104016132,0.270300415
t,0.36961168,5.533599765,0.104040807,0.270300415
lok,0.591973617,4.367045852,0.104217061,0.270684005
CR42547,-0.580230278,2.156981197,0.104276308,0.270763563
tant,0.705168026,4.281352298,0.104357204,0.270899276
CG10514,0.560096899,4.558829099,0.10444097,0.271042364
ebo,0.541463637,5.84753846,0.104770217,0.271822264
CG32238,0.526468872,3.403428615,0.104909631,0.272109355
CG5285,-0.523085711,3.34467,0.105034087,0.272357503
IscU,-0.281786529,8.879072336,0.105129338,0.272529808
CG9467,0.391212277,5.933295717,0.105159378,0.272533014
CG2663,0.996454941,1.76953203,0.105240528,0.272668641
Cbp80,0.537087275,5.963302377,0.105286856,0.27268443
His2Av,0.697230987,7.528509689,0.10530426,0.27268443
wash,-0.38728346,5.313778043,0.105413237,0.272887279
CR42875,-0.551110185,3.658212498,0.105440276,0.272887279
Pvf2,0.6076431,0.843942276,0.105536857,0.27306255
Dark,-0.486105457,4.330957127,0.105588257,0.273120856
CG11597,-0.535519218,3.147802864,0.105667635,0.273251479
CG9624,0.626196683,0.684523971,0.106337258,0.274907959
Lsm11,0.590102039,2.153805974,0.106395948,0.274984556
Dh31,0.531424307,3.205880768,0.106440819,0.275025403
CG31344,-0.282188633,8.00149594,0.106489092,0.275051411
CG31342,0.309386777,6.371321106,0.106509022,0.275051411
CG11700,0.621079619,0.950811896,0.106586342,0.27517598
tinc,-0.313520056,6.419041872,0.106698727,0.275357736
Ilp8,0.559194896,1.904191933,0.106714946,0.275357736
Ipod,0.54391493,1.906319871,0.106759277,0.275397022
CG31347,-0.549867792,2.602643927,0.106939747,0.275724925
Ndg,0.553062084,1.58373399,0.106944671,0.275724925
CG5787,0.535977927,6.146363705,0.107029216,0.275867731
CG32537,-0.493180826,4.04609197,0.107109303,0.275998971
Ir64a,0.28833022,6.947795818,0.107143019,0.276010685
Ran,0.581916104,7.994018752,0.107305709,0.276332047
Gp210,0.513517369,5.422028378,0.107326176,0.276332047
alt,0.397564919,7.19783784,0.107396025,0.276436668
CG17323,-0.49882362,4.02223262,0.107433418,0.276457712
stc,0.502813679,5.992014466,0.107549741,0.276656336
CG11367,0.787069978,2.669762904,0.107571677,0.276656336
kon,0.501827146,4.167633136,0.107598321,0.276656336
CR43426,0.522175415,3.913618101,0.107821466,0.27715477
CG5447,0.526513831,5.092098985,0.107882173,0.277235504
CG8630,0.605706267,1.618587919,0.107950835,0.277336629
CG5618,0.411903152,5.123768498,0.107996575,0.277378824
CG34114,-0.453731023,4.622964998,0.108025928,0.277378923
rgn,0.377177096,5.564319107,0.108100605,0.277495367
Tailor,0.468895888,5.854844882,0.10816522,0.277585926
PEK,0.565623992,6.283851843,0.108202712,0.27760685
Herp,-0.304830251,6.514244758,0.108270886,0.277706457
Est-Q,0.601726732,2.352665634,0.10847763,0.278161337
AIMP3,-0.416574234,4.968811298,0.108560471,0.278272021
Dnz1,0.613628353,4.66601991,0.108579613,0.278272021
GalNAc-T2,0.447822191,5.263306951,0.108741428,0.278611262
fuss,0.618397678,3.615412302,0.108792307,0.278666165
CG4282,0.71900506,4.13783186,0.108956825,0.278961261
CG14005,0.681816486,4.325753765,0.108966479,0.278961261
pan,-0.364740977,6.28025812,0.109031842,0.278984114
CR44046,0.750753496,0.956803763,0.109034375,0.278984114
Cyp6a15Psi,0.67187043,0.354508794,0.109131938,0.279158259
CG17122,0.421765242,4.861308741,0.109164598,0.279166333
Ptpmeg,0.348440528,6.967981579,0.109233537,0.279267151
CG3071,0.582975194,4.320977449,0.109295683,0.279350554
CR43727,0.765009578,1.353891894,0.10933104,0.279365461
CG4452,0.413275412,5.754569763,0.109472014,0.279608948
asun,0.661180437,3.692259951,0.109485431,0.279608948
rols,0.440422203,4.737217617,0.109671187,0.280007763
Cpr47Ef,0.613032275,3.91691945,0.109763977,0.280169073
DhpD,0.453893726,4.585993942,0.109957118,0.280586368
ox,-0.280954416,7.267162832,0.110175144,0.281066922
CG10205,0.564385452,3.766250637,0.110278061,0.281253642
Nup50,0.720030209,5.077528451,0.11036704,0.281404724
CG3165,0.504987961,4.113816656,0.110599717,0.281922015
mRpS9,0.353487604,5.903962089,0.110635206,0.281936526
CG14141,0.529474824,2.418184616,0.110697409,0.282019085
ssp3,0.543488116,5.239607341,0.111036483,0.282806784
slif,0.37812215,5.365138219,0.111157576,0.283039017
CG1889,-0.300682931,7.696724173,0.111650162,0.284216796
QIL1,0.277524221,7.105020504,0.111853119,0.284656863
Non3,0.589112905,4.349924975,0.111954363,0.284837909
nompA,0.458268075,5.037767081,0.112095621,0.285120636
ICA69,-0.452710893,4.647615664,0.112359898,0.285716031
fs(1)Yb,0.760153687,0.686398584,0.11245712,0.285886423
gish,0.424354455,7.12948555,0.112504143,0.285929145
AlkB,0.573399498,3.854500254,0.112570165,0.286020113
CG13926,-0.552003648,1.836280732,0.112641422,0.286108906
Rrp6,0.584672371,4.965455545,0.112665587,0.286108906
CG14488,0.640503533,0.860683999,0.112704849,0.286131816
Nup214,0.560156387,5.598263607,0.113097715,0.287052195
CG7655,0.514059556,3.640585468,0.113133061,0.287064903
CG13587,0.608106317,1.353322939,0.113170029,0.287081721
RnpS1,0.620577186,5.06277979,0.113202439,0.287086969
Edem1,0.372473013,5.274909057,0.113570529,0.287943288
CG5849,0.678021698,0.616896231,0.113658348,0.288088747
Wwox,0.456077641,4.582655744,0.113787693,0.288290952
CG6418,0.531374091,5.157886494,0.113829402,0.288290952
CG3711,0.300865687,6.343512396,0.113829528,0.288290952
CG34008,0.95885119,0.987086905,0.113872854,0.288323508
Qtzl,0.688693881,1.782419774,0.114008105,0.288588734
Nup160,0.589485522,4.918637,0.114102759,0.288751084
CG43220,0.403953107,5.397889298,0.11426585,0.28908649
Dyrk3,0.285584259,6.686618141,0.114368582,0.289269052
cv,0.308425501,6.316450958,0.114466346,0.289344545
CG7054,0.301108882,6.37012523,0.114512164,0.289344545
dmpd,-0.32616839,5.983503993,0.114513909,0.289344545
TppII,0.388351726,6.575571686,0.114520748,0.289344545
CG17019,-0.361722345,5.556174888,0.114815356,0.290011452
Oaz,0.63302104,0.554235347,0.114896016,0.290137738
kcc,-0.266375747,7.383830841,0.114936648,0.29015564
Spn42Da,-0.293227797,6.820955752,0.114964436,0.29015564
CG6178,-0.340705961,5.789393646,0.11516647,0.290554958
Syx17,-0.335210478,5.909626855,0.115193988,0.290554958
bug,-0.406316562,5.044980494,0.115214775,0.290554958
CG17652,0.594900068,3.467420577,0.115259575,0.290590486
CG15744,0.813113856,4.169826388,0.115458909,0.290904604
Ref1,0.485868017,7.179473478,0.115469812,0.290904604
Sap30,0.60104928,5.143658547,0.1154764,0.290904604
CG3876,0.491135443,4.345091526,0.1156505,0.291265645
CR45472,-0.564821861,2.768319317,0.115714256,0.291320738
CG3831,-0.511833802,3.393693412,0.115741366,0.291320738
CG5188,0.498985216,3.762527202,0.115786455,0.291320738
msl-1,0.551361226,5.246359459,0.115795529,0.291320738
CG13022,-0.672255185,0.701573575,0.11588283,0.291462875
CG6785,0.576045593,1.952975201,0.116160685,0.292084082
CG11438,-0.466685709,4.516243874,0.116254449,0.292242189
ND-B14,-0.271493966,7.26754791,0.116336286,0.292370236
CG7627,0.307552281,6.206960753,0.116392014,0.292432617
CG5746,-0.312426612,6.500474521,0.116483803,0.292585544
Glg1,0.290820161,6.785569692,0.116515611,0.292587768
CG4069,0.735163586,3.740235614,0.116661295,0.292875875
CR43611,0.640925663,0.296603201,0.116717447,0.292939121
CG10584,0.495597312,4.013701705,0.116763936,0.292978087
Pli,-0.27922854,6.853915891,0.116943985,0.293320632
pins,0.572980918,5.40314291,0.116962454,0.293320632
Vha36-3,0.759681432,3.268069456,0.117171806,0.293767786
shf,-0.523739024,2.171229783,0.117228949,0.293833196
GstE2,0.499384912,3.920377035,0.117302516,0.293939726
ZnT49B,0.341941331,6.100632071,0.117470292,0.29428221
CG11413,0.622920914,1.323276913,0.117524549,0.294340202
Rox8,0.442702182,7.742035762,0.117575736,0.294390478
arx,0.590625187,2.619828703,0.117650744,0.294500355
CG34203,-0.519706026,3.155900686,0.117711321,0.29457406
akirin,0.493051158,7.395369526,0.118016701,0.295260186
RpI12,-0.522720957,3.111382591,0.118062847,0.295297557
cln3,0.295964909,7.09899062,0.118122696,0.295369172
ppk26,0.515679191,3.441669769,0.118268867,0.295656545
AOX4,0.284229998,8.931921714,0.118324477,0.295717433
NimB5,0.570969518,1.660483763,0.118378613,0.295774606
Ino80,0.626898623,4.48327245,0.118425655,0.295814031
SPR,0.51396658,3.405474421,0.118488289,0.295892369
CG14997,0.426034255,4.931418333,0.118725874,0.296407446
na,-0.340974989,5.761164551,0.119013626,0.297047463
Sk2,0.523053111,4.739828051,0.11906499,0.297097293
AOX1,0.2653653,8.750276379,0.11928746,0.297470976
Snm1,0.513487695,3.41363626,0.119298949,0.297470976
CG1172,-0.363738269,5.793202552,0.119309063,0.297470976
shot,0.298894024,9.021348281,0.119387324,0.297587687
CG14015,0.454676088,4.443580694,0.119426608,0.297607207
CG33170,0.328983525,5.833307835,0.119498371,0.297707633
ana,0.622141991,2.074957645,0.119728223,0.29820175
CG14082,-0.458081577,4.608003215,0.119951159,0.298678385
CG13002,0.88235539,1.695591117,0.120011854,0.298750897
CG43367,-0.303952225,6.27343633,0.120176319,0.299035342
mei-P26,-0.345987822,6.621534752,0.120207189,0.299035342
Synd,0.271401381,7.084899583,0.12022093,0.299035342
Nlg4,-0.510450336,3.492468323,0.120254258,0.299039629
CG31538,0.703335967,0.665784116,0.120459884,0.299472261
CG4406,-0.334218909,5.720783964,0.12052884,0.299564982
Ppt1,0.563391031,3.656326203,0.120612483,0.299677756
CG6066,0.727704484,4.070522544,0.120637558,0.299677756
beta-PheRS,-0.393855883,5.095063631,0.120719606,0.299802865
Cctgamma,-0.302080625,6.589513149,0.120819321,0.299971769
CG3527,0.572482436,4.222873476,0.120915001,0.300130571
CG11099,-0.360309287,5.587200175,0.121025405,0.300325828
cindr,0.322495253,5.975622313,0.121123264,0.30044303
Dd,0.407074687,5.753100598,0.12113614,0.30044303
CG5292,0.51157369,3.89589488,0.121190357,0.300498731
Rab35,0.376665673,6.60799359,0.121243503,0.300551748
CG2070,-0.636038818,0.533717803,0.121292242,0.300580671
fray,0.286176337,6.775219694,0.121318705,0.300580671
Pcd,0.35972793,5.39561546,0.121350881,0.300581685
GluRIIA,0.465577327,4.321283376,0.121569042,0.301043255
CG4615,0.301793328,6.226677352,0.121615899,0.301080491
Ir40a,0.307826702,6.382213702,0.121678793,0.30109297
Oda,0.254178228,10.8251544,0.121684582,0.30109297
rig,0.437599901,4.904806615,0.121830037,0.301374068
CaBP1,0.434291792,6.153382872,0.121864139,0.301379635
Prp19,0.578866424,5.350281383,0.122154093,0.302017776
Psa,-0.338702433,5.76034017,0.122257986,0.302195681
CG44422,-0.5053081,4.009904887,0.122405097,0.302480289
Dbp21E2,0.620815161,3.748671178,0.122437307,0.302480888
Mtor,0.582548411,6.339525088,0.12286517,0.303458688
Rap2l,0.303633533,6.30650737,0.122971045,0.303640926
Dap160,-0.278293987,6.727148193,0.123075576,0.303819749
Gpdh,0.260062632,8.574905664,0.123218999,0.304094463
wol,0.364258856,5.615612621,0.123931947,0.305774207
Fnta,-0.36305637,5.500998008,0.124203759,0.306364956
TBPH,-0.292035895,6.513134364,0.124426686,0.306834846
tws,0.272452053,7.16044503,0.124501839,0.306897413
Mgstl,0.261413708,8.340225424,0.124537209,0.306897413
CRAT,0.356337417,5.440958138,0.124572713,0.306897413
Smr,0.519473084,6.22372009,0.124581797,0.306897413
CG13315,-0.842115636,2.567232093,0.124690235,0.30702104
smt3,0.3919309,7.989984063,0.124708456,0.30702104
LamC,0.28606767,6.603540478,0.124729326,0.30702104
Argk,0.265220125,11.40573384,0.124924834,0.30742231
Liprin-gamma,0.26268934,7.00764615,0.125114288,0.307808474
pk,0.473613734,4.037653574,0.125296186,0.308175854
mRpS30,0.39130466,5.948771459,0.125439749,0.30844878
CG11920,0.669314921,3.888402158,0.125646625,0.308877206
IntS9,0.5548243,4.006364863,0.125910143,0.309444617
Dak1,-0.271489015,7.031155996,0.125943637,0.309446558
CheA87a,1.143231821,6.055033706,0.125984283,0.309466067
Scgalpha,-0.426674575,4.701785931,0.12603073,0.30949981
Adgf-C,0.583600958,1.226127223,0.126187895,0.309805362
CR44368,0.536156604,1.56792343,0.126362472,0.310153492
trus,-0.356891654,5.486866145,0.126524914,0.310185718
Sas10,0.642802678,4.242894536,0.12654813,0.310185718
Sbp2,0.511521109,4.562668554,0.126550394,0.310185718
CG5003,0.447165775,5.373744703,0.126558806,0.310185718
NiPp1,-0.477193066,3.865251115,0.126563154,0.310185718
dia,0.381764848,5.130894123,0.126572295,0.310185718
Tsp97E,-0.314827172,7.023436029,0.126756385,0.310556425
CG7470,-0.861756875,2.499954973,0.126882724,0.310785487
Su(z)12,-0.321252091,5.815984796,0.12725732,0.31162235
Urm1,0.497318941,3.042349071,0.127400761,0.311892886
roq,0.399393148,5.804931238,0.127519259,0.312036262
CG5694,0.490978871,5.370704752,0.127525283,0.312036262
CG13937,-0.262109083,7.027531372,0.127676626,0.31231519
jar,0.254731683,7.840714609,0.127747952,0.31231519
CG6024,-0.419816796,4.780462693,0.127767103,0.31231519
CG1628,0.574353397,1.582415836,0.127771306,0.31231519
CG12128,0.561981798,4.427762576,0.127846282,0.312417748
simj,0.35486897,5.877334661,0.128170406,0.313079068
CG4950,0.509204976,3.196910655,0.128183081,0.313079068
mu2,0.59718441,4.011147217,0.12826437,0.313196766
Nbr,-0.329751375,5.752207124,0.128336355,0.313219776
CG11123,0.620531403,3.846665071,0.128349572,0.313219776
Tango10,-0.32780087,5.96510439,0.128396484,0.313219776
SCAP,-0.285066938,6.641411414,0.128426331,0.313219776
Dgp-1,0.336840739,5.652509635,0.128439308,0.313219776
CG8223,0.778680214,2.70788518,0.128496396,0.313278252
CG31122,-0.280203284,7.151347436,0.128623729,0.313507915
CG31161,0.556637769,1.536518255,0.128683327,0.313572404
CG6903,0.314397775,6.101877621,0.128823622,0.313761469
Cyp4p1,-0.280726828,9.128991605,0.128827236,0.313761469
MetRS-m,0.635598488,3.747716508,0.128869414,0.313783426
CG7058,-0.474235474,4.062817113,0.128955271,0.313911698
CG2091,0.645584062,4.362123592,0.129071808,0.314114571
ZIPIC,0.611980555,4.115779688,0.129378122,0.314779067
CG17270,0.537152484,3.30770406,0.1295194,0.315041789
CG6767,0.283763504,7.865787566,0.129588104,0.315127895
Pex13,-0.305421599,6.082853944,0.129740184,0.315416656
TTLL3A,0.493495936,3.435962613,0.12989003,0.315694924
Spec2,0.794939934,4.287061748,0.129921373,0.315694924
Cpr51A,0.482848037,3.942285016,0.130062134,0.315955819
Rab14,-0.263078407,7.140662843,0.130141032,0.316066335
pic,0.469334345,6.129184424,0.130257202,0.316229545
CG1738,0.740504043,2.703361046,0.130301122,0.316229545
Pect,-0.250195036,7.761311519,0.130308497,0.316229545
Prosbeta6,0.338154214,7.120421681,0.130365671,0.316287175
fz2,0.35749766,5.433977142,0.130469752,0.316458547
CG9253,0.498807559,5.312853332,0.130627434,0.316759811
CG43066,-0.253597962,7.654857656,0.130664227,0.316767849
CG14230,0.650026092,4.140425245,0.130769787,0.316876438
CG10672,-0.292635162,6.83206128,0.130775998,0.316876438
CG32071,-0.727646873,0.134991462,0.130810786,0.316879585
Gdh,0.292253209,8.336321799,0.130922461,0.317068934
CG13827,0.495638938,2.983873109,0.131188915,0.317632935
CG7408,0.356997448,5.305314619,0.131245583,0.317688847
CG11555,0.588289348,3.942272164,0.131337007,0.31782884
Ugt86Dg,0.747715296,0.369435074,0.131397669,0.317894335
Sfp84E,0.70997429,5.860487137,0.131704087,0.31855421
CG5783,0.45211373,4.310172037,0.132059506,0.31926014
CG10184,0.495905797,2.09596922,0.132063432,0.31926014
CG5644,-0.351731672,5.352532112,0.132129418,0.319338071
Wnt4,-0.512771754,2.92658135,0.132207591,0.31944541
Ars2,0.345704173,7.429683256,0.132269725,0.319473314
Rpn5,-0.275590054,6.780812037,0.132323116,0.319473314
CG1024,0.590694008,4.300175169,0.13233629,0.319473314
CG18540,0.801743434,4.395549994,0.132354195,0.319473314
CG11873,-0.306322729,6.027004678,0.132426976,0.319567468
TER94,-0.258992797,8.572281649,0.132472616,0.319596097
CG10395,0.47747492,4.741375621,0.132542069,0.319682146
aph-1,0.614285575,4.55067003,0.132865655,0.320380945
CR43685,-0.498209142,3.671371272,0.133015586,0.320589511
pkaap,0.314543875,5.928889266,0.133019913,0.320589511
Sema1b,0.258861845,7.255708543,0.133083668,0.320661489
CG9004,0.529632352,4.373724708,0.133172679,0.320716599
CG10407,0.509923139,1.749026527,0.133174331,0.320716599
Syt14,-0.456880571,4.166126944,0.133281524,0.320893073
CG31673,0.463795063,4.914744106,0.133326276,0.320919161
Fie,-0.253755297,8.21563618,0.133372453,0.320948665
CG14478,0.467966556,7.223042837,0.133463023,0.321084955
ND-B16.6,-0.252895819,7.943218501,0.133634225,0.321415109
beat-IIIb,0.410268691,4.722494538,0.134289552,0.322909209
CG10077,-0.280410472,10.00543483,0.134405501,0.323105908
CG16868,0.663648877,4.183348762,0.134624984,0.323551334
CG31272,0.434430681,4.843796628,0.134660905,0.32355548
fu12,0.254519069,8.235492229,0.134701946,0.323571926
CG10628,0.462969115,4.301717628,0.134742919,0.323588199
Trn-SR,0.536872733,4.549636403,0.134782072,0.323600093
ec,0.470043243,3.993497571,0.135068044,0.324013168
lqf,-0.246429565,7.825015153,0.135127628,0.324013168
CG16753,0.786059899,3.148598741,0.135132756,0.324013168
CG18764,0.529893569,2.942477467,0.135135704,0.324013168
Psf2,0.582633723,2.380792457,0.135142297,0.324013168
Blos3,0.481498554,3.614649334,0.135162256,0.324013168
NaCP60E,0.344061901,6.169422262,0.135193827,0.324013168
ghi,-0.26918291,6.819352657,0.135319543,0.324232342
CG42259,0.484559641,3.857133872,0.135425509,0.324340033
CG13698,-0.27105122,6.978664932,0.135433045,0.324340033
CG6340,-0.278573784,6.532454785,0.135542216,0.324519343
Alp4,0.295664166,6.436497585,0.135712504,0.324844854
DOR,-0.269477356,8.791807627,0.135862967,0.325122759
DCTN6-p27,0.431140164,4.615038251,0.136125178,0.325639961
CG15390,0.579857108,1.791018079,0.136147927,0.325639961
CtsB1,0.254541299,8.016579603,0.136193647,0.325645199
sty,0.333849834,5.681083435,0.136220053,0.325645199
Bka,0.588239916,3.906775187,0.136279694,0.325645199
Cdc7,-0.357537839,5.235555804,0.136287782,0.325645199
Pgant35A,0.571727821,0.710031864,0.136410226,0.325663616
CG9425,0.386716565,6.311318914,0.136435092,0.325663616
CG13339,-0.430377839,4.655924905,0.136435661,0.325663616
CG34015,0.58477385,3.525907633,0.136444908,0.325663616
Rpn1,-0.265499453,7.090020743,0.13646758,0.325663616
CG4313,-0.436952145,4.458410058,0.136593448,0.325881797
GstZ1,0.534424286,3.098870668,0.136713278,0.326085465
Vps51,0.417896273,4.943088564,0.137023583,0.326743231
qkr54B,0.353197631,5.75864835,0.137058158,0.326743333
SCOT,0.282352659,6.782528585,0.137128129,0.326827797
Prx6005,0.267960336,6.846934341,0.137308373,0.327174974
SmydA-3,0.534545916,1.723045441,0.137577018,0.327732563
Vps13,0.297876238,6.217041792,0.137848426,0.328296452
CG12355,0.457219538,4.234055842,0.137910871,0.328362522
CG7154,0.568733874,5.503987344,0.137945618,0.328362626
Syn,-0.268114195,7.130669392,0.138012371,0.328378803
CG13685,0.308350048,5.858521151,0.138021824,0.328378803
nmo,0.6198502,5.834230775,0.138161096,0.328627524
trk,0.648582011,0.142794824,0.138257529,0.32877425
ST6Gal,-0.345340187,5.569068697,0.138372717,0.32884411
CG16863,-0.486588524,2.884363637,0.138412448,0.32884411
GNBP1,0.359757081,5.209252857,0.138413188,0.32884411
MESK2,0.243924871,9.732165452,0.138425924,0.32884411
wdn,0.409855357,5.476823979,0.13850339,0.32894555
wbl,-0.691750186,1.825143712,0.138589403,0.329067236
CG12219,0.46201173,4.599712329,0.13869247,0.329229339
conu,0.334510221,6.877153641,0.138810164,0.329426077
pho,0.377381265,6.33910972,0.139075307,0.329902396
eIF-4B,0.307423304,5.922183625,0.139080602,0.329902396
CG30338,-0.503640006,2.357693037,0.139168273,0.329982073
clt,0.410539107,4.851205753,0.139183941,0.329982073
CG45186,0.245946053,8.138536236,0.139280461,0.330128186
Wdr62,0.250985339,7.74862807,0.139449932,0.330447096
Ack-like,-0.368718259,5.131853429,0.139517124,0.330523541
CG34132,-0.455531987,4.019797128,0.139582962,0.330596743
sano,0.28111094,6.472911185,0.139727542,0.330856358
CG16884,0.550241965,1.184601878,0.13987791,0.331129543
Pex5,-0.301248191,6.050003462,0.139963983,0.331250428
Pp4-19C,0.487410211,6.164125727,0.140022538,0.331306141
Reph,-0.257242569,7.103471775,0.140233801,0.331723057
dnk,0.578429594,4.917148773,0.140411602,0.33206063
Mco1,0.594995834,2.545847707,0.140462956,0.332099073
Sec61alpha,-0.251452372,7.36873568,0.140524258,0.332161012
CG6332,0.64464606,0.642915933,0.140680892,0.332448201
CG34384,-0.313367052,6.117829509,0.141006641,0.333134791
slx1,0.657213553,1.374944484,0.141061166,0.33316762
U2af38,0.559441547,5.534309216,0.14109256,0.33316762
CG9175,-0.362126501,5.163419834,0.141137327,0.33316762
ssx,-0.291714797,7.688954163,0.141161381,0.33316762
Mid1,-0.349367596,5.46323647,0.141286546,0.333379875
CG9609,-0.404925171,4.768182364,0.141385782,0.333530858
CG7747,0.495038866,4.153229124,0.141423776,0.33353733
CG2862,0.261268769,8.67725692,0.141622195,0.333922055
CG43342,0.835328075,0.698253585,0.141893719,0.334478917
Obp56g,1.306708006,4.700189103,0.142080218,0.334835123
smp-30,0.395129558,5.040456421,0.142219664,0.335080294
CG16711,-0.296731564,6.023814311,0.142457731,0.335557642
CG7878,-0.301195927,5.911986569,0.142498006,0.335568973
gammaTub23C,0.517112744,4.827678225,0.142545737,0.33559785
CG17065,0.320646492,5.702478484,0.142592313,0.335623996
S-Lap1,-0.589895705,0.719547732,0.142696323,0.335785278
Notum,0.518640514,2.748253682,0.142873264,0.336057597
laccase2,0.261772164,6.969270903,0.142883081,0.336057597
CG10306,0.296780303,7.214052905,0.143053944,0.336375851
CR43629,-0.479995307,2.98228042,0.143139573,0.336493576
Bx,0.349742736,5.331541474,0.143256244,0.336642215
Det,0.708327492,3.488516959,0.143273959,0.336642215
CG18809,-0.317907766,5.806357113,0.143338549,0.336645676
CG32365,0.596872518,4.638927152,0.143346589,0.336645676
CG14857,0.602954886,0.214522737,0.14346703,0.336844922
CG32163,0.452229806,4.07270061,0.143520589,0.336852373
CG7339,-0.40261977,4.798305146,0.143567198,0.336852373
CG12773,0.423596882,5.507916056,0.143577005,0.336852373
d,-0.500122602,2.233595171,0.143626297,0.336884487
Ir93a,0.479197501,3.292591515,0.143694055,0.336959889
CG32544,-0.435272201,4.462396646,0.143807563,0.337142508
cwo,-0.301532296,6.194643502,0.143909679,0.337293263
RhoGAP54D,0.539469863,2.063094523,0.143943162,0.337293263
CG44006,0.488872012,1.908305253,0.144325523,0.338091649
CG8188,0.329364121,6.514429233,0.144419267,0.338091649
CG9300,0.583537467,4.159460159,0.144420455,0.338091649
CG13689,0.561016964,2.987883348,0.144426807,0.338091649
CG3604,0.368586038,5.667302286,0.144582559,0.338372539
TFAM,0.478585759,5.423352429,0.144793234,0.338781795
Fas3,0.2863229,6.270708541,0.145021221,0.339231345
Ugt,0.302512592,5.905021201,0.145198339,0.339561711
CG30357,-0.510978767,1.968452052,0.14528669,0.339684375
drk,0.261177211,7.066129731,0.145375003,0.339757922
CG13117,0.466060129,3.811421299,0.145389962,0.339757922
Cyp28c1,0.249576494,7.399612408,0.145549598,0.340046987
mge,-0.269034622,6.627878322,0.145628451,0.340132496
CG10175,0.596758208,4.316359191,0.145658093,0.340132496
trx,-0.28587639,6.527268851,0.14584327,0.340480883
Itgbn,0.601844095,1.267809801,0.145940615,0.340624099
CG12344,-0.247982415,7.793750008,0.146038587,0.340768709
CG13229,0.614686512,1.033604019,0.146152164,0.34085012
CG13611,-0.517992575,2.516485292,0.146161908,0.34085012
Arfip,-0.312276775,5.715626747,0.146181546,0.34085012
LeuRS,-0.347452768,5.252867196,0.146315111,0.341077501
CG9821,0.281848342,8.648826296,0.146446278,0.341299182
Axn,0.373473757,6.227469174,0.146679579,0.341758723
CR44458,0.625415975,0.142492551,0.146914805,0.342222522
Hr4,0.488710557,2.416176769,0.147035831,0.34242014
CG10600,-0.289170963,6.257383419,0.147300679,0.342952517
CG13876,-0.475013939,3.27298603,0.147485906,0.343299298
CG17189,-0.325764816,8.145610288,0.14755416,0.343373699
jnj,-0.408859538,4.675273136,0.147601074,0.343398418
svp,0.46782912,3.773517057,0.147654737,0.343438821
CG7183,-0.412863637,4.87667784,0.148196597,0.344604355
Dhit,-0.372856489,5.790639633,0.148228675,0.344604355
Eip78C,-0.486182703,2.931862461,0.148300939,0.344687666
NHP2,0.572486011,4.063121364,0.148692245,0.345512284
Gprk1,-0.250240114,7.161323413,0.148847631,0.345788432
CG15547,-0.468681812,3.630894391,0.148917717,0.345866332
CG32344,0.603680201,4.284495412,0.148971491,0.345899717
CR43959,0.494583651,2.838600807,0.14903265,0.345899717
CG4038,0.579223418,4.47826075,0.149041761,0.345899717
Bx42,0.437849193,5.953347556,0.149179229,0.346133856
Ptp61F,0.490924582,6.461948613,0.14924511,0.346201822
sl,0.533316918,4.481576376,0.149489863,0.346684579
Eb1,0.320683983,7.432270132,0.149553288,0.346746681
CG14937,-0.509960886,1.76464667,0.149620939,0.346791839
Bruce,-0.242028225,7.55843765,0.149646066,0.346791839
flw,0.273986384,6.769063818,0.149731657,0.346905226
CG33468,-0.611626816,0.489140439,0.149805147,0.346990527
CG30380,0.449584315,4.010522706,0.149911418,0.347023446
Rok,0.367068311,5.643768684,0.149976077,0.347023446
vlc,0.401234606,6.547700026,0.149998833,0.347023446
Arf51F,0.278603881,6.769627169,0.149999018,0.347023446
CG3335,0.627937603,4.053527527,0.150002737,0.347023446
CG31469,0.346343953,5.32729632,0.150085658,0.34709214
dock,0.381735357,5.631239172,0.150105795,0.34709214
CG13856,0.410114194,4.76965322,0.150294512,0.347360329
Eip93F,-0.2668973,7.277393306,0.1502952,0.347360329
wapl,0.401585319,6.066017235,0.150512236,0.347776991
Fs(2)Ket,-0.267446206,6.771236849,0.15057406,0.3478349
CG6523,0.317801814,5.908588061,0.150718741,0.348084142
Paf-AHalpha,0.619104928,4.920804131,0.150859321,0.348323792
glo,0.331171831,7.76172965,0.150910135,0.348356112
CG3740,-0.341741154,5.331493231,0.150997617,0.348473037
CG7800,0.473386804,3.577337956,0.151110684,0.348648937
Pdp,-0.335128705,5.480318931,0.151197603,0.348764437
kri,-0.300342463,6.209050441,0.151239222,0.348775414
cmpy,-0.408995257,4.571432921,0.151510462,0.349291255
Cpr76Bc,-0.574830927,0.632574927,0.151536737,0.349291255
CG1968,-0.336863018,5.381502775,0.151656958,0.349483229
CG8485,-0.264985864,6.719911281,0.151774355,0.349668602
CG4681,-0.56919553,1.266663837,0.151966307,0.350025609
tim,-0.780915699,7.729615428,0.152177003,0.350366329
Clic,0.275324965,6.395588114,0.152188291,0.350366329
CG9336,0.25481317,10.56463972,0.152228528,0.350373713
Hsepi,-0.369216686,4.95928405,0.152275939,0.3503976
SCCRO4,0.461029445,5.834088534,0.152377404,0.350545829
Tmc,0.61963831,0.315921791,0.152519701,0.350709557
CR44922,0.295220815,6.207959611,0.152522704,0.350709557
ihog,0.473803214,2.860288097,0.152570809,0.350734935
p53,0.449632778,4.337313302,0.152672857,0.350884278
caz,0.363154775,6.583082693,0.152756764,0.350990898
CG18858,0.46478686,3.396891402,0.15282302,0.350990898
CG10425,0.43250834,4.55985318,0.152830533,0.350990898
coil,0.436110156,4.516594553,0.153090968,0.351503698
Mob2,-0.240352616,7.83953366,0.15315258,0.351559852
ND-B14.7,-0.234257034,7.751069669,0.153258269,0.351717133
CG12883,-0.467347236,3.729605032,0.153398418,0.351953403
CR44748,0.692527333,0.14956056,0.153605997,0.352344229
Snx1,-0.289815942,6.178333201,0.15373592,0.352556781
P58IPK,-0.272332847,6.318931532,0.153786118,0.352586444
CG2641,0.464761562,3.531041667,0.153829166,0.352599702
su(Hw),0.530148742,5.868346797,0.153870507,0.352609043
Dp,0.316070785,6.799051843,0.153952518,0.352711557
CG11811,0.395702184,5.529437274,0.154021796,0.352784856
CG18538,0.832258373,1.472654885,0.154106498,0.352893438
CG11752,-0.281410981,6.178002748,0.154215677,0.353058006
CG14814,0.49861156,2.882427046,0.154360446,0.353273248
TfIIFalpha,0.562858684,5.74391541,0.154384367,0.353273248
Gip,0.414807536,4.639828926,0.154629033,0.35374756
CG1129,-0.353686275,5.194493173,0.154776297,0.35399887
BEAF-32,0.42057245,5.707979786,0.15482181,0.354017391
shams,-0.415848543,4.559183624,0.154942734,0.35413977
CR42861,-0.472359519,3.629203223,0.154950185,0.35413977
Hmgs,0.274832164,6.24956149,0.154992239,0.354150342
CG10674,-0.42827032,4.414521961,0.155105758,0.354285636
SmD3,0.482204084,4.507675714,0.155126686,0.354285636
Klp54D,-0.281993723,6.311499391,0.155187536,0.354285636
pie,0.513015358,1.26255584,0.155212102,0.354285636
Trn,0.399084754,6.895109627,0.155238665,0.354285636
hts,0.236281987,7.724120305,0.155488051,0.354769216
CG31687,0.467452902,2.731478547,0.155569538,0.354816391
TBCD,-0.341061485,5.223426541,0.155587587,0.354816391
RpS16,0.283900983,9.359357498,0.155621224,0.354816391
CG12134,0.603841651,3.775145701,0.155698293,0.354906588
nej,0.432862445,6.743540948,0.155918989,0.355324055
GlcT-1,-0.358160049,5.144093679,0.15600489,0.355434208
CG17249,0.520539364,3.966100807,0.156202432,0.355766315
uex,-0.260206301,6.678359923,0.156225855,0.355766315
CG3862,-0.390497189,4.694504354,0.156400045,0.356034563
rost,0.56159688,3.637462253,0.156421666,0.356034563
CG44098,0.510216728,3.671591258,0.156484748,0.356034563
CR45281,0.53235297,1.228915471,0.156528752,0.356034563
srp,0.553711579,1.475417348,0.156531789,0.356034563
Arpc3A,-0.385903922,4.777672859,0.156748,0.356431417
CG1494,-0.607667092,0.258290819,0.15681599,0.356431417
yrt,0.385654307,5.770038948,0.156819276,0.356431417
CG11134,0.502684443,3.617397838,0.156916322,0.356458578
CG3309,0.616177002,4.309044097,0.156961652,0.356458578
RpL18,0.259188867,9.372412621,0.15697833,0.356458578
nesd,0.514058729,1.312285822,0.156981916,0.356458578
CG6028,0.30550126,5.69510248,0.157172113,0.356771229
CG42376,-0.334829194,5.255746884,0.157195017,0.356771229
wkd,0.256523088,6.988674734,0.1575444,0.357478444
St3,0.406435513,4.525646351,0.157834923,0.358051796
Moe,-0.234357574,9.420497167,0.157929455,0.358146499
Gem3,0.560096367,4.001490406,0.157952371,0.358146499
Sirt7,0.661128617,3.794723904,0.158167983,0.358549461
Pc,-0.418109639,4.323388984,0.158400879,0.358991405
yin,0.419597333,4.487561895,0.158602335,0.3593619
Klp10A,0.275001754,6.210077399,0.15916832,0.360557972
CR45149,0.505463536,1.283548338,0.159354252,0.360892756
I-2,0.317803466,5.884530432,0.159887312,0.36201334
Wee1,0.369840138,5.760792944,0.160102126,0.362412994
CG13907,0.236344847,7.653262807,0.160525632,0.363284749
CG8032,-0.296521065,5.84599883,0.160640923,0.363458732
CG11208,-0.306352966,5.772261306,0.160689144,0.363480918
BTBD9,0.490409733,5.266822004,0.160775274,0.363588824
Obp19b,0.735058073,7.199663044,0.161469113,0.365070667
sha,0.467668515,3.268555565,0.161612939,0.365230218
CG1896,0.539970383,4.312633527,0.161661707,0.365230218
Bet1,-0.327629428,5.350650418,0.161685645,0.365230218
CG4089,0.33927274,5.186409465,0.161711564,0.365230218
Blos4,0.434834017,4.439922997,0.16173268,0.365230218
CG10516,0.461649476,3.134999406,0.161810794,0.365309726
CG5555,-0.32663735,5.359294326,0.161845104,0.365309726
spz3,0.450012588,4.090734262,0.162065454,0.365719849
Nep2,-0.240175542,9.471787687,0.16210983,0.365732765
Jheh2,-0.250303489,9.518698953,0.1622653,0.365996251
REG,0.3073724,6.528409696,0.162389461,0.366189009
mbo,0.571203191,4.689346325,0.162450364,0.366239063
sei,-0.300251176,5.709419854,0.16252431,0.36631849
Ttc19,0.324764062,5.559337884,0.162709194,0.366647867
Myo95E,-0.29495382,5.914613953,0.162806811,0.366735551
CG11771,0.306676009,6.206324201,0.162825623,0.366735551
Sc2,-0.239471833,7.518151016,0.162911785,0.366842291
Not1,0.277290876,8.029887312,0.163048062,0.367061805
CG12279,-0.397291598,4.602902143,0.163251831,0.367433117
gnu,0.478183716,2.872309875,0.163432886,0.367753142
CR45811,-0.544586514,0.459339735,0.163543611,0.367914799
CR43838,0.601451291,0.239472434,0.163627809,0.367975525
Spf45,0.360449581,5.830138622,0.163655981,0.367975525
CG43155,0.462347029,2.193436333,0.163687274,0.367975525
ebd2,-0.442586923,3.706962633,0.163870295,0.368226425
NimB3,0.619892362,0.119211724,0.163876715,0.368226425
Nipped-A,-0.258540554,6.691620147,0.16392078,0.368237992
CG4670,0.261777009,6.785616255,0.16403467,0.368361704
trv,-0.289502561,5.950937155,0.164053712,0.368361704
Magi,0.354836845,5.348395958,0.164237492,0.36860914
lace,-0.238814656,7.023547344,0.164241824,0.36860914
CG5281,-0.407499333,4.345476167,0.164421491,0.368924862
RAF2,0.563958084,4.978729849,0.164640437,0.369328549
CR43641,-0.657990747,0.400918288,0.164686985,0.369345403
Eps-15,-0.239515872,6.994628269,0.164748071,0.369359808
jvl,0.233180823,7.639457931,0.164771481,0.369359808
E(var)3-9,0.505561565,4.569617141,0.164919081,0.369519568
Klp3A,0.459419927,3.170634102,0.164920856,0.369519568
Cad86C,-0.257800219,6.690776789,0.16498843,0.369576589
CG5726,0.498924493,5.150148275,0.165024423,0.369576589
Clamp,0.365053218,6.886876536,0.165065215,0.369580469
CG42492,0.32907918,5.393173547,0.165152679,0.369621319
casp,-0.276907367,6.099885469,0.165161587,0.369621319
CG32425,0.37594988,6.167919525,0.165263829,0.369762675
tok,0.574364894,1.375761175,0.165460356,0.370114867
CycH,0.49051198,3.298142436,0.165531979,0.370187565
CR44813,0.552654976,0.77221532,0.165583989,0.370216376
RNaseX25,0.284524633,6.25758639,0.165629653,0.370230989
Mlc-c,0.243678782,7.289308075,0.166007694,0.370917755
CG15673,0.459492953,3.643919287,0.166015292,0.370917755
FLASH,0.522775261,3.904912892,0.16618417,0.371207415
CG14183,-0.493113058,1.62517203,0.166298021,0.371289907
p38a,0.394414429,4.54532113,0.16629958,0.371289907
CG11368,0.769484118,5.859361407,0.1663406,0.371293879
CG11882,0.456221429,2.975371251,0.166490997,0.371541937
unc-5,-0.32583834,5.329038157,0.166617602,0.371736796
Ripalpha,0.428819554,5.049271116,0.166716586,0.371784461
inv,-0.385087426,4.703923315,0.166717551,0.371784461
CG10139,0.471202714,4.516047409,0.166971421,0.372262862
CG10165,0.395494319,4.509486857,0.167045413,0.372340094
CG14763,0.46476692,3.050940427,0.167182958,0.372500473
Cyp9f2,0.247821956,8.817697307,0.167198759,0.372500473
CG9107,0.533286898,3.657936638,0.167249449,0.372500473
ssp,0.482977387,4.757816909,0.167274837,0.372500473
Cyp4e1,0.302785846,5.712124691,0.167460653,0.372826518
mus304,0.532472726,2.955242862,0.167712711,0.373175526
CG31808,0.238608401,7.668046778,0.167729209,0.373175526
CG8079,-0.363783836,4.877412084,0.167735734,0.373175526
Fatp,0.248341127,7.286429451,0.167809411,0.373209956
CG32075,0.531378186,4.219297777,0.167830095,0.373209956
ND-42,0.231296619,7.847445071,0.168310019,0.374189238
RpL28,0.235710928,9.440901805,0.168539686,0.374611818
babos,0.450567582,3.336190435,0.168644606,0.37475699
CG33129,-0.241497249,7.066288587,0.168788494,0.374988665
CG18508,-0.281926592,5.974112977,0.169027951,0.375432505
Vha100-1,-0.238945905,7.830996075,0.169103502,0.37545699
poe,-0.237468076,8.121111764,0.169118336,0.37545699
fog,0.319274244,5.371961028,0.169165379,0.375473331
COX7C,-0.22615237,8.463272084,0.16925918,0.375593425
Slik,0.259298994,7.467595474,0.169375931,0.375764376
CG6479,-0.447823461,3.438906517,0.169566328,0.376098593
sr,0.411050636,4.287199413,0.169704203,0.376316187
CG32549,0.236575277,6.974290236,0.169900326,0.376646875
CG11454,-0.389328902,4.605298078,0.169957417,0.376646875
scrib,0.235715965,8.317554282,0.169998788,0.376646875
CG42514,-0.508442489,1.123713342,0.170012556,0.376646875
RpS15Aa,0.246531993,9.717189148,0.170146322,0.376854986
Vap33,-0.23924319,8.114276601,0.17019447,0.376873409
CG12093,-0.28493799,5.872308873,0.170291995,0.377001135
CG31370,0.43296107,4.145347686,0.170387884,0.377125183
CG14464,0.424203291,5.782978087,0.17073015,0.377794358
Sld5,0.806737619,2.432135224,0.171099236,0.378522557
CG9548,0.576472267,3.962525155,0.171218861,0.378640918
HDAC11,0.450784655,3.61247868,0.171232772,0.378640918
CG42327,0.257800728,6.580429506,0.171593673,0.379350311
PQBP1,0.544813165,3.642588588,0.171662243,0.379413255
lama,0.240570178,7.166367658,0.171827041,0.379688804
CG3630,0.430226313,5.389948115,0.17187194,0.379699345
CG10341,0.476637603,4.326915406,0.172051581,0.379930695
Git,0.436422339,5.103995462,0.172056968,0.379930695
CG5721,0.372055354,4.739039277,0.172251107,0.380270644
RPA2,-0.537306944,3.822737926,0.17252424,0.380784782
CG42797,0.438471247,5.092078096,0.172579666,0.380818283
AnxB10,-0.238915792,8.405116802,0.172752135,0.381109979
ru,0.39836192,4.467770569,0.172855613,0.381249373
CG9186,-0.31793194,5.401260638,0.17296402,0.381399569
CG31729,-0.226463021,8.036484535,0.173069397,0.381543017
CG17896,0.248313676,7.177871144,0.173247389,0.381765175
MBD-like,0.562169501,4.521740514,0.173250863,0.381765175
CG30020,0.447889005,5.56586696,0.173631462,0.38251476
YL-1,0.472932372,4.605307683,0.173905359,0.383028982
CG8314,0.289928903,5.862651708,0.174015607,0.383179296
wac,0.471269892,3.098356025,0.174054599,0.383179296
BCAS2,0.497667225,4.266890623,0.174290164,0.383608636
CG6907,0.505862702,4.810776848,0.174448013,0.383866768
CG9213,0.570015473,4.131700996,0.174683903,0.384296463
thoc5,0.525633645,4.535086922,0.174767795,0.384391649
wds,0.527670019,5.397329607,0.175059281,0.384943277
Meics,0.457120791,3.97988296,0.175213667,0.385193244
CG11617,0.486401148,2.517267402,0.175389957,0.385491237
CG5515,0.38631472,5.526942026,0.176106868,0.386977052
Cdk12,0.416226223,6.152532164,0.176199523,0.387090757
bys,0.467275953,4.555359789,0.176313533,0.387233923
Gmer,0.449112632,3.467192224,0.17638266,0.387233923
CG3907,-0.2312025,7.818061363,0.176387467,0.387233923
Ugt86Da,0.252366548,8.1627685,0.176516007,0.387347443
CkIIalpha-i3,0.421038458,4.017658774,0.176523258,0.387347443
Surf1,-0.368010179,4.753733482,0.176612671,0.387347443
CG42369,0.621198749,3.557311569,0.176621709,0.387347443
CycG,0.239552672,9.432774379,0.176643861,0.387347443
CG7582,-0.321130401,5.314471194,0.176703047,0.387387448
calypso,-0.412290915,4.043494018,0.176824511,0.387563939
se,-0.59785825,0.10978262,0.177013759,0.387888882
Vinc,0.262512545,6.442674942,0.17708691,0.387959329
Mmp1,0.222628906,9.579005259,0.177189545,0.388094323
CG43386,0.488888253,1.491896726,0.177299869,0.388246092
CG30344,0.252260843,6.600002909,0.177528279,0.38865631
TyrRII,0.525031115,0.950354472,0.177659271,0.388853117
didum,-0.281170639,5.953728662,0.177741946,0.388944101
CG3609,0.240273812,6.816431349,0.177806455,0.388995301
prod,0.391620281,5.500307552,0.177861569,0.389025928
Flo1,0.253931761,6.551903745,0.178033304,0.389311561
CdGAPr,0.306657274,5.551576462,0.178180456,0.389512458
CG15812,0.521209806,4.888815858,0.178212386,0.389512458
RNaseP:RNA,-0.459910772,3.643422462,0.178248673,0.389512458
RpII33,0.554369789,3.993370349,0.178478018,0.389923577
neb,0.478676307,1.255509818,0.17855349,0.389970394
CG11426,0.319834645,5.353562865,0.178581877,0.389970394
CG6830,-0.289829968,5.770688653,0.178687836,0.390111745
RpL39,0.238834195,9.313911781,0.179003995,0.390711835
d4,0.373678605,6.710039002,0.179188471,0.391024288
Cyp6a13,0.397940818,4.380194348,0.179317372,0.391148538
tnc,0.515786513,2.502198973,0.179328087,0.391148538
CG2063,0.414624893,4.88900383,0.179418655,0.391255891
qm,0.296116324,5.760553753,0.179610274,0.391483252
MAGE,0.573239193,3.710373463,0.179620664,0.391483252
cdm,0.363116609,6.095436895,0.179647039,0.391483252
CG8010,0.534139486,4.454395238,0.179702835,0.391514673
Mst85C,0.6299805,4.392513127,0.179786839,0.391607521
luna,0.461752385,3.088390565,0.179932457,0.391772135
CG11342,0.465536097,1.739764171,0.179960674,0.391772135
Bsg,0.221500617,8.735066249,0.180036939,0.391772135
Mon1,0.405959612,4.999059412,0.180072788,0.391772135
PPP4R2r,0.363353063,6.36517449,0.180077064,0.391772135
Tdrd3,-0.312189943,5.388251708,0.180110842,0.391772135
Rbcn-3A,-0.22125152,7.652619559,0.180756004,0.39301431
ranshi,0.561444974,2.534166556,0.18079042,0.39301431
CG15891,-0.350081581,5.124858236,0.180837474,0.39301431
CG5131,0.431480796,4.067215931,0.180848056,0.39301431
CG43347,-0.357822027,4.861739778,0.180969289,0.393117799
Pex11,-0.318588422,5.435289375,0.180978771,0.393117799
CG15431,0.454150666,3.075206179,0.181186163,0.39347796
CG4341,0.310695624,5.364602797,0.181453574,0.39396827
lin-52,-0.379079405,4.520614397,0.181719319,0.394454737
aft,0.405235276,4.194461769,0.181817112,0.394576493
Unc-115a,0.281806313,5.937637728,0.181960522,0.39479717
tay,-0.262325939,6.489920757,0.182482186,0.39583825
dgt4,0.638502048,2.028430676,0.182544933,0.395883601
Mnt,-0.321227113,5.368547969,0.182623246,0.395962683
Rad23,0.332929022,7.312590652,0.182774596,0.396200051
Drp1,-0.232157584,6.99732226,0.183164897,0.396955166
CG2246,-0.230857577,7.141168031,0.183233291,0.396961337
wb,0.301468498,5.931172913,0.183267407,0.396961337
ste24b,-0.454940733,1.805779776,0.183293604,0.396961337
shrb,-0.229858928,7.315486045,0.183479378,0.397217713
Sras,0.566614296,2.41449735,0.183495944,0.397217713
CG34028,1.473313771,1.506269106,0.183568769,0.397284468
CG11034,0.403513059,4.565530086,0.183885029,0.39787792
Kap-alpha3,0.345804724,8.063044191,0.183987573,0.398008783
CG11970,0.445613584,5.268523297,0.184035828,0.398022171
RNaseMRP:RNA,-0.530754523,0.546013942,0.184232685,0.398356871
CG1677,0.40700916,7.174301873,0.184305174,0.398422564
CG6770,0.256624584,10.41277118,0.184348542,0.398425286
GAPcenA,-0.225654805,7.049150181,0.184479691,0.398617685
CG6184,-0.340906884,4.937496046,0.184751988,0.39911491
CG1360,-0.451047985,2.913510583,0.184880132,0.399300572
CG15439,0.627009452,3.827115614,0.184988198,0.399442795
MED6,-0.426406342,4.852035819,0.185056361,0.39949881
Noa36,0.43383771,5.144337548,0.185664614,0.400667491
LysRS,0.433504946,6.00549283,0.185682409,0.400667491
Rs1,0.487162229,4.862953856,0.185864932,0.400930333
CR44961,0.600810564,0.206952856,0.185888963,0.400930333
Ric,-0.227883644,7.908147843,0.185973012,0.400959149
slbo,0.653996605,-0.198383265,0.185987075,0.400959149
RpS26,0.239199195,9.854944029,0.18631316,0.401462709
Cad88C,0.455165027,2.043385422,0.186354075,0.401462709
CG7518,-0.253803279,6.671829679,0.186354619,0.401462709
CG4592,0.395409533,4.287996368,0.18639037,0.401462709
Os-C,0.236317597,13.55811882,0.186582499,0.401785071
pasha,0.590766211,4.32547236,0.186732217,0.402015982
Dif,-0.224532977,7.744924059,0.186923492,0.402336232
CG10413,0.293936935,6.19178443,0.187053781,0.402525102
sky,0.441897853,3.164121194,0.18745965,0.403306778
GABPI,0.282780109,5.696042158,0.187513294,0.403330481
brn,0.434986201,3.618510963,0.187605944,0.403438054
roX1,-0.299052136,8.523819044,0.187669298,0.403482594
Wsck,0.392243117,4.252152959,0.187755304,0.403575803
CG9267,-0.363961596,4.665609923,0.1880243,0.403973458
GCC185,0.376669864,5.044713948,0.188025693,0.403973458
CG15864,-0.513895616,0.93207826,0.188108358,0.403995172
tacc,0.218006295,7.675137628,0.188121193,0.403995172
CG8370,0.346711058,5.513822764,0.188218188,0.404111752
Tango2,0.53226496,3.345486416,0.188357229,0.40425257
CG5867,-0.230823318,10.29065084,0.188369222,0.40425257
CG12814,-0.253554856,6.615037957,0.188557934,0.404565799
wal,0.248918659,7.380414081,0.188667377,0.404708847
CG16779,0.592771671,1.838857244,0.188770877,0.404839083
CG7637,0.575808177,3.211791997,0.188833834,0.404882334
Fcp1,-0.276012568,5.833994732,0.188906531,0.404946442
Eaat2,-0.234355302,9.814507158,0.189035795,0.405131753
east,0.336582046,6.355795583,0.189391697,0.40580259
CR44894,-0.66257042,-0.156473696,0.189479785,0.405899418
vib,-0.231001156,7.299934504,0.189560017,0.405979375
Shab,0.254653012,7.283793237,0.189612739,0.406000394
CR43480,-0.450643807,2.36534279,0.189767947,0.406240795
modSP,0.269279628,6.335270731,0.189979711,0.406602131
Chmp1,-0.255763492,6.542148486,0.190126347,0.406823947
GstD6,0.44418723,2.718086591,0.190344642,0.407188374
AhcyL1,-0.226822514,7.307033971,0.190392941,0.407188374
CG13344,-0.371722571,4.578725412,0.190425761,0.407188374
CG18528,-0.433879934,2.590442336,0.190639965,0.407554303
disp,0.314343728,5.333383986,0.190746599,0.407685418
Xe7,-0.238900832,7.619860478,0.190802419,0.407685418
wnd,-0.263244533,6.062643789,0.190874575,0.407685418
nkd,0.369711421,4.738731053,0.190889456,0.407685418
Mitofilin,0.214889459,7.597157518,0.190916729,0.407685418
CG31915,0.470072222,2.768603749,0.19106086,0.40790114
syd,-0.236586257,6.693864516,0.191151557,0.408002715
pio,0.215790502,8.76671124,0.191244813,0.408109703
Ada3,0.399141428,5.076281122,0.191584986,0.408743436
Sec24AB,-0.238373336,6.646813739,0.191954507,0.409439484
CG12589,0.710846129,0.204820258,0.192176885,0.40982143
Atg16,0.436362917,4.805373244,0.192378668,0.410159296
CG16985,-0.379062349,4.477101509,0.192488383,0.410300762
CG10671,-0.260703955,6.034455999,0.192532248,0.410301831
da,-0.237911039,6.740938662,0.192711991,0.410592403
Letm1,-0.2196956,8.19157665,0.193246885,0.411513242
CG9380,0.505820521,2.432350812,0.193307427,0.411513242
RpS8,0.22722314,9.954023655,0.193392351,0.411513242
CG13609,0.524690456,1.644118622,0.193399028,0.411513242
ppk29,0.57394688,1.313800176,0.19340582,0.411513242
alpha-Man-IIa,-0.267746211,5.941276706,0.193433583,0.411513242
MCTS1,0.408553834,5.016467994,0.193479388,0.411513242
CG42249,0.715810436,1.846083336,0.193492117,0.411513242
Prosbeta4,0.332458913,6.592246545,0.193792542,0.412059557
SLC22A,-0.503791114,0.922435371,0.19385896,0.412108173
CG8866,-0.320243889,5.161182074,0.193906176,0.412115956
CR45479,-0.451540672,2.373789366,0.194080791,0.412312807
CheB38c,0.694536847,3.69003657,0.194114319,0.412312807
ds,0.392518251,4.29908243,0.194129524,0.412312807
CG3760,-0.273112123,5.82450561,0.194184211,0.412336402
E2f1,0.243556234,6.555246259,0.194411689,0.412726812
TAF1C-like,0.45963337,4.059178345,0.194483693,0.41274345
CG1523,0.435572633,4.890282698,0.194506769,0.41274345
CG13108,-0.430223959,2.25376596,0.194595237,0.412838594
CR45951,-0.487995972,0.9660468,0.194678821,0.412923336
CG8236,-0.427331856,2.171184594,0.194742532,0.412965898
rha,-0.439150614,2.724381592,0.194794318,0.412983158
CG6272,-0.2846249,5.659605411,0.194934915,0.413188656
Tango1,-0.234054471,6.867372874,0.195095955,0.413437385
Tsp42Eg,-0.394124238,4.481642463,0.195283151,0.413741419
CycY,0.313862506,5.883719076,0.195410825,0.413919235
CR44347,-0.459075646,1.648748487,0.195621545,0.414272843
SmB,0.560264364,4.770022627,0.195805241,0.414492584
CG15916,-0.338633555,4.990762419,0.19581292,0.414492584
CG14894,0.393192678,5.452853468,0.196044463,0.414889893
otk2,-0.493838535,0.815145048,0.196475905,0.415633065
Hsl,0.267375026,6.860818765,0.196483481,0.415633065
CG7484,-0.304290687,5.424174207,0.196631801,0.415711224
JIL-1,0.325384861,6.289877227,0.196671973,0.415711224
CG6356,0.241628839,7.751584561,0.196704139,0.415711224
Usp2,-0.226361379,7.113462532,0.196725638,0.415711224
CG15506,0.277184086,5.880098845,0.196740103,0.415711224
NUCB1,0.232447056,7.316708479,0.19678486,0.41571296
CG15068,0.565620013,3.250207162,0.196933335,0.415933754
CG13667,0.443668201,3.448880882,0.197121134,0.416237485
CG13663,0.374528103,4.582917681,0.197231034,0.416376627
Pgm,-0.245207461,6.531640923,0.197331123,0.416495
chas,0.222161629,7.428311188,0.197412381,0.416573584
RpL9,0.262935611,9.277666145,0.197600874,0.416878366
CR45009,-0.422455809,2.289384428,0.197727514,0.417013422
CG15141,0.621293531,4.847794198,0.197759641,0.417013422
Int6,0.282399323,7.369014443,0.19780541,0.417013422
fdl,-0.270378936,5.838405462,0.197841181,0.417013422
CG43427,0.213483256,7.567296465,0.197979311,0.417211634
CG13890,-0.34716496,4.848188509,0.198075345,0.417321068
RasGAP1,0.340637864,5.773816528,0.198132848,0.417349289
beta-Spec,0.214542445,9.209377457,0.198322267,0.417655306
Slip1,0.280399208,6.526186148,0.198374929,0.417673249
RpS24,0.232808194,9.569203128,0.198609111,0.418073284
Nplp2,-0.632841787,4.855394168,0.198691778,0.418154271
CR44161,-0.568179122,0.671795038,0.198920985,0.418512666
CG32687,0.453225439,3.469498209,0.198950536,0.418512666
CG7668,0.288186412,6.041941442,0.199080342,0.418692643
CG42360,0.486667438,4.681840288,0.199736965,0.419980259
CG5850,0.332125454,5.230848808,0.199822442,0.420001544
CG32726,0.933250829,2.693817947,0.19984284,0.420001544
IntS12,0.497393632,2.58240209,0.199880253,0.420001544
CG13428,0.874593594,8.553920362,0.200115674,0.420402866
Cnot4,0.235089449,7.906679508,0.200272035,0.420621975
CG2685,0.436884906,4.516935552,0.200308879,0.420621975
CG12299,0.567192532,5.393642636,0.200387155,0.420692981
MED27,0.563594306,3.118585521,0.200465009,0.420763069
GstE9,0.238138778,7.926586873,0.200534374,0.420815314
Roc2,-0.341379685,4.936181487,0.200939811,0.421572614
CG5909,0.353216121,5.579183026,0.201003449,0.421612642
Adgf-A,0.675487143,0.581429106,0.201165896,0.421817185
Syt1,-0.218388856,8.222297319,0.201226006,0.421817185
Tim23,-0.223977779,7.019924166,0.201270152,0.421817185
Cdk4,0.363384592,5.022599754,0.201279285,0.421817185
Teh2,-0.213895613,7.632631677,0.201386421,0.421948255
CG6227,0.474973741,5.109419322,0.201441771,0.421970784
CR45126,0.480069909,2.463591281,0.201558152,0.422121123
CG6180,-0.232436743,7.081206787,0.201713725,0.422353456
CG42235,0.362708569,4.697691082,0.201883895,0.422616243
Amun,0.351530765,7.801825744,0.202039622,0.422848684
Ktl,0.39147615,4.116499699,0.202135453,0.422896747
CG8944,0.460683864,5.472576689,0.202151975,0.422896747
CR44023,-0.621182665,0.204775489,0.202421107,0.423366161
dap,0.378095457,4.304729227,0.202556044,0.423483497
FKBP59,-0.245747975,6.349969362,0.20256672,0.423483497
CG43740,0.447579124,2.664246998,0.202671788,0.423609556
CG10428,0.458932311,3.964784628,0.20274668,0.423672502
Phk-3,0.423765531,2.956438514,0.202840259,0.423774461
Coprox,-0.284526965,5.676706537,0.2028948,0.423794835
CG5220,0.444643771,4.473497568,0.203123267,0.424178404
Bap170,0.570998274,5.514917903,0.20317189,0.424186325
COX8,-0.208513759,8.281230526,0.203230994,0.424216119
CG5987,0.461140625,1.481103521,0.20355196,0.42479238
CG31036,-0.245473591,6.276393828,0.203692336,0.424923646
c12.2,-0.271052975,5.809871568,0.203704678,0.424923646
CG34174,0.465947393,2.276208406,0.203885339,0.425206762
CG8735,0.338229761,5.042689272,0.204080761,0.425520528
aralar1,-0.229287002,6.930394624,0.204187941,0.425642694
Gdi,-0.219432358,8.366559104,0.20422932,0.425642694
Spt6,0.367770277,6.977703781,0.204295659,0.425687189
CG12851,-0.365852062,4.481866628,0.204473054,0.425795012
Tsp42Ee,-0.220545296,9.162090162,0.204475792,0.425795012
RpL22,0.211670539,10.02085503,0.204482407,0.425795012
ND-13B,-0.235092629,6.808857079,0.20472016,0.426196293
CG1603,0.503117216,3.974560623,0.204845672,0.426363782
Spc105R,0.452767826,2.163594235,0.205167233,0.426939159
Wnk,-0.233892696,6.808367305,0.205301703,0.427125046
Nufip,0.539542146,3.118071556,0.205460565,0.427361588
CG1942,0.41189483,3.271805785,0.205534034,0.427420446
Ilk,0.241255492,6.667140715,0.205669269,0.427607695
kto,-0.301654805,5.337385802,0.205812532,0.427738653
D19B,0.400310353,4.981240547,0.205822668,0.427738653
RpLP0-like,0.464308928,4.69731687,0.205988477,0.427989233
eIF3ga,0.244018532,7.301436534,0.206128457,0.428027682
CG9393,0.451487108,4.830400758,0.206180664,0.428027682
CG34148,-0.420933506,2.425321424,0.206193146,0.428027682
CG6290,0.942450871,4.128239065,0.206203672,0.428027682
rux,-0.400722095,3.77815225,0.206309094,0.428027682
LRR,0.261783108,6.08274411,0.20634725,0.428027682
Zn72D,-0.221597174,7.063781064,0.206347571,0.428027682
CG12253,0.509919372,3.564865731,0.206368874,0.428027682
nmdyn-D7,0.414689343,2.72971301,0.206536731,0.42816861
CG9766,0.372797533,4.3350902,0.206547712,0.42816861
CG1271,-0.299864832,5.384697994,0.206572575,0.42816861
CG46303,-0.605910137,-0.059993438,0.206736291,0.4284141
jim,0.2432989,6.617340615,0.206807528,0.428467885
Teh1,-0.333002181,4.948106218,0.206869012,0.428501444
CG42671,0.222839869,7.942509022,0.206953963,0.428548061
loj,0.357607932,4.934553132,0.206982101,0.428548061
RpS15,0.222144784,9.925859312,0.207151841,0.42880567
PhKgamma,-0.22457152,7.212602293,0.207524543,0.429443316
CG32579,0.40950924,3.435437757,0.207568472,0.429443316
CG7357,0.408082429,5.388562386,0.20759604,0.429443316
CSN4,0.37175872,5.511752655,0.207803767,0.42977907
Asx,-0.265839427,5.864366911,0.207869829,0.429821749
SP1029,0.45289583,5.041299719,0.208071453,0.430144655
CG7457,0.37273507,4.27872134,0.208244754,0.430408882
ArgRS-m,0.349982845,4.72584826,0.208333251,0.430441887
AdSL,0.371766134,4.319184549,0.208390621,0.430441887
Aac11,-0.219449702,7.757707811,0.208397197,0.430441887
CG18135,-0.270505002,8.057850994,0.208590068,0.430746229
CG3919,0.575536526,2.381760347,0.208731402,0.430854872
Rab10,0.280924546,7.423746063,0.208733749,0.430854872
Vps16A,-0.299519857,5.362542036,0.208839799,0.430879667
VepD,-0.43193137,2.408772188,0.208849011,0.430879667
fidipidine,-0.295782433,5.488977414,0.208882375,0.430879667
CG7834,0.216433571,7.276542767,0.208931345,0.430886744
Sep4,-0.2393221,6.465893861,0.209183523,0.431303639
bel,-0.207896468,7.885694358,0.209231368,0.431303639
SRm160,0.415925857,6.173610139,0.20927024,0.431303639
Rlb1,0.467427791,4.312888819,0.209416986,0.43151209
CG9953,0.244973273,6.73190174,0.209734786,0.431808799
CG8736,0.496280761,0.999131783,0.209762289,0.431808799
ct,-0.316312947,5.113084655,0.209762916,0.431808799
Sans,0.415920913,2.00063923,0.209782317,0.431808799
NT5E-2,0.2874962,5.568000496,0.209789162,0.431808799
Parg,0.529875773,4.366544212,0.210241314,0.432645349
CR43470,-0.52958011,0.357378663,0.210303554,0.432679328
Als2,-0.257808899,5.999292137,0.21059409,0.433138794
RpS17,0.216171165,9.330615823,0.210618431,0.433138794
Drat,-0.215419772,8.435951793,0.210791991,0.433401525
sesB,0.205895546,11.14757253,0.210886595,0.433501838
RpS11,0.238063073,9.647360403,0.210952434,0.433542991
Bap55,0.378499885,5.148259468,0.211219172,0.433996089
CG13404,0.409811242,3.169274064,0.211342676,0.433996089
CG8128,-0.297751344,5.24709219,0.211344254,0.433996089
CG6659,0.31106912,5.592970811,0.211356371,0.433996089
CG12081,0.417540765,5.051314331,0.211724221,0.434657102
Gcn2,0.375535103,5.171754408,0.21185963,0.434840741
CG7084,0.50322951,3.213680429,0.211937955,0.434907164
CG10984,0.305963575,5.686930412,0.211997602,0.434935237
Torsin,0.284772598,6.01309305,0.212086001,0.435022272
Pop2,0.216961117,8.310667944,0.212372353,0.435515216
CG6204,-0.337176643,4.869420802,0.212476493,0.435557539
Pak3,-0.244054969,6.194035707,0.212485056,0.435557539
Syn2,-0.232770497,6.619848073,0.212597966,0.435694597
CG34228,-0.361656994,4.481727714,0.212794871,0.435925511
rpr,0.486167861,0.883849201,0.212802783,0.435925511
CG7182,0.492110168,4.363980179,0.212873296,0.435975568
CG7133,0.393255458,4.839308868,0.213062246,0.436230222
toc,-0.214825666,7.033361262,0.213191094,0.436230222
Spn77Ba,0.22536121,7.215857639,0.213197267,0.436230222
CG10171,0.374316381,4.387162512,0.213238626,0.436230222
CG9205,0.254202308,5.952611511,0.21324912,0.436230222
dlg1,0.213529228,7.824294837,0.213274256,0.436230222
bab2,-0.231177924,6.764175612,0.213411021,0.436415622
CG32485,-0.257974756,5.902241422,0.213569699,0.436645742
Rpn2,-0.213823443,7.066262746,0.213648787,0.436713075
CR46093,0.466781644,1.276190641,0.214133416,0.437609153
CG10417,0.352329797,6.924423598,0.214640569,0.438345873
flfl,0.322146995,7.03340521,0.214648144,0.438345873
CG11360,-0.331929455,6.149350809,0.214671139,0.438345873
JhI-26,0.251429955,6.124291806,0.21467922,0.438345873
Pp1alpha-96A,-0.20495869,8.453603682,0.214942007,0.43878776
GC,-0.434873097,3.746487459,0.215129458,0.439075698
mRpS7,0.289863535,5.839681952,0.215336618,0.439403727
CG13982,-0.420302522,2.726984088,0.215656188,0.439960943
CR44892,-0.465833378,1.072279733,0.215996017,0.440559239
Acf,-0.2965353,5.416964553,0.216058228,0.44058457
GAPsec,0.46584143,4.240968652,0.216101563,0.44058457
Lap1,0.443517969,4.678278496,0.216548193,0.441391859
RpS9,0.252940227,9.034212484,0.216590826,0.441391859
CG12375,-0.287059073,5.550545939,0.216670359,0.441458859
CG15922,-0.379495491,4.016844176,0.216789566,0.441606647
CG9394,0.406885925,2.186036342,0.217146058,0.442051014
CG17985,0.348292132,4.759591554,0.217168493,0.442051014
btz,-0.264246883,5.75436363,0.217177501,0.442051014
Pngl,0.284076478,5.907889896,0.217194585,0.442051014
Tcp-1zeta,-0.222779135,6.834120923,0.217325132,0.44215668
CG13794,0.269923114,5.685635423,0.217339962,0.44215668
kat80,-0.289458816,5.302144924,0.217552301,0.442493523
eIF2D,0.301993782,5.218797804,0.217729114,0.442757979
Drl-2,-0.314148043,5.035292051,0.217826954,0.442861762
l(2)05714,0.447094475,4.278907605,0.217909708,0.442934835
Pak,0.310687569,6.404588589,0.218176583,0.44338205
CG11753,-0.292872753,5.263185356,0.218298207,0.443462893
RpL7,0.243443386,9.811727267,0.218390441,0.443462893
CG10932,0.347622786,4.666107363,0.218396572,0.443462893
CG3542,0.372416214,5.143803808,0.218420039,0.443462893
Neos,0.538864654,4.473818271,0.218450702,0.443462893
Mkrn1,0.341605849,6.540903626,0.218629298,0.44367194
SmD2,0.381927645,5.579537417,0.218647459,0.44367194
RPA3,0.458268462,3.609101255,0.218712926,0.443709627
Atg4b,-0.292286179,5.262563813,0.219184052,0.444542486
CG42359,-0.412799968,3.081164837,0.219217421,0.444542486
l(2)34Fd,0.540864311,4.009265496,0.219366072,0.444748612
CG17111,0.211301013,7.492322359,0.219473333,0.444870752
RpS29,0.230434413,9.678725196,0.219635666,0.44510445
His4r,-0.20694203,9.739048104,0.219766201,0.445222189
CG9717,-0.202681455,8.069625309,0.21980422,0.445222189
Fgop2,0.420959881,5.078224403,0.219834926,0.445222189
CREG,0.325814417,4.844732054,0.220004602,0.445470478
CG32803,0.37997553,4.445248728,0.220191715,0.445663644
cni,0.267232893,6.022463842,0.220194202,0.445663644
ValRS-m,-0.407226447,3.310573902,0.22030252,0.445787519
Prestin,-0.24715675,6.052314269,0.220422389,0.445815551
CG3793,-0.306435051,5.102075035,0.220455832,0.445815551
IntS10,0.505431573,3.711368599,0.220457722,0.445815551
CR44608,-0.497925614,0.481330462,0.220698507,0.44620711
CG32369,0.324529473,5.443721113,0.220893701,0.446506344
vri,-0.59323647,6.833381566,0.221034143,0.446690776
CG3797,0.309089877,5.650440723,0.221116301,0.446690776
TM9SF4,-0.246615121,6.212945914,0.221126569,0.446690776
Pallidin,0.421560485,3.38897368,0.221359074,0.447024817
CG13896,0.476883186,2.178046412,0.221386418,0.447024817
bdg,0.237772807,6.325877338,0.221466022,0.447090143
CG13123,-0.417366487,1.958424829,0.221744203,0.447463126
noi,0.38453954,5.10029,0.22174536,0.447463126
CG2211,-0.371214156,4.018527125,0.221809669,0.44749746
Gpb5,0.407114936,3.118328863,0.221968223,0.447721877
CG2604,0.212365108,8.787908838,0.222081004,0.447853892
nom,0.440817758,3.187462748,0.222250679,0.447927311
Gga,0.37551101,5.587191662,0.222251616,0.447927311
CG15432,-0.347334494,4.555663476,0.222288172,0.447927311
Atf3,0.28214091,5.617683017,0.22243493,0.447927311
Ca-alpha1D,-0.305796374,5.988314568,0.222475489,0.447927311
CG11456,-0.336645061,4.703801728,0.222479064,0.447927311
caix,0.434902762,3.154811601,0.222545425,0.447927311
RpL14,0.223059,9.378029023,0.222559295,0.447927311
CG3156,-0.359280834,4.317558803,0.222584521,0.447927311
CG17746,0.398678062,5.631206787,0.222604457,0.447927311
PIP4K,-0.21726295,7.125913968,0.222638147,0.447927311
Sply,-0.265922631,5.64672888,0.222698371,0.447953228
Pi4KIIalpha,-0.247641018,6.03107158,0.22288323,0.448183966
Crk,0.229884934,6.957666361,0.222907815,0.448183966
mub,-0.214977643,8.04321133,0.223440093,0.449158734
CR45298,0.481424674,0.649060017,0.223585548,0.449355661
subdued,0.313223367,5.071049202,0.223634465,0.449358527
CG13972,0.430776579,1.469526809,0.223785551,0.449566642
Ten-a,0.266149306,5.724587417,0.22390309,0.449707288
Scox,-0.283161589,5.400313463,0.224095885,0.449998995
betaggt-I,0.284931064,5.40918562,0.22418296,0.45007833
tadr,-0.271393206,5.788537591,0.22436811,0.450354488
CG5323,0.371561834,4.493131508,0.224507841,0.450534591
CG7352,-0.384498101,3.795461295,0.224553068,0.450534591
Cyp12c1,0.41040994,2.618976624,0.22462328,0.450579919
Cow,-0.197661948,7.993612575,0.224913343,0.451066142
CG42339,0.360521129,4.312216479,0.225185353,0.451452799
CR44294,-0.446552794,1.277369849,0.225201565,0.451452799
CG8475,-0.219940383,7.062021767,0.225372228,0.45169922
CG16903,0.307197394,5.775771498,0.226072811,0.4530074
Prx3,-0.227521909,6.541943968,0.226317318,0.453401326
trem,0.45703669,3.606472197,0.226624921,0.453921466
regucalcin,0.240708214,6.423286386,0.226694615,0.453964963
CG3605,0.350309706,5.75347116,0.226962895,0.454255983
Chro,0.32648535,6.60466289,0.226968053,0.454255983
ND-18,-0.21359052,7.132114335,0.227023327,0.454255983
mRpL48,-0.352351775,4.422994671,0.227031974,0.454255983
CG13965,0.459048191,1.443957652,0.227102897,0.454257826
att-ORFA,0.319316413,4.959690772,0.227128913,0.454257826
Abp1,0.385761058,5.513289432,0.227249163,0.454339491
CR44964,0.471355277,0.795539857,0.22726578,0.454339491
CG41099,0.243778302,7.090155836,0.227455162,0.45462204
CG11170,-0.397074922,3.447651698,0.22752489,0.454665367
RpL3,0.220659234,10.18625497,0.227615997,0.454751387
CG1602,0.469388286,2.724778444,0.227879286,0.455064781
stas,-0.232005497,6.40374218,0.227882387,0.455064781
CG11880,0.252530404,6.345577153,0.227917416,0.455064781
rod,0.40186489,3.086642654,0.227965236,0.455064781
CG11070,-0.238838317,6.142497946,0.228060674,0.45515927
SmE,0.412782338,5.040380617,0.2286329,0.456205081
CG17508,0.201029968,7.862458728,0.228737366,0.456313503
fbl,0.267011432,5.629655397,0.228783688,0.456313503
Prosalpha7,0.299309322,6.86376088,0.22894679,0.456542577
ThrRS,0.280948147,6.869008911,0.229223356,0.456949027
Muc11A,0.676132989,-0.067471734,0.229247203,0.456949027
CG11898,0.770207743,1.123161895,0.22947071,0.457206806
CG30026,0.394254393,3.578101068,0.229478664,0.457206806
ATPCL,-0.196059916,8.228342766,0.229568236,0.457206806
CG6454,0.227239538,6.520356602,0.22958356,0.457206806
phr6-4,0.399377552,2.162425274,0.22961813,0.457206806
CG6379,-0.310684188,4.939918256,0.229782901,0.457389584
Hexo2,0.36577416,4.227715698,0.229806604,0.457389584
Nnf1a,-0.398634192,2.404553507,0.230236685,0.458149215
CG5022,-0.396872687,3.460294633,0.230369452,0.458317022
CG8326,0.534785741,3.84044507,0.230447348,0.458375616
Rpt4,0.314262056,6.778515666,0.230595507,0.458573915
Hsf,-0.22712808,6.367706996,0.230720082,0.45872524
dtn,-0.221212352,6.768919943,0.230822316,0.45874627
CG4587,-0.346229384,5.043644774,0.230827625,0.45874627
CG4266,0.282518878,6.802579589,0.230939134,0.458871501
osa,0.299531836,7.233524804,0.231021176,0.458938142
Tbc1d15-17,0.368719292,5.220225974,0.231249113,0.45924974
meigo,0.329566742,5.481071031,0.231275102,0.45924974
mgl,-0.205598733,7.825585829,0.231327505,0.459257418
CR6900,-0.459582025,1.529782985,0.231801049,0.460101012
CG12945,0.297201206,5.146472961,0.231920632,0.460241824
Usp1,0.317190506,6.071623258,0.232091725,0.460484777
CG15514,0.316660695,5.610794936,0.23270873,0.46161216
Nap1,0.229416542,6.622403539,0.232812893,0.461721986
CG16789,0.37347962,3.911820987,0.23287518,0.461748733
CG2765,-0.217479972,6.838453077,0.232943241,0.461786914
Srp54k,0.267714929,6.617229073,0.233341124,0.462478784
CG17359,0.517455391,3.05457501,0.23370347,0.463099943
aux,0.323548318,6.119801158,0.23389856,0.463386
CstF-50,0.486312967,3.820470413,0.233961867,0.463386
ClC-c,-0.210436527,7.065885956,0.233994748,0.463386
par-6,0.261855047,6.323613819,0.234085309,0.46342979
CG4502,0.302233673,6.070202098,0.234114817,0.46342979
CG14650,0.362208837,5.891496711,0.234182616,0.463467039
Hex-A,0.204480659,8.766733058,0.234285319,0.463573336
CG17180,-0.385822918,3.690476464,0.23435006,0.463604488
CG18428,-0.30790423,4.991551126,0.234483806,0.463772109
l(3)72Dp,0.369078519,3.89640579,0.234763946,0.464229144
Hsc20,0.402578883,3.475964152,0.234826346,0.464255513
Top3beta,0.317091345,5.368828086,0.234928999,0.464361435
CG14210,0.453918155,3.25653999,0.235065415,0.464373364
CG12096,-0.300736166,5.064780799,0.235067379,0.464373364
Taf2,0.468026723,4.746223893,0.235125685,0.464373364
NitFhit,-0.284348351,5.434816515,0.235131345,0.464373364
ver,0.392095707,3.720255765,0.235532347,0.464963233
Ir56a,0.524328839,0.356878329,0.235559857,0.464963233
CG10348,0.399500356,3.4672386,0.23557744,0.464963233
128up,-0.292391806,5.168849892,0.235968002,0.465504304
Cpsf100,0.39812203,4.491070834,0.236016488,0.465504304
CG43191,-0.410040291,2.429971142,0.236031081,0.465504304
Smyd4-2,0.567398227,0.081420327,0.236048367,0.465504304
CG14285,0.43314423,2.268656025,0.236454914,0.466208875
CG10663,0.403861369,2.906590644,0.236819963,0.466831352
CG5704,0.287037241,5.54789833,0.236935011,0.466875538
CG11151,-0.195256349,7.739169347,0.236941062,0.466875538
CG14194,0.282271421,6.023962142,0.237016558,0.46692706
mRpL17,-0.289651453,5.177892838,0.23715138,0.467051774
CG6154,-0.433318953,1.889562396,0.237178585,0.467051774
RagC-D,0.281682382,5.407515188,0.237252653,0.467078481
out,-0.199233055,7.47840676,0.237290875,0.467078481
CR30055,0.259262288,5.644693701,0.237600821,0.467591299
CR44509,-0.506623029,0.119457665,0.238072026,0.468421192
CG6299,0.422537621,1.318573083,0.238305479,0.468783045
Patj,-0.25092787,5.717163466,0.238566467,0.469198901
kibra,0.27778537,5.323205939,0.238670065,0.469305103
CG18259,0.450679205,4.30235721,0.23881536,0.469493235
Pkd2,-0.488041184,0.398948056,0.23889557,0.469553363
CR45432,-0.52271627,0.076840644,0.238965878,0.469594005
CG12795,-0.341135722,4.4299279,0.23905983,0.469640878
GNBP-like3,0.522004831,1.081902295,0.239088999,0.469640878
CG12895,-0.281630126,5.265490238,0.23932779,0.470012361
RpS21,0.243991639,8.239223605,0.239488225,0.470229838
CG9356,0.367573031,4.578926837,0.239587107,0.470326392
gt,-0.405304038,2.285974139,0.23980764,0.470661666
CG11563,0.492329884,4.302499021,0.239894354,0.470708825
CG8671,0.262300892,5.948503638,0.239931163,0.470708825
drosha,0.333293315,4.982221021,0.240142515,0.471025804
CG4080,-0.317495362,5.370355873,0.240268876,0.47117598
CG42365,-0.382764208,3.556802308,0.240403647,0.471342583
Prosbeta7,0.274148817,7.222029099,0.240575696,0.471488094
Dgk,0.310715551,5.095789549,0.240577523,0.471488094
IntS11,0.33647289,5.239927309,0.240723698,0.471676876
Rm62,0.220814264,9.79221314,0.241135043,0.472377505
CG13751,-0.276119016,5.264631304,0.241181117,0.472377505
TyrRS,0.281981846,5.972242482,0.241298474,0.472454639
sigmar,0.196873391,7.479379384,0.241320363,0.472454639
CG30001,0.45757785,1.366231154,0.241584553,0.472874025
CG14419,0.980890848,1.435682832,0.241643287,0.472891166
CG1847,-0.298007774,5.10965906,0.241724368,0.472952021
PGAP3,-0.292211428,5.099814404,0.24187211,0.473143251
CG4942,0.411406535,2.803523328,0.241983467,0.473258214
mthl10,0.270153192,5.707447156,0.242030913,0.473258214
CG5445,0.250024696,6.427553178,0.242161982,0.473359942
Hrb98DE,0.297288408,8.695105767,0.242182993,0.473359942
JTBR,0.331721513,4.68734549,0.242298385,0.473487674
Ccm3,0.211360613,6.899185349,0.242444756,0.473675879
arr,0.353808534,4.552548338,0.242495132,0.473676494
CG12923,-0.423589981,1.45841057,0.242555159,0.473695957
vap,0.273794335,5.817199297,0.242674058,0.473830362
HP4,0.598339858,4.452125451,0.24282239,0.47402217
Pex19,-0.211837669,6.845537383,0.242894167,0.474064482
Abl,0.307289474,6.435569892,0.242950383,0.474076413
Khc,0.200964444,7.623276175,0.243275899,0.474613723
Upf3,0.426080185,4.074502228,0.243356236,0.474672584
Nop17l,-0.211086267,6.814779029,0.243717962,0.475280165
CG2540,-0.338285783,4.402266002,0.24380175,0.475345591
maf-S,-0.216619592,6.636413373,0.244050354,0.475732273
CheB93b,1.105679319,3.994106843,0.244104865,0.475740522
CG31229,-0.366120229,4.182594221,0.244260082,0.475931541
CG34250,-0.359184813,4.167401969,0.244313361,0.475931541
CG2982,-0.337385527,4.402311376,0.244353776,0.475931541
CG12075,-0.271865495,5.354657587,0.244414062,0.47595099
dpr12,-0.235463373,6.032011856,0.244498772,0.475974533
CG8778,0.293200752,5.111869195,0.24452676,0.475974533
mip120,-0.332075352,4.724231614,0.244704334,0.476222215
CR44069,-0.539711227,0.20343565,0.244880091,0.47645713
Ns4,-0.33752969,5.450201184,0.244962567,0.47645713
CG32650,0.471254887,0.650274575,0.245023519,0.47645713
Fadd,0.385199059,3.640929885,0.245026463,0.47645713
dpr21,-0.324863305,4.848847469,0.24536221,0.477011965
l(2)09851,0.46202842,4.291481348,0.245506136,0.477155605
CheA86a,1.390381415,2.719164787,0.245536952,0.477155605
dpr20,-0.229454956,6.132305076,0.245644371,0.477242826
Alg-2,-0.22321619,6.385138797,0.24568271,0.477242826
CR44429,0.402372698,1.586325518,0.245812171,0.477396298
CG32191,0.299590912,5.008078332,0.246061314,0.477782095
CG10904,0.37517597,4.190414484,0.246197981,0.477949384
CG10949,-0.348650451,4.221365521,0.24637937,0.478165126
l(3)72Dr,0.423275581,1.517551992,0.246420586,0.478165126
CG2926,0.293798367,7.017108271,0.24651081,0.478165126
CR46139,0.446551407,0.884385772,0.246511254,0.478165126
CR42862,-0.241421922,11.3192794,0.246988061,0.478953239
ND-15,-0.19329238,7.41071122,0.247018791,0.478953239
yellow-d2,-0.402658549,2.145537448,0.247143192,0.479061991
Spt5,0.314779299,6.391655017,0.24717614,0.479061991
Kul,-0.220344319,6.534557047,0.247301434,0.479206669
CG8159,-0.3935578,2.8939819,0.247398784,0.47922109
Usp7,0.260922188,7.307848511,0.24741017,0.47922109
MED15,0.376308935,5.249809889,0.24753427,0.479363338
Csk,0.199353172,7.659383232,0.247586822,0.479366996
Hip1,0.314736127,5.42036857,0.247656432,0.479403674
Vta1,-0.199094878,6.941431486,0.247739381,0.479466154
nvd,0.445296573,2.111558691,0.247977827,0.479603205
VhaM9.7-c,0.282081442,5.266831137,0.248041865,0.479603205
CG12012,0.268534198,5.567636633,0.248043038,0.479603205
PVRAP,0.359494934,3.961739934,0.248093867,0.479603205
mRpS21,-0.309340372,4.821865479,0.248109116,0.479603205
CG43322,-0.378103089,3.280713003,0.248114319,0.479603205
Ocrl,-0.228750853,6.169874822,0.248220515,0.479710481
CG6470,0.43196068,0.946561445,0.248433101,0.48002328
key,-0.230090761,6.610286122,0.24901726,0.481053759
CG33523,-0.202225507,6.973751352,0.249257535,0.481372928
l(2)k09848,0.462479681,4.48123023,0.249284226,0.481372928
Psc,0.469563765,3.373512189,0.249368417,0.481437249
l(1)G0045,0.38990063,1.947881795,0.249679573,0.481939642
CG4424,0.428103418,2.54668673,0.250057902,0.48257146
Rbm13,0.485390493,4.611458452,0.25013777,0.482627158
PCB,-0.192326917,7.81192221,0.25042313,0.483073845
mir-986,-0.485566309,0.458623765,0.250471389,0.483073845
CG3568,0.379900898,2.659996457,0.250634291,0.483289518
Or85e,-0.499144909,2.419195761,0.250860382,0.483537187
Dsp1,0.218312674,6.889242916,0.250874866,0.483537187
CG8111,-0.312216859,4.762183066,0.250981875,0.483537187
CG6179,0.479953139,3.883902548,0.250989941,0.483537187
angel,-0.37638424,3.522232337,0.251018248,0.483537187
vimar,0.316395702,4.87194065,0.251230447,0.483847443
kdn,-0.205121336,10.33739285,0.251607027,0.484474093
CG13067,0.388185786,2.311581239,0.25168388,0.484523473
CG4820,0.386332204,3.419809518,0.251956991,0.48495058
CG34124,0.417955358,1.867690437,0.252127341,0.485179765
NC2alpha,-0.364842585,3.72964566,0.252204454,0.485229473
drl,-0.389981986,2.92263785,0.25229818,0.485275205
CG3348,0.389301391,4.04355947,0.252330798,0.485275205
CG7564,-0.233616837,6.375386647,0.252389729,0.485289903
per,-0.379907431,5.529975442,0.252686176,0.485761194
frac,0.505067923,0.752845583,0.252753313,0.485791559
CG16812,0.384701542,5.130712266,0.252836283,0.485852338
robl,0.230198266,6.223024763,0.252955495,0.48598272
mats,0.341283818,5.148195543,0.253109931,0.486120377
B52,0.237328668,8.376610504,0.253129898,0.486120377
Ptp36E,-0.318018453,4.813467807,0.253315998,0.486379054
Mtr4,0.512991299,4.614040139,0.253629889,0.486882939
CG6201,0.603604264,2.45990095,0.253981293,0.48745862
Cyp18a1,0.457476893,0.573746596,0.254037692,0.487467987
ND-ACP,-0.188137962,7.727942576,0.254250177,0.487746732
CG11679,0.372926947,3.811217814,0.254286052,0.487746732
CG1371,0.258731991,5.531373219,0.254584328,0.488219886
Taf1,0.302246813,6.428583507,0.254699299,0.488341391
mdy,-0.255639223,6.164354055,0.254780589,0.488398284
Gos28,0.341815162,4.904007705,0.255279878,0.489230018
T3dh,0.370254686,2.742365106,0.255317885,0.489230018
Tor,-0.229184805,6.135731178,0.255481609,0.489402691
Arl4,-0.20623176,7.099170369,0.255553091,0.489402691
wmd,0.282882507,6.027060147,0.255617134,0.489402691
Br140,0.316821633,4.910873096,0.255647866,0.489402691
Sbf,0.283205184,5.144859094,0.255666614,0.489402691
Sur-8,-0.256454781,5.879933148,0.255824272,0.489573741
CG32221,-0.29456666,4.974191085,0.255868947,0.489573741
CG43143,0.247630056,5.946707542,0.255911194,0.489573741
nahoda,-0.200955621,6.998718897,0.256352083,0.490318054
mir-9381,-0.431835045,1.050794154,0.256421416,0.490351543
CG31957,0.400456772,3.520618858,0.25674238,0.490866115
CG17834,-0.206871399,6.801062645,0.256929365,0.491109538
CG11583,0.481445483,4.723016371,0.256973507,0.491109538
CG9586,0.335226369,5.20228185,0.257094552,0.491241651
armi,-0.358024066,3.846930921,0.257212658,0.491319269
CdsA,-0.19272125,7.427347245,0.257400748,0.491319269
RpS12,0.19868989,9.303061148,0.257441084,0.491319269
cactin,0.362536338,4.996546947,0.257453461,0.491319269
CG13999,-0.367383992,3.351856964,0.257472127,0.491319269
tth,0.237808585,5.903991232,0.257492327,0.491319269
mus201,-0.360167028,3.744613338,0.257498653,0.491319269
CG17454,-0.228319773,6.790391879,0.25788667,0.491960418
daw,0.273933618,5.561642823,0.258030356,0.492135302
CG30159,-0.250028077,5.716549517,0.258094769,0.492158949
CG3534,0.321605515,4.582958813,0.258155578,0.492175716
mtg,0.294354215,4.910894674,0.258325316,0.492400108
tud,0.190854222,8.571012357,0.2584481,0.492534929
SpdS,-0.381091659,2.531376062,0.258579023,0.492685203
Gba1b,0.415147306,2.185486928,0.258875107,0.493150043
CG17219,0.436878732,1.987746088,0.258961555,0.493215426
Haspin,0.323587788,5.755963125,0.259041088,0.493267615
gw,0.249258885,8.527909223,0.259247059,0.493560497
Phb2,-0.194577155,7.367536506,0.25931947,0.49359904
CG3448,0.43422523,2.498359481,0.259508986,0.493792817
CG8993,-0.212180912,6.467041764,0.259535048,0.493792817
Slmap,0.32564906,6.717143321,0.259577835,0.493792817
dsd,0.223938564,6.140176644,0.259676164,0.493880576
C3G,0.222986078,6.40409639,0.259975546,0.494350606
Su(P),-0.262023535,5.387018653,0.26057032,0.495220002
CG6805,0.2074295,6.80019587,0.260629017,0.495220002
pum,0.260113244,6.901738872,0.260698259,0.495220002
stmA,-0.186340118,7.486365389,0.260704293,0.495220002
Gr66a,-0.461618817,0.925085907,0.260725776,0.495220002
CG3529,-0.216240473,6.272549401,0.260768673,0.495220002
Pmm45A,0.288003344,6.003368641,0.260799119,0.495220002
CG4849,0.342197014,4.674314825,0.260928486,0.495366238
l(1)G0334,-0.188420633,8.96108892,0.261414362,0.496189107
eIF4AIII,0.288817439,6.349133589,0.261490066,0.496233254
Dcr-1,0.387900464,4.137227567,0.261822627,0.496676029
del,0.343424941,4.067716863,0.261828369,0.496676029
Taf12,0.227308662,6.494295031,0.262009094,0.496919232
Chi,0.367799811,5.787067265,0.26211557,0.497021549
CG42326,0.275319636,5.204475162,0.26230769,0.497286188
eas,0.187228093,8.340909842,0.262565714,0.497544857
dmt,0.305240037,4.746953207,0.262583334,0.497544857
CG9547,0.363454115,3.31695494,0.262601883,0.497544857
CG13933,-0.262277378,5.485064098,0.262856474,0.49789996
CG14882,-0.374814087,3.226476729,0.262894547,0.49789996
CG8435,0.492464737,4.141674746,0.263104172,0.498197253
CG14526,0.255249745,5.750860485,0.26349274,0.498792372
FAM21,-0.346087985,4.00679432,0.263523892,0.498792372
CG6329,0.186825398,8.750547635,0.263803382,0.499100157
Ef1alpha100E,-0.188149836,8.850882675,0.263834584,0.499100157
cm,0.321989921,5.050838934,0.263844746,0.499100157
e(y)3,0.292320502,6.627435724,0.264149825,0.499577382
bchs,-0.227787314,6.046188815,0.264296237,0.499684737
CG8270,-0.330347032,4.333397671,0.264312208,0.499684737
CG9485,-0.369910253,4.09493367,0.264467165,0.499877809
sd,0.211734954,6.534439009,0.264538875,0.499913489
CG18870,-0.345464932,4.130610262,0.264934239,0.500531335
CG33941,0.379775909,4.855421098,0.264971619,0.500531335
CG10262,-0.349027353,3.899373272,0.265097212,0.500576076
CG31803,-0.379124087,2.154015654,0.265101112,0.500576076
MSBP,-0.183765529,8.904511231,0.265192342,0.500648431
CG6388,0.325847281,4.37015686,0.265401877,0.500878027
mRpL12,-0.264257394,5.334978979,0.265419829,0.500878027
cep290,-0.279850496,5.158521808,0.26548154,0.500894582
CkIIbeta,-0.194279139,7.240106924,0.265749258,0.501299737
CG3756,-0.360084299,3.583386714,0.265892166,0.501469339
sowah,0.267412946,5.494470085,0.266197879,0.501945862
Sra-1,0.251930164,6.153560779,0.266273948,0.501989261
CG2116,0.383755397,4.835279308,0.266583442,0.502340226
CstF-64,0.462190176,3.935445704,0.266584783,0.502340226
GABA-B-R3,0.363679834,2.670930434,0.266619384,0.502340226
Tace,-0.269737533,5.189027908,0.266710264,0.50241141
LSm7,0.321606863,4.509214123,0.267012389,0.502880419
CG8617,0.324584114,4.866873839,0.267228166,0.503186649
CG15117,0.348838592,3.870783394,0.26728483,0.503193207
Nmdmc,-0.341064409,4.011207113,0.26766769,0.503813742
Rab2,-0.181861175,7.983905015,0.267779048,0.503923101
CG32243,0.353903013,4.921658945,0.267991383,0.504123063
GckIII,-0.230086207,5.899783818,0.267991863,0.504123063
CG5969,-0.320676149,4.616526802,0.268089661,0.504204651
Nup93-2,0.452175087,3.811542714,0.26814181,0.504204651
disco,0.319759324,4.406052599,0.268259192,0.504299713
CR43906,-0.397492661,1.214936049,0.26829896,0.504299713
CR43704,0.478539821,0.250219999,0.268434622,0.504454497
Xpd,0.343521547,3.964542773,0.268671039,0.504798524
rump,0.26715052,7.305370407,0.268950908,0.50522404
Mys45A,0.320489258,5.079662449,0.269070223,0.505252496
CG17068,0.324439969,4.51658146,0.269098019,0.505252496
CG11586,0.367616152,4.419069681,0.26912625,0.505252496
CG12121,0.263341276,6.375639325,0.269575359,0.505906964
CG32521,-0.181451299,8.94355684,0.269589658,0.505906964
Dhod,0.289468512,5.364822491,0.269635259,0.505906964
lectin-46Cb,-0.379460055,2.821920582,0.269945262,0.506388197
CG32196,-0.358805462,3.298321993,0.270108628,0.506519102
CG15019,-0.272265728,5.273759352,0.270122108,0.506519102
CG5267,-0.441507656,0.92814171,0.270241131,0.506628642
CG12975,-0.328181193,4.252004937,0.270335306,0.506628642
CG17680,0.28951694,5.332615665,0.270341155,0.506628642
CG4896,-0.22816509,6.11205383,0.270524467,0.506871783
CG8237,-0.319884207,4.658828503,0.270725804,0.507053402
CG18067,0.196654332,10.02112821,0.270728576,0.507053402
Snoo,0.313588165,4.604890839,0.270948859,0.507365546
Rcd1,0.294496466,6.489589538,0.271211551,0.507756964
pelo,-0.265496266,5.202708238,0.271288346,0.50778358
Tig,0.451497017,2.464842072,0.271333099,0.50778358
CG18815,-0.188463374,7.395246432,0.271584074,0.508152761
Hs3st-B,0.356019823,2.851697228,0.272051684,0.508927052
CG12158,0.814439957,5.913677555,0.272250152,0.509197656
CG4645,-0.27592494,5.063053402,0.272333034,0.509252009
janA,0.30351858,5.383325893,0.272499844,0.509460307
MRP,0.193643367,8.979115432,0.272552111,0.509460307
Brf,0.330480414,4.677339055,0.272792432,0.509754701
CG7857,0.386245201,3.008883668,0.272817354,0.509754701
CG43693,-0.183021916,8.475765474,0.272957524,0.509915912
ave,0.366785369,4.101037647,0.273136069,0.510148733
CG30419,0.366989545,2.425155138,0.273852432,0.511308228
Ubr3,-0.2046063,6.551417804,0.273864944,0.511308228
CG9240,-0.261733379,5.262643518,0.273961574,0.511387732
Sxl,-0.186193489,7.803148943,0.274411698,0.512010315
Pp2C1,0.254504316,5.763656082,0.274483322,0.512010315
CG9410,-0.280224229,4.977702131,0.274490448,0.512010315
CG4854,0.359601634,2.173867336,0.274574637,0.512010315
Cyp308a1,-0.205103018,8.844495156,0.274639111,0.512010315
CG3909,0.342987237,4.517576952,0.274655378,0.512010315
PI31,-0.194211779,6.861788402,0.274673891,0.512010315
HDAC6,-0.193365879,6.833891413,0.274807003,0.512140784
CG7130,0.366181196,2.819630287,0.274852135,0.512140784
RpS23,0.221964108,9.444329494,0.274912079,0.512151623
Nmnat,-0.247005242,5.588221349,0.275357218,0.51287992
Hrb87F,0.242648803,7.577639199,0.275436601,0.51292681
CG31694,-0.190690896,6.902815271,0.275524236,0.512989044
CG7692,0.375876154,4.84217481,0.275774031,0.513317938
ced-6,0.194539459,8.594184648,0.275809385,0.513317938
wdb,-0.178287534,8.28921904,0.275914184,0.513411997
CG8230,0.214608059,6.252339618,0.27611178,0.51367866
nub,-0.26468185,5.20065098,0.276235131,0.513807118
Dpit47,0.265219952,5.275959927,0.276564044,0.514286035
Tango6,0.373322312,4.194616107,0.276601314,0.514286035
Dlip1,0.371588263,2.217503334,0.276724821,0.514414589
CG11444,0.26930356,6.47535312,0.276924376,0.514584851
PIG-S,-0.326647319,4.277734346,0.276925181,0.514584851
kermit,0.384580343,3.796246787,0.277279869,0.515104693
dnt,0.403352554,3.383229519,0.277313814,0.515104693
Ubr1,-0.193323936,7.311019587,0.277576897,0.515492169
RpL27A,0.206111691,9.780025374,0.277741669,0.515696953
mRpS25,-0.322277007,4.628043678,0.2782775,0.516405504
CG31855,-0.30145057,4.72525367,0.278344362,0.516405504
CG11656,0.380758164,1.874282084,0.27845452,0.516405504
CG12659,0.553119828,2.714355152,0.278469048,0.516405504
CG16782,0.38478955,2.351007926,0.278541407,0.516405504
CG13255,0.27394731,5.230530092,0.278620001,0.516405504
CG32767,0.310293337,5.786722146,0.278654203,0.516405504
Ir100a,0.43229165,0.728862067,0.278700808,0.516405504
CG13502,0.312117073,4.636628155,0.278706429,0.516405504
CG5348,-0.45722167,0.869609626,0.278733079,0.516405504
EndoB,0.233148455,6.069028436,0.278763493,0.516405504
wap,0.355106285,6.05524839,0.278778198,0.516405504
Arp5,-0.305955851,5.000691744,0.278965971,0.516652187
CG17931,0.298275076,5.393116918,0.279147084,0.516835495
CG6136,-0.358451528,2.74193641,0.279189589,0.516835495
bip1,0.363409476,2.361558623,0.279228815,0.516835495
RIOK2,-0.353108587,3.402221971,0.279379796,0.517013814
CG4603,-0.235491244,5.684250261,0.279659675,0.517430553
Hmt4-20,-0.207118435,6.687452537,0.279809814,0.517607127
vig,-0.188739199,7.341262909,0.279903962,0.517680079
RpS27,0.195006618,9.117359074,0.280264008,0.518244683
CG34353,0.33296955,4.045368776,0.280431729,0.518453501
Hat1,0.43048298,5.219868777,0.28058531,0.518598472
Arpc1,0.197608327,6.686612568,0.280619761,0.518598472
Cul3,-0.196095037,6.694738281,0.280912808,0.51899042
CG8388,-0.33226765,4.081731228,0.280941549,0.51899042
Mrp4,0.232332894,5.723724852,0.281202223,0.519370572
galla-2,0.231588516,5.780926975,0.281440823,0.51970981
St1,0.412255772,0.987206416,0.281508399,0.519733165
CG9934,-0.227719941,5.945096295,0.281789928,0.520084738
Strn-Mlck,0.219830248,6.575482646,0.281810247,0.520084738
CR45182,-0.391737894,3.856608359,0.281863722,0.520084738
mthl14,0.50693299,0.088028884,0.282065611,0.52032687
CG6791,0.269351871,5.914856306,0.28210493,0.52032687
CG13604,-0.314256497,4.475977806,0.282354785,0.520686216
SLIRP2,-0.349071735,3.621291117,0.282482119,0.520768053
ERp60,0.239925022,8.623383732,0.282509239,0.520768053
Spn28Dc,0.233154428,5.956376476,0.28261329,0.520858386
Nna1,-0.224044708,6.414780937,0.282771718,0.52104888
CG3817,0.406985815,3.744217298,0.282937251,0.521252389
alpha-Est8,-0.211986108,7.890360109,0.283184295,0.521605957
CR46035,0.447071611,1.921607323,0.283528683,0.522138654
CG18537,0.684078748,2.595903306,0.28359947,0.522167384
CG4495,0.224398068,6.155716484,0.283771153,0.522355781
vir,0.320485973,5.012955665,0.283812203,0.522355781
Cks85A,0.349013415,3.722391785,0.284003005,0.522585171
CG6055,0.347947316,3.736251144,0.284047298,0.522585171
CG5516,0.416548526,4.159537024,0.284450274,0.523224824
RpL21,0.195270089,9.990546383,0.284763383,0.523698956
hook,-0.204993995,6.573770078,0.284850147,0.52373246
CG33213,0.393643507,2.687164599,0.284913665,0.52373246
SerRS-m,-0.320603357,4.204278967,0.284947654,0.52373246
CG6852,-0.243843575,5.560137294,0.285070736,0.523856925
Flo2,0.182514182,7.054395174,0.285367616,0.524161728
RpLP1,0.18766154,9.476094691,0.285391058,0.524161728
CG5676,-0.189724965,7.081855174,0.285402793,0.524161728
CG14860,-0.398931742,1.365521354,0.285559703,0.5242509
CG9890,0.35655074,3.98248548,0.285562158,0.5242509
CG12129,0.401834817,4.809675003,0.285772528,0.524535337
Klp68D,-0.182924621,7.326772382,0.28623972,0.525290969
CG10019,0.344477372,2.383849317,0.286303061,0.525305326
l(3)neo38,-0.204226964,6.427448526,0.28645315,0.525420298
CG31817,-0.390207655,2.039238913,0.286476783,0.525420298
Hers,-0.215089081,6.184776255,0.286705651,0.525738152
CG4806,0.360772785,5.057821934,0.287114458,0.526385778
CG8569,0.428201084,4.293437956,0.287342942,0.526702619
wit,0.214101354,6.341366495,0.287527052,0.526849549
pps,-0.224641394,5.905653988,0.287534461,0.526849549
CG32982,0.24889269,5.502702904,0.287660857,0.526979096
CG5009,-0.179851233,7.933289771,0.288087477,0.527658479
CG42741,0.467727217,0.270649534,0.288331889,0.528003935
Rab21,-0.278854391,4.885438648,0.288443422,0.528105971
CG7927,0.264930066,6.083140886,0.288921509,0.528825865
Rpn13,-0.18730616,6.935402244,0.288948396,0.528825865
Rheb,-0.188731511,7.092137306,0.289229679,0.529238295
RpIII128,-0.310205685,4.438082426,0.289423177,0.529438032
Prosalpha4,0.266600944,6.931686683,0.289450744,0.529438032
RpL8,0.196104525,9.892983589,0.289549249,0.529469909
CG42258,0.180074475,7.64604666,0.289580086,0.529469909
Edg78E,-0.453725292,0.530390952,0.289784494,0.529741283
Irp-1B,-0.184786491,7.259243668,0.290069289,0.530159476
CG10420,-0.316499627,4.220127046,0.290229097,0.530349115
upSET,0.247850915,6.787463631,0.290354495,0.530475813
oys,0.188219823,6.977534871,0.290798236,0.53118396
CG5938,-0.182615082,6.926508175,0.290863088,0.531199872
dos,0.250158179,5.289414056,0.290937454,0.531233151
CheA84a,0.578315658,2.859204125,0.291079913,0.531384406
egl,0.184203417,6.889437831,0.291134187,0.531384406
Hey,-0.470923984,0.426641317,0.29118877,0.531384406
TBCB,0.323839209,5.420647553,0.291304037,0.531492249
CG2034,0.322869938,4.679982723,0.291683145,0.532081342
CG9948,0.447791142,3.266637356,0.29208207,0.53270635
CG32428,0.20562625,6.341258527,0.29229312,0.532847527
CR40640,0.407204573,1.723094509,0.292296362,0.532847527
Socs44A,0.252092426,5.199351372,0.29232842,0.532847527
CG13749,-0.443055448,0.240265499,0.292395294,0.532866771
Gpi1,0.366476285,3.533864151,0.292540593,0.532978413
BRWD3,0.313050783,6.240952069,0.292569211,0.532978413
Eno,-0.178502271,10.18277114,0.292732685,0.532981847
CG18622,-0.274176837,5.075655382,0.292775831,0.532981847
CG2469,0.215358652,6.134842426,0.292795736,0.532981847
CG14812,0.276660234,5.029110278,0.292883529,0.532981847
CG8915,0.381820459,3.684508141,0.292905439,0.532981847
CR45195,-0.431418557,0.065924877,0.292912649,0.532981847
CG7694,-0.315041421,4.295090013,0.293013027,0.532981847
CG15445,-0.253512407,5.42352076,0.293021726,0.532981847
CG10889,0.348318902,2.932097455,0.293358715,0.533492247
Gyc88E,0.484543416,0.271601802,0.293457959,0.533531879
CG1774,0.322373936,4.219462093,0.293493282,0.533531879
QC,0.255816613,5.291835707,0.293873944,0.534121257
CG9902,-0.358441313,3.739311001,0.293988202,0.534226305
CG14442,-0.185125952,6.9329054,0.294178825,0.534470054
bsk,-0.186098564,7.174318878,0.294360425,0.534606682
CG6428,-0.30470036,4.49911486,0.294367027,0.534606682
Tango13,0.247720157,5.348068273,0.294551347,0.534838773
CR45597,-0.45145953,0.858495493,0.294612633,0.534847416
Mtpalpha,0.199868801,7.285880469,0.294765468,0.535004834
PIG-U,0.325894598,4.548282175,0.294852971,0.535004834
Inos,-0.182529903,7.39509643,0.294868972,0.535004834
RtcB,-0.245305143,5.37027951,0.29525908,0.535609934
CG4287,0.203613443,6.355805925,0.29544084,0.535784786
CG17565,0.309073165,4.665738575,0.295468718,0.535784786
CG8963,0.191403443,6.918278524,0.295807808,0.536192122
Nprl3,-0.296116094,4.55534049,0.295908614,0.536192122
CG3160,-0.277160319,4.959185007,0.295922835,0.536192122
RhoGAP16F,-0.341358694,3.195736423,0.295932406,0.536192122
CG8501,-0.432323901,0.623443688,0.295976692,0.536192122
RpLP2,0.229245042,9.324213167,0.296083847,0.536268285
Ras85D,0.240952023,6.697405356,0.296132085,0.536268285
Fur1,0.171049969,7.705818651,0.296335469,0.536533909
Fbw5,0.362377595,3.95012755,0.296512479,0.536751688
CG1815,0.282968878,6.196386931,0.296695423,0.536980125
CG45050,0.173724638,8.693312567,0.296785679,0.537040752
Nup44A,0.265992766,5.086285563,0.296911849,0.537152346
14-3-3zeta,-0.173515895,10.41231248,0.296960888,0.537152346
CG2023,-0.310816674,4.287389002,0.297191954,0.537467558
CG18278,0.412554938,1.207071366,0.297284775,0.537532684
CG14629,0.395129398,3.516376099,0.297373638,0.537590631
CG1647,0.388745268,4.481808171,0.297459047,0.537642311
CG4230,-0.185943577,6.84078749,0.297737994,0.538043717
CG3770,0.345515583,4.353300404,0.297905087,0.538242875
ewg,-0.206181525,6.287819846,0.297963517,0.538245667
ArfGAP3,0.245974304,6.13914562,0.298034245,0.538270667
CG5613,0.338566436,2.609445608,0.298654413,0.539287796
Mgat2,-0.187110202,6.821453147,0.298725179,0.539308425
Mlh1,0.348520245,2.183488165,0.298780182,0.539308425
Ide,-0.176644272,7.405072662,0.298843688,0.539308425
CG9248,-0.248000352,5.556828774,0.298893826,0.539308425
dpr14,0.421196136,0.69520842,0.29935945,0.540045589
GlcAT-S,-0.179832092,7.25969422,0.299530103,0.540197318
pn,-0.276893813,4.831648318,0.299557739,0.540197318
CR42254,0.343013178,3.144609077,0.299923152,0.540753213
CG9422,-0.318766539,4.102678458,0.300272847,0.541145359
Atg13,0.242448662,5.363641515,0.300299808,0.541145359
CR45175,0.431756763,0.203123088,0.300312226,0.541145359
Gcn5,0.248245178,6.13476823,0.300403339,0.541206472
CG9391,-0.215975604,5.890300783,0.300527204,0.541222462
CG6761,-0.206383086,6.147820987,0.300572498,0.541222462
Mpcp,0.172483137,10.26562926,0.300583813,0.541222462
CG40472,-0.348356636,3.800412189,0.300688926,0.541308717
CG4447,0.447706407,3.543587642,0.30089808,0.541458991
RpS3,0.198181046,9.660655116,0.300927885,0.541458991
CG18549,-0.209948083,6.02605327,0.300944075,0.541458991
CR44809,0.429397194,0.932516889,0.301309161,0.541961555
CG12338,0.300650473,4.389930951,0.301344707,0.541961555
CR45999,0.375622368,1.440099348,0.301395234,0.541961555
fws,0.296788984,5.655875139,0.301719244,0.542393614
CG42748,0.185200378,6.908992351,0.301750157,0.542393614
yps,-0.169192814,8.278725366,0.301994852,0.542652238
CG2278,-0.308489515,4.404599614,0.302008739,0.542652238
Ddx1,-0.266742811,4.925854085,0.302069549,0.542658454
CG33970,-0.170569792,9.624873551,0.302127547,0.542659615
CG13114,-0.487414356,0.687388293,0.302254245,0.542784146
CCDC53,-0.350314587,3.475107388,0.302600782,0.543303339
CG3104,0.180891047,7.715553453,0.303280775,0.544420924
Ho,-0.219090242,5.854495975,0.303437295,0.544598574
spt4,0.429891807,3.757482594,0.304122236,0.545724369
CR31044,0.551336257,2.906477913,0.304211771,0.545781527
SREBP,-0.180843605,8.335070216,0.304451223,0.546069083
CG5823,-0.202598913,6.175933236,0.304487474,0.546069083
CG32647,0.182496999,7.324118105,0.304548386,0.54607482
Rae1,0.309837909,4.646052454,0.304674647,0.546127801
CG18812,0.167427642,8.906631594,0.304693369,0.546127801
stum,-0.282437579,4.748637427,0.304906672,0.546327776
Spred,-0.178952479,6.9059131,0.3049229,0.546327776
CG1463,0.322799905,4.632798792,0.305005049,0.546327776
chb,0.219721742,6.076559753,0.305035895,0.546327776
mrj,0.250989141,6.669487074,0.305104583,0.546347382
Ada2a,-0.325744917,3.809907611,0.305234484,0.546457562
CG5641,-0.251236826,5.16732118,0.305281619,0.546457562
Ir62a,-0.347250306,2.312673386,0.305495372,0.546700109
Gr47b,-0.425608799,0.450708023,0.305583028,0.546700109
Vamp7,0.191113648,6.65550243,0.305622791,0.546700109
Teh3,-0.332547352,4.077279049,0.305662277,0.546700109
TpnC4,0.422049864,0.984205438,0.305706011,0.546700109
Spn55B,-0.269518092,4.881145575,0.306036619,0.547187922
CG3961,-0.176907543,8.398351753,0.306187928,0.547279581
lsn,-0.263847526,4.939313071,0.306203562,0.547279581
CG3499,0.202231792,6.187294547,0.306346978,0.547346117
CG32645,0.420360427,0.233532656,0.306356483,0.547346117
mRpL14,-0.294673522,4.697160594,0.306614585,0.547661275
Zyx,-0.17926858,7.30587642,0.306733818,0.547661275
Mhcl,0.195558152,6.596725273,0.3068008,0.547661275
Lcch3,-0.408149304,1.306459824,0.306813878,0.547661275
Cyp4p3,-0.338876413,3.521930998,0.306822281,0.547661275
Prosap,0.177959874,7.034685748,0.306922289,0.547736458
Arpc5,0.262384836,5.015692762,0.307239908,0.548199889
Toll-7,-0.32141787,4.074651655,0.307340728,0.548225698
Uhg4,-0.341259303,3.431265529,0.307370252,0.548225698
RpL37a,0.180180354,9.655445344,0.307511311,0.548373922
CG6364,-0.217794637,5.779631446,0.307774921,0.548740589
U2A,-0.331064008,3.67643822,0.307944498,0.548939495
CG42784,-0.343633527,3.371245529,0.308366628,0.549588441
CG4936,0.372257564,4.723723776,0.308474331,0.549676858
CG1969,-0.260799659,4.953522514,0.308668224,0.549874809
CG10948,-0.228307301,5.602575777,0.308736466,0.549874809
pico,0.274121345,5.284468847,0.308759761,0.549874809
dsh,0.311811728,5.588831723,0.308864785,0.549958336
CG9304,0.296107112,4.855587227,0.309362421,0.550617153
px,-0.192097614,6.678380428,0.309385466,0.550617153
spidey,0.23127269,5.896338174,0.309422552,0.550617153
CG7638,0.263380903,5.211885956,0.309467556,0.550617153
CG9590,-0.238745038,5.336482212,0.309570291,0.550696388
CG42494,-0.356831014,1.63707657,0.309841549,0.551034052
f-cup,-0.201932578,6.235705512,0.30992888,0.551034052
CG43313,-0.314940078,4.015330294,0.309934816,0.551034052
Stim,0.18845637,7.412332232,0.310327329,0.551628252
schlank,-0.179397018,7.516977374,0.31096329,0.552654892
CG2807,0.267351106,6.055608699,0.311193269,0.552783495
Prosalpha5,0.208402103,7.391007382,0.311250137,0.552783495
CG9471,0.292669846,4.952852177,0.311266875,0.552783495
Hipk,0.167327844,7.6480614,0.311269337,0.552783495
Mekk1,0.196844169,6.228825453,0.311660454,0.55337422
CG42340,-0.33941665,2.199406592,0.311926173,0.553661838
emc,0.173028918,8.04031068,0.31193947,0.553661838
CG5144,0.33652473,2.300231651,0.312264857,0.553934945
CG10344,-0.330362691,2.701720507,0.31227097,0.553934945
CR43958,-0.392402175,0.875192191,0.312280726,0.553934945
CG8273,-0.305548732,4.189734721,0.312356526,0.553934945
CG9386,-0.321366591,3.828104514,0.312386057,0.553934945
CHOp24,-0.181461498,6.856775321,0.312729402,0.55439614
wfs1,-0.313680383,4.156777132,0.312763327,0.55439614
CG31126,-0.302448765,4.290154056,0.312941476,0.554608025
Jarid2,0.30177693,6.244882102,0.313020415,0.554644038
ftz-f1,0.2655469,6.205955901,0.313081368,0.554648175
CG4747,0.261495411,7.346785263,0.313218961,0.554788059
CG5010,-0.170530018,8.511569499,0.313429521,0.555057108
CG6812,-0.239157335,5.273938868,0.313690608,0.555415518
CG16886,0.438396246,0.34180011,0.313913535,0.555706243
CG1907,-0.177996207,6.861510198,0.314099195,0.555930899
Ge-1,0.236491932,6.006377578,0.314291952,0.55616803
Esyt2,0.203308932,6.209930195,0.314717444,0.556658393
rswl,0.29189864,4.569007581,0.314739046,0.556658393
Ubi-p63E,-0.171469091,7.699334256,0.314745551,0.556658393
sta,0.176014403,10.10348295,0.314963549,0.556822374
CG3703,-0.292854307,4.366935586,0.314971281,0.556822374
Aatf,0.386875472,4.350533832,0.315056685,0.556822374
CG15293,-0.555597482,2.160123545,0.315073662,0.556822374
CG11279,-0.295154327,4.540152392,0.315176648,0.556900363
orb,0.444287251,1.23629175,0.315532085,0.557424306
Usf,0.247519679,5.181634825,0.315716955,0.557646785
msl-3,0.35248188,4.481005696,0.315833589,0.557748678
CG33695,0.426413486,4.264014722,0.316189978,0.558273851
CG32638,0.189878601,6.507319361,0.316409419,0.558454381
CG4098,0.338662028,1.957123148,0.316452678,0.558454381
Grasp65,-0.210488016,5.857137925,0.316496386,0.558454381
PlexA,0.200348019,7.159558321,0.316528308,0.558454381
CR42491,-0.25478892,5.050120999,0.316914356,0.559016784
Rsf1,-0.178544717,7.133029112,0.316965234,0.559016784
CG11125,-0.284657248,4.607706601,0.317169348,0.559272526
CG11403,0.330781212,2.690322767,0.3172573,0.559307891
CG5986,0.309491499,5.254534761,0.317307626,0.559307891
RanBPM,-0.17378582,7.0715393,0.31756773,0.559662109
bor,0.245936911,5.517591736,0.317853882,0.560062092
ear,0.374946358,5.163564858,0.317966666,0.560156505
rib,0.363483137,1.604115222,0.318208167,0.560477602
CG14864,0.339341337,2.930289659,0.31832347,0.56057634
Uhg2,0.326464817,2.933718122,0.318520618,0.560819145
RpL18A,0.182775854,9.501987117,0.318753856,0.561125393
Fbxl4,-0.231597166,5.332390987,0.318833987,0.56116205
CG12091,0.174897673,7.349360017,0.319192186,0.561688016
GATAd,0.228618217,5.752093094,0.319381289,0.56191628
CG32473,0.200621789,6.146284954,0.31956285,0.562125584
Pfrx,0.185201458,6.762857787,0.31961907,0.562125584
Ns1,0.304214046,5.350753856,0.319697501,0.562159033
mRpL1,0.303870989,5.052641526,0.319983441,0.562432845
CG1142,0.335927386,4.451366756,0.320004415,0.562432845
Sce,0.36594525,4.747945032,0.320049869,0.562432845
CG10431,0.365210107,2.121557833,0.320090982,0.562432845
CoRest,0.256067355,6.478965863,0.320532622,0.562943474
CG32055,0.370608544,0.761192109,0.320547858,0.562943474
CG15611,0.241267776,5.490565292,0.320568535,0.562943474
wls,0.390269756,5.207846173,0.320619571,0.562943474
CG8860,0.33144093,4.353522386,0.320758881,0.563083587
CG42271,-0.207074865,6.003799472,0.320990178,0.563385098
Sps2,0.214964439,5.792282284,0.321202396,0.563653018
c12.1,0.312183896,5.228000222,0.321421559,0.563933022
Hdc,0.620681214,3.870402213,0.321528403,0.564015897
CG1902,0.20426268,5.999735751,0.321707348,0.564225195
CSN6,0.357784506,4.963067814,0.321919795,0.564402383
Rbp9,0.240689845,7.100282444,0.321927675,0.564402383
shg,0.240305483,6.541233959,0.322145097,0.564678939
Ugt86De,0.327289662,4.258583637,0.322283058,0.564816132
cnir,-0.332832912,2.496871979,0.322436149,0.564979786
pad,-0.324034095,3.406152773,0.322668729,0.565282635
CLIP-190,0.166841558,9.71248689,0.323041928,0.565831677
Gbs-76A,0.300042605,5.060464568,0.323189329,0.565985088
Nsun5,0.366422167,3.582163639,0.323380052,0.566214296
skap,0.162312675,8.359522363,0.323502156,0.566323294
fwd,0.213031639,6.716474706,0.323863421,0.566850848
CG7069,0.368392286,1.023700856,0.324068931,0.567105645
CG4407,0.212008738,5.789689003,0.324163119,0.567125111
CG1789,0.355650642,4.583702892,0.324199929,0.567125111
RanBP3,0.304804036,5.591886346,0.324376555,0.567329198
Ext2,-0.232827275,5.279759787,0.324568749,0.567560432
CG4546,0.208818737,5.973690379,0.324663516,0.567621246
CG2225,-0.245125964,5.285367282,0.325015887,0.568132333
Csp,0.198406363,7.520126623,0.325231978,0.568329427
Spt-I,-0.323854062,3.53324874,0.325248768,0.568329427
CG30499,0.266795191,6.28217778,0.325336373,0.568377541
CG31549,0.288200453,5.565732259,0.325506957,0.568570579
CG1703,0.22506145,5.535967871,0.325599313,0.568626929
Iswi,0.364475373,6.022415507,0.325660743,0.568629259
CG32486,0.168573709,7.974404113,0.325777939,0.568728941
bc10,0.189971195,6.435047595,0.325913784,0.568852815
CG10347,0.310740746,4.585194325,0.325969136,0.568852815
sdt,0.18656329,6.537687321,0.32605567,0.568898904
Sin3A,-0.175575286,7.387663695,0.326503316,0.569511749
CR45409,-0.32723522,3.244703869,0.326527292,0.569511749
Kmn2,0.58178513,2.360533528,0.32664226,0.569562656
Psn,0.25508898,5.858341022,0.326676869,0.569562656
CG5435,0.337641997,2.022599331,0.326790216,0.56965531
Mesh1,0.325333673,2.956813839,0.32708006,0.57005554
IleRS,0.292992589,6.188004784,0.327238302,0.5702263
CG5757,0.407078894,3.185672894,0.327368265,0.57034773
Leash,0.296103186,4.249178149,0.327895878,0.571161782
Ubi-p5E,-0.184464469,6.652431378,0.328299925,0.571760333
Nab2,0.299512778,5.928295155,0.328379502,0.571793679
p38b,-0.218842546,5.633956066,0.329273761,0.573245322
mRpS35,-0.243080308,5.153269693,0.329511512,0.5735401
mim,0.202832388,6.179335226,0.329621806,0.5735401
Tom20,0.208095172,6.837924899,0.329642555,0.5735401
CG11655,0.219531708,5.753782308,0.329685543,0.5735401
frj,0.173205151,6.875620135,0.32979407,0.573623435
spin,0.181872965,6.624099753,0.329854838,0.573623685
CG10340,-0.219003141,5.681091611,0.32992639,0.573642687
CG16890,-0.291541897,4.477018652,0.330120128,0.573874085
CG16979,0.250218066,4.930463532,0.330945373,0.575202998
IntS3,0.206735243,6.669124872,0.331636902,0.576262928
CG15309,-0.206545518,5.762787467,0.331677014,0.576262928
CG34117,-0.227319343,5.323373856,0.332299272,0.57723806
Dg,-0.192180719,7.030689841,0.332476751,0.577440349
mRpL40,-0.279163583,4.492942909,0.332925042,0.578112819
RfC38,0.457395578,3.422785162,0.333024291,0.578179054
CG12112,0.375962275,4.727525424,0.333528418,0.578948062
CG42795,0.206734782,6.076369069,0.333614137,0.57899064
rtv,0.305794057,3.7479938,0.333713508,0.579056889
Usp15-31,-0.175981391,6.762997873,0.333924244,0.579316317
Scamp,0.208148047,6.541190709,0.334035434,0.579402984
CG30089,0.185426931,6.363593023,0.334424209,0.579919806
ND-20,0.159870532,7.907290168,0.33445597,0.579919806
CG6182,0.333867026,3.828195618,0.334677824,0.580198163
Ero1L,-0.198938328,5.975155467,0.33493122,0.580424879
CG33774,-0.270193246,4.721288584,0.334931287,0.580424879
CG9147,0.314337451,3.921600772,0.335165585,0.580643019
comm,0.315608618,3.580678835,0.335232577,0.580643019
NfI,-0.216800543,6.063023096,0.335241261,0.580643019
cbc,0.309053528,4.56602099,0.335387312,0.580676077
DCTN4-p62,-0.239562595,5.143129545,0.335446997,0.580676077
DIP-delta,0.328032524,1.954877955,0.335481522,0.580676077
Gug,0.222272736,7.056361218,0.335505825,0.580676077
pck,0.185559227,6.390715407,0.335634131,0.580734092
CG2277,0.287438956,4.471179706,0.335662096,0.580734092
CG11696,0.328364467,4.449392037,0.335985051,0.581186573
Bug22,0.199003174,6.040529617,0.336169892,0.581400022
CG15650,-0.329467764,2.129763508,0.336673282,0.582062259
Egfr,0.18927003,6.245150858,0.336784595,0.582062259
qjt,-0.36090292,1.267427099,0.336840504,0.582062259
CG13917,-0.1662118,7.327778542,0.336846014,0.582062259
nct,0.292594823,5.58869937,0.336868054,0.582062259
xit,0.295009543,4.100095399,0.336921897,0.582062259
CG5805,-0.206438505,5.736985952,0.33734619,0.582648479
kek6,-0.31830334,3.45107414,0.337384381,0.582648479
beta'COP,-0.18059083,6.562106259,0.337591048,0.58279875
Scr,0.728563653,2.423897331,0.337594583,0.58279875
CG18155,0.403114324,0.34067586,0.337889625,0.583201683
CG30349,0.284501894,4.626033451,0.338021778,0.583323375
CG12241,-0.238528448,5.123515464,0.338199306,0.583523311
mTTF,0.301933463,4.221403728,0.338319213,0.583561107
CG33108,-0.309778354,3.274598634,0.33834456,0.583561107
CG5880,0.365740066,3.622106697,0.338422968,0.583589962
CkIalpha,0.168038639,8.506511516,0.338505973,0.583626734
Atac3,-0.293463654,4.190299065,0.338579972,0.583647968
CG4709,0.300806834,4.586979546,0.338741828,0.583820614
CG15822,0.322978739,1.975560913,0.33898805,0.584138577
fs(1)h,0.173177722,7.394904028,0.339600357,0.585004021
CG2938,0.240701131,5.787268842,0.339613938,0.585004021
Nmt,0.275868587,5.36104313,0.339690193,0.585004698
CG3995,0.390405183,3.979226294,0.339737985,0.585004698
Aven,0.31630875,3.67267141,0.33982299,0.585044601
Fem-1,-0.183447643,6.416943303,0.34003141,0.585296927
Taf11,0.364539034,3.936714263,0.340275706,0.5856109
CG11247,0.201876839,5.880349953,0.340426911,0.585764581
Nhe1,-0.191324258,6.181189225,0.340532496,0.585839722
CG10960,-0.184279027,6.823140998,0.34067918,0.58597206
CG17597,0.236718528,5.129494085,0.340733277,0.58597206
CG14341,0.284438147,4.40605261,0.341100438,0.586496882
CG14684,-0.382566082,1.122704083,0.341574807,0.587205818
zf30C,0.227447052,6.361844324,0.341917953,0.587632247
CG32548,0.530523442,0.381100226,0.341947068,0.587632247
ytr,0.192652867,6.701837748,0.34231644,0.587862795
CG30456,0.184422959,6.483816612,0.342320851,0.587862795
CD98hc,0.155953974,7.642159382,0.342321159,0.587862795
CG14778,0.356103968,2.953805747,0.34232974,0.587862795
CG13014,-0.29230391,4.083307496,0.342626338,0.588265362
AP-1sigma,-0.166894929,7.056932037,0.342883152,0.58859949
CG6254,0.370873246,4.140533299,0.34340159,0.589382523
pgant3,0.256999171,5.088060692,0.343681116,0.589755298
Rab19,-0.257296553,4.853334191,0.344172045,0.59048552
RhoGDI,-0.195144586,7.278675615,0.344231465,0.59048552
Tie,-0.15439998,8.097288921,0.344364483,0.590606622
PK1-R,-0.244629882,5.177609326,0.344808948,0.591261738
Reg-2,0.306209857,3.227411286,0.344876333,0.591270132
Rip11,0.179160659,6.521333562,0.345015233,0.591397299
Mfe2,-0.165615657,7.161663517,0.345075511,0.591397299
CG4716,-0.664535632,3.875179331,0.345244755,0.591580201
CG10754,0.307414027,4.810009342,0.345353399,0.591659218
PGRP-SA,0.344194924,1.813250288,0.34544331,0.591696763
CG5734,0.23626242,5.175986064,0.345500382,0.591696763
CG3342,0.323669718,3.764051497,0.345665503,0.591840179
spag,-0.270051138,4.526116444,0.345760402,0.591840179
CG31638,0.195921626,5.896589921,0.345771773,0.591840179
RanGAP,0.445697537,5.468655869,0.346087904,0.591997989
stac,0.17981367,6.339579318,0.346137571,0.591997989
CG4968,0.297659892,5.331170831,0.346168911,0.591997989
CG14529,-0.331027354,3.113240414,0.346176045,0.591997989
l(2)37Cc,0.184319366,6.577109438,0.346221981,0.591997989
CG11836,-0.307764388,3.14893913,0.346239365,0.591997989
ATPsynbeta,-0.155021501,10.92205553,0.346336957,0.592057866
CG8368,0.299151657,4.681241532,0.346520917,0.592194652
CG14562,-0.192321338,6.012481971,0.346542146,0.592194652
RhoBTB,0.213285273,7.046894301,0.346735396,0.59240572
GCS2beta,-0.187419572,6.082476657,0.346790877,0.59240572
CG3803,-0.28042549,4.275121509,0.346885188,0.592459865
Usp8,-0.219210924,5.458529693,0.347186009,0.592866633
CG3226,-0.202307637,6.063168174,0.347317833,0.592984723
CR43281,0.389324561,0.825165527,0.347413603,0.593041225
CG11857,-0.17063253,7.009542715,0.347486101,0.593057988
CG33169,-0.244891582,4.966859146,0.347648932,0.593228889
snama,0.23861398,5.945690018,0.348451628,0.594491401
Ctr1B,0.296625965,4.232137781,0.348567634,0.594582107
PIG-C,0.312203808,2.683337322,0.348893766,0.594911299
Rpn8,-0.166650416,6.877025685,0.348911087,0.594911299
RpL34a,0.175277106,7.304934582,0.34894924,0.594911299
SsRbeta,-0.196392426,5.842840861,0.349277638,0.595363901
CG44004,0.324555297,1.934399022,0.349398659,0.595376203
Vps52,0.218094576,5.471182311,0.349424702,0.595376203
CG17715,0.30515359,4.480317139,0.349473624,0.595376203
Vps36,-0.263688017,4.672437073,0.349611672,0.595504166
CG13741,-0.383296171,0.71714027,0.349930024,0.595939145
CG5446,0.231456652,5.668888745,0.350157401,0.596219063
CG6511,-0.301107205,3.877859404,0.350620073,0.596708645
CG11638,0.278255227,4.221352576,0.350710503,0.596708645
CheB93a,1.236256349,4.309320046,0.350712965,0.596708645
CG3407,0.365610046,3.644235466,0.350778412,0.596708645
Ibf1,0.274294887,4.763924361,0.350810709,0.596708645
BCL7-like,0.421195642,4.157579937,0.350823313,0.596708645
alphaSnap,-0.153138948,8.035214624,0.351192625,0.597229442
CG2811,0.257995524,5.006204607,0.351268676,0.59725143
CG11980,0.283665742,5.43597084,0.351681085,0.597737188
CG6693,0.365986889,5.16789081,0.351719387,0.597737188
Vps39,0.360694379,4.560512513,0.351743887,0.597737188
CG11893,-0.332369801,1.726586241,0.351829872,0.597775947
CG13025,-0.303254445,2.88305523,0.351899577,0.597787037
RpL11,0.165404141,9.640266596,0.352044957,0.597926653
san,0.339631653,5.547448229,0.352220508,0.597938507
sgg,-0.172014699,8.282138112,0.352228873,0.597938507
CG32164,0.295583009,3.997158562,0.352241517,0.597938507
RpL12,0.161269577,9.446118412,0.352379979,0.598066253
Ptp4E,0.159328559,7.359685773,0.352573887,0.598135295
KLHL18,0.259927087,4.830264616,0.352574817,0.598135295
Ahcy,0.217901983,5.448795094,0.352610302,0.598135295
CG14253,0.319304983,2.79544759,0.352690339,0.598163827
CG17202,-0.241263492,4.97774454,0.352806682,0.598253912
ph-p,-0.196853878,5.829512463,0.352911607,0.598324606
Shawl,-0.322066351,1.988603557,0.353027297,0.598413523
mtRNApol,0.235139969,5.215780073,0.35313214,0.598484025
CG1636,0.161214566,6.939069407,0.353401954,0.598834042
Hel89B,-0.184342255,6.297338149,0.353513141,0.59891519
Sgt,0.210899259,6.286710027,0.353880729,0.599430623
CG9684,0.268887044,4.413317601,0.354106934,0.599706427
CG8066,0.177192929,7.09619202,0.354210053,0.599773716
Xpac,-0.297385662,3.967674749,0.354275318,0.599776893
Utx,0.273445237,5.825788583,0.354688906,0.600369665
CG10864,-0.318765389,2.840716792,0.355146808,0.600909933
Nf-YB,0.30673221,4.263095757,0.355276401,0.600909933
CG1718,-0.155888228,7.756012632,0.355313986,0.600909933
E(z),-0.204966258,5.627773825,0.35532123,0.600909933
mahe,-0.170914994,6.640162051,0.355325626,0.600909933
CG9870,0.310387582,2.155937477,0.355454396,0.600951111
CG1416,-0.185665107,6.957854186,0.355476999,0.600951111
CG12099,-0.152433608,7.972492068,0.355617939,0.601081983
CG15382,0.385304402,0.41957629,0.355757454,0.601210399
EfSec,-0.309910611,2.513981832,0.356062564,0.601478656
Rab5,-0.152318506,8.537233187,0.356152712,0.601478656
CG43841,0.545698213,4.015711769,0.35616368,0.601478656
dgt1,0.302716399,5.18145056,0.356170462,0.601478656
CG8199,-0.261534535,4.533298153,0.356238877,0.60148684
CenG1A,0.177543324,6.23130134,0.356463264,0.601758324
CG11377,-0.202032302,5.712821712,0.357176032,0.602854016
RfC4,-0.29050311,3.808491153,0.357302947,0.602960672
CheA46a,1.179678326,2.112213995,0.35779039,0.603675583
SP1173,-0.167665058,6.958450427,0.357905259,0.603712356
ND-B14.5A,0.173500765,6.541932528,0.357986397,0.603712356
CG14817,-0.215953872,5.310292627,0.358003596,0.603712356
CG6041,0.309338896,2.048525899,0.358146292,0.603845369
DCTN3-p24,0.213196082,5.528955059,0.358258539,0.603919389
stai,-0.151823881,8.326731088,0.358317845,0.603919389
Sep2,0.242582373,6.124614732,0.358916752,0.604821071
CG10710,0.382965019,1.015036159,0.359620901,0.605812598
CG14967,-0.252530214,5.580455953,0.359655526,0.605812598
Spt7,0.378075702,3.772018879,0.359757704,0.605812598
ade5,-0.298639008,4.234533076,0.359806704,0.605812598
hyd,0.175808125,7.156827848,0.359830317,0.605812598
Pol32,-0.292945693,3.839595945,0.359889306,0.605812598
m-cup,-0.243761102,5.274203693,0.360065818,0.606001915
Ku80,-0.287831041,3.81096824,0.3603695,0.60630578
ck,0.210183397,6.51525427,0.360395697,0.60630578
CG32103,0.156128339,7.501146,0.360482261,0.60630578
CG3635,0.294949045,3.670599136,0.360502676,0.60630578
CG9065,-0.190150875,5.862193778,0.3607691,0.606503198
gpp,0.242758373,6.295471027,0.360822992,0.606503198
CG31997,0.159004898,8.061188715,0.360825895,0.606503198
pdgy,0.15947108,8.006921808,0.360876454,0.606503198
homer,0.178200967,6.540688638,0.361024885,0.606558272
CG30389,-0.187768378,6.020770126,0.361037433,0.606558272
Tbp,-0.266112193,4.363744623,0.361392778,0.606982676
CG3857,0.303927273,3.07416352,0.36148383,0.606982676
Tif-IA,0.207869179,5.600762989,0.361493926,0.606982676
ix,0.358134694,3.820510957,0.361546646,0.606982676
CG1827,0.26598737,4.462473068,0.361795632,0.607292935
CG13298,0.235721202,5.794545067,0.362211824,0.607827462
CG4907,0.296152313,3.376491685,0.362242555,0.607827462
SF1,0.179845525,7.229077891,0.362429446,0.607937555
CG7974,0.330837759,3.765613062,0.362436667,0.607937555
Cypl,0.326304196,4.000810089,0.363133989,0.608892551
ppl,-0.214601303,5.320091688,0.363186518,0.608892551
Cenp-C,0.327113753,3.591820417,0.363199065,0.608892551
Kdm2,-0.169593609,6.624642994,0.363418943,0.609153239
okr,0.307543945,3.250703181,0.363630688,0.60929721
CG14252,-0.297943338,3.380753259,0.36365304,0.60929721
rnh1,0.309989361,4.339572677,0.363698018,0.60929721
CG8034,-0.210696675,5.485526264,0.363843095,0.609351861
Topors,0.286006123,4.779051404,0.363859439,0.609351861
c(2)M,0.362296203,0.730675907,0.36395863,0.609410114
Bsg25D,0.182985005,6.730069451,0.364111826,0.609458143
sip1,0.352261225,3.670282497,0.364180604,0.609458143
CG15863,0.382025359,2.791692926,0.364198886,0.609458143
CG34001,-0.328244464,1.862638106,0.364244959,0.609458143
CG1344,0.266961906,5.787895483,0.364330551,0.609493577
bowl,0.185405318,5.983866697,0.364466506,0.609524488
CG13018,-0.297402426,3.377927163,0.364477864,0.609524488
CG7945,-0.164753387,6.8525932,0.364655301,0.609532016
CYLD,-0.174023537,6.482526575,0.36465789,0.609532016
Ent3,-0.212059626,5.450953213,0.364692825,0.609532016
mRNA-cap,0.197223999,6.076959023,0.364748267,0.609532016
barc,0.193188176,5.821999074,0.364804461,0.609532016
CG16749,-0.419485043,0.263564175,0.364994296,0.609741531
CG10383,0.23431509,5.481138666,0.365246275,0.610054767
CG5151,-0.257451091,4.520182784,0.365796572,0.610866072
CG31777,0.367607637,0.994447501,0.365962855,0.611035915
CR46234,-0.461121584,-0.020115022,0.366037406,0.611052564
nocte,-0.162654884,6.984666545,0.366155519,0.611141915
CG7600,-0.20778069,5.51248049,0.366261271,0.611210607
Peritrophin-A,-0.293779912,2.614226383,0.366466409,0.6114451
mrn,0.282321456,4.047086895,0.366723843,0.61176675
U4-U6-60K,0.269519106,4.725572456,0.366866751,0.611897267
Prosalpha2,0.194232518,7.076236811,0.367158703,0.612072772
boca,-0.204273787,5.790251339,0.367192247,0.612072772
Ercc1,0.30650764,2.197793452,0.367261342,0.612072772
Droj2,-0.150439802,9.130258564,0.36732765,0.612072772
Dbi,0.150644888,7.829530511,0.367338361,0.612072772
SLO2,-0.170671978,6.58539455,0.367397555,0.612072772
hbs,-0.315865896,3.1485388,0.367528839,0.612072772
CG11007,-0.270929336,4.213985452,0.367554646,0.612072772
Oscillin,-0.221149797,5.19371994,0.367581863,0.612072772
Atg17,-0.170520115,6.494216389,0.36761885,0.612072772
Pis,0.156660376,7.531367915,0.367738765,0.612123375
CG6966,0.174800308,6.31652084,0.367779298,0.612123375
l(2)41Ab,-0.293667161,4.033469199,0.367843322,0.612123375
Pfdn2,0.251395459,5.860115986,0.368103682,0.612448925
cag,0.283750467,3.862897385,0.368351323,0.612710647
l(2)SH0834,-0.216494647,5.447860288,0.368390496,0.612710647
spen,-0.196268894,7.235165482,0.36884738,0.613362726
CG6574,0.23621132,4.912305627,0.369151707,0.613760931
ste24a,-0.194007316,6.112309761,0.369447413,0.614082688
Pa1,-0.245212744,4.750975404,0.369475031,0.614082688
CG6401,-0.292767639,2.672736532,0.369631068,0.614234135
dbo,0.207526231,5.967059207,0.369823601,0.614446165
klar,0.16426563,7.357289683,0.369913199,0.614487129
CG10324,0.316357582,3.806163534,0.370191275,0.614754176
Trc8,0.188573533,6.423169823,0.370232156,0.614754176
CG5002,0.252189042,4.709243686,0.370330039,0.614754176
Mms19,0.265506654,4.688842132,0.370403615,0.614754176
Eph,0.151744541,7.353318638,0.370446945,0.614754176
CG5359,0.276577639,4.171325469,0.370533472,0.614754176
CG34330,0.630059531,2.497811488,0.37057451,0.614754176
GstO1,0.22780734,5.075803,0.370593725,0.614754176
CG3402,-0.279565847,3.91692471,0.370706959,0.614834223
CG1620,0.190684205,5.755165175,0.370786279,0.614858005
CG11791,-0.148390625,8.133134466,0.370979496,0.615070614
RpL13,0.168860467,9.433785641,0.371108158,0.615176138
mRpL13,0.266114593,4.349118212,0.371211898,0.615240319
CG46301,-0.34351632,1.958128914,0.371401088,0.615446076
Ziz,-0.173486486,6.538618184,0.371717702,0.61578606
CG16758,-0.473470181,2.732441832,0.371800482,0.61578606
CG7990,0.188713315,5.922517689,0.371801497,0.61578606
Gr61a,-0.318212303,2.231539796,0.371895828,0.615834498
CG18744,-0.32144426,1.392587777,0.372201036,0.616197071
RpL7A,0.160004965,10.46663885,0.372245028,0.616197071
CG32551,0.615321654,4.081931691,0.372524412,0.616551686
Atg7,0.321866566,4.452037964,0.372851983,0.616985915
CG12170,-0.211608692,5.364134793,0.373180333,0.617421282
CG42594,-0.294537651,2.640627668,0.373327805,0.617522073
FucT6,-0.175923946,6.371361015,0.373371779,0.617522073
CG3176,-0.302835657,1.922047149,0.373506193,0.617568148
CG2200,-0.237828252,4.818132326,0.373534151,0.617568148
CG12003,0.341318124,1.602314556,0.373595443,0.617568148
CG7368,-0.271725904,4.291685315,0.373693803,0.617575969
CG31248,0.188526776,6.026921625,0.373730712,0.617575969
CycK,0.215466662,5.984816982,0.374426799,0.61861819
lgs,0.16973176,6.978207657,0.374636115,0.618771654
CR44662,0.32210538,1.520037486,0.374650476,0.618771654
Neurl4,0.203513067,5.560772293,0.374785877,0.618837
Camta,0.196869591,5.812490384,0.374868129,0.618837
CG14411,0.174939857,6.153019736,0.374886249,0.618837
CG14906,-0.287457772,3.301108722,0.375061438,0.618945692
CG12007,-0.228889939,5.021809046,0.375131768,0.618945692
CG33217,0.368872615,3.519122259,0.375148335,0.618945692
RIC-3,0.208685653,6.713817597,0.375333566,0.619143341
CG11876,0.14474136,8.14552609,0.375644907,0.619461568
CG16989,0.18568109,5.859925955,0.375659733,0.619461568
RhoGAPp190,0.198220569,6.905644668,0.375722885,0.619461568
Tsp66E,-0.224562172,6.66419991,0.375947319,0.619678253
Fip1,0.318538404,5.413070371,0.375985294,0.619678253
CG7131,-0.299363899,1.857892098,0.376133046,0.619813808
rau,-0.179698229,6.080345655,0.376272629,0.619929282
CG16833,-0.209858096,5.27356801,0.376339801,0.619929282
pxb,0.291367099,2.84108845,0.376438959,0.619929282
TfIIA-S,-0.195829022,6.409419563,0.376468177,0.619929282
Adck,-0.278031675,3.933451557,0.376530711,0.619929282
CG8839,0.154907855,7.811755873,0.376818404,0.620214638
MESR6,0.321821239,4.808989256,0.376835125,0.620214638
CG2701,-0.186109861,5.807777506,0.377164952,0.620452394
snf,0.231185528,5.848531893,0.377179382,0.620452394
CG11178,-0.251757624,4.52754529,0.377228483,0.620452394
Rpn3,-0.165316167,6.686144421,0.377241875,0.620452394
CG11030,0.281471688,4.963243888,0.377354693,0.620530085
nito,-0.208220369,5.43995112,0.377709379,0.620954925
CG10289,-0.174814892,6.354701138,0.37780804,0.620954925
Pi3K68D,0.174666985,6.32118045,0.377809924,0.620954925
Aos1,0.2902308,5.234749431,0.378029163,0.621109687
CG8974,-0.156087422,6.82256828,0.378035372,0.621109687
whd,0.153295571,8.035139462,0.378276563,0.621398063
rap,-0.192064278,5.68732495,0.378550187,0.621739606
stv,0.151841318,7.38687371,0.378650222,0.621763099
CG17264,0.303038571,2.554701313,0.378746889,0.621763099
Nha1,0.361647863,0.858461133,0.378761626,0.621763099
CG13900,0.368423205,4.648311074,0.379179127,0.622098792
mthl5,-0.293437082,3.462686096,0.379183053,0.622098792
DIP-alpha,-0.357848831,0.814204386,0.37921369,0.622098792
veli,-0.186594942,5.785246213,0.379229109,0.622098792
ptc,0.278962444,3.960710214,0.379425031,0.622312297
SA,-0.204487096,5.515791684,0.379506011,0.62233724
CR43864,0.30130042,1.963589268,0.379669482,0.622497424
lilli,0.214047678,6.196679412,0.379749717,0.622521105
NP15.6,0.155196503,6.914172399,0.379944938,0.622733241
kune,0.164255201,6.551843214,0.380032261,0.622768489
Phm,-0.149754078,7.605804227,0.380127911,0.622817367
Iris,-0.602887403,0.961509381,0.380485445,0.62315717
Ppt2,0.202919318,5.402951028,0.380487041,0.62315717
fon,-0.538913507,1.764146829,0.380532882,0.62315717
CG14200,-0.176848971,6.132897025,0.380687729,0.62321556
CG7101,0.400840103,3.423873638,0.38086097,0.62321556
por,0.295153191,3.653823155,0.380874245,0.62321556
CG5902,0.193762479,6.15839006,0.380897406,0.62321556
ksr,0.187968035,5.806758723,0.380897864,0.62321556
Hpr1,0.251653479,4.946003608,0.381086801,0.623416894
CG17141,0.295082146,3.590281349,0.381334692,0.623714582
CG6689,0.20376649,5.444413791,0.381465516,0.623814614
milt,0.152223567,8.099908042,0.381645769,0.623814614
CG34159,0.209017533,5.963264326,0.381676306,0.623814614
spict,-0.204764299,5.382129733,0.381687403,0.623814614
CR40190,-0.296415479,3.553603349,0.381725493,0.623814614
CG42564,-0.390087764,0.732865115,0.381807118,0.62384026
NK7.1,0.186546077,5.810216204,0.382026017,0.623870501
mib1,0.171030552,6.153433184,0.38206234,0.623870501
Nf-YA,0.345685459,4.687314734,0.382068785,0.623870501
Mctp,0.146071334,7.87556939,0.382089363,0.623870501
CG7778,0.169435049,6.648685097,0.382680323,0.624688837
CG6543,0.263338298,6.573933719,0.382722594,0.624688837
CG43370,-0.271849595,4.112699546,0.382803935,0.624713838
CR44987,0.285305632,3.437304239,0.38299827,0.6249232
ps,0.149262258,8.968196998,0.383387204,0.625381158
CG5391,0.344617384,1.117040057,0.383586321,0.625381158
CG5991,0.258767547,5.142663764,0.383663543,0.625381158
CG33156,0.266050591,4.874055991,0.383694931,0.625381158
olf413,0.211125293,5.226021017,0.383735143,0.625381158
Mes4,-0.283617843,3.589550876,0.383773591,0.625381158
Nedd8,0.253268617,5.485709145,0.383774835,0.625381158
CG11658,0.161504286,6.611517412,0.383807692,0.625381158
CG10424,0.265632193,4.65575519,0.384032,0.625638909
CG1785,0.324534447,4.293590233,0.384327728,0.626012905
CG6073,0.285531006,3.072412419,0.384461565,0.626094097
CG2186,0.232415928,6.183462542,0.384509913,0.626094097
CR44382,-0.35850895,0.554683027,0.384853845,0.62647288
Obp19c,0.27409346,3.880708727,0.384874958,0.62647288
sno,-0.206122935,5.488281311,0.385016352,0.62659524
RabX6,0.320785717,3.089792159,0.385612312,0.627457213
CG14710,0.351336413,3.789931604,0.385872376,0.627772425
CG8668,-0.203268655,5.473557797,0.386085575,0.628011296
Tfb1,0.204569925,5.443562549,0.386339526,0.628259498
Sherpa,-0.151744174,7.394922638,0.38637096,0.628259498
Vps2,-0.181012275,5.873879481,0.386792416,0.628743244
CG4872,0.261260871,4.200080289,0.386801355,0.628743244
CR44965,-0.325734784,0.775531981,0.386881988,0.628766296
crp,0.19193943,6.948510404,0.387044028,0.628845013
pns,0.162564287,6.606811877,0.387068561,0.628845013
CG13005,-0.292499041,2.55464012,0.387297687,0.628845013
mri,0.228608011,5.426196262,0.387383168,0.628845013
Trs31,-0.251641547,4.478755562,0.387417808,0.628845013
Ir68a,0.358014992,0.376989859,0.387505251,0.628845013
CG6695,0.203621888,5.585080492,0.387511724,0.628845013
CG13895,0.254054804,4.309528135,0.387587449,0.628845013
Elal,0.391228556,1.045558,0.387659008,0.628845013
Dhpr,0.183622568,5.84887639,0.387673314,0.628845013
CG42445,0.277349672,4.457821326,0.387682707,0.628845013
Rbbp5,0.278882484,4.016118295,0.387735328,0.628845013
Su(var)205,0.247235154,6.831355889,0.387854807,0.628845013
lectin-46Ca,-0.357198163,1.560275653,0.387860864,0.628845013
Gbp2,-0.346592351,2.629116373,0.38809356,0.629114488
MICAL-like,0.193814476,5.599062372,0.388446429,0.629578641
CG30108,-0.286058988,2.973041132,0.388653873,0.629806978
Dhx15,0.198492535,6.281405978,0.388794615,0.629927165
hep,-0.175988392,6.135052639,0.388936814,0.630049672
CG3434,-0.195424918,5.649439032,0.389109176,0.630071577
Chd1,-0.158487516,6.652928261,0.38912264,0.630071577
Atac1,0.299744086,3.390652607,0.389156187,0.630071577
Nak,-0.145384789,7.5572512,0.389216695,0.630071577
Cht2,0.312186803,2.78807153,0.389417614,0.630288995
ZnT63C,0.164765769,6.377180851,0.389514817,0.630338498
capu,0.174051225,6.106748024,0.389881469,0.630792854
CG10254,-0.182100315,5.766576174,0.389942944,0.630792854
Lrt,-0.276185543,3.882665222,0.390033215,0.630792854
mxt,0.153509472,7.324061705,0.390062248,0.630792854
CG17333,-0.225695774,4.930078964,0.390510476,0.631409795
CG31510,0.268060418,4.845508021,0.390724999,0.631620033
ABCB7,-0.166647607,6.325468474,0.390842585,0.631620033
CG11851,-0.272693363,4.12902971,0.390924764,0.631620033
mRpS5,0.1714372,6.333140873,0.391037948,0.631620033
CG6891,0.389925101,0.203958603,0.391064524,0.631620033
CG34141,0.305423651,2.17097358,0.391083107,0.631620033
CG5984,-0.330721017,1.018760737,0.391107776,0.631620033
CG11035,0.257571357,4.235129495,0.391335566,0.631880056
CG14543,-0.275083869,3.679415857,0.391416465,0.631902848
CR43951,-0.346170002,0.453622211,0.391505404,0.63193861
CG42709,-0.196925108,5.882672242,0.391598162,0.631980523
Tab2,0.169461448,6.073241887,0.391921347,0.632287994
Efr,-0.155242093,6.670339485,0.39192233,0.632287994
CG7358,0.183412621,6.304869714,0.392022673,0.632342062
kar,0.177452275,5.940184505,0.392170054,0.632447407
CG12237,0.176048029,6.205491983,0.392221664,0.632447407
CG15356,-0.243859708,4.557492841,0.392358083,0.632559581
rictor,-0.198633205,5.475585255,0.39255587,0.632770637
fz4,0.263360349,4.034246471,0.392701545,0.632897636
bab1,0.273876126,3.631266202,0.393090101,0.633415964
CG9323,-0.246794555,4.513657724,0.393218648,0.633515213
CG42354,0.312276426,1.877493757,0.393289878,0.633522103
spas,-0.194741443,5.55841193,0.393575354,0.633768385
Pink1,0.141421822,8.192413798,0.393615568,0.633768385
CG31460,0.319344916,2.542015793,0.393694694,0.633768385
Ns2,0.187829764,5.707310528,0.393843005,0.633768385
CG9941,-0.170372661,6.080055712,0.393894156,0.633768385
CG10208,0.275745723,3.126263511,0.393896179,0.633768385
CR43301,-0.276077765,2.826604755,0.393911633,0.633768385
CG4119,0.253055495,5.828972765,0.394088902,0.633842319
CG42561,0.36267774,0.82738956,0.394091562,0.633842319
robo1,-0.198028956,5.595841479,0.394286635,0.63404829
CG7650,-0.276384819,3.654589835,0.394700703,0.634584481
CG16953,0.144099212,8.17668986,0.394754201,0.634584481
COQ7,-0.179406314,5.984021538,0.395213695,0.635215216
CG8468,0.284764954,2.671584679,0.395338505,0.635260511
l(3)mbt,0.180356688,6.094917446,0.395376152,0.635260511
Shc,-0.215510296,5.023032436,0.39606114,0.636253058
vtd,0.191895049,6.847977111,0.396346075,0.636602709
CG30496,0.298922916,3.309467507,0.396460744,0.636659902
Traf4,0.280676898,2.472508939,0.396516255,0.636659902
abs,0.302450356,3.920347645,0.39658874,0.636668249
CG9034,-0.161271,6.442242974,0.39691543,0.637084613
CG42324,-0.216308029,5.040254355,0.397244219,0.637458035
RpS13,0.151169527,9.735570573,0.397282819,0.637458035
MBD-R2,-0.18070707,5.76487666,0.39776204,0.638045049
Aef1,0.193220276,6.407115624,0.397844703,0.638045049
alc,-0.144300933,8.17415216,0.397892818,0.638045049
CG17221,-0.226457916,4.901576841,0.397918393,0.638045049
DCP2,0.143504472,7.394221549,0.398049146,0.638146563
trh,0.333450389,0.535057826,0.398315818,0.638390563
cathD,0.146031231,8.98125278,0.398336281,0.638390563
gas,0.277581361,2.698132416,0.398681385,0.638806262
CG11576,0.180782631,5.702347256,0.39873069,0.638806262
CR45604,-0.291059863,2.119950993,0.398954904,0.639057271
CG11284,-0.166286713,6.171147042,0.39944705,0.639737302
U2af50,0.213750729,6.546883293,0.399615278,0.639898419
SIDL,0.220907319,5.122696031,0.400100754,0.6405674
Nep4,0.146424961,6.943268393,0.400605123,0.641266397
CG9853,0.214719521,5.501624026,0.40124445,0.642181155
CG31038,-0.143055813,7.397715975,0.401591458,0.642627832
CG10559,0.277743335,2.879800287,0.402003278,0.643178054
CG1090,0.220329335,4.980686766,0.402190399,0.643316217
sqz,0.267951704,3.66330708,0.402225612,0.643316217
tapas,-0.144238162,7.595430903,0.402581388,0.643776423
Start1,0.233186629,5.308585856,0.402833714,0.644064907
HP1D3csd,0.342003523,0.295516477,0.402945839,0.644064907
CG33116,0.255622188,4.206640864,0.402965995,0.644064907
CG14749,0.307756943,5.03903693,0.40318344,0.644303616
AIF,-0.193693029,5.474377719,0.403337886,0.644370186
CG5828,0.257276724,4.062248924,0.403376167,0.644370186
CG7741,0.268369994,4.194011625,0.4034294,0.644370186
CG10038,0.279717883,4.428481496,0.404024128,0.64521119
mei-W68,-0.360897081,0.79389927,0.404259751,0.64547853
pgant5,0.159363942,6.605889048,0.404430386,0.645638869
Cyp6t3,0.155311086,8.382965422,0.404496641,0.645638869
Atg6,-0.196207291,5.324234043,0.404862536,0.6461139
CG17514,0.145961751,7.301923473,0.404982802,0.646196842
CG1529,0.247347607,4.271726637,0.405203369,0.646439771
CG14117,0.278664318,3.257301952,0.405346831,0.646559628
CG7272,0.151845815,7.687881317,0.405423091,0.646572271
EbpIII,0.1375979,12.20286389,0.406105241,0.647380343
Desat1,0.150537265,10.16003655,0.406105702,0.647380343
CG6000,0.280986224,2.755576039,0.406193735,0.647380343
CG43085,0.227736974,4.748343963,0.406211212,0.647380343
CR43866,0.354759383,0.26913708,0.406271875,0.647380343
ND-B12,-0.141813651,7.310291878,0.406457152,0.647557225
CG34301,0.247727747,4.443848608,0.406519754,0.647557225
Bem46,0.258479724,3.861590772,0.406828062,0.647939257
CanB2,0.163453011,6.351415898,0.406902172,0.647948225
CG15525,0.294207699,3.622786208,0.40721728,0.648340888
WASp,-0.213803685,4.927440631,0.407376772,0.648485702
Uba4,0.256211015,4.044587383,0.407694625,0.648882514
Or85d,-0.411371277,0.895733514,0.40783681,0.648935097
CG5877,0.282825432,4.448728128,0.40786483,0.648935097
CG1882,-0.143559839,7.22616514,0.408213611,0.649295356
Sptr,-0.172855537,6.040064596,0.408228501,0.649295356
CG3065,-0.193963699,5.320579174,0.408374185,0.649417906
CG14414,-0.202875336,5.190439559,0.408567652,0.649521505
bsf,-0.152067369,6.665525129,0.408620189,0.649521505
CG6833,-0.262285913,3.767137031,0.408710232,0.649521505
Ns3,-0.238107367,4.624378609,0.408713913,0.649521505
CG15012,-0.147518233,6.743755574,0.408784119,0.649523985
CG10133,-0.272361972,3.676887023,0.409033366,0.649810898
4E-T,0.207916337,6.656079555,0.40925921,0.649983
CG17078,-0.225309379,4.761421605,0.409279086,0.649983
Rab40,-0.192229271,5.421339328,0.409378684,0.650032071
CG4839,0.274632037,2.744429545,0.409702789,0.650437548
IntS6,0.22179225,5.286540385,0.410045574,0.650872542
l(2)37Cb,0.252001527,4.055940607,0.410186507,0.650987039
CG2614,-0.252813736,4.090918995,0.410778686,0.651698038
svr,-0.13976325,7.442136589,0.410858367,0.651698038
Srp72,-0.196751623,5.25135185,0.41086782,0.651698038
cg,0.144870838,7.62915786,0.410910008,0.651698038
Sox102F,0.260581324,3.907896336,0.411035355,0.651721695
rdgA,0.154096724,6.699103005,0.411111632,0.651721695
GluRS-m,0.345333455,2.672855069,0.411131557,0.651721695
AnxB11,-0.143649858,6.907404187,0.411519599,0.652041625
tou,-0.1729566,6.430004279,0.411525125,0.652041625
l(2)35Cc,0.286922369,3.7764282,0.411564657,0.652041625
CG4984,0.371610457,1.359030357,0.411609028,0.652041625
CG13367,-0.254645668,4.184901155,0.411827366,0.652102286
Dph5,0.249377855,4.869204601,0.411831029,0.652102286
CG17002,0.24681892,4.836757987,0.411893542,0.652102286
PCID2,0.370360017,3.723119327,0.411922994,0.652102286
CG4957,-0.258346536,4.209355035,0.412182282,0.652313584
CG6813,0.268863331,3.072411936,0.412194348,0.652313584
CG11414,-0.168312741,5.953292915,0.412403026,0.652478751
RpS28b,0.14773222,9.484829015,0.412516217,0.652478751
CG33203,-0.184001502,5.758468128,0.412522248,0.652478751
roh,-0.135649153,8.560357024,0.412574548,0.652478751
CG31751,0.148733557,7.185085304,0.412672233,0.652509374
CG7903,0.197264866,5.336912664,0.412797805,0.652509374
Ih,0.138921935,8.895700224,0.412800794,0.652509374
CG15914,0.306072164,2.754748546,0.412959122,0.652650612
CG7810,-0.252983186,4.076183583,0.413136572,0.652822018
Gpo-1,0.146580632,7.535678965,0.413261596,0.652910539
Hem,-0.19789129,5.205310101,0.413658229,0.653307786
CG7924,-0.291131968,1.551548399,0.413712302,0.653307786
RpI135,0.263183235,3.367255651,0.41372017,0.653307786
Rac2,-0.151680287,6.666377304,0.413877239,0.653353139
kn,0.363280615,0.192640905,0.413886991,0.653353139
CG9005,-0.141418664,7.237651978,0.413974334,0.653382009
ksh,-0.240152731,4.305172895,0.414112003,0.65349029
CG13843,-0.334712376,1.085855943,0.41454343,0.654062019
tio,-0.2712191,2.501573013,0.41462087,0.654075138
cnk,0.187243604,5.717607119,0.415016047,0.654589404
CG34163,0.291459776,3.326945387,0.415112617,0.654632596
RpL35A,0.151474795,9.055577725,0.415375217,0.65484775
CG7943,-0.209160084,4.99446227,0.415387465,0.65484775
beat-IIIc,0.205455612,5.165869847,0.415536751,0.654965389
CG14441,-0.155200182,6.495915073,0.415647095,0.654965389
CG6700,-0.150058869,7.54868092,0.415669749,0.654965389
CG6568,-0.239669447,4.468577812,0.41597472,0.655249408
hfp,-0.151503252,8.092584177,0.415989288,0.655249408
CG9577,-0.192533653,5.238167315,0.416065528,0.655249408
CR18275,0.271105904,3.133160899,0.416127002,0.655249408
rngo,0.166594007,5.960517289,0.416549348,0.655704398
Rh50,0.17214005,6.197981969,0.416583246,0.655704398
CG34229,-0.267421812,3.576744909,0.416623847,0.655704398
AGBE,-0.170605417,6.177190461,0.416765814,0.65571507
sea,-0.267733651,3.58415277,0.416769228,0.65571507
CG9231,0.167812587,6.429440737,0.4173291,0.656451223
CG9769,0.137603307,8.047799882,0.41738085,0.656451223
ari-2,0.193015467,5.527577789,0.417504248,0.656451223
Socs16D,0.156883301,6.4683331,0.417516077,0.656451223
nopo,0.275124542,2.027758589,0.41763422,0.656451223
Ptpmeg2,0.191543018,7.342317442,0.417653389,0.656451223
ana1,0.288210012,5.055006582,0.418057174,0.656935644
CG9813,-0.133093114,8.736196425,0.418128244,0.656935644
Sod2,-0.132681078,7.685782887,0.418169878,0.656935644
CG4324,0.297972843,1.350680155,0.418271029,0.65698547
GlnRS,0.183185758,5.531465598,0.418372032,0.657035049
CR45187,0.333944108,0.692189022,0.418454988,0.657056272
fu2,0.276589615,4.045566522,0.418536405,0.657075073
gol,-0.228723892,4.771252593,0.418976554,0.657656961
CG1233,-0.192719698,5.304650373,0.419275394,0.658016881
Rad9,-0.262539658,2.443407848,0.419455846,0.658067342
Mur2B,-0.198492401,5.497539164,0.419551511,0.658067342
DCAF12,0.276602809,3.559704474,0.419564333,0.658067342
X11L,-0.155565183,6.414328763,0.41958574,0.658067342
Spindly,0.265987279,2.345867259,0.419744287,0.658206901
CG3021,0.269858246,4.321402487,0.420205457,0.658743159
shakB,0.219502235,5.13608686,0.420225503,0.658743159
Sac1,0.155793378,6.311001786,0.420346983,0.658824442
APP-BP1,0.236998033,4.440717284,0.420439019,0.658859556
dx,0.232961992,4.45608828,0.420575723,0.658964644
D2hgdh,0.158137132,6.486653952,0.420941525,0.659428595
Ubc10,-0.1611272,6.68986955,0.421192077,0.659711875
CG30381,0.267520658,3.131076534,0.421362561,0.659846266
CG9279,0.186944332,5.432787796,0.421417352,0.659846266
xmas-1,-0.269766535,2.109776805,0.421572643,0.659980204
CG11986,0.324509693,3.655783642,0.421756357,0.660134135
Ank2,-0.1556208,7.735168708,0.421874134,0.660134135
ND-ASHI,-0.137859863,7.250857476,0.42188027,0.660134135
CG10809,-0.233070199,4.358638239,0.422683734,0.661281993
CG32113,-0.190885209,5.276055499,0.422969379,0.661529095
CG8004,-0.192157192,5.35005943,0.423009885,0.661529095
CG7200,0.297981766,3.548074687,0.423051422,0.661529095
knk,0.28801611,1.365194339,0.42313257,0.661546658
CG14721,0.234242221,4.349825081,0.423424413,0.661893573
A16,-0.206806464,4.970422232,0.423635573,0.662093406
CG14435,0.160593681,6.248909925,0.423710039,0.662093406
Try29F,-0.292046743,1.833088629,0.423762171,0.662093406
hay,0.267750317,4.131388988,0.423914185,0.662221565
Syx5,-0.152118454,6.508245947,0.423998463,0.662243886
Iml1,-0.154267578,6.617292148,0.424299681,0.662333065
CG16941,0.246520448,5.25470923,0.424313503,0.662333065
brv3,0.337225616,0.687180243,0.424336245,0.662333065
CG8925,0.146590317,7.471744861,0.424454211,0.662333065
CG14830,-0.19577503,5.485193662,0.42449155,0.662333065
Nca,0.141168529,6.86714503,0.424538079,0.662333065
zetaCOP,-0.163062071,6.092363831,0.424545555,0.662333065
Smox,0.139307156,7.069492738,0.425263317,0.663343473
CG15440,-0.219707145,4.706750198,0.425396833,0.663381361
CG12107,-0.185949695,5.385992416,0.425456419,0.663381361
CG33969,0.234450996,4.348542441,0.425497937,0.663381361
CG16853,-0.302354044,1.37017343,0.425767236,0.66369186
l(2)k14710,-0.155649431,6.416302819,0.425944518,0.663858841
mle,-0.150298963,6.376763757,0.426101406,0.663889841
CG12343,-0.195823057,5.488014965,0.426104735,0.663889841
Rab23,0.251811524,3.878735683,0.426473334,0.664247432
Thd1,0.158999908,6.63664506,0.426474651,0.664247432
ND-51,0.137174818,8.970525651,0.426545751,0.664248831
CG33052,0.263762581,3.348192841,0.426799834,0.664535137
CG6745,-0.257391107,3.303477934,0.426987514,0.664566438
Cubn,-0.25816512,3.709420125,0.426994751,0.664566438
CheB74a,0.874817643,0.686617742,0.427030643,0.664566438
CG12267,0.279066,3.071388735,0.427270932,0.664766514
mRpS22,0.19392949,5.276614036,0.427299719,0.664766514
CG15065,-0.354560408,3.602665572,0.427500646,0.664969771
IP3K2,0.143220805,6.793788683,0.427700786,0.665171735
CG32590,0.277659137,3.452465764,0.42777809,0.665182628
CR44391,-0.359706766,0.31795447,0.427936968,0.665238611
slpr,0.216836302,4.994994202,0.428002484,0.665238611
row,0.211497142,5.984046845,0.428025012,0.665238611
CG3594,0.341390466,3.585550285,0.428134321,0.66529922
CG5989,-0.193353173,5.191322624,0.42836141,0.665542802
sxc,0.142522065,7.559396348,0.42856666,0.665752379
Nlg3,0.243271135,4.048165133,0.429073171,0.6664298
CR45683,-0.279773148,2.0159971,0.429289361,0.66651244
Pvf1,0.164142863,5.952915371,0.429305299,0.66651244
CG13360,0.302319693,1.328268975,0.429337701,0.66651244
CG5664,0.26557301,4.215543955,0.429505874,0.666610298
step,0.183343073,5.518789968,0.429541639,0.666610298
Fancm,0.234956419,4.277356457,0.429650336,0.666669642
CR43361,-0.243292292,3.97394695,0.429897265,0.666864634
Arc1,0.170460524,7.404139054,0.429916959,0.666864634
Dbp45A,0.225736745,4.795546753,0.43008578,0.667017153
CG8001,0.197635953,5.103995821,0.430916236,0.668163523
CG10214,0.266125572,4.700792753,0.430966179,0.668163523
CG10068,-0.190243022,5.218594634,0.43126419,0.668183121
GPHR,0.242446833,4.490416578,0.431297685,0.668183121
CG18789,0.296765475,2.143103462,0.431305168,0.668183121
CG31637,-0.130459564,7.828113981,0.431350722,0.668183121
CG8765,0.204617807,5.149069277,0.431379386,0.668183121
CG7456,-0.174874674,5.742751739,0.431402524,0.668183121
bonsai,-0.198599396,5.039249817,0.431565015,0.668325396
DNApol-alpha73,0.27968925,1.422319264,0.431965503,0.668836131
grau,0.215992367,5.024264296,0.432152554,0.669016274
CG4511,0.161564753,5.874330207,0.432377743,0.669255391
twin,-0.155173406,6.1187034,0.432672765,0.669601177
Sin1,0.228580569,4.391642081,0.432742676,0.669601177
sif,-0.294992712,1.063626192,0.432943452,0.669802312
CG3652,-0.180741198,5.578869202,0.433070372,0.669889138
CG5913,-0.224939307,4.484023377,0.433185457,0.669957633
CG31635,-0.139217255,7.088106122,0.433387394,0.670160406
CG4558,-0.221543928,4.53033584,0.433561437,0.670319986
CG9117,0.301039846,1.909983941,0.433743183,0.670485378
CR44201,-0.282450708,1.154031461,0.433910795,0.670485378
Uhg1,0.26624251,3.293765096,0.433915065,0.670485378
CG4908,-0.234975976,4.302572389,0.433957075,0.670485378
CG10623,0.236827743,4.593677021,0.434022716,0.670485378
CtBP,0.163082278,8.560158923,0.434447878,0.671032618
CG8064,0.286178563,4.067697002,0.434604604,0.671114653
CG3191,-0.228533562,4.496359503,0.434642844,0.671114653
Sry-delta,0.231664317,4.824314082,0.434850829,0.671235264
Trax,0.2345578,4.423086008,0.434862838,0.671235264
CG30495,0.237316774,4.169540029,0.43494902,0.671258788
PpD3,0.198553822,5.580225009,0.435213607,0.671557592
Hrb27C,0.176725082,9.147436183,0.435332539,0.67163158
loco,0.151716168,6.704859126,0.435674274,0.672049231
CG31357,0.214330616,4.997203489,0.435801968,0.672084306
CG3281,0.289438267,4.412979345,0.4358769,0.672084306
CG9344,-0.249455943,3.861523179,0.435910102,0.672084306
CG8136,-0.305489471,0.684691542,0.436018208,0.67214146
CG9673,0.368032329,1.102776441,0.436145304,0.672227866
sima,0.136379374,7.247817699,0.436321871,0.672390479
psidin,0.220167542,4.571342075,0.436497695,0.672465147
CG16965,-0.348931982,0.761393351,0.436537575,0.672465147
CG7332,0.157411157,6.675447625,0.436660761,0.672465147
CG12560,0.254647329,3.009645441,0.436730138,0.672465147
apolpp,0.219348227,5.967439561,0.436741644,0.672465147
CG7611,0.155655633,7.030787268,0.43683446,0.672465147
CG3430,0.281411413,1.96397729,0.436867814,0.672465147
CG6928,-0.182385373,5.339750433,0.437738006,0.673565908
CG41378,0.198111336,5.074967945,0.437748943,0.673565908
koi,0.145129424,6.925435991,0.437796484,0.673565908
MRG15,0.221299898,5.212064247,0.437904937,0.673623234
CR45350,-0.255302367,2.962386716,0.43801231,0.673678881
CG14516,-0.242045857,3.933484109,0.438223201,0.673893699
CG10702,0.276350312,4.849908832,0.438436697,0.674112451
Vps45,-0.22421117,4.394512841,0.438632517,0.674303961
CG31301,0.243512608,5.69072013,0.438968342,0.674655706
IM4,-0.290036801,6.53037466,0.439037706,0.674655706
neur,0.332400902,4.151984566,0.439138914,0.674655706
Wdr24,-0.233942237,4.162730069,0.439146533,0.674655706
CG5168,-0.14069491,6.765966905,0.439266775,0.674730881
CG44249,0.2989149,1.015982438,0.439491297,0.674966182
CG10803,0.198047418,5.085993905,0.439811927,0.675347307
Dll,-0.128479504,8.840770962,0.439882208,0.675347307
Drep4,-0.260934561,3.394267084,0.439969037,0.67537103
CG4658,0.15571393,6.197556446,0.44014647,0.675488607
CG10217,-0.140489602,7.184173713,0.440188412,0.675488607
Pi3K59F,-0.168927723,5.651871459,0.440489896,0.675841641
CG1354,0.146922547,6.561592213,0.441348604,0.676912364
CG11779,-0.179697602,5.481022387,0.441381035,0.676912364
PAN2,0.165484857,6.317644812,0.441402376,0.676912364
nudE,0.134665668,6.95038617,0.441551271,0.677030972
CG3603,0.257659401,3.389352487,0.441798155,0.677299764
Mbs,0.15408966,6.819348956,0.441918844,0.67733254
CalpB,0.16558334,5.946652415,0.441962704,0.67733254
CG31643,0.293186033,3.848119038,0.442572152,0.678156713
gkt,0.241889051,3.795459706,0.442799694,0.678395515
CG14837,0.240022711,4.250853194,0.443557843,0.67935569
CG11825,0.188012068,6.272098711,0.443616755,0.67935569
CG11486,0.160181335,7.828153508,0.443643802,0.67935569
ovo,0.197646315,5.074544046,0.443713608,0.67935569
alpha-Man-Ib,-0.148599683,6.355210287,0.443927136,0.679572651
Cyp9f3Psi,0.25217678,2.607940695,0.444015851,0.679598509
CG30394,-0.194649708,5.013903918,0.444223097,0.679732998
CR46050,-0.282634603,1.908787105,0.444401045,0.679732998
EndoGI,0.163189156,5.799647375,0.444547011,0.679732998
tau,-0.134310281,7.554858409,0.444567287,0.679732998
CR44054,0.261865407,2.419412811,0.444627291,0.679732998
Surf4,0.133585147,7.123264561,0.444658074,0.679732998
Tip60,0.240761916,5.022580962,0.444671043,0.679732998
CG4847,-0.13791267,9.903127111,0.444678425,0.679732998
UQCR-C1,0.128583989,9.361319584,0.445405537,0.680734484
Osi3,-0.291643029,1.192652721,0.445612689,0.680941095
CG12263,0.237189407,4.14288508,0.446013489,0.681443505
scny,0.201019214,6.125659669,0.446297812,0.681767824
CalpA,0.129989418,7.314738528,0.446491216,0.68195317
Ctr1A,0.146711029,6.422375472,0.446722875,0.682196876
CG7231,-0.217559276,4.525139571,0.446830282,0.682250787
pgant2,0.182624999,5.422736847,0.447105797,0.682561318
eIF-4E,-0.125485091,8.249368064,0.44720004,0.68259506
RpL31,0.131527112,9.127174527,0.447321056,0.68266965
Obp49a,0.316035899,6.240850445,0.447438685,0.682739048
thoc7,0.240039152,5.083090888,0.447942654,0.683352219
Vti1a,-0.229216399,4.191039322,0.447984973,0.683352219
UQCR-6.4,-0.137294427,6.932875713,0.448111951,0.683435732
CG12321,-0.157611932,6.013390701,0.44857972,0.68403889
CG7550,-0.250573961,3.481465593,0.448686692,0.684091762
CG2747,-0.133464256,6.891039528,0.449038069,0.684366249
CG31108,0.213273368,5.626713294,0.449039045,0.684366249
MED28,-0.2264997,4.313287603,0.449083707,0.684366249
CG3589,-0.225226106,4.297617522,0.449344749,0.6845517
CG17765,-0.131182999,7.087243242,0.449350096,0.6845517
skl,0.264403338,2.126186137,0.449594759,0.684814168
CG9331,0.163364358,5.74110798,0.450049437,0.68539639
Taf7,0.269979471,4.341294505,0.450333899,0.685719239
CG17209,-0.22552098,4.293215849,0.450411465,0.685726996
serp,0.283988935,1.514877931,0.450651724,0.685982402
CG11077,-0.278660231,1.540864497,0.450935986,0.686304696
CG10585,-0.194820219,4.914026063,0.451080935,0.686414893
stops,-0.245665395,3.751383085,0.45116949,0.686439253
CG15459,0.287594976,1.508003483,0.451425024,0.686613158
Golgin245,-0.135855613,6.721037688,0.451428922,0.686613158
CG33228,-0.246561204,3.219311662,0.451630477,0.686809317
CG5160,0.280951231,1.245273074,0.451734343,0.686856878
CG11560,0.283227039,3.923761827,0.453046778,0.68867508
Gs2,-0.12677733,11.82906809,0.45307571,0.68867508
Sec3,-0.189982075,5.017337961,0.453615937,0.689385479
CG16717,-0.181696438,5.258873984,0.453763312,0.689498709
corn,-0.169470036,5.591277087,0.453902686,0.689599745
mRpS34,-0.223087365,4.249975267,0.454324696,0.690004905
CG13001,-0.245461948,3.121687826,0.454355625,0.690004905
jp,-0.148547477,7.087675278,0.454388138,0.690004905
CG33331,-0.250172086,2.321194509,0.454756179,0.690452978
CG4565,-0.248508167,2.277674253,0.455254065,0.690994803
CG3925,0.184124161,5.610355584,0.4552591,0.690994803
CG3860,-0.130407012,7.062032955,0.455343071,0.6909966
ari-1,0.13457136,6.9474308,0.455406341,0.6909966
CG12084,0.153124076,6.025051432,0.455605703,0.691188257
RpL36A,0.133492068,9.233347757,0.45574261,0.691285119
M1BP,0.23384665,5.227277685,0.456177642,0.691834084
CG3632,-0.133854737,6.70700956,0.456336955,0.691964787
CG8206,-0.134148154,7.048759398,0.456543393,0.692085387
Ppox,0.193551586,5.05092074,0.456562776,0.692085387
CG4293,-0.191612177,5.119854292,0.456803044,0.692271379
CG33298,0.14281913,6.317911247,0.4568318,0.692271379
CG42489,-0.307355391,0.42748556,0.457074211,0.69238776
p115,0.218492185,5.02116845,0.457118566,0.69238776
Atpalpha,-0.121358222,11.63201206,0.457130782,0.69238776
CG34213,0.249143168,3.191329011,0.457249499,0.69238776
CG18661,0.227887981,4.199449312,0.457274478,0.69238776
alien,0.183754577,6.411016521,0.457475485,0.692512644
CG5013,0.24375796,3.513047726,0.457503333,0.692512644
CG11807,0.172371351,5.502024756,0.45770856,0.692560331
Syx1A,-0.187048486,5.765902882,0.457729174,0.692560331
CG4813,-0.241635826,3.268018122,0.457754418,0.692560331
Pur-alpha,0.13202404,7.434270578,0.458096495,0.692967071
stwl,0.231793251,4.572241862,0.458675822,0.693666755
CG4646,-0.203283622,4.787420318,0.458705653,0.693666755
mRpL36,-0.233563299,3.972959137,0.459182734,0.69427725
Rrp47,0.214692562,4.837558746,0.459332228,0.694392322
snRNP-U1-C,0.244647464,4.575086763,0.459439719,0.694443869
CG8191,0.24578378,2.975289732,0.45959307,0.694476415
CG17698,0.135643216,7.288915594,0.459608044,0.694476415
CR12842,0.314972044,0.572504103,0.459729566,0.694529117
CG11137,0.150300726,6.629446576,0.459849265,0.694529117
CR43963,-0.329852232,0.643948797,0.459863128,0.694529117
RluA-2,0.235427545,4.119321831,0.460213124,0.694946788
Atg3,0.155060664,5.884430673,0.460398606,0.695045605
CG8272,-0.206637512,4.717689803,0.460425476,0.695045605
beta-Man,0.146008297,6.050657107,0.460585372,0.695176072
SNRPG,-0.185032557,5.387362201,0.460964013,0.695636601
Pmp70,0.130454426,6.933558468,0.461053949,0.695661373
Rad17,0.26017702,3.271211481,0.461219401,0.695770006
CG8931,0.184791702,5.275188289,0.461273013,0.695770006
Rhp,0.199014798,4.781525002,0.461431496,0.695898122
CG9917,-0.125931604,8.379325872,0.461811713,0.696360546
CG14480,-0.182157049,5.305549485,0.461925138,0.696371667
CG8891,0.241493512,3.762802529,0.461966281,0.696371667
Vha68-1,-0.123431536,7.689751819,0.462285915,0.696669812
CG3597,-0.339006339,0.746964026,0.462395897,0.696669812
nuf,-0.12268234,8.052870544,0.462421486,0.696669812
Mfap1,-0.195790887,5.239481097,0.462466212,0.696669812
CG10189,0.241798407,3.523330996,0.462532209,0.696669812
Su(z)2,-0.170972201,5.498342009,0.462929189,0.69715677
CG7744,0.248154343,2.722465038,0.463113392,0.697323189
CG15536,-0.239308126,3.407978001,0.463451617,0.697721432
CG4577,0.215370788,4.486093337,0.463565705,0.697782167
spel1,0.216466919,4.312618532,0.463677827,0.697839924
CG7791,0.178322342,5.187686213,0.463889267,0.698047113
Rab18,-0.158788129,5.792912127,0.463969844,0.698057349
CG2124,-0.237720149,2.985920752,0.464569518,0.698848455
CG5147,-0.225965088,4.168526438,0.465218165,0.699712967
Adi1,-0.151846023,5.941524004,0.465431727,0.699859312
Rpn6,0.136077751,7.261494729,0.465463396,0.699859312
CG15735,0.140639843,6.469528047,0.465548804,0.699876515
CG4627,0.242835211,3.141400177,0.465737475,0.700048926
lig,0.199365249,8.070943971,0.465853617,0.700057774
CG11396,-0.182467746,5.106337379,0.465974567,0.700057774
Rab1,-0.125062402,7.826071466,0.466100056,0.700057774
Dredd,0.161300899,5.673093757,0.466112721,0.700057774
CG30414,0.261731281,1.596175306,0.466113293,0.700057774
alpha-Man-IIb,-0.152825279,6.361811234,0.466559437,0.700616631
ben,-0.131569621,8.125501726,0.46673658,0.70072919
Pcmt,0.140790461,6.22427364,0.46681325,0.70072919
CG10469,-0.239696231,2.999287055,0.466859194,0.70072919
pcm,-0.192740172,5.266949963,0.466961747,0.70072919
Rint1,-0.183756955,5.073938599,0.467004679,0.70072919
CG4537,-0.247044544,2.700864572,0.467229739,0.70095573
ATPsynO,0.119558233,8.696229236,0.467323471,0.700985206
arm,0.160191494,8.665624674,0.467507073,0.701149457
Eip75B,-0.130887078,6.854774992,0.467798088,0.701383377
Tango9,-0.141239374,6.440905539,0.467811297,0.701383377
CG4050,0.201525206,4.701271465,0.468009693,0.701498943
Ehbp1,-0.127922421,6.986793297,0.468036654,0.701498943
Taf8,0.258925231,3.665112349,0.4682144,0.701592578
CG17712,-0.22097727,4.195621173,0.468253362,0.701592578
Dscam3,-0.239956166,2.86254674,0.468371273,0.701592578
CG32262,-0.207070073,4.560829394,0.468448073,0.701592578
alpha-Est10,-0.123614322,7.547630686,0.46846987,0.701592578
Pat1,-0.151187501,5.866564596,0.468607153,0.701687115
Ppa,0.148843032,6.10175995,0.468723682,0.701717113
CG7519,0.25163957,4.340808803,0.46877551,0.701717113
CG10973,-0.187993236,4.944593084,0.468881926,0.701746048
D19A,-0.179566321,5.170074664,0.468943169,0.701746048
CG7837,-0.228800744,3.841508963,0.46906937,0.701754795
Prosalpha6,0.186497499,6.871979961,0.469147325,0.701754795
SrpRbeta,0.215759844,4.960251771,0.469171511,0.701754795
CG10669,-0.226795347,3.857501781,0.469395403,0.701978711
CrebB,-0.12529587,7.026106196,0.470066161,0.702870736
CR45330,0.305169452,1.318421167,0.470337963,0.70316603
Srp9,0.209488626,5.047070025,0.470451675,0.70317043
CG12541,-0.170781285,5.443965574,0.470498474,0.70317043
bol,0.164012928,5.851717589,0.470563851,0.70317043
CG10445,0.257250168,1.554866338,0.470817909,0.703341293
CG43340,0.128530298,7.313022696,0.470837243,0.703341293
Hr39,-0.181818524,5.101343886,0.470990348,0.703341293
MED8,-0.213102147,4.329257813,0.471154917,0.703341293
SWIP,-0.218973765,4.205558341,0.471166123,0.703341293
CCKLR-17D3,-0.243708136,2.909519666,0.471220317,0.703341293
CG34417,0.133766293,8.373214147,0.471237011,0.703341293
CG42239,-0.222011613,4.428864139,0.47127286,0.703341293
CG31998,-0.148496254,6.024657042,0.471412552,0.703370997
Fmr1,-0.139896125,6.282655957,0.471475617,0.703370997
rno,-0.165403166,5.586393335,0.471569832,0.703370997
CG6610,0.263978657,3.701438611,0.471590108,0.703370997
CG13795,0.229243402,3.855954115,0.471764779,0.703490451
RhoGAP93B,0.162429794,5.907779089,0.471818897,0.703490451
or,0.216995041,4.674446422,0.471955404,0.703583115
Mocs1,-0.124905339,8.156001392,0.472046716,0.703608384
Catsup,0.159633371,6.056025626,0.472241449,0.703686202
CG1434,0.22331908,4.071823259,0.472283038,0.703686202
CG6583,0.168554758,5.486164734,0.47234609,0.703686202
EcR,0.16481951,5.996738455,0.472396402,0.703686202
lt,0.130243516,6.732044009,0.472490265,0.703715234
Tbce,-0.151812292,5.952269086,0.472684655,0.703757469
CG14184,0.177315044,5.344626318,0.472725378,0.703757469
CG14463,0.249640122,3.683806462,0.472741754,0.703757469
CG14963,-0.275721285,0.922171279,0.473136318,0.704234048
CG4562,-0.265577877,3.271280708,0.473258562,0.704242563
CG31111,0.280726418,2.702269345,0.473290896,0.704242563
ND-19,0.135500804,6.515300494,0.473624346,0.704519101
CHKov2,0.158121007,5.78713281,0.473625661,0.704519101
jing,0.244594329,4.898385321,0.473790036,0.704652833
CR44969,0.248996595,1.908573669,0.473958625,0.704792789
TbCMF46,-0.226786772,3.936229753,0.47448984,0.705471852
Ir84a,0.213702761,4.354045027,0.47500293,0.706123759
trsn,0.207653829,4.422645565,0.47518103,0.706277553
LPCAT,-0.170778727,5.272934567,0.475376318,0.706306555
CG10802,-0.172478516,5.637642387,0.475416645,0.706306555
bou,0.153969867,5.767422174,0.475424482,0.706306555
RpL10Ab,0.121441449,9.603138972,0.475611253,0.706473104
pasi1,0.213019196,4.536135009,0.475820789,0.706673411
CG15651,-0.218831158,4.040515222,0.475920102,0.706709982
GstE8,-0.210646688,4.974454505,0.476061722,0.706809355
RN-tre,0.161501041,6.359854235,0.476202092,0.706906839
cl,-0.142405468,6.689765367,0.476300393,0.706941853
CG30109,-0.22449805,3.97507803,0.476413538,0.706998886
Egm,0.166874126,5.465674994,0.476606163,0.70712557
CG7766,-0.12415126,7.642863189,0.476766549,0.70712557
MED10,-0.172863915,5.265608644,0.476782137,0.70712557
TfIIEbeta,-0.192627746,4.782915524,0.476944978,0.70712557
Cand1,-0.141130822,6.12637381,0.476973637,0.70712557
kra,-0.130393501,9.476509861,0.477020717,0.70712557
CG42854,0.357934791,0.888196416,0.477094217,0.70712557
CG10903,0.314049493,1.416433777,0.47709677,0.70712557
His3.3A,-0.14269226,7.686057395,0.47724458,0.707233862
Sec71,-0.140256727,6.193188392,0.477330665,0.707250665
DMAP1,0.211424135,5.337140384,0.477691889,0.707675067
RpL35,0.124965299,9.370635633,0.477858258,0.707745215
CG34409,0.29603368,0.713738087,0.477888837,0.707745215
nsl1,-0.123481739,7.028613383,0.478095122,0.707939913
ade2,0.180735433,5.014608536,0.478179399,0.707953915
XNP,0.142122939,7.168385494,0.478585676,0.708444566
mura,-0.128971525,7.031057517,0.478788815,0.708531866
CG3500,-0.203175466,4.502498468,0.478852433,0.708531866
CG34423,0.169809243,5.29685919,0.478869296,0.708531866
CG40006,-0.131824821,8.718878041,0.479136758,0.708816761
CG11562,0.233647546,4.102630301,0.479343306,0.709011467
CG2611,-0.24959111,3.071414977,0.479428377,0.709026462
Spps,-0.219692117,4.110270387,0.47984838,0.709536704
Nckx30C,-0.127506561,7.522247212,0.479994636,0.709642069
inaE,0.132280558,6.654829107,0.480212353,0.709763476
CG31068,-0.283580425,1.143028776,0.480226778,0.709763476
CG31678,-0.15262206,5.706659252,0.480316189,0.709769621
CG10512,-0.151942907,5.950992959,0.480380961,0.709769621
Got2,0.117541408,8.13452386,0.480467704,0.70978695
Med,-0.152725449,6.083553661,0.48113066,0.710655371
Myb,0.171667692,6.225350315,0.481494773,0.710996034
Prx2540-1,0.271027886,2.00327247,0.481570042,0.710996034
CG2781,0.125669791,8.311655063,0.481616037,0.710996034
l(3)j2D3,0.227690742,4.873003762,0.481661866,0.710996034
CG10466,0.251956195,2.61392397,0.481756351,0.711024582
Snx16,-0.20229974,4.554620634,0.482109515,0.711321526
Mo25,-0.122042812,6.924944691,0.482164926,0.711321526
slv,-0.217132743,4.171139785,0.482183076,0.711321526
CG3719,0.149238087,5.855215336,0.48288872,0.712251453
CG13369,0.168353345,5.330254703,0.483040517,0.712299964
E(spl)mbeta-HLH,0.178333466,5.075266615,0.48307217,0.712299964
wda,-0.211388337,4.183494206,0.483534507,0.7128706
CG9662,0.196705132,5.09174066,0.483764588,0.713098696
CG9727,-0.147331396,5.816318161,0.48401156,0.713351617
Hs2st,-0.18667637,4.83531387,0.484480435,0.713931455
Madm,0.148839183,5.781223521,0.484585929,0.713953289
mts,0.134709477,9.058155104,0.484833809,0.713953289
Cyt-c-p,-0.124120185,8.832825996,0.485012548,0.713953289
qua,0.205052822,4.443553397,0.485036372,0.713953289
CG5590,0.137916621,6.34217276,0.485074117,0.713953289
Chc,-0.117921026,8.783327146,0.485109564,0.713953289
CG6650,-0.187003736,5.406963197,0.485170612,0.713953289
CG6654,-0.208217224,4.280101838,0.485174827,0.713953289
CG12006,-0.194073711,5.92991598,0.485224251,0.713953289
Sh3beta,0.124864457,6.804641341,0.485249799,0.713953289
CG13151,0.229242288,3.082017662,0.485370295,0.714019547
Usp14,-0.134410126,6.327365919,0.485539075,0.714156805
eco,0.190825305,4.771487189,0.485959311,0.714663818
Su(var)2-HP2,0.21164553,5.467519413,0.486204589,0.714913414
CR45907,-0.292388967,0.598790695,0.486464139,0.715183916
CheA56a,0.665465241,1.500364235,0.486970222,0.715816722
Ggt-1,-0.136642735,6.418769597,0.487067496,0.715848501
lawc,-0.161238089,5.518904969,0.487314141,0.716099767
CG7065,-0.191944675,5.046549625,0.487641444,0.716406032
srl,0.236240647,3.110364928,0.487703627,0.716406032
CG6040,0.16863161,5.25525722,0.487755951,0.716406032
Sec23,-0.115979279,7.514998907,0.487845936,0.716406032
cbs,-0.173165712,5.10001521,0.488010633,0.716406032
l(2)k14505,0.179045257,5.044855793,0.488059403,0.716406032
CenB1A,0.143817509,5.888087466,0.4881212,0.716406032
CG17168,0.195794246,5.642405153,0.48812827,0.716406032
CG8833,-0.219348769,3.890515716,0.488220225,0.716429865
Rpb11,0.220163508,4.467547128,0.488365136,0.716531388
Cul2,0.124436855,6.710075912,0.488495028,0.716610846
CG6602,-0.233298087,2.791582579,0.48876542,0.716886059
RpL23A,0.126665013,10.16479664,0.488834163,0.716886059
CG1582,-0.150667294,5.637582325,0.489027382,0.716976972
CG1407,-0.209073168,4.17814777,0.489051134,0.716976972
scaf6,-0.147892482,6.017414653,0.489187762,0.716976972
CR44129,0.254213397,1.864187332,0.489199253,0.716976972
MrgBP,-0.166320019,5.285727637,0.489459672,0.717247548
cnc,-0.119945234,8.423049437,0.489881595,0.717754669
sbr,-0.126422823,6.812851094,0.490222159,0.718112588
eIF5B,0.128056715,6.553063377,0.49039956,0.718112588
Uvrag,-0.177345594,5.046493637,0.490412923,0.718112588
Orcokinin,-0.26955828,1.482966477,0.490501009,0.718112588
CG3587,0.240764118,3.899525455,0.490505353,0.718112588
ZAP3,-0.12990559,6.85282335,0.491036924,0.718779607
wge,0.133386616,6.422919568,0.491251346,0.718982248
CG8060,-0.190796017,4.672398581,0.491505103,0.719132664
CG4743,-0.224596063,3.595929717,0.491562137,0.719132664
Jupiter,0.153584887,8.45753474,0.491582125,0.719132664
Cct1,-0.118514934,7.328990489,0.491953282,0.719564377
sina,0.162545405,5.616415037,0.492090506,0.719653843
Ggamma1,0.113273398,9.859972348,0.492291744,0.719836885
CG42613,0.251725042,2.976377241,0.492566471,0.720038922
Prosbeta3,0.173031144,6.800298273,0.492582112,0.720038922
CG32267,0.210034698,4.968324734,0.492799151,0.720244913
CG2841,-0.120929533,6.962604938,0.492885345,0.720259634
CG42307,-0.271306174,1.083824307,0.493095422,0.720455356
MetRS,-0.195086388,4.574215524,0.493263579,0.720560105
Txl,-0.132789871,6.23372422,0.493319421,0.720560105
S6kII,-0.189962522,4.702288633,0.49339637,0.720561268
Sos,-0.138262205,6.01107285,0.493583194,0.720722867
CG45002,0.202595098,4.3480425,0.49384525,0.720994253
mv,-0.169914815,5.609125074,0.493988951,0.721092788
scpr-C,0.235189657,2.730675825,0.494152333,0.721173582
CG3558,-0.130300362,6.440672955,0.494196735,0.721173582
CG14073,0.164127391,5.439991761,0.494324087,0.72124819
CG7453,0.161329449,5.308724343,0.494497005,0.721281233
Sox14,0.161431034,5.410599705,0.494499193,0.721281233
CG10576,-0.122819997,6.734094274,0.494821038,0.721544991
CG7420,-0.213729907,4.041229535,0.494832535,0.721544991
Tcp-1eta,-0.132735072,6.25953708,0.49494965,0.72160456
spn-F,0.207914573,4.57353061,0.495073382,0.721673755
CG15435,-0.228943942,3.08839637,0.49534665,0.721791289
Nplp3,0.448275295,5.210788696,0.495470464,0.721791289
CG9436,0.189851209,4.990530979,0.495474598,0.721791289
Taf5,0.203870358,4.779595138,0.49556225,0.721791289
COX5A,-0.112967172,9.106172989,0.495678284,0.721791289
Tim9a,0.245768617,4.005419707,0.495761262,0.721791289
MED4,0.236602996,4.102733574,0.495785312,0.721791289
Cpsf73,-0.208510313,4.091358347,0.495814152,0.721791289
CG8677,0.168577941,6.248798034,0.495900304,0.721791289
LeuRS-m,-0.18221617,4.811774284,0.495916843,0.721791289
CG45071,-0.19289726,4.62561271,0.496124622,0.721982647
CG32112,-0.161586392,5.322700707,0.496245502,0.722047508
Strip,-0.133112273,6.275511008,0.496570846,0.722409801
CG9849,-0.192495761,4.540152578,0.496887144,0.722758825
GstD3,0.18901955,5.098637621,0.496990189,0.722797598
Oatp30B,-0.18244079,6.289692534,0.497410946,0.723170523
Sec10,-0.176920942,4.96412777,0.497519136,0.723170523
CG18081,0.167896445,5.776300618,0.497523246,0.723170523
Ost48,-0.136317646,6.815361431,0.497552326,0.723170523
CG9921,-0.123856588,6.75409304,0.49782392,0.723454144
CG7369,-0.167922033,5.116250901,0.498020042,0.723577492
Rbp2,0.119612738,7.996621518,0.498061742,0.723577492
Nha2,0.223460384,2.781770926,0.498171479,0.723625811
Slbp,-0.206335832,4.246045761,0.498482838,0.723831066
HmgZ,-0.126730884,8.170861558,0.498539557,0.723831066
Grip91,-0.201263899,4.395291471,0.498542281,0.723831066
GAA1,0.156953326,5.543552645,0.49877652,0.723951741
CG10265,-0.239319901,3.41179529,0.498778419,0.723951741
morgue,0.204595048,4.264335364,0.499356387,0.724679468
CR44993,0.288945116,0.469434681,0.499439328,0.724688687
CR43461,0.310172431,0.579648609,0.499536698,0.724718835
Cp110,0.170352623,5.036217741,0.499649261,0.724755492
PKD,0.12781399,6.748724456,0.499715159,0.724755492
blw,0.11172394,10.50738078,0.499958441,0.724997206
CG14667,-0.205588049,4.138286481,0.500461941,0.725496714
Art7,0.206111308,4.179848487,0.500468208,0.725496714
CG30373,-0.17114469,5.054652582,0.500532926,0.725496714
Vps33B,0.190972945,4.55198146,0.500686295,0.725607861
CG3107,0.132670091,7.224328755,0.500824221,0.725617163
CG8157,0.484714649,3.72660246,0.500846089,0.725617163
CG34376,-0.209751402,4.018338155,0.501083864,0.725850509
Smg5,-0.116127115,7.283718016,0.501229568,0.725950431
CG17726,0.199679082,4.32428312,0.501484217,0.72620809
CG42813,-0.130522633,6.316694834,0.501594982,0.72625734
CR46268,0.241879428,3.126784533,0.501924338,0.726623024
sra,0.143241568,6.232793319,0.502007515,0.726632263
kni,-0.181923008,4.79330804,0.502475981,0.727199103
Usp30,-0.154613365,5.482600973,0.502580471,0.727239091
ebd1,0.16024745,5.493584871,0.502708908,0.727313714
Mal-A1,0.373980681,2.260602058,0.502801935,0.72733709
rhea,0.116349734,8.204320846,0.503075385,0.727621415
CheB98a,0.614205345,2.160436288,0.50320349,0.727695464
Suv3,0.220746579,4.121939687,0.503315868,0.727746751
Prosbeta2,0.123072157,7.242004774,0.503569844,0.727946541
Met,-0.169285148,5.024061936,0.503607912,0.727946541
CR44431,-0.265119109,0.754682452,0.503766346,0.72806433
CG9945,-0.168061749,5.095843376,0.50418402,0.728467515
Rab11,0.126167773,8.195617748,0.50424439,0.728467515
CG32772,0.14819267,5.640073924,0.504276287,0.728467515
Stam,-0.152138645,6.456715397,0.504574259,0.728708969
CG13325,0.240064895,1.561278213,0.504633013,0.728708969
CG4557,0.142252214,5.712088748,0.504674474,0.728708969
CR44440,-0.321021044,0.65362231,0.504906581,0.728898953
RpL38,0.117091349,9.230085677,0.504960118,0.728898953
ND-B15,-0.127696367,6.370618379,0.50514721,0.729057795
CheA29a,0.780817808,2.25727834,0.505541096,0.729418546
cer,0.175624997,4.874963084,0.505551345,0.729418546
CG42541,0.203261677,4.429472347,0.505748055,0.729591112
CG32407,0.21757159,3.879356953,0.505930488,0.729743029
EloC,0.12038138,6.801922425,0.506275867,0.730082437
CG42668,0.116577202,7.254986226,0.506320118,0.730082437
Kat60,0.143618874,5.936853754,0.506639009,0.730430946
CG14618,-0.224604298,3.403746763,0.506749972,0.730452306
Spat,-0.30347545,1.084649443,0.506808221,0.730452306
Rpb10,-0.16029569,5.283992942,0.507054617,0.730545014
dbe,0.240054157,4.538119717,0.507062506,0.730545014
CG7818,0.224868151,3.80675997,0.507153339,0.730545014
CG7206,-0.160404186,5.455856769,0.507181378,0.730545014
g,0.155798932,6.093882572,0.507439426,0.730805457
nemy,-0.144036196,5.714199877,0.507601451,0.730927549
Dscam2,0.218475498,3.974628634,0.50774477,0.730995301
dsx,0.181890094,4.880170795,0.507849345,0.730995301
CG15458,0.235201807,1.711314148,0.507880269,0.730995301
rdgBbeta,0.188343317,5.048917011,0.508176894,0.731287219
CG12825,-0.256275572,1.82860074,0.508292751,0.731287219
CG14050,0.220684111,2.200478905,0.508403156,0.731287219
CG31051,-0.205749316,4.133120189,0.508436788,0.731287219
Uba3,0.188576776,4.812136381,0.508570061,0.731287219
RpL29,0.118782356,8.619476317,0.508575948,0.731287219
CSN3,0.199766958,5.491665114,0.508624095,0.731287219
CG5705,-0.211010392,3.809907046,0.5088341,0.731478008
Hen1,0.249758486,2.948365199,0.509006328,0.731614443
CR44370,0.262795568,1.249886631,0.509257595,0.731728381
Fdx2,-0.160138714,5.254547424,0.509309831,0.731728381
plum,-0.211303734,3.913770368,0.509317599,0.731728381
CG13625,-0.200827762,4.045157027,0.509420926,0.73176572
CG1890,-0.184846116,4.636834381,0.509663603,0.731943279
holn1,0.216794566,4.712362792,0.509869528,0.731943279
CG16908,-0.212093131,3.713772757,0.509916478,0.731943279
HIP,0.261345181,4.258805981,0.509951776,0.731943279
CG17994,-0.178363411,4.794145964,0.510011208,0.731943279
CG14043,-0.183334552,4.642274834,0.510056779,0.731943279
Orc4,-0.217693724,3.447288698,0.510086026,0.731943279
CG34207,0.255229887,1.453177782,0.510250579,0.732068382
raptor,-0.18060125,4.723119696,0.510787766,0.732706139
CG31278,-0.214745668,2.703158933,0.510849968,0.732706139
crim,0.160438433,5.255158965,0.511066372,0.732870987
CG10103,0.122681065,6.663295325,0.51111981,0.732870987
PpV,0.163283023,5.456966646,0.511409921,0.73317003
HisCl1,-0.220794598,3.056271817,0.511483341,0.73317003
CR45102,-0.179678603,5.475038147,0.51176265,0.733459284
CG6617,0.152539172,5.699438391,0.512096137,0.733675491
CG6984,0.216425473,2.653178338,0.512125558,0.733675491
Sod1,-0.109570997,9.78976882,0.512146124,0.733675491
ref(2)P,0.114428615,9.057773052,0.512261007,0.733728981
SdhB,-0.108621298,9.218960383,0.512803854,0.734395349
CG3800,0.108285651,8.944647623,0.51292706,0.73446063
CG11710,-0.166598466,5.06325525,0.513215331,0.734762213
CG3887,-0.137540731,6.653908861,0.513505044,0.735065768
CG9664,0.135176043,6.159715037,0.513708501,0.735171878
Mical,0.113692897,8.328501449,0.513734566,0.735171878
Ube3a,0.161367481,6.040141345,0.513826757,0.735192616
TBC1D5,0.217928502,4.325581211,0.514088544,0.73540295
CG9372,-0.124727233,7.372548908,0.514129203,0.73540295
Prp8,0.153305417,6.820477355,0.514239056,0.735448903
l(1)10Bb,0.187947483,5.388589153,0.514412031,0.735585105
CG11695,0.182929932,4.659332155,0.514927696,0.736211221
Cals,0.110963604,8.585867859,0.515206413,0.736498426
CG13163,0.253841987,3.726470736,0.515286283,0.73650133
mRpL10,0.164534628,5.043733052,0.515422318,0.7365845
spri,0.130607559,6.119546441,0.515974746,0.737262617
nrm,-0.170271188,5.394073961,0.516315285,0.737637812
rad50,0.16767185,5.019865621,0.516627831,0.737972907
cbx,0.187471215,4.616904581,0.516815119,0.73812545
fl(2)d,0.122314623,6.877915469,0.51689064,0.73812545
epsilonCOP,-0.134831637,5.957172107,0.516977301,0.738137803
PNUTS,-0.119484385,8.078904909,0.517088037,0.73818452
beta4GalT7,-0.217818574,3.570835609,0.51742871,0.738559429
MED1,0.163191912,5.939319538,0.517805641,0.738985969
CG9220,-0.179530371,4.738586854,0.517943677,0.739071493
Strumpellin,-0.152836158,5.416123085,0.518121581,0.739124205
Lon,0.140441931,6.425048355,0.518136848,0.739124205
Amph,0.119076831,8.373501026,0.518246721,0.739169502
CG13623,-0.184202052,4.486304281,0.518350181,0.739195299
CG14523,-0.219422177,3.595413392,0.518421053,0.739195299
CG3662,-0.108023676,9.730946683,0.518590482,0.739268786
Sirt6,-0.228104477,2.203041572,0.518628852,0.739268786
CG3511,0.22308754,5.009483732,0.51897764,0.739576128
CG4611,0.206616172,4.001727327,0.519000792,0.739576128
tai,-0.123790863,6.36541151,0.519153894,0.739638396
crol,-0.109649878,7.966855817,0.519200827,0.739638396
Tsf2,0.116795294,6.695489634,0.519577228,0.739957788
elgi,0.185184721,5.192816507,0.519581436,0.739957788
Tmem18,-0.183961782,4.543756919,0.519748899,0.740084889
CG2656,0.190531341,4.593739717,0.520289789,0.740743602
Stlk,0.137272837,6.460194365,0.521005923,0.741651579
Gnf1,-0.164497448,4.960043614,0.521104764,0.741680698
CG15270,-0.120136526,6.85993904,0.521209111,0.741697243
CG4593,-0.195019455,4.163793602,0.521273163,0.741697243
Best1,-0.109718707,7.980286106,0.521360906,0.741710554
CG2941,0.216412886,2.666880473,0.521606058,0.741882022
Diap1,0.106484877,8.285330321,0.521747186,0.741882022
wde,0.143377423,5.745885495,0.521763918,0.741882022
Nrg,0.107518872,7.441828554,0.52179506,0.741882022
CG8818,0.114587636,6.994201444,0.521914307,0.741940079
EMC3,-0.12805246,6.034306488,0.522524541,0.74269599
Zw10,0.175239097,4.71296781,0.523319833,0.743550847
CG42676,0.186053379,4.49686263,0.523326243,0.743550847
CG12106,0.222238523,3.419188164,0.523361725,0.743550847
CG11619,0.247804809,3.204443005,0.523554497,0.743581919
CG32368,-0.204608454,4.838146523,0.523715566,0.743581919
CG10465,0.128339214,6.807844332,0.523736846,0.743581919
ND-B22,-0.107615814,7.457020214,0.523801239,0.743581919
Lig4,-0.19820122,4.138745214,0.523839043,0.743581919
BOD1,-0.119827499,6.794563134,0.523855112,0.743581919
CG4607,0.114014393,7.377457927,0.524076054,0.743783954
CG6484,-0.159631777,5.204106225,0.524348859,0.744059523
CG6808,0.217129848,2.436110661,0.524553185,0.744237853
Atg8a,0.107597227,9.600137571,0.524655561,0.744250753
CG15168,-0.146755606,5.584198258,0.524719592,0.744250753
CkIIalpha-i1,-0.207232117,2.892826688,0.524860396,0.744294809
CG4036,-0.196976331,3.99568055,0.524907975,0.744294809
RhoGAP68F,-0.121692275,6.493001695,0.525088756,0.744415754
CG11665,0.115667241,6.873995038,0.525150619,0.744415754
CG44243,0.28669103,0.313311973,0.525473406,0.744714069
Mpp6,-0.227887906,3.174600843,0.525518478,0.744714069
CG14220,0.188093171,4.271885563,0.525694812,0.744783639
CG7275,0.207667787,4.45188862,0.525724997,0.744783639
CG42851,0.262438169,0.523757367,0.525808304,0.744790146
l(2)03659,0.616059097,1.168160301,0.525964092,0.744873473
sip3,-0.118258649,6.554761002,0.526190459,0.744873473
Tbh,0.211326993,1.966653338,0.52630367,0.744873473
CG5872,-0.205947464,3.605825822,0.526340462,0.744873473
CG10494,-0.211355809,3.209365616,0.526377504,0.744873473
GatB,-0.198334091,4.062306831,0.526396048,0.744873473
Pex2,0.195120945,4.340026373,0.52641819,0.744873473
CG13766,-0.21119344,3.662673063,0.526654224,0.745096032
alphaTub84D,0.119177149,7.154164769,0.526806836,0.74513514
Fmo-2,0.153246631,5.839706127,0.526839367,0.74513514
Pitslre,0.115797457,7.920612981,0.52699145,0.745238843
fwe,-0.115831253,7.239977565,0.527104528,0.745287364
Cdk9,0.198387704,4.823139267,0.527602042,0.745809202
pug,0.166516925,5.399965066,0.52770679,0.745809202
Rab27,0.271014967,0.483397711,0.527710062,0.745809202
Nmd3,-0.161329462,5.140387654,0.52785403,0.745901259
CG3815,0.191755926,4.150953789,0.528130173,0.746180036
asrij,0.145627049,5.593436974,0.528235962,0.746192183
CG10979,-0.157420847,5.129229027,0.528350152,0.746192183
qkr58E-2,0.153528377,6.133676602,0.528452812,0.746192183
mRpS6,0.192250442,4.31197256,0.528454219,0.746192183
CG4662,-0.13123623,5.934780149,0.528659082,0.746370074
MED22,0.206532951,4.801383324,0.529163411,0.746721487
dgt3,0.210989756,3.639488493,0.529163526,0.746721487
Cdc2rk,0.196749165,3.883013847,0.52918058,0.746721487
Ulp1,0.167369812,6.044506955,0.529223662,0.746721487
CG3223,0.211479434,4.741602712,0.529542368,0.747059772
Toll-6,0.205523921,2.74102298,0.529888286,0.747436339
Rcd2,0.151562295,5.47243969,0.530109647,0.747637127
Mat1,-0.16266603,5.088868683,0.530515081,0.748097421
ppk23,0.446611093,3.041132785,0.530613826,0.74812517
ci,0.167690576,5.013042113,0.530817872,0.748259946
CG14838,0.254634953,0.91392025,0.530867577,0.748259946
CG15861,0.228327683,2.123097274,0.531543743,0.749101415
CG4751,-0.156874484,5.05262159,0.531876607,0.749458891
UGP,0.114109247,7.324039376,0.53271354,0.750526431
DUBAI,0.126269916,6.116754756,0.53295166,0.750750127
Max,0.151880779,5.332931392,0.533117395,0.75084337
dgrn,-0.193678876,4.101244556,0.533229484,0.75084337
stx,0.125428266,6.247223224,0.533255912,0.75084337
CG33978,-0.120450935,6.902525888,0.533436688,0.750928506
CG15653,-0.212166622,2.544436805,0.533475102,0.750928506
pros,-0.109621391,6.936228074,0.53399243,0.751544901
CG10914,-0.204866665,3.355292588,0.534090785,0.751571536
Blimp-1,-0.121937535,6.58311708,0.534797291,0.752453824
CG2818,-0.144805339,5.502557666,0.53529583,0.753043286
prominin-like,-0.205253558,5.074249966,0.535679946,0.753374812
SppL,-0.140296328,5.594888936,0.535741463,0.753374812
CG30022,-0.133280776,6.218209873,0.535770356,0.753374812
CAP,0.1051261,9.087366233,0.535850696,0.753375822
CG17568,-0.201875333,3.844946511,0.536146496,0.753679713
Nelf-A,-0.135282528,5.771941846,0.536366388,0.753750508
Pnn,0.216715731,4.945561554,0.536456877,0.753750508
Drep3,0.210609761,2.272354769,0.536471192,0.753750508
CG14100,0.222387367,3.967962271,0.536515501,0.753750508
defl,0.192105934,4.113744539,0.536861421,0.754105862
Ubc6,0.101172472,7.532516603,0.53708142,0.754105862
CR43723,0.272598519,0.123382618,0.537136404,0.754105862
CG1239,-0.201161124,3.360506793,0.537240702,0.754105862
inc,0.141033246,6.15673717,0.53725607,0.754105862
HSPC300,-0.207838205,3.920764626,0.537271742,0.754105862
Pym,0.206980321,3.540933107,0.537326329,0.754105862
Tes,0.200905815,4.137668208,0.537661251,0.754464
CR44047,0.222825355,1.585937237,0.538294004,0.755065286
CG7277,-0.120114413,6.639400096,0.538330374,0.755065286
CG5611,0.194891383,3.900317737,0.538387425,0.755065286
Bub1,0.172080368,4.907732362,0.53840895,0.755065286
CR43957,0.212587367,3.172542462,0.538558953,0.755163724
Aldh,-0.112470163,9.708570904,0.538689054,0.755234232
CR45142,-0.288448087,0.181311517,0.539075399,0.755562042
CG16721,-0.117323103,6.42806616,0.539082577,0.755562042
Epg5,-0.126142497,6.026488304,0.539325168,0.755682361
CG31457,0.248236815,3.880592923,0.539328153,0.755682361
La,-0.124964561,6.013939143,0.539672727,0.756053205
achi,-0.197733935,3.639842951,0.539865518,0.756134124
CG10916,-0.172429559,4.659148561,0.539890313,0.756134124
CG7028,0.176647041,5.603228657,0.540386393,0.756716894
SelG,-0.108108469,7.316904911,0.540477936,0.756733091
ADD1,0.155417306,5.507510776,0.540627109,0.756829961
Arc2,0.19263493,3.913654659,0.540940237,0.757156291
ttm50,0.142076014,5.469709734,0.54131881,0.757545589
twf,0.184940585,4.190845712,0.54137849,0.757545589
baz,-0.105179191,6.958979008,0.541705852,0.757891582
hrg,-0.111679872,6.791894362,0.541830597,0.757954037
CG5196,-0.140874364,5.533899603,0.541959353,0.758022083
CG12056,-0.155318183,5.083551249,0.542056245,0.75804555
Galphaq,-0.126359767,6.427844799,0.542181699,0.758051959
LIMK1,0.143600949,5.779429006,0.542221059,0.758051959
sgl,0.15826314,5.409349143,0.542340666,0.758107162
PGRP-LE,-0.161516308,4.825098826,0.542556011,0.758119075
Piezo,0.131136098,6.032105379,0.542565766,0.758119075
CG5098,-0.14931808,5.522312765,0.542589556,0.758119075
Ccz1,-0.167104765,4.723382035,0.542979487,0.758397749
CG6769,-0.157923704,4.899349038,0.542989431,0.758397749
CG3394,0.165841726,4.777558639,0.543099587,0.758397749
CG7099,0.206276595,4.004014092,0.543109612,0.758397749
CG4825,0.172735693,5.820344159,0.543241005,0.758440285
CG44252,-0.132113017,5.840210779,0.543300386,0.758440285
Efhc1.2,0.197514381,3.484917783,0.543473361,0.758569839
l(2)tid,-0.123330447,5.958407253,0.544021821,0.759073655
CG7914,0.201768273,2.466224564,0.544077188,0.759073655
e(y)1,0.22349518,4.290409074,0.544185483,0.759073655
wuho,-0.168941895,4.710585601,0.544222931,0.759073655
Cdc27,-0.133243901,5.639970969,0.544239723,0.759073655
lin,0.16273034,4.808183632,0.544315657,0.759073655
alpha-PheRS,-0.152245388,5.053072622,0.544440496,0.759135864
SMSr,0.167233899,4.692338864,0.545077757,0.75986424
Apoltp,0.283341277,1.87669645,0.545152552,0.75986424
Ir75d,0.189690874,3.868827713,0.545232422,0.75986424
AMPdeam,-0.10080561,8.220132801,0.545314651,0.75986424
CG5274,-0.187566199,4.08485115,0.545364411,0.75986424
unc-119,0.153317279,6.282119497,0.545972804,0.760491473
pasi2,-0.125906877,5.89071358,0.545984445,0.760491473
CG5458,0.214794538,1.863855931,0.54610704,0.760491473
CG10470,-0.153856836,5.085971618,0.546136077,0.760491473
CR44307,0.237359463,0.504689656,0.546338774,0.760661783
Fic,-0.163358847,4.904067768,0.54698411,0.761389599
Ssdp,0.169190332,7.200829514,0.547022458,0.761389599
CG10959,-0.206775468,1.952723998,0.547378084,0.76177253
CG16986,-0.170262751,4.684674328,0.547668946,0.76206523
CG32448,-0.163605597,4.784257703,0.548084162,0.762530854
CkIIalpha,-0.103119962,7.024378132,0.548228532,0.762544913
ade3,0.163099891,4.773509133,0.548255447,0.762544913
mRpL23,0.159584121,4.862547637,0.548417604,0.762658344
CG43935,0.263799888,0.121582566,0.548898803,0.763215352
CG16974,0.098923944,7.669869288,0.549622663,0.764055473
CG2233,-0.342840062,4.598262859,0.549691031,0.764055473
Obp83g,-0.248598368,1.396228463,0.549745261,0.764055473
Vps24,-0.143445881,5.307937167,0.550185455,0.764554968
CR45467,0.280536464,0.190766605,0.550415887,0.764762867
Ogg1,0.204463714,3.537898724,0.550541334,0.764824858
Synj,-0.118460049,6.146183651,0.550795558,0.765010815
CG14892,0.151003815,5.092076242,0.551039838,0.765010815
GstT1,0.216147933,4.711675262,0.551048254,0.765010815
Sec31,-0.113317763,6.479725635,0.551077663,0.765010815
Spn88Ea,-0.103783763,7.843811092,0.551079446,0.765010815
eIF2B-alpha,0.159393243,4.85641373,0.551388767,0.765269828
E(spl)malpha-BFM,-0.252939606,0.669294012,0.551427783,0.765269828
Nf1,-0.122928949,6.123419757,0.551687796,0.765511935
lqfR,-0.111279376,6.56606606,0.551825353,0.765511935
CHMP2B,-0.149193355,5.191957512,0.551844949,0.765511935
CR43256,-0.251914893,1.023700339,0.552161948,0.765696513
CG10933,0.207220495,3.075523131,0.552203139,0.765696513
Naa60,0.161559398,5.337448515,0.552303309,0.765696513
CG31249,-0.191645408,3.891986702,0.552381238,0.765696513
CR44981,0.231089553,0.875254064,0.552382625,0.765696513
Plap,-0.147161491,5.099756074,0.552683683,0.765846464
CG7785,0.237142708,4.047906466,0.552716764,0.765846464
CG6503,-0.355710873,2.661923922,0.552750987,0.765846464
Sdhaf3,0.200494858,3.701547141,0.552856489,0.765846464
CG11391,0.100355866,11.98175127,0.552898887,0.765846464
CR44197,-0.245891228,1.933253812,0.552976436,0.765846464
Pi3K21B,-0.15103106,5.165779809,0.553245682,0.766049468
B4,-0.107382878,8.196486707,0.553328694,0.766049468
CG5037,-0.107429747,6.847262639,0.553365897,0.766049468
CG8441,0.216320375,4.43955455,0.553974524,0.766779834
mago,0.208946382,5.522954569,0.554201614,0.766967468
CRMP,-0.103334887,7.06634516,0.554272199,0.766967468
Vav,-0.120518452,5.988329695,0.554384861,0.766996538
CR45131,-0.215829877,1.314710936,0.554455329,0.766996538
app,0.107314263,6.848911016,0.554766069,0.767123528
DCTN2-p50,0.118649797,6.366789045,0.554795113,0.767123528
CG6405,0.151466867,5.097928395,0.554939092,0.767123528
CG3225,-0.196327458,3.037625498,0.555004815,0.767123528
CG4598,0.138646232,5.403428239,0.555081758,0.767123528
CG9992,0.172674515,4.475252748,0.555094456,0.767123528
CG34039,-0.191410728,3.820247288,0.555114648,0.767123528
Taf13,0.180653965,4.784442787,0.55542504,0.767440381
iPLA2-VIA,-0.102092051,6.916334541,0.555528664,0.767471487
Tnks,0.153671354,5.404912033,0.556221402,0.768316336
CG14770,0.200042978,1.743682182,0.556437498,0.768502642
CG6762,-0.177742058,4.283508684,0.556801709,0.768893429
CG14502,0.402056832,5.018467375,0.557104347,0.769155354
CG16940,0.138056539,5.595056896,0.557153963,0.769155354
CR44268,0.24278593,0.568607011,0.557347072,0.7693097
CR44843,-0.257203676,0.556259546,0.557444665,0.769332179
CG1317,-0.098484537,7.81142063,0.558035169,0.769955537
porin,-0.096200822,10.06587352,0.558059086,0.769955537
Fer1HCH,0.098359708,10.46804211,0.558219745,0.770064912
shi,0.096717622,8.162667553,0.558922187,0.770921535
TfIIB,0.151858524,5.69977398,0.559023789,0.770949292
CG17572,-0.117326074,6.327154359,0.559113461,0.770955484
CHORD,0.205633665,4.287151748,0.559286738,0.770955484
Mal-A6,0.43114595,0.936704569,0.559343359,0.770955484
CG11141,-0.142849029,5.771495431,0.559354195,0.770955484
CG1640,0.100032573,8.743828319,0.559998022,0.771730453
Lrch,-0.173387335,4.34003207,0.560102962,0.771762666
CG9804,0.207069677,1.86836786,0.560251345,0.771854721
CG12985,-0.264496823,0.168022645,0.56054829,0.772092932
Tsc1,0.162522063,6.016334757,0.560587449,0.772092932
Jafrac1,0.10041793,9.799816943,0.560878022,0.772380708
Sec16,-0.108463476,6.557812741,0.561125031,0.772608417
scpr-A,0.238541345,0.573115731,0.561331198,0.772779833
Dab,0.108934727,6.670336519,0.561725894,0.773113015
sff,-0.128105863,5.674748122,0.561736628,0.773113015
Vps20,-0.128100831,5.723481513,0.561898708,0.773223614
mip40,0.210694074,4.664004282,0.56226368,0.77361334
Atxn7,0.202672313,4.820532026,0.562545132,0.773888055
CG6163,0.189369005,2.515984274,0.563118494,0.77425737
Rpn11,-0.110791785,6.440978535,0.563120124,0.77425737
CG1824,-0.119590528,6.079900449,0.563124556,0.77425737
CG17683,-0.114037782,6.656317148,0.563171994,0.77425737
Parp,-0.138372772,5.643635508,0.563222731,0.77425737
CG2162,-0.10792286,6.597038633,0.563442847,0.774260333
CG14961,0.213525493,3.635587334,0.563466711,0.774260333
Nep3,0.174753839,4.356055148,0.563470371,0.774260333
CSN7,0.136935097,5.885100275,0.563556582,0.774266354
mldr,0.190880165,2.931968918,0.563714048,0.774278274
CG7556,0.122920587,5.933912368,0.563728918,0.774278274
CG14969,-0.12012858,5.919136148,0.563910679,0.774415507
CG17162,0.214393815,2.280532067,0.564574065,0.774692236
NC2beta,-0.177185783,4.196647428,0.564617939,0.774692236
ClC-b,0.11780976,5.94734903,0.564631464,0.774692236
p47,-0.111177198,6.484339746,0.564644269,0.774692236
rt,-0.190648201,3.47434059,0.564663059,0.774692236
CG9839,0.18438002,3.860471647,0.564679827,0.774692236
CG2911,-0.1894995,3.427526523,0.564736166,0.774692236
CG40439,-0.190732515,3.139458658,0.564767179,0.774692236
CG13601,-0.154504683,4.878143978,0.565216075,0.775116953
Syb,0.09523453,7.782798429,0.565287052,0.775116953
CG42319,0.269091987,4.773452611,0.565325645,0.775116953
CG9581,0.148693695,5.121776977,0.565404482,0.775116953
CG1074,-0.206561273,2.102689311,0.565558224,0.775214742
CG6937,-0.181744435,3.810661636,0.565639672,0.775214742
CG15387,-0.209876339,1.909933854,0.566006694,0.775563015
Arp1,-0.102432583,6.864071932,0.566057723,0.775563015
CR45180,0.200844933,2.9260278,0.566751447,0.77640107
CG8005,0.222272652,2.940203876,0.566951108,0.776536742
kin17,0.181332899,4.712824386,0.567014622,0.776536742
GstE12,-0.098639363,9.347318792,0.567172948,0.776623742
CG5773,-0.203110703,3.390300319,0.567327825,0.776623742
Vps8,-0.169928226,4.316952989,0.567420654,0.776623742
Arf102F,-0.11101454,7.277675808,0.567470222,0.776623742
CG15014,-0.172885322,4.172900078,0.56755829,0.776623742
bbx,0.209247125,1.622653969,0.567570617,0.776623742
CG6766,-0.108451328,6.382264775,0.567958076,0.777041544
CG30463,0.1413584,5.159106466,0.568393069,0.777524248
PRL-1,0.196680904,4.504387281,0.568536708,0.777528138
Rme-8,-0.127274142,6.460446964,0.568560261,0.777528138
MED25,-0.167313752,4.358519525,0.568676257,0.777574385
MESR4,-0.130887237,5.83328048,0.568924872,0.777691744
gammaCOP,-0.108103992,6.442955118,0.568926469,0.777691744
Nle,-0.179021358,3.979838991,0.569459729,0.778308241
CG17230,0.167380952,4.3648985,0.569565672,0.77834061
pgant6,-0.172955512,4.306075971,0.569699068,0.778410482
CG15743,0.177401088,4.555554961,0.569786211,0.778417142
Irc,0.117410434,6.268549729,0.570369984,0.779102178
Rab3-GEF,-0.12351907,5.728695474,0.570740742,0.779496088
CheB53b,0.619940841,1.113535142,0.570942276,0.779658799
CG6512,-0.098017536,7.18295663,0.571071225,0.779722356
CG14968,-0.176422025,3.925815744,0.571605875,0.780339747
CG17612,0.225237324,3.629436455,0.571718348,0.780380699
PyK,0.096604317,9.894998015,0.571923618,0.780418116
CG15317,0.196335638,2.249121273,0.572124337,0.780418116
mus205,-0.171030852,4.239528407,0.572282914,0.780418116
NimC4,0.187875571,2.378733507,0.572318212,0.780418116
blow,0.129548058,5.52438982,0.572323452,0.780418116
Atg101,-0.114967093,5.962798615,0.572334018,0.780418116
CG30122,0.119182301,7.481895903,0.572359491,0.780418116
NijA,-0.135293855,5.381468488,0.572405594,0.780418116
p,-0.135372483,5.275630219,0.572512558,0.780451495
Spase22-23,-0.112977834,6.295641733,0.572672284,0.780554417
CG14074,0.183629605,2.626867168,0.572753045,0.780554417
GstO3,-0.098628061,7.656374743,0.573093956,0.780906539
CG33260,-0.208086923,1.31876069,0.573380288,0.781184202
mRpS24,0.201645582,3.367409355,0.573543134,0.78129357
mRpL3,-0.142622798,5.086425142,0.573642879,0.781306946
amx,-0.171019739,4.187875226,0.5737181,0.781306946
CG5380,0.183943515,3.616890667,0.573814394,0.78132563
CR44083,-0.24410656,0.21126153,0.574030102,0.781338847
Kdm4B,0.242736229,1.091222688,0.574044851,0.781338847
Cp1,0.092745049,9.142331036,0.574171136,0.781338847
Ent1,0.183765651,3.073112779,0.574266519,0.781338847
tutl,-0.099624371,8.333491793,0.57427874,0.781338847
Srpk79D,-0.116274596,6.216378116,0.57431956,0.781338847
Cdk8,-0.189271976,2.542412752,0.574726357,0.7816107
CG6236,-0.117101077,5.860759929,0.57475131,0.7816107
CR43960,-0.230221826,0.352117517,0.5747672,0.7816107
CG7971,-0.104308566,8.136961,0.574885727,0.781615537
mRpS14,-0.168288791,4.443641899,0.575077295,0.781615537
CG3792,-0.115701093,5.987110986,0.575096681,0.781615537
CG7402,0.098004021,7.837128411,0.575148466,0.781615537
PH4alphaEFB,0.127467087,5.593596063,0.575183786,0.781615537
Prosbeta1,0.127834077,6.793578379,0.575376022,0.781764492
Eaf,0.125424094,6.179482514,0.575802278,0.782215538
CG15877,0.184971557,3.361080048,0.575873329,0.782215538
CG6734,-0.151623302,4.810091399,0.575997695,0.782272167
Mitf,0.106053626,6.576384934,0.576205749,0.782442422
CG15561,0.208185436,2.864333747,0.576475063,0.782695803
CG9249,-0.16454716,4.429591451,0.576667851,0.782845223
CG32276,0.093359072,8.059442961,0.577128976,0.783358826
Crtc,0.135167414,5.532623463,0.577751339,0.78386568
mRpS28,0.162259582,4.54637099,0.577782109,0.78386568
trr,0.159118195,5.155378936,0.577795272,0.78386568
mRpL30,-0.13384738,5.382360306,0.577908685,0.78386568
SmydA-8,0.244347365,2.478895758,0.577969132,0.78386568
Spt20,0.182141244,5.160812511,0.577999456,0.78386568
CG15160,-0.154347914,4.69951876,0.578197776,0.783971917
CG7049,0.191345054,2.22195803,0.578243501,0.783971917
dpy,-0.142264857,6.097383018,0.578787949,0.784543255
CG34348,-0.159512625,4.556299943,0.578843198,0.784543255
Pfdn5,-0.154170963,5.47637564,0.578913656,0.784543255
RpL26,0.097733603,9.57802286,0.579079131,0.784610106
Atg5,0.192802892,4.159891352,0.579170251,0.784610106
PMCA,0.094607269,8.366137136,0.579231863,0.784610106
CR46137,0.221049438,0.543383171,0.579294673,0.784610106
CG8031,-0.149875806,4.764143644,0.579584629,0.784682053
DNApol-alpha60,0.21538561,1.15267315,0.579595417,0.784682053
CG8578,0.137873445,5.497565669,0.579596583,0.784682053
ctp,-0.097395797,9.197796159,0.580242721,0.785444438
Rpi,0.184579921,4.229136282,0.580557761,0.785573363
ntc,0.173310984,4.265789565,0.580620524,0.785573363
List,-0.169873194,4.298977735,0.580630332,0.785573363
BicD,-0.106516486,6.911496342,0.580670059,0.785573363
DIP1,-0.096259037,7.662714685,0.581384941,0.786428065
CG18012,0.137348357,5.171689413,0.58160816,0.786617555
ttv,0.175042147,5.264938664,0.581948879,0.786965884
CG14322,-0.153894423,4.685796045,0.582941546,0.788099119
NAT1,0.094438294,9.107823754,0.58295347,0.788099119
CG15717,0.198315255,1.507602983,0.583557604,0.788734152
U3-55K,0.18112138,2.47321343,0.583589917,0.788734152
CG7148,-0.148583248,4.863416974,0.583699454,0.788769528
Dmtn,0.110075741,6.451184669,0.583924698,0.788773454
CG12730,0.105878812,6.625633489,0.583926593,0.788773454
CG5903,-0.092662143,8.073077908,0.583952446,0.788773454
CG7466,0.114047438,5.934386299,0.584513236,0.789418247
CG40228,0.107889255,6.390854927,0.58503895,0.790015491
CG8108,0.13243451,7.807678987,0.585194407,0.790112655
mRpL35,-0.159887042,4.546107951,0.585686852,0.790526832
Grip84,-0.129723095,5.229032707,0.585742079,0.790526832
Mulk,-0.167600746,4.096360619,0.585751809,0.790526832
Uhg8,0.226274381,0.955449506,0.585917859,0.790638161
CG3663,0.177375603,3.631184287,0.586110279,0.790730306
CG33303,-0.109640186,6.194685702,0.586153284,0.790730306
l(1)G0004,0.16246982,4.497341997,0.586476813,0.791014407
bwa,-0.129460447,5.252770276,0.586556793,0.791014407
CheB53a,0.631528236,2.82712793,0.586614679,0.791014407
CG11737,0.107641525,6.151641592,0.586745941,0.791078669
Ucp4A,-0.117223408,5.81702942,0.58696047,0.79125516
CG13603,-0.106436004,6.413450108,0.587097847,0.79132761
Marcal1,0.177951278,2.893207474,0.587298012,0.791484659
Etf-QO,0.105130993,6.222206755,0.587543894,0.791703265
Dbp80,-0.105846876,6.27366542,0.588126171,0.792375029
Grip128,0.163967956,4.14113693,0.588913303,0.793322561
sni,-0.139673766,5.018643464,0.589494826,0.793992889
CG5919,0.149402452,4.840787037,0.58958949,0.794007366
CG8229,-0.106700168,6.084200208,0.589870839,0.794212484
Nup75,0.173864209,3.804473941,0.589909674,0.794212484
GCS1,-0.123091084,5.575081555,0.590081742,0.794253706
CG2017,0.104711146,6.332125279,0.590295068,0.794253706
CG8176,0.101159455,6.815568738,0.5902968,0.794253706
CG4467,-0.140135262,5.071224215,0.590330908,0.794253706
CG10178,0.096731457,7.068591941,0.590361901,0.794253706
CG15027,-0.170900773,3.822050353,0.590443941,0.794253706
Vps26,0.125652991,6.470403533,0.590922489,0.794784448
Wdr59,0.156108085,4.439630878,0.591224158,0.795077172
SAK,0.210467295,3.54061311,0.591340714,0.795120909
IntS8,-0.153793381,4.538955324,0.59144842,0.795152735
yuri,-0.102065087,6.700581462,0.591725429,0.79540122
WDR79,0.184582664,4.057799485,0.591801373,0.79540122
Rca1,-0.180143969,3.57248747,0.592256397,0.795735904
CR45873,0.18850712,2.068780055,0.592298174,0.795735904
CG13185,-0.174889502,3.666561991,0.592302682,0.795735904
Ect3,-0.226163352,1.225222022,0.592535326,0.795935442
pwn,0.177334555,4.137784218,0.59276077,0.796125253
isopeptidase-T-3,-0.159574852,4.333986888,0.59297225,0.796296257
SCAR,-0.104525009,6.352255732,0.593232692,0.796532954
pncr015:3L,0.20238247,1.375174045,0.593590886,0.796898529
Mipp2,0.196631832,1.843795393,0.593698336,0.796898529
Tango14,-0.166167282,4.06700848,0.593772821,0.796898529
snoRNA:Psi18S-531,-0.193243771,1.839057674,0.593841844,0.796898529
Atx2,-0.092926109,7.30894466,0.594014302,0.79701692
CR44299,0.230889495,0.428403243,0.594257182,0.797229755
gny,0.170055773,3.943236837,0.594958991,0.79805812
CG10795,-0.154575839,4.432582159,0.595225877,0.798302941
RpL40,-0.092455391,9.557702793,0.595349736,0.798307108
CG11109,-0.204317056,1.007961428,0.595397724,0.798307108
mRpS16,-0.158807243,4.517770269,0.595821592,0.798705305
Cont,0.08721744,7.702558911,0.595863533,0.798705305
CG2321,-0.191910068,1.604086514,0.596015571,0.798795939
eIF2B-epsilon,0.148074298,4.639614533,0.596364582,0.799150499
CG17265,-0.186464964,3.249525075,0.596760824,0.799509924
RecQ5,-0.14283809,5.009267091,0.596801796,0.799509924
beg,0.168271789,3.972113545,0.597135404,0.799843601
CG42232,0.177639377,5.18687199,0.597260162,0.799881277
CG8397,-0.098693904,6.868986436,0.597332605,0.799881277
Cf2,0.111325899,6.089399932,0.59792385,0.80044671
AttC,0.206282316,1.207290653,0.597983331,0.80044671
IntS1,-0.129905142,5.15195897,0.598008644,0.80044671
ken,0.124121978,5.423857512,0.598384388,0.800765869
rec,-0.193071584,1.373995065,0.598416345,0.800765869
kug,-0.107088794,6.1546373,0.598568327,0.800855983
CG7011,0.158981978,4.46607821,0.598745871,0.800980268
NTPase,-0.086749525,8.15023,0.598850476,0.801006956
CG14483,-0.156703453,4.287907685,0.598983742,0.801071968
CSN5,0.155094107,5.206940916,0.599143367,0.801073741
ND-MWFE,-0.093212768,6.858067906,0.59923173,0.801073741
CG3368,-0.142211192,4.785884067,0.599285529,0.801073741
Aprt,0.182943573,3.471741899,0.599323717,0.801073741
CG5500,-0.142311693,4.836324108,0.599726102,0.801399049
CG15456,-0.157889442,4.368165433,0.59973649,0.801399049
l(3)72Ab,0.127758198,6.114925009,0.599905059,0.801476478
Afti,-0.124315347,5.364413341,0.599963844,0.801476478
CG8520,0.106113334,6.063131243,0.600209802,0.801562593
Hus1-like,0.215012248,2.807912581,0.600220357,0.801562593
Arpc3B,0.230525568,0.495760501,0.600323996,0.801562593
CG12531,-0.171219144,3.83764103,0.600367163,0.801562593
Gtp-bp,0.107925725,5.977733352,0.600578756,0.801685321
ap,0.215093535,2.171062015,0.600657628,0.801685321
vito,0.193608266,4.016144876,0.600713266,0.801685321
Baldspot,-0.092426639,9.694512851,0.600867126,0.80177757
CG2258,0.119661772,5.71189038,0.601371534,0.802337487
eRF1,0.100027029,7.384425336,0.601725688,0.802627235
CG10444,0.107975301,5.957698197,0.601852722,0.802627235
Cbp20,0.167580653,4.638702558,0.601902069,0.802627235
l(2)10685,0.185541272,3.420948232,0.601928013,0.802627235
Bet5,0.160266183,4.14025376,0.602203456,0.802881373
CG12229,-0.229497172,0.848875494,0.60335169,0.804298914
nbs,-0.132030352,5.079375914,0.604056078,0.805031755
RpI1,-0.153966982,4.431435418,0.604071598,0.805031755
Pp1-87B,0.089046054,8.12413592,0.604286832,0.805205183
CR42549,-0.149010067,4.648611358,0.604696281,0.805637314
CG18476,-0.142423738,4.806231438,0.604828509,0.805700035
GluRIID,0.203303276,1.054340252,0.605102323,0.805826829
CG41128,-0.104236896,6.502628153,0.605148008,0.805826829
CG5126,0.161599221,3.925226117,0.605179185,0.805826829
CR43628,0.187477614,2.06483896,0.605359426,0.80595341
scyl,0.089726841,8.021029351,0.605553638,0.806098555
mRpL11,0.18016604,4.103296254,0.605718734,0.806169578
CG9795,0.107334817,6.494660189,0.605777393,0.806169578
gdl,-0.211608913,1.157604773,0.60594602,0.806189776
CG13177,0.394683824,3.394700831,0.605962977,0.806189776
sba,-0.10070187,6.217912333,0.606136151,0.806306799
RpS25,0.088029488,10.1023469,0.606247637,0.80634174
scat,0.111969023,5.678123728,0.606589864,0.806683527
lwr,0.141408873,6.875144304,0.606918601,0.806923102
Ir76a,0.131098185,5.080549926,0.606978831,0.806923102
CG18659,0.094128315,6.717411009,0.607025855,0.806923102
mRpL41,-0.158326428,4.128750961,0.607209807,0.806974459
TMS1,-0.085847235,7.732002336,0.607235061,0.806974459
CR45620,-0.204021629,1.841538581,0.607560765,0.807224145
Trs33,-0.170147162,3.164718904,0.60759357,0.807224145
CR44003,0.227494169,2.221970941,0.607741798,0.80730772
l(3)03670,0.091081354,7.102495493,0.607853252,0.80734243
CG16791,-0.094327096,6.797831983,0.6080762,0.807525194
CG5104,0.118994756,5.549946725,0.608235534,0.807571541
Msh6,-0.174414799,2.741827925,0.608281798,0.807571541
CG43921,0.098904218,6.284549605,0.608474175,0.807713614
CG7544,-0.172558836,3.545854065,0.608607719,0.807777561
CG11999,-0.128348122,5.368500386,0.608872856,0.808016124
C1GalTA,0.103689366,6.051062599,0.609095037,0.808027173
Cdc37,-0.115019096,5.931642027,0.609115221,0.808027173
MRE23,-0.241862321,0.442580302,0.609137374,0.808027173
CG40298,0.199599932,1.991806724,0.609985907,0.80903934
Cyp28a5,-0.101853599,6.675369,0.610198481,0.809072384
CG12264,-0.099103527,6.348304621,0.610241669,0.809072384
Ing3,0.150021347,4.373948197,0.610381057,0.809072384
Ubqn,-0.084830852,7.892718525,0.610449682,0.809072384
CG43759,0.156315958,4.485532567,0.610470504,0.809072384
CG6758,-0.165094629,3.65520008,0.610523866,0.809072384
CG11802,-0.142675618,4.669963417,0.610626851,0.809095542
mRpS31,-0.116259087,5.591789612,0.611111768,0.809414539
Ssu72,-0.124149469,5.1833817,0.611167593,0.809414539
Sclp,0.181668985,3.439941937,0.611168481,0.809414539
Ntf-2,0.119697416,6.786410204,0.611209774,0.809414539
CR44704,0.171790403,2.111117263,0.611389599,0.809434323
CG15814,-0.100679636,6.421363666,0.611408329,0.809434323
CG6325,-0.169130495,3.934781259,0.611557761,0.809434323
CG13865,-0.108510129,5.854727758,0.611566896,0.809434323
CG31950,0.168199937,2.497719688,0.611795257,0.809623318
PMP34,-0.09677902,6.677754465,0.611935339,0.809695452
GatA,0.161772239,4.156223042,0.612107226,0.809809643
CG4291,-0.159328456,3.904877309,0.612221812,0.809846624
COX4,-0.083616591,9.619455629,0.612352362,0.809846624
CG31974,0.20776941,1.614640629,0.612391946,0.809846624
Grip163,0.163605675,3.90163347,0.612528586,0.809914125
nero,0.162202086,4.360743606,0.613019303,0.81044972
Clc,-0.087133932,7.850614925,0.613305506,0.810714823
CG4538,0.091243151,7.167288814,0.613660564,0.811070856
CG1637,0.085016742,7.937989342,0.61376186,0.811091441
Elp2,-0.151289236,4.244045826,0.613896059,0.811155497
Swip-1,0.115246645,5.586272774,0.614067064,0.81126816
SCCRO3,-0.151497571,4.317044516,0.614309305,0.811366848
CR42765,-0.207600215,3.689585366,0.614324971,0.811366848
CG8360,-0.115097696,5.552241277,0.614406828,0.811366848
Arl2,0.157624967,3.855184668,0.614497046,0.811366848
CG14883,-0.12159977,5.437642744,0.614570514,0.811366848
Blos2,0.16192394,4.15528063,0.614657721,0.811368771
CG12182,0.171026649,2.853149513,0.615304563,0.812098806
CG14881,0.160374264,3.924762484,0.615382418,0.812098806
Cyp317a1,-0.099078581,6.35333829,0.615726232,0.812439215
mRpL42,0.159486481,4.191503528,0.615832865,0.812453357
Hr38,-0.168387337,3.823659288,0.61590868,0.812453357
snoRNA:Psi28S-2179,0.230153588,0.479094651,0.616042844,0.812507491
CG31550,0.092239324,6.746237769,0.616121459,0.812507491
l(2)35Be,0.178137197,3.915540436,0.616230298,0.812537776
Ephrin,0.100824376,6.707968897,0.616368372,0.812606595
CG12948,0.161779488,3.765692402,0.616729579,0.812946341
AdipoR,-0.085614034,7.868338565,0.616797905,0.812946341
pcx,-0.133824368,4.883278871,0.616988514,0.813084307
CG1764,0.154272261,4.128063822,0.617248135,0.813313167
CG10560,0.085472112,8.507824825,0.617469908,0.813492101
CR43496,0.172709493,3.024780254,0.617647567,0.813612875
Arp6,0.118492581,5.485672242,0.617856161,0.813717429
hyx,0.137434041,5.520474223,0.617898936,0.813717429
nonA-l,-0.16553321,5.203935301,0.618155415,0.813941906
CG31360,0.151893001,4.214271473,0.618418423,0.81415149
cold,0.096400213,6.320697768,0.618486674,0.81415149
CG14977,-0.130509163,4.941685645,0.61886558,0.814536948
Eaf6,0.193071103,3.754441302,0.61931868,0.814921801
Daxx,-0.105820573,5.898545852,0.619342492,0.814921801
CR43956,0.20683643,-0.021765171,0.61941636,0.814921801
LKRSDH,-0.163773469,3.648906742,0.619676432,0.8150869
Sema1a,0.116775113,5.402605129,0.619714136,0.8150869
CG2118,-0.125706312,5.065443864,0.619902036,0.815140621
Zip88E,0.164960442,2.948519552,0.619982722,0.815140621
Liprin-alpha,0.107390625,5.84428991,0.620013428,0.815140621
lft,0.101342002,6.010928659,0.620109464,0.815153618
sut1,-0.134016847,4.799629552,0.620341552,0.815340878
babo,-0.10480658,6.188883827,0.620481731,0.815340878
CG7289,-0.100594136,6.149471743,0.620573076,0.815340878
Hip14,0.106042975,5.952702152,0.620658206,0.815340878
RhoGAP92B,-0.110814807,5.611073288,0.620741591,0.815340878
CR44978,0.199762333,0.804587142,0.62080263,0.815340878
Rbpn-5,0.116917678,5.396481184,0.620855108,0.815340878
CG14174,0.161085151,3.016176268,0.621109009,0.815561121
IleRS-m,-0.159342536,3.770254491,0.62120791,0.815577805
fs(1)K10,0.147262732,5.163018726,0.621407336,0.815679642
CG10209,-0.150548809,4.206534198,0.621457888,0.815679642
CG15601,-0.170350336,2.925284526,0.621573457,0.815718176
gce,0.108285267,5.938555645,0.621882775,0.81601093
SmydA-4,-0.18992173,3.449383574,0.621976504,0.816020755
CG10211,-0.171174679,2.925449555,0.622219295,0.816226116
Debcl,-0.099538753,6.25705056,0.622877716,0.816964776
Pomp,-0.091346809,7.217568969,0.622955069,0.816964776
CG3700,0.112523186,5.570580321,0.623116066,0.817003684
eIF-3p40,0.089292497,7.715633531,0.623157429,0.817003684
CR12628,0.20375259,0.805416063,0.623378903,0.817180823
G9a,-0.114391861,5.414322243,0.623537997,0.81727615
CG8202,0.148855137,4.458437461,0.623929872,0.817676517
CG5039,0.189102003,2.512245145,0.624098712,0.817766761
CG10778,0.148521271,4.227846992,0.624171586,0.817766761
CG30491,0.147058264,4.245174055,0.624672908,0.818205118
mRpL4,0.121410291,5.555119111,0.624679113,0.818205118
CG3678,0.142270019,4.789781429,0.625002861,0.818515858
CG9135,-0.145428117,4.506203454,0.625099788,0.818529503
CG11906,0.173285444,4.12929443,0.62535849,0.818575602
CG1951,-0.123966061,5.090029262,0.625365552,0.818575602
Pcl,-0.123595563,5.043326306,0.625394528,0.818575602
Rbp1,0.100370422,6.422710099,0.625844233,0.819050917
CG14591,-0.097105134,6.433281127,0.626386922,0.819647774
CG8067,0.153553339,3.834642953,0.626556705,0.819756573
CG8673,-0.203126267,0.541394414,0.627066308,0.820309887
Khc-73,-0.086210488,7.194498365,0.627353521,0.820349119
CG6230,-0.102715771,5.810437368,0.627393354,0.820349119
CG10660,0.14364049,4.322036777,0.627456034,0.820349119
CG3270,-0.21175809,0.642559808,0.627478035,0.820349119
CG5167,-0.090851085,6.657800443,0.627529795,0.820349119
tko,0.134491441,4.79731616,0.628215638,0.820991822
CG5708,-0.108139336,6.204286865,0.628280938,0.820991822
CR43868,-0.246937948,0.173307366,0.62831664,0.820991822
alpha-Est1,-0.082551997,8.817256624,0.628561811,0.820991822
sca,-0.160641018,2.153529683,0.628563637,0.820991822
Mad1,0.183669282,5.163221939,0.628566927,0.820991822
CG14450,0.148152747,4.180616843,0.628628805,0.820991822
TfIIS,-0.117928387,5.407745818,0.628941641,0.821218213
Cdc23,0.159183314,3.043652752,0.628975733,0.821218213
chico,0.100754655,5.98035245,0.629111791,0.821230408
DNApol-iota,0.163881737,4.154355627,0.629158659,0.821230408
Rab32,0.125316142,6.160737182,0.629393182,0.821237269
CG32354,-0.118796156,5.206139538,0.629476826,0.821237269
Pex10,-0.144516613,4.217200794,0.629535268,0.821237269
CG3709,-0.163400542,2.687869957,0.629620643,0.821237269
CG40045,-0.087820081,6.761563329,0.629714721,0.821237269
CG9578,-0.144542778,4.356367251,0.629756854,0.821237269
Yp3,0.267649012,6.258648766,0.629852457,0.821237269
CG3570,-0.158835835,3.517159602,0.629858261,0.821237269
CG15343,-0.160046054,3.107904346,0.63003647,0.821356445
OstDelta,-0.09930146,7.19094604,0.630129071,0.821363999
zip,-0.080018349,7.830425359,0.630733317,0.82161028
mgr,-0.111680027,5.45121078,0.630757162,0.82161028
CG6094,-0.137939976,4.660806136,0.630873354,0.82161028
FeCH,0.089003937,6.783218425,0.63095799,0.82161028
Lkb1,-0.122386909,5.108821372,0.631027647,0.82161028
CG14907,0.163687295,3.5792549,0.631040608,0.82161028
CG15107,0.175009907,3.581223011,0.631098136,0.82161028
e(y)2,0.158579227,3.957393831,0.631105099,0.82161028
CG17816,-0.085745831,7.948995476,0.631129945,0.82161028
cype,-0.07848304,8.638002159,0.631202196,0.82161028
Rab7,-0.080898936,8.044519947,0.631318254,0.82161028
cyc,0.1129204,5.441686802,0.631558193,0.82161028
mRpS18C,-0.157441313,3.660416178,0.631580232,0.82161028
CG2021,0.179690889,3.306075476,0.631586108,0.82161028
CG3267,0.146945599,4.184606762,0.631626059,0.82161028
mr,0.136774975,4.826575137,0.631722952,0.82161028
CG3295,-0.110055493,5.567074314,0.631963275,0.82161028
knrl,-0.120785543,5.117644808,0.631970983,0.82161028
RpS18,0.091626887,9.696782024,0.632006377,0.82161028
mld,-0.093229174,6.623046942,0.632054664,0.82161028
ND-B17.2,-0.081590128,7.083148834,0.632292824,0.821705638
Imp,0.129746341,5.040636838,0.632347437,0.821705638
adp,0.115152486,5.350927582,0.632388549,0.821705638
Rab39,-0.10430983,5.7805308,0.632552326,0.821805589
Pex12,-0.151734408,3.821868513,0.632732595,0.821864859
NaPi-T,0.206391614,0.87657592,0.632771665,0.821864859
TM9SF2,-0.082629429,7.282324602,0.633077047,0.822148643
Vps13B,-0.134442192,4.681987265,0.633467052,0.822542233
EndoG,-0.154979899,3.436724436,0.633962038,0.822955178
CG17163,-0.145854481,4.614784027,0.634038072,0.822955178
CG9601,-0.147099827,4.297252166,0.634045999,0.822955178
P32,0.107326369,5.61238167,0.634143924,0.82296789
CG13392,-0.158752183,3.658022295,0.634229745,0.82296789
CG3061,-0.07884599,7.596481267,0.634337905,0.822995373
Adf1,-0.102903879,5.870957842,0.634747706,0.823414148
Adat1,-0.152771907,3.747414668,0.635425341,0.824039817
Bdbt,0.144961873,4.653910301,0.635481656,0.824039817
CG8892,-0.151784438,3.715869908,0.635497013,0.824039817
Rala,0.095509273,6.029882449,0.635608354,0.824039817
ORMDL,-0.116280881,5.202440046,0.635665465,0.824039817
CG11539,-0.159557094,3.03548883,0.635908666,0.824136083
mute,-0.140642093,4.383935724,0.635913924,0.824136083
tex,0.157364146,3.116278071,0.636287065,0.824262291
CG12818,0.192849858,3.265018983,0.63635367,0.824262291
Exo70,-0.128691859,4.798528669,0.636407682,0.824262291
unc-13-4A,0.149743135,3.826483454,0.636425959,0.824262291
CG1316,-0.083786378,7.005438713,0.636446871,0.824262291
CR43933,-0.178743055,1.585168929,0.636561858,0.824298385
CG43103,-0.157295361,2.996584841,0.636813341,0.82449909
alpha-Cat,0.093146781,7.52962344,0.636913933,0.82449909
RYBP,0.130284627,4.72169164,0.63699173,0.82449909
RASSF8,0.106495726,6.350090982,0.637108322,0.82449909
CG6195,-0.127072109,4.881244416,0.637152541,0.82449909
CG2453,0.140324603,4.431173028,0.637797514,0.825093996
CG12320,-0.152409545,3.357154491,0.637837709,0.825093996
CR44868,-0.195077595,0.56418779,0.637939717,0.825093996
CG11306,-0.097302832,6.016894696,0.637961073,0.825093996
CG2059,-0.110805644,5.354031783,0.63813808,0.825103333
CG5543,0.157390487,4.093491931,0.638142696,0.825103333
MAPk-Ak2,-0.079225654,7.583480063,0.638248146,0.825126924
bip2,0.084955818,6.813943657,0.638452951,0.825135678
Edem2,0.093334302,6.14682785,0.638563793,0.825135678
CG4676,0.165518938,1.830961607,0.638584373,0.825135678
l(1)G0007,0.138327992,5.435011717,0.638603738,0.825135678
e(r),0.118275024,6.712038668,0.638986255,0.825492522
CG12717,-0.145662605,3.941623093,0.63911895,0.825492522
Rgk1,0.119458212,5.127192177,0.639141642,0.825492522
CG11138,-0.089156385,6.46236118,0.639261387,0.825534494
CG17802,0.157704825,2.722238313,0.639359728,0.825548819
CG7630,-0.077833899,8.313030553,0.639547796,0.825570187
CG13126,-0.143921573,4.2330617,0.639550779,0.825570187
Vhl,-0.148109387,3.888193689,0.640085574,0.826081782
Sec61beta,-0.092521151,6.184536297,0.64012171,0.826081782
FoxK,0.101175144,6.840801393,0.640362232,0.826203554
Golgin84,0.130011713,4.884173049,0.640390706,0.826203554
CG10958,0.145998924,3.976922487,0.640620644,0.826351067
lolal,0.109199798,7.265099207,0.640679711,0.826351067
ND-23,0.076890148,7.698407337,0.641148541,0.826784472
Tap42,-0.129627664,4.682579233,0.641190494,0.826784472
Trp1,0.077829167,7.90506545,0.641370776,0.826904249
pen-2,0.160600509,3.87751197,0.641476644,0.826926276
Smyd3,0.139420863,4.324152591,0.64162484,0.826926276
IKKepsilon,0.13625728,4.650116357,0.641650044,0.826926276
CG30438,0.085358455,6.979503578,0.64216995,0.827468443
CG2931,-0.133001386,4.501728517,0.64224564,0.827468443
Spn,0.114683555,6.971396312,0.642519272,0.827676174
CG31183,0.144723778,3.961153609,0.64258182,0.827676174
gig,0.102153924,6.063304486,0.642887889,0.827957698
CG14613,-0.144317744,4.060007535,0.643108109,0.828128596
l(2)k09913,0.079024316,8.000458904,0.643397361,0.828292383
Klp98A,0.086144393,6.632545375,0.64341038,0.828292383
CG31717,-0.109714724,5.308397833,0.643601382,0.828355222
GstT3,0.131096857,4.726821443,0.643634283,0.828355222
cpb,0.097718481,5.942984835,0.643723321,0.828357142
AIMP1,-0.137415748,4.335114889,0.643914158,0.828490042
pds5,-0.107123187,5.705159944,0.644082513,0.828539875
Pif1A,0.186191945,1.010943134,0.64417466,0.828539875
gcl,-0.123155529,4.836489707,0.644215585,0.828539875
CG3634,0.112158435,5.319542801,0.644351602,0.828602183
IntS4,0.137326769,4.757944998,0.644852209,0.829045848
GCC88,0.119078128,5.656623948,0.64487185,0.829045848
Srp19,-0.110720916,5.241705176,0.645140349,0.829169606
CG2921,-0.113824807,5.160603147,0.645206736,0.829169606
Cog7,-0.114758004,5.202204442,0.645280665,0.829169606
haf,0.166654102,1.665562924,0.64531864,0.829169606
tos,-0.151946863,2.526334663,0.645497573,0.829218285
CG7718,0.153267643,3.116884299,0.645567712,0.829218285
prtp,0.095756266,6.074558279,0.645619436,0.829218285
Arpc4,0.101585346,5.810142642,0.645909131,0.829477768
Dhfr,0.144405608,4.205595744,0.646122731,0.829639474
Alg10,0.144661519,4.057391885,0.646366426,0.829839773
PTP-ER,-0.099273222,5.751467706,0.646459294,0.829846404
park,-0.150557886,2.671747453,0.646626645,0.829948633
CG10898,-0.128599417,4.67399604,0.64682195,0.830086707
CG43736,0.099128317,6.836937782,0.647054891,0.83017753
AGO2,0.074833165,7.859454744,0.647071115,0.83017753
CG1806,0.098694034,5.674134575,0.647155936,0.83017753
CG14995,0.079688371,7.20306347,0.647802139,0.830839078
rush,-0.084846577,6.556302293,0.647847254,0.830839078
MFS16,0.13441182,4.335668288,0.648129848,0.83108885
CG14270,0.153100234,4.541958147,0.64831214,0.831209956
RpL13A,0.079651417,9.480541678,0.64868292,0.83147629
CG11537,-0.07926099,7.20807706,0.648749317,0.83147629
Tpc1,-0.123415123,4.824741661,0.648802408,0.83147629
Atac2,-0.149257184,3.473516595,0.648871373,0.83147629
Rad60,-0.145555338,3.791244062,0.649227983,0.831476723
ZC3H3,-0.121071416,4.853097804,0.649253997,0.831476723
CG34220,-0.195745299,1.100353591,0.649289296,0.831476723
Fbxl7,0.144557749,3.738324379,0.649320837,0.831476723
CG9265,-0.142942134,3.932165395,0.649387075,0.831476723
poly,-0.107382086,5.408504407,0.649398963,0.831476723
CG12391,0.139113571,5.972703328,0.649515966,0.831514013
Sec22,0.095303476,6.401594672,0.649824324,0.831796233
Cap-D3,-0.147862903,3.634953896,0.649921049,0.831807515
ATPsyndelta,0.078455039,8.003649275,0.650184214,0.832031787
CG42553,0.146455303,3.986583041,0.65037811,0.832167367
Lamp1,0.076912259,8.814574664,0.650697964,0.832464052
Rpn12,0.113352666,6.505823152,0.650858339,0.832556659
Ccs,-0.126042098,4.675306892,0.6509895,0.832611875
CG11652,-0.117375192,5.506792369,0.651164418,0.832723033
Sgt1,0.106020717,6.047207948,0.651315022,0.832803073
ATbp,0.157179136,3.045722102,0.651946021,0.833497265
CG12204,0.148405024,3.506244086,0.652187398,0.833693213
Arf79F,0.089095136,8.621945416,0.652808406,0.834374327
D12,-0.148383915,3.432493915,0.652941077,0.834431182
CG3149,0.103898272,5.548910506,0.653221845,0.834570487
CG18600,0.172256884,4.317878069,0.653294311,0.834570487
Tsp26A,-0.136816957,4.164857993,0.65331469,0.834570487
CG42588,0.139512777,4.529858749,0.653756143,0.834980645
CG18596,-0.110605093,5.122205193,0.653910372,0.834980645
Cnb,0.149432731,3.175136323,0.653947929,0.834980645
CG17036,0.147497053,2.358293216,0.653988751,0.834980645
CG17724,-0.149666785,3.956362163,0.654738315,0.83582487
Trxr-1,-0.073508803,8.370987886,0.654901656,0.835920609
CG31548,0.122119812,4.821319394,0.655237984,0.836237092
bai,-0.081966414,6.647790127,0.655732741,0.836678016
opm,-0.131089768,4.334105584,0.655913936,0.836678016
Vps35,0.089057529,6.889709429,0.656069248,0.836678016
CG2137,-0.167862669,1.116800728,0.656078933,0.836678016
sick,0.083567837,6.619672558,0.656154501,0.836678016
CG16787,-0.135838903,4.164874172,0.656178004,0.836678016
sau,0.085260935,6.752093352,0.656202447,0.836678016
CG18754,0.194672396,0.149443972,0.6563129,0.836679263
sicily,0.135340437,4.158154823,0.656380276,0.836679263
CG4866,0.176338455,3.797926099,0.656867811,0.837182749
Seipin,-0.137278809,4.193308476,0.656952221,0.837182749
CG7386,-0.144543594,2.753628941,0.657071232,0.837221653
GluProRS,-0.094647558,5.790407846,0.657512486,0.837591908
CG1136,0.133686992,4.390639734,0.65753886,0.837591908
Gasz,-0.129722923,4.402215632,0.657642092,0.837592657
Cchl,-0.078116331,7.089810374,0.657716491,0.837592657
Saf-B,0.080952321,7.605206921,0.657907628,0.837723318
CG11927,0.134274047,4.820056875,0.658013837,0.83772791
CG18107,0.202427528,2.288089452,0.658088307,0.83772791
RpL24,0.076385938,9.772982138,0.658280666,0.837860057
CG11722,-0.144276813,3.869866348,0.658849161,0.838442477
CG34256,0.191718991,0.844913435,0.659002937,0.838442477
Cdc5,0.137148113,5.097181959,0.659059235,0.838442477
Gie,-0.085868578,6.589876277,0.659126368,0.838442477
CG10435,-0.105594434,5.387913177,0.659181313,0.838442477
Sln,-0.099814355,5.600398978,0.659394451,0.838462725
Deaf1,0.099551488,5.79636077,0.659488327,0.838462725
Spn77Bc,-0.166074414,2.89180313,0.659583953,0.838462725
CG1688,-0.145608543,2.531823737,0.659676408,0.838462725
CG14544,0.209542939,0.443650338,0.659750851,0.838462725
CG2202,-0.11313176,4.971013376,0.659809542,0.838462725
Pex1,0.135019175,4.013629356,0.659905904,0.838462725
mRpL49,0.11468714,4.948140854,0.65991557,0.838462725
CG15643,-0.141496227,3.692393466,0.659994756,0.838462725
CG6985,0.169249474,2.538892944,0.660163141,0.838564054
Amnionless,0.167128482,1.544080509,0.661101495,0.839643268
EMC8-9,0.120347333,5.322639776,0.661456595,0.839981519
NAA20,-0.107885916,5.834096935,0.661718121,0.840200868
raw,-0.083146692,6.551084197,0.661853905,0.840226011
Jwa,-0.075103373,7.084002985,0.661988782,0.840226011
PNPase,0.141746836,3.691820491,0.662004324,0.840226011
AsnRS,0.091374296,5.941612903,0.662130746,0.840258814
Syn1,-0.104938705,5.324663609,0.662207776,0.840258814
CG14701,-0.145229528,3.361904769,0.662431194,0.840418714
CG1418,-0.122378235,4.68136151,0.662511434,0.840418714
Past1,-0.075395734,7.145963427,0.662737327,0.840430312
NELF-B,0.174733277,4.39533745,0.66277997,0.840430312
Pi3K92E,-0.093701404,5.774005405,0.662787042,0.840430312
CG4901,0.133279713,4.270221716,0.66318524,0.840822557
Hph,-0.090688806,5.970184779,0.663516453,0.841020082
mahj,-0.108348484,5.111095187,0.663543996,0.841020082
mtTFB2,0.163673868,3.227020993,0.663607686,0.841020082
CG2182,-0.076455577,6.863268977,0.66396052,0.841242222
nudC,-0.10991743,5.086353382,0.664029084,0.841242222
CG32202,0.162635003,3.658457191,0.664081957,0.841242222
CG1737,0.117954165,5.733078163,0.664138596,0.841242222
CG12159,-0.113145388,5.025813465,0.664846653,0.841839096
Dip-B,-0.081100134,6.778868545,0.6648575,0.841839096
Elp1,0.111192471,4.988694966,0.664876724,0.841839096
CG11267,0.086135482,6.176927497,0.66533442,0.842305898
clu,-0.08617989,6.145298318,0.665536845,0.842449449
CG7920,0.078019798,9.36582514,0.665833325,0.842712001
CG31528,-0.181062596,1.136772854,0.66602738,0.842844867
CG30151,0.157381349,2.143358766,0.666233399,0.842992835
CG10907,0.146461359,4.187872406,0.666587773,0.843328454
CG43107,0.158652553,1.711252878,0.666745521,0.843394292
Slu7,0.125006101,5.082204211,0.666838578,0.843394292
CG13893,-0.093388564,5.942987031,0.666928004,0.843394292
wts,-0.085799578,6.160373214,0.667030132,0.843394292
CG8777,-0.118276234,4.7235256,0.667085487,0.843394292
Mcr,0.077285368,6.814085284,0.667408084,0.843689417
Or59c,-0.199360701,1.925069122,0.667573991,0.843698339
CG5934,-0.130258302,4.617043505,0.66763839,0.843698339
sle,-0.141031384,3.185820222,0.66775073,0.843698339
Bmcp,-0.093830533,5.818362395,0.667807636,0.843698339
Rrp42,0.142863942,3.15203879,0.66794315,0.843698339
Ir92a,0.13033058,4.233464714,0.667950144,0.843698339
ND-AGGG,-0.085505914,6.228691633,0.668100916,0.843776144
l(2)05287,0.16216686,4.246124887,0.6684324,0.844050275
bon,0.100943187,5.281444027,0.668496381,0.844050275
exd,0.082769171,7.640058056,0.668619664,0.844093297
CG9596,0.140724611,2.631874692,0.66881581,0.844228281
Sar1,-0.072705255,8.089233096,0.669118078,0.844335319
CG7632,-0.113516018,5.011575577,0.669243142,0.844335319
CG9672,0.221943314,1.113330571,0.669359287,0.844335319
CG14711,-0.177214061,1.350960979,0.669378101,0.844335319
CAH1,-0.073536914,8.132743722,0.669496686,0.844335319
CG7324,0.078061066,7.166623068,0.669508325,0.844335319
CG12986,0.181666136,0.903023621,0.669525248,0.844335319
Mtr3,0.156368055,3.381125096,0.669728721,0.844339256
CG2224,-0.117144604,5.008006977,0.66976506,0.844339256
CG7987,-0.082985927,6.356381582,0.669796075,0.844339256
Ald,0.074003719,10.37859494,0.670391426,0.84479146
CG6083,0.147879324,2.947266959,0.670476162,0.84479146
HIP-R,0.145059819,5.104606103,0.670491551,0.84479146
beta4GalNAcTA,0.104355306,5.200473374,0.670559594,0.84479146
CG33947,-0.149472163,3.636571589,0.670601211,0.84479146
Syt12,0.150815268,2.625625443,0.67101173,0.845196085
JhI-1,-0.138405644,3.688860646,0.671450593,0.845611017
yellow-d,0.136554397,4.144992222,0.671519888,0.845611017
Cyp4d21,0.078716743,10.04522718,0.671853098,0.84565255
InR,0.099722883,5.413099841,0.671872445,0.84565255
CG2519,0.073462798,6.993137212,0.671965005,0.84565255
CG34357,-0.164436598,1.026731376,0.671980744,0.84565255
msl-2,-0.107951944,5.174787432,0.671999738,0.84565255
Rcd-1,-0.080765006,6.857006752,0.672114077,0.845683963
Glo1,0.115034347,5.058994636,0.672313322,0.84581813
CG32758,0.086097368,5.981018079,0.67239949,0.84581813
CG9773,0.127657922,4.724253025,0.67253138,0.84583841
CG13016,0.141345509,3.12117305,0.672594398,0.84583841
NSD,-0.125268126,4.332925788,0.672893057,0.846101542
CG10399,0.138453487,2.853208808,0.672992133,0.846113681
TM9SF3,0.106076254,5.659698297,0.673157574,0.846152409
CG17646,-0.076752726,6.819960665,0.673288282,0.846152409
Ice2,-0.131791619,3.816974902,0.673319498,0.846152409
skd,-0.081145268,6.522741428,0.673392437,0.846152409
Fkbp14,-0.077085584,6.709872258,0.673470069,0.846152409
Dlip3,-0.128304666,4.399813629,0.673627052,0.84616215
Arl1,0.107745795,5.468619546,0.673696606,0.84616215
ND-B17,-0.07280081,7.225320978,0.673746104,0.84616215
PR-Set7,0.130046603,4.757023317,0.673923526,0.846232641
CG33229,0.116527514,5.00985294,0.674002748,0.846232641
JHDM2,0.149169318,3.36103797,0.674070536,0.846232641
CG14879,-0.123248991,4.560589156,0.674215198,0.846301963
slim,0.08258617,6.482982054,0.674348368,0.846356846
CG14353,-0.110575887,4.908781075,0.674828572,0.846847208
CG6422,0.088027408,6.111884893,0.67510545,0.847082319
CG33082,0.16749773,1.343776,0.675209796,0.847100913
CR45007,0.176934089,1.08012802,0.676021572,0.84782495
mRpL32,0.142332151,4.04439725,0.676048207,0.84782495
brun,-0.096598111,5.532249082,0.676106033,0.84782495
RpL36,-0.073200682,9.907385146,0.676145326,0.84782495
Myt1,0.133956589,3.893326982,0.676461506,0.848109019
Jafrac2,-0.128909051,3.940793657,0.67661364,0.848187369
Golgin104,0.132035322,3.965776921,0.67687216,0.848367664
CG10543,-0.079108625,6.418470575,0.676936786,0.848367664
hoip,-0.137306735,3.522372229,0.677307097,0.848719342
CG9630,-0.135676379,3.726590731,0.67747332,0.848769374
Ice1,-0.140728399,3.213816064,0.67752643,0.848769374
tefu,-0.111853799,4.8951629,0.677653678,0.848780879
eIF-2gamma,0.081783787,6.200809971,0.677717251,0.848780879
heph,0.122362953,6.733005946,0.677804727,0.848780879
CG42788,-0.085873941,5.934102451,0.67815461,0.84891423
Bet3,0.116244194,4.947160032,0.678235104,0.84891423
ATPsynCF6,-0.068787994,8.482582064,0.678284577,0.84891423
RpL37A,0.071111718,9.119902358,0.678366721,0.84891423
mRpS18B,0.139239762,4.142626217,0.678510533,0.84891423
dop,-0.075737837,7.307416785,0.678629501,0.84891423
CG14805,0.124385189,5.645926867,0.678703214,0.84891423
CG17272,-0.114731071,4.870203781,0.678718426,0.84891423
Ndc1,0.139809192,3.921187175,0.67871868,0.84891423
MFS10,-0.147601037,2.213779103,0.678879265,0.848914744
CG30467,0.165348734,3.761427959,0.678898528,0.848914744
CG5577,0.107042502,5.172101134,0.679173132,0.8491459
CG11069,0.137229692,3.280029911,0.679348579,0.849253039
CG4045,0.124577117,4.640584108,0.679726263,0.849523059
CG4707,0.143453921,3.90666787,0.679793886,0.849523059
betaGlu,-0.106496653,5.01222918,0.679890524,0.849523059
CG9646,-0.074180545,7.047322437,0.679923708,0.849523059
igl,-0.070542189,9.106520715,0.680099242,0.849630185
tzn,0.096231073,6.394320917,0.680623248,0.850172564
CR43148,-0.156158255,3.199492478,0.680915744,0.850425655
CR18854,0.068874227,8.0597787,0.681399733,0.850912258
Shroom,0.093930534,5.546524336,0.681485213,0.850912258
DCTN5-p25,0.124996841,4.289213933,0.681577851,0.850915639
CG31918,0.206477414,2.199442548,0.681727743,0.850948461
CG2662,0.134431309,2.987217244,0.681785981,0.850948461
stan,-0.12419578,4.38208676,0.681890983,0.850948461
dgt2,0.129058044,3.968827871,0.681963874,0.850948461
CG32099,0.137800762,2.868327103,0.682124425,0.851036565
CG16865,0.147628918,3.252484959,0.68229879,0.851105818
CG11319,0.101818552,5.245094212,0.682420597,0.851105818
CG3773,-0.137405941,3.460043325,0.682449783,0.851105818
rin,0.068092706,7.518189418,0.682577771,0.851153251
awd,-0.080698681,8.172046197,0.682858309,0.851256588
CG8292,-0.172496698,0.949425971,0.682894875,0.851256588
CG30187,0.141266972,2.580270391,0.683020364,0.851256588
Adam,-0.073480112,6.888368744,0.683020505,0.851256588
Shark,0.121505527,4.324050761,0.683203669,0.851372727
Rrp46,0.146206514,2.954476094,0.683631785,0.851684016
CG16972,-0.116113509,4.618812839,0.683643565,0.851684016
CG17385,0.083551958,6.574513642,0.683743451,0.851684016
scramb1,0.077241983,6.518559353,0.683813514,0.851684016
FucTB,0.133240809,3.298613881,0.684647911,0.85261102
hop,0.120711039,5.569256518,0.684854296,0.852755804
CG10418,0.133937372,3.977529225,0.685176349,0.852938506
Graf,0.083069725,6.098301726,0.685181313,0.852938506
CG7218,0.093678534,5.457218084,0.685953481,0.853613808
CG31195,0.071694386,6.870024489,0.686015244,0.853613808
smid,0.136549302,6.626122753,0.686151881,0.853613808
Patsas,0.110985161,4.724739203,0.686245454,0.853613808
Dim1,-0.127992297,4.14455123,0.686260144,0.853613808
CG17026,-0.095015945,5.446988481,0.686265085,0.853613808
Evi5,0.086854231,5.800603804,0.686477469,0.853669262
CG33051,-0.131547621,3.428162353,0.686490109,0.853669262
Atg2,0.083814783,5.927669261,0.686640986,0.853681414
Elf,-0.075618491,6.637998872,0.686680325,0.853681414
dre4,-0.088872275,5.637858267,0.68691594,0.853730273
Gprk2,-0.097240449,5.859993617,0.687055585,0.853730273
CG41520,0.08086602,7.438069606,0.687213058,0.853730273
CG33977,0.123920122,4.164423753,0.687235022,0.853730273
CG11248,0.123187943,4.874769057,0.687308244,0.853730273
MED23,0.154063126,3.804257559,0.687312937,0.853730273
CG12413,0.134238906,3.036544686,0.687401583,0.853730273
CG3209,-0.0683897,7.061193129,0.687443038,0.853730273
CG12259,0.135020213,3.891837499,0.687531672,0.853730273
mmy,-0.079034118,6.281198329,0.687661956,0.853769971
Kr-h1,-0.132900957,3.395149108,0.687744105,0.853769971
CG4101,-0.136211068,3.121804036,0.688117029,0.854120862
qkr58E-1,-0.107802661,5.332389537,0.688478849,0.854241107
Hmu,0.070582751,7.693713469,0.688508979,0.854241107
CG43783,0.121331749,4.352197354,0.688581754,0.854241107
Mondo,0.090479357,6.224131275,0.688723473,0.854241107
CG6724,-0.122473742,4.165521355,0.688811428,0.854241107
bigmax,-0.104372231,5.00344566,0.688964227,0.854241107
CG11388,0.082904013,5.881386092,0.689018844,0.854241107
rudhira,0.072650566,7.222364648,0.689021439,0.854241107
gek,0.083273752,6.223250061,0.689110313,0.854241107
AspRS-m,0.123655181,5.947310523,0.689116716,0.854241107
ctrip,-0.070173253,7.439050795,0.68921256,0.854248001
CR18166,-0.119596637,4.247701832,0.689395634,0.854362998
Zcchc7,-0.101370137,5.555861106,0.68951095,0.854394003
CG12728,0.127733488,3.846758084,0.689704451,0.854521869
atl,0.065763963,7.911936547,0.689867388,0.854611839
Opa1,0.066763098,7.409962625,0.69011253,0.854768298
CG3246,-0.17704522,1.203758123,0.69017436,0.854768298
Sgf29,0.144075559,3.985109404,0.690319074,0.854835634
Zir,0.0912268,6.17674156,0.690507695,0.854957317
Yp1,-0.226536271,5.903492389,0.691151652,0.855618262
mRpS2,-0.12340116,4.168762747,0.691223723,0.855618262
CG7326,0.129338883,2.625901144,0.691312789,0.855618262
CR45517,0.135078549,3.441136793,0.691500936,0.855648357
ND-13A,-0.069772968,6.921400651,0.691658871,0.855648357
CG3163,-0.126124917,3.728961736,0.691718914,0.855648357
DNA-ligI,-0.132107843,2.99778941,0.691740759,0.855648357
CG2915,0.111785622,5.352243216,0.691932681,0.855648357
CG5254,0.118952816,4.294358778,0.692022923,0.855648357
CG32022,0.138593518,3.837321033,0.692059029,0.855648357
CG6553,-0.139640906,1.889503166,0.692060545,0.855648357
CG1812,-0.096806934,5.274087269,0.692165592,0.855666427
UQCR-11,-0.064960531,7.715184402,0.692265277,0.855677864
FBXO11,-0.089607834,5.607930667,0.692460767,0.855807703
mRpL45,0.090980707,5.504009291,0.692815337,0.856048406
Set1,-0.073450945,6.596340675,0.692856218,0.856048406
mei-41,-0.128409615,2.59815257,0.692926944,0.856048406
Mul1,0.130707134,3.544090378,0.693125325,0.856181701
ECSIT,-0.122497034,4.189626338,0.693639553,0.856705058
mbl,0.072377553,7.337328542,0.694258241,0.857357279
p130CAS,0.092202362,5.608729131,0.694491251,0.857445608
CG6550,0.13044952,3.471861233,0.694511006,0.857445608
slgA,-0.064536807,8.662377787,0.69466605,0.857525135
Tet,0.106402128,4.840010159,0.695227444,0.857868419
Prat,-0.11319006,4.575937171,0.695339768,0.857868419
REPTOR,0.080257049,6.319994051,0.695389553,0.857868419
omd,0.105813477,4.789335637,0.695446729,0.857868419
CG31176,0.121774721,3.979997172,0.695476962,0.857868419
CG11590,0.126561543,3.928189654,0.695488126,0.857868419
Usp20-33,-0.092342326,5.357983412,0.695800836,0.85805476
Hira,-0.127919251,3.609866987,0.695897184,0.85805476
MME1,-0.102273489,4.922152682,0.696064643,0.85805476
Acyp2,-0.098005846,5.125272574,0.696149862,0.85805476
Nsun2,0.138996258,4.595414648,0.69615049,0.85805476
CG17982,0.129641345,3.581237507,0.696188222,0.85805476
ND-24,-0.068478699,7.390201374,0.69633649,0.85805476
DENR,-0.102315837,5.094193185,0.696364669,0.85805476
CG34195,-0.126953388,3.638802349,0.696490109,0.858069107
CG12123,-0.126367485,3.723283869,0.696557685,0.858069107
Syx8,-0.099997847,5.080409561,0.696822768,0.858258456
Irbp,-0.123006163,4.119560035,0.696892805,0.858258456
CG17556,0.116713289,4.751964775,0.697184256,0.858452185
Rdl,0.079847273,6.75159459,0.697231837,0.858452185
CG2681,0.141410854,1.674964465,0.697322288,0.858452185
shn,-0.085286806,5.767560273,0.697869279,0.859013805
CG30010,-0.125304392,3.344872345,0.698158338,0.859227083
CG10721,-0.113139307,4.496534878,0.698299511,0.859227083
CG43320,0.127697888,2.621851888,0.69838299,0.859227083
HBS1,0.096719272,5.121299008,0.698458051,0.859227083
Thiolase,0.067056464,7.191357167,0.698496589,0.859227083
CG1218,-0.126344691,4.763187883,0.69859069,0.859231134
ema,-0.073134813,6.438981563,0.698840432,0.859426588
CG8366,-0.124908382,3.775187258,0.699105189,0.859640455
26-29-p,0.068433949,7.186355873,0.69980511,0.860211723
Pex16,0.09506771,5.375671784,0.69982406,0.860211723
MED24,-0.108881997,4.757197321,0.699992392,0.860211723
stau,0.082098534,6.94637671,0.700181607,0.860211723
mRpL27,-0.106536465,4.796103533,0.70018946,0.860211723
Sugb,0.112006692,4.518209364,0.70030536,0.860211723
CG7430,-0.063123908,8.464822232,0.700411584,0.860211723
Atox1,0.072389963,6.54362651,0.700435618,0.860211723
Alh,-0.100219483,5.975051492,0.700481427,0.860211723
CG7265,0.113653245,4.575075916,0.700634821,0.860211723
CG11309,-0.125936509,3.195213832,0.700635844,0.860211723
Neb-cGP,-0.063268287,7.739087778,0.700660722,0.860211723
CG13775,0.127713916,2.357588706,0.701282705,0.860660541
CG5044,0.109756529,4.669310562,0.701351859,0.860660541
Patronin,-0.075056082,6.942644898,0.701384503,0.860660541
Sas-6,-0.141753854,2.137476272,0.701493595,0.860660541
Faf2,0.079450031,6.86794705,0.701567544,0.860660541
Msr-110,-0.067620584,13.27373073,0.701572051,0.860660541
RpL32,0.070377556,9.348505474,0.70171963,0.860667786
Npc1a,-0.065501515,7.81919775,0.701759878,0.860667786
crb,-0.066766,7.171830107,0.701952967,0.860793024
CG18766,-0.085019579,5.800639205,0.702149311,0.860922221
CG5027,-0.104239898,5.112892905,0.702776369,0.861579426
Sap-r,0.063612012,9.827592156,0.702904884,0.861582535
CG11095,-0.133810084,3.366953678,0.70296102,0.861582535
sol,-0.067150158,6.889726115,0.703089813,0.86162878
CG11398,0.12635333,3.099579103,0.703331998,0.861813955
CG11837,0.131619158,3.513294858,0.703464932,0.861865232
CG12990,-0.155305268,0.736413289,0.70367278,0.862008266
ChLD3,-0.147131696,1.32888796,0.703774057,0.862020728
tst,0.112530377,4.332580182,0.704051357,0.862143856
CG5946,-0.064816455,8.821291707,0.704073896,0.862143856
MED20,-0.123240029,3.374993254,0.704202277,0.862143856
CG17883,0.06912818,7.104439673,0.704239047,0.862143856
muc,0.064389964,8.11448254,0.704495179,0.862325132
CG1116,-0.089931875,5.368486855,0.704569392,0.862325132
CG7702,-0.140980677,1.56973435,0.704883086,0.862597486
Vps54L,-0.081945745,5.679539429,0.705053915,0.862621956
CG32195,0.128077917,3.531142257,0.705103549,0.862621956
D1,0.09899713,7.565672521,0.705176583,0.862621956
Msp300,-0.090427468,7.804964865,0.705415043,0.862646368
TrpRS-m,-0.089539932,5.317640958,0.705473161,0.862646368
CG14077,0.143992722,1.418203509,0.705566828,0.862646368
CG7185,0.085477648,6.55161131,0.705635422,0.862646368
stet,-0.150810353,1.399602702,0.705652387,0.862646368
Fancd2,0.12705686,2.720971796,0.705775109,0.862684936
CG1792,-0.117494392,4.055743082,0.705880451,0.862702251
CG2129,-0.125533686,2.99082319,0.705985183,0.862718818
FK506-bp2,0.094325284,7.511691131,0.706168993,0.862720854
CG12384,-0.072589487,6.620956546,0.706243701,0.862720854
CG14372,0.146038683,1.517026087,0.706303939,0.862720854
su(sable),0.099180668,6.198920931,0.70635156,0.862720854
CG42562,0.164874477,0.798385724,0.706569824,0.86285687
CG8461,0.157076875,3.474380564,0.706645306,0.86285687
CG34133,0.082993646,5.631865929,0.706797637,0.862931515
Hrd3,-0.084405456,5.66636169,0.706929106,0.862980674
CG2680,-0.133471567,1.940091745,0.707394329,0.863437195
CG15046,0.124394978,3.599676656,0.707554462,0.863443074
CG14512,0.124253746,3.16147159,0.70758684,0.863443074
CG10147,0.120252458,3.777510962,0.707672906,0.863443074
RfC3,0.120458943,2.539052388,0.707821494,0.863513019
ACC,0.063987873,7.835271775,0.708134888,0.863685847
Zip102B,-0.065834387,6.983547201,0.70814572,0.863685847
CR44029,-0.090987116,5.505460929,0.708276899,0.863734504
CG6664,-0.08016576,5.743012516,0.708379351,0.863748121
Calx,-0.080358276,6.394836808,0.708494452,0.863748779
Nup43,-0.126702928,3.064120089,0.708613019,0.863748779
CG12213,-0.081993343,6.168674859,0.708653749,0.863748779
Capr,0.071109615,6.773032783,0.708771065,0.863780501
ecd,-0.092054301,5.151031938,0.708994407,0.863870449
CG9990,0.061687729,9.507986379,0.709111384,0.863870449
Rrp1,0.124945384,2.797249897,0.709118768,0.863870449
140up,-0.11444595,4.167592527,0.709607354,0.864354375
CG3198,-0.076870404,6.334994503,0.709966342,0.864680336
Sucb,0.08138975,5.746024844,0.710457439,0.86516709
CG34125,-0.095453184,5.100110994,0.710614633,0.865247158
Obp99c,0.123596776,4.018329371,0.710739977,0.865288428
ssh,-0.072345523,6.310137353,0.710877856,0.865344947
CR45682,-0.128076276,2.901115001,0.711061185,0.86545677
PlexB,0.10544751,4.587887066,0.711163749,0.865470275
Arp10,0.086338994,5.486813496,0.711366502,0.86560569
CG14903,-0.11611698,3.95190202,0.711509453,0.86566831
CG11409,0.13741666,1.959778639,0.711818575,0.865765222
pgant4,0.145054445,1.154872205,0.711828688,0.865765222
CG15011,0.116422331,3.878825932,0.711863605,0.865765222
qkr58E-3,-0.075189538,6.227291129,0.712083509,0.865858644
TyrRS-m,-0.114557071,3.992243139,0.712123438,0.865858644
CG14104,-0.126215416,2.204207169,0.712820587,0.866594937
CG32533,-0.114414481,4.200434317,0.713103729,0.866767989
CG1486,-0.070892854,6.48170131,0.713146142,0.866767989
CG13551,0.077643522,7.451394082,0.713571153,0.867072574
PPP1R15,-0.068596509,7.347518345,0.713580018,0.867072574
CG7970,-0.067070528,6.812616628,0.713753567,0.867172092
snRNA:7SK,0.179337703,0.311825358,0.714079009,0.867456102
CG5377,0.101502911,4.789034579,0.714290514,0.867601648
CG34370,0.093697665,4.999219543,0.714495497,0.867724471
dgo,-0.095037927,5.045873108,0.714616508,0.867724471
beag,0.110502319,5.074863624,0.714666751,0.867724471
Dop1R1,-0.127084945,2.862724589,0.715159634,0.867891793
Pih1D1,-0.075139684,6.151156879,0.715190329,0.867891793
CG10467,-0.096340102,4.96406696,0.715280118,0.867891793
Jhe,0.101238919,5.411914739,0.715304122,0.867891793
CG13088,0.122086313,2.16371038,0.715378189,0.867891793
CG10326,0.080405039,6.635864012,0.715403103,0.867891793
CG6345,0.12224093,3.158168771,0.715446627,0.867891793
hppy,0.067288155,6.653386852,0.715658948,0.867934244
RpL23,0.062640382,9.778489954,0.715665078,0.867934244
CG5727,0.121997155,3.851123346,0.716064186,0.868187722
CG8078,0.116415842,3.905792308,0.716161953,0.868187722
CG31156,0.107498966,4.607909397,0.716216716,0.868187722
hng1,-0.108841503,4.240288343,0.716241108,0.868187722
CG13295,-0.105477885,4.574841167,0.716670051,0.868380238
abo,0.114436072,3.76128554,0.716786227,0.868380238
RpS20,0.07546288,9.043118181,0.716877554,0.868380238
trc,-0.065984362,6.749313398,0.716886833,0.868380238
RhoGEF2,0.062372213,7.413269782,0.716926229,0.868380238
CG6638,-0.116540225,3.888876785,0.717032992,0.868380238
E23,0.107164931,4.332145809,0.717090992,0.868380238
CR44690,-0.122835534,2.960775842,0.717134134,0.868380238
CG13807,0.107653819,4.364754932,0.717503402,0.868658983
CTCF,0.093825404,4.953103869,0.717593762,0.868658983
l(2)dtl,-0.119031135,3.409684028,0.717639745,0.868658983
CG8907,0.122961209,1.667054905,0.717884871,0.868690565
CG43867,-0.084249436,6.157775028,0.718019012,0.868690565
CG2147,0.118732585,3.592297542,0.71803225,0.868690565
CG6115,0.061608376,7.324064418,0.718118609,0.868690565
Ptp99A,-0.075581501,5.921496787,0.718124879,0.868690565
levy,-0.060140903,8.571182443,0.71846397,0.868989656
CG6420,0.077102041,5.81997489,0.718984526,0.869386262
CG11983,-0.148305441,1.497816803,0.719040986,0.869386262
CG12655,0.088803103,5.526532821,0.719067521,0.869386262
Trs20,-0.106523247,4.597202438,0.719362574,0.869449329
CR43927,0.137807431,1.399028212,0.719522497,0.869449329
CG10376,0.08310842,5.586061999,0.719558705,0.869449329
eIF-2alpha,0.067928607,6.524200857,0.719653901,0.869449329
CG12848,-0.102441482,4.799308074,0.719706331,0.869449329
NAA15-16,0.083368929,5.467551293,0.719795372,0.869449329
CG17806,0.127224358,3.484613988,0.71989506,0.869449329
Hakai,0.117077304,4.660783616,0.720002208,0.869449329
CG12173,-0.106517496,4.40010567,0.72001501,0.869449329
CG9723,0.144553121,4.1298102,0.720038569,0.869449329
Rga,0.078611523,6.577641781,0.720746039,0.870115469
l(3)73Ah,-0.096640933,4.800169845,0.720774154,0.870115469
CG31109,0.125582406,4.285751756,0.721748498,0.871104257
nmd,0.078638308,6.200148754,0.721854983,0.871104257
CG10053,0.1216706,3.180347242,0.721869423,0.871104257
PI4KIIIalpha,-0.061857449,7.285240189,0.721962778,0.871105815
emb,0.078874104,7.045815244,0.72235572,0.871468803
Ent2,-0.102734397,5.328384167,0.722552316,0.871594852
CaMKII,0.063414131,8.184254916,0.722751116,0.871723526
CG7900,0.061424961,8.199934877,0.722934028,0.871833008
Rpb8,-0.099392791,4.692670895,0.723195099,0.872036705
Gli,-0.061569521,6.954576415,0.723361778,0.872041802
shtd,0.110532067,4.347012169,0.723440749,0.872041802
Snx3,0.073262786,6.987827599,0.723475813,0.872041802
LTV1,0.059259992,7.784648515,0.723729711,0.872236725
CG2247,-0.09176308,4.916927415,0.724320992,0.872838159
unk,-0.077942528,6.255712103,0.724830063,0.873340386
mRpS23,-0.109750121,4.180153623,0.724969412,0.873397069
CG1698,0.126834456,2.767325051,0.725332811,0.873684291
CG13319,-0.111922005,4.257029809,0.72557046,0.873684291
CG6051,0.072490534,7.114711243,0.725635634,0.873684291
CG5645,0.119623281,3.722223099,0.725760636,0.873684291
CG6424,0.152889826,0.683645642,0.725851645,0.873684291
Psi,0.079044153,6.454820616,0.725884033,0.873684291
CG6674,-0.115997993,4.052285758,0.725909775,0.873684291
numb,-0.06064115,7.251252725,0.725946512,0.873684291
CG5781,-0.182045479,0.261908677,0.726328158,0.874032434
CG8336,-0.099462587,4.959272509,0.726478649,0.874102362
Fen1,0.124001917,2.123575794,0.726709274,0.874268678
CG2658,0.074776286,5.743967462,0.727484575,0.875090141
CG6175,-0.075884472,5.70847172,0.727827636,0.87539152
CG32850,-0.073216013,5.978170428,0.728139915,0.875618669
CG13252,0.083838864,5.258566821,0.728201575,0.875618669
Fibp,-0.08604384,5.203046321,0.728329631,0.875632617
S,0.078687641,5.601631035,0.728398259,0.875632617
CG15515,-0.119846615,2.749148301,0.728618917,0.875681865
CG6279,0.146731782,1.548346697,0.728624321,0.875681865
CG42554,0.111163857,4.259816774,0.728893941,0.875894649
S1P,-0.108404154,4.122054449,0.729055498,0.875943108
CG3651,-0.096115506,4.685237604,0.729119416,0.875943108
CG13197,-0.090998308,5.024552836,0.729287932,0.875993822
a5,0.061014119,12.0345712,0.72934679,0.875993822
CG43273,-0.119435135,2.752502966,0.729514138,0.876083611
Cdk2,0.128437456,2.995676335,0.729943006,0.876487401
godzilla,-0.060042675,7.166653528,0.730499829,0.877044713
Cyp1,0.058617952,9.948219329,0.730594146,0.877046665
CG15618,-0.111968333,3.671827495,0.73082131,0.877208073
mRpL43,-0.105152928,4.311542146,0.730960394,0.87726373
RpS5a,0.056426092,9.320983165,0.731133245,0.877345064
SMC5,0.100994032,4.367488419,0.73121361,0.877345064
CG13364,-0.075837555,6.432303361,0.731479328,0.877552606
Pdp1,-0.070200959,8.983307363,0.731682811,0.877642396
tsu,0.09637891,5.577710167,0.731810524,0.877642396
CG13919,0.11271265,2.600433579,0.731838378,0.877642396
CG3437,-0.111413349,3.455042414,0.732031465,0.877642396
vih,-0.097346246,4.60353406,0.73203853,0.877642396
CG8134,0.086967798,5.143123941,0.732156283,0.877642396
CG14511,-0.112982165,3.146813574,0.732238168,0.877642396
sinu,0.069735977,6.001371677,0.732334024,0.877642396
mRpL9,-0.088131389,4.967246869,0.732430704,0.877642396
CG33111,0.093605751,4.807153483,0.732481717,0.877642396
CG30094,-0.128268364,3.510401988,0.733050024,0.87807376
Sec61gamma,-0.076365279,5.626677147,0.733079594,0.87807376
Sirt1,0.061930011,6.703975707,0.733120134,0.87807376
COX6B,-0.056100746,8.892081593,0.733592799,0.878528675
IM33,0.059139906,7.922682177,0.733930781,0.878822203
CR43683,0.157458673,0.398024419,0.734082476,0.878892621
CG9799,-0.106708574,3.94495234,0.734206041,0.878929347
CG33267,-0.141181603,1.078541471,0.734330289,0.878966881
CG14696,0.065384777,6.506585353,0.734444318,0.878992175
Scm,0.069288586,6.078468989,0.734892653,0.879236401
Adk3,0.100860173,4.380082909,0.734907076,0.879236401
Sec8,-0.067726863,6.025817815,0.73492715,0.879236401
cdi,0.07085995,5.897642546,0.73532416,0.879600152
CG3823,-0.11860648,2.460800189,0.735708272,0.879948385
CG14135,-0.103370647,4.21700961,0.735966887,0.880146447
frtz,0.085357615,5.043326947,0.736118342,0.880216321
CG11474,-0.071271692,5.807605893,0.736554557,0.880587628
Hs3st-A,-0.065781371,6.54395267,0.73669815,0.880587628
Myo31DF,-0.075821405,5.638853253,0.73670806,0.880587628
CG17486,-0.072815893,6.388243985,0.737144695,0.880962855
eIF4G,0.055692545,8.218702414,0.737208189,0.880962855
CG10463,0.111034593,2.991407346,0.737397986,0.881078386
EndoA,-0.058446095,7.021916316,0.738127751,0.881812115
AMPKalpha,-0.054803469,7.658743974,0.738340961,0.881812115
CG34149,-0.121982409,1.852470167,0.738348142,0.881812115
CG2889,-0.093597062,4.751263553,0.738384843,0.881812115
CG10075,0.101708613,4.150722605,0.738819273,0.882219581
CG14966,0.113384162,3.401804345,0.738994439,0.882317399
fand,-0.086661552,4.956089227,0.739097522,0.882329138
Fim,0.057652186,6.930102752,0.739228026,0.882373606
cry,0.064149497,8.678431704,0.73934813,0.882405651
CG1663,0.109682638,3.251790862,0.739704916,0.882602434
HPS1,-0.100625166,4.236696131,0.739764186,0.882602434
Ir51b,0.126932107,1.883614757,0.739792845,0.882602434
Lrpprc2,0.076837061,5.48914634,0.740150965,0.882824735
CG5087,0.077953301,5.446943337,0.74027542,0.882824735
betaggt-II,0.071011737,5.930295001,0.740422682,0.882824735
Yeti,0.065229425,7.019022423,0.740448462,0.882824735
CG2650,0.129118272,2.030560551,0.740507172,0.882824735
Exn,-0.057687866,7.304886167,0.74053899,0.882824735
Hsp60A,-0.055042759,8.401320241,0.740693977,0.882898263
CG8089,0.112150088,1.793699878,0.740911308,0.882974183
CG6276,0.08151779,5.180638539,0.740944305,0.882974183
CG10375,0.104453973,4.265441202,0.741141101,0.883097481
ETHR,-0.085430256,5.026524133,0.742032736,0.883929798
CG1532,-0.062256333,6.628416833,0.742181527,0.883929798
Ppcs,-0.076479825,5.447352091,0.742216334,0.883929798
CG15443,0.101761465,4.526733528,0.742217429,0.883929798
RpS14a,0.055944217,8.853581021,0.742366742,0.883929798
CG32554,0.123260889,1.739004015,0.742400138,0.883929798
CG5276,-0.092063588,4.633323038,0.743251741,0.884801016
mRpS11,-0.08269983,5.196502889,0.743318884,0.884801016
mRpL19,-0.09898502,4.39526609,0.743828814,0.885296633
DIP2,-0.065404954,6.46321526,0.74404123,0.885438073
CSN1b,0.085818081,5.845650797,0.7442063,0.88552314
a6,0.111658183,4.368109993,0.744641001,0.885887505
CG16836,-0.151130072,2.892283951,0.744699769,0.885887505
CG31812,0.107996995,2.454225323,0.744835169,0.885937193
Su(var)2-10,0.08545317,6.840225967,0.745081804,0.886119159
CG6746,0.061964937,6.366574545,0.745273629,0.886164686
eca,0.097824191,4.45930115,0.7454361,0.886164686
Papst2,0.086276548,4.910519209,0.745502073,0.886164686
mRpS26,-0.081783503,5.05716563,0.745628544,0.886164686
APC4,0.100082384,4.235905962,0.74564632,0.886164686
CG31922,0.114802847,2.318955115,0.745682015,0.886164686
Atg18a,0.070389532,6.145085009,0.745847079,0.886206583
CG13516,-0.100873629,4.148372617,0.745979904,0.886206583
Pex23,-0.086312155,4.910808827,0.746063368,0.886206583
Ets97D,-0.096164023,4.330340017,0.746091909,0.886206583
CheB42a,-0.356498898,5.192701234,0.7462053,0.886214425
CPT2,-0.081674682,5.312300864,0.746329126,0.886214425
Samuel,0.101458659,4.141077641,0.746424568,0.886214425
Use1,0.101471346,3.9502223,0.746473152,0.886214425
CG8372,0.080536842,5.359744145,0.746714767,0.886370368
Cas,0.085313261,4.91399236,0.74679186,0.886370368
Obp56e,0.11273862,1.705815046,0.74713077,0.88650355
puf,-0.074161503,6.052425609,0.747172886,0.88650355
CG6439,0.055335455,7.77160515,0.747185142,0.88650355
PTPMT1,-0.101349842,3.901499526,0.747317017,0.886521949
Cat,-0.054063925,9.185658381,0.747388035,0.886521949
Arv1,0.101900664,3.968422471,0.747537978,0.886588662
MED30,-0.105272801,3.545988036,0.747829895,0.886678522
CG6218,-0.062418928,6.597984622,0.747887689,0.886678522
yki,0.072508952,5.625599897,0.747995068,0.886678522
aru,0.057136663,7.094364602,0.747998246,0.886678522
CG2972,-0.10238576,4.458697824,0.748082292,0.886678522
CG13875,0.119381959,1.741910306,0.748410519,0.886956455
CG3894,-0.075021761,5.368282227,0.748957891,0.887493997
CG11975,0.081149226,5.276363984,0.749128499,0.887580895
Atg10,0.105546779,2.751155139,0.74928595,0.887580895
Kank,0.062421984,6.350447586,0.749312639,0.887580895
CG31388,0.103868121,3.882830859,0.749692168,0.887919301
deltaCOP,-0.055690706,7.011699336,0.750003878,0.888177308
HIPP1,-0.062871432,6.237038954,0.75028924,0.888336547
Upf2,0.088318678,4.947879286,0.7503402,0.888336547
galectin,-0.056446543,7.043104327,0.750419998,0.888336547
Vang,0.104840527,4.539524232,0.750761663,0.888538574
Pura,-0.052331662,8.286898601,0.750778472,0.888538574
CG4653,-0.189451348,0.729566994,0.751053151,0.888752491
CHES-1-like,-0.064099807,6.198512758,0.751712679,0.889421705
Ate1,-0.066160619,6.239073572,0.751828895,0.889447988
Hcf,-0.060167278,7.075520775,0.75214903,0.88971548
l(1)G0196,-0.056616501,7.978350908,0.752420558,0.889857122
GalT1,0.109125784,4.518972741,0.752456862,0.889857122
CG14647,-0.074578424,5.269522141,0.752645888,0.889969432
Gyf,0.058226199,7.773583937,0.752879563,0.890134503
mei-9,-0.103229578,3.374502992,0.753074211,0.89024715
CG14103,-0.074772302,5.553678206,0.75320012,0.89024715
CG8950,-0.105638024,3.215915326,0.753282664,0.89024715
CG42526,-0.109263885,2.211950213,0.75342518,0.89024715
siz,-0.052745906,7.80237714,0.753445273,0.89024715
CG5521,-0.066979366,5.842498092,0.75375947,0.890353324
Ptip,-0.090638858,4.578125771,0.75380383,0.890353324
CG11839,-0.10414743,3.00432387,0.753817425,0.890353324
Nup37,0.112868444,3.277687327,0.754036575,0.890501007
l(2)gd1,-0.0751361,5.234479242,0.754289972,0.890689095
YT521-B,-0.058921722,7.430529527,0.754444626,0.890760551
ArfGAP1,0.070180075,6.049674898,0.754851473,0.891129712
CG3939,0.09158883,4.392812215,0.755516597,0.891803648
CR43887,-0.142522534,1.074878147,0.755650297,0.891833954
ATPsynG,-0.05116767,8.673590337,0.755769165,0.891833954
CG13204,-0.089683405,4.557419203,0.755882326,0.891833954
Rab3-GAP,-0.082989814,5.090735287,0.755919289,0.891833954
CG17977,-0.106827948,3.042112329,0.75651993,0.892431315
CG8929,-0.05650164,7.250766261,0.756924567,0.892727734
CG11190,-0.068367161,6.067665854,0.756959903,0.892727734
MCPH1,0.086412824,4.735496563,0.758928101,0.89455364
mRpL24,-0.071885424,5.557011574,0.758964397,0.89455364
Lnk,0.067708523,6.050863307,0.758976665,0.89455364
CG14509,0.051673626,8.099683958,0.759039404,0.89455364
RnrS,-0.088109603,4.585792055,0.759043924,0.89455364
SF2,0.067720262,7.634838312,0.759145396,0.89455364
CG13366,0.071078306,5.48168965,0.759175508,0.89455364
CG31871,0.133357779,-0.032499551,0.759328423,0.89455364
cue,0.091710809,6.66767927,0.759358998,0.89455364
CG8389,0.104063456,3.690232673,0.759630765,0.894696476
CG9776,0.061203323,7.020789323,0.75966936,0.894696476
CG11899,0.058803607,6.731735635,0.760600785,0.895618576
CG31908,0.063840034,6.068240539,0.760793791,0.895618576
CG4078,0.111078162,3.59198287,0.760805605,0.895618576
Nipsnap,-0.055471145,6.678427792,0.760830915,0.895618576
su(f),-0.072161729,5.496671366,0.760966809,0.895667116
rl,0.07996598,5.962598574,0.761392601,0.896056815
CG8910,0.091788227,4.237703181,0.761663986,0.896264722
CG18265,-0.100671066,3.129263932,0.762223345,0.896621559
CG12333,0.081874136,4.813392786,0.762240802,0.896621559
DNApol-eta,-0.100261878,2.596432314,0.762265838,0.896621559
CG8786,-0.08570019,4.683680434,0.762346273,0.896621559
v,-0.190101228,0.179070637,0.762513998,0.896687007
CR45789,-0.135981789,1.533409562,0.7625933,0.896687007
ND-30,0.049785526,7.602501847,0.762731626,0.896687007
CG12316,-0.092080057,4.179408193,0.762780989,0.896687007
f,0.102537168,3.470021608,0.762912805,0.896730554
CG1750,-0.099218421,2.61097277,0.763299083,0.896945945
l(2)k10201,0.099264886,3.125257916,0.763413925,0.896945945
ND-39,-0.05019589,8.77855604,0.763434056,0.896945945
Ufd1-like,-0.064242069,5.868282698,0.763475232,0.896945945
ldlCp,0.07530388,5.116812968,0.763740434,0.897146119
Prx2540-2,-0.095402195,4.303457527,0.764402096,0.897594623
CG31690,-0.085300429,4.76267074,0.764475159,0.897594623
CG9886,-0.099393909,3.623913033,0.764508993,0.897594623
CG2712,-0.104873292,3.043172599,0.76453083,0.897594623
lbk,-0.06688363,5.629948939,0.764596561,0.897594623
Vti1b,0.081594598,4.785579388,0.76472268,0.897631311
Rpb12,-0.075261085,5.170877895,0.765276332,0.898169766
rasp,0.102293864,2.707264825,0.765628984,0.898472212
CG10286,-0.090028277,4.253812359,0.765755519,0.898509266
CG5608,0.087844048,5.029483504,0.765950536,0.898626654
RpLP0,0.050443469,9.736719368,0.76617446,0.898671396
Cyp4d2,-0.103706873,1.776026389,0.766178625,0.898671396
RpL30,-0.062839998,8.495473838,0.766321687,0.89872779
Tim8,-0.068004633,5.570909403,0.766504375,0.898791559
mRpL20,0.091488795,4.158668317,0.76660355,0.898791559
Cyt-c1,0.04928794,8.908732685,0.766661031,0.898791559
CG15760,-0.085144942,4.85285121,0.766803275,0.898846951
CG14102,-0.097332918,3.643864681,0.766989417,0.89895378
CG10166,-0.07177441,5.370236156,0.767206654,0.899097022
CG10731,-0.088072778,4.331138693,0.767534314,0.899369619
Ufl1,-0.067362177,5.599515312,0.767863754,0.899601947
Mef2,-0.055910708,6.729670372,0.767922735,0.899601947
CG4278,-0.09107368,4.411891539,0.768053955,0.899644283
CG10333,-0.075101061,5.189395899,0.768437562,0.899982203
Mtch,-0.05573701,6.509585437,0.768643166,0.900111588
PDZ-GEF,0.065596545,5.627739708,0.768777746,0.900133572
CG14797,0.160234553,0.089656055,0.768904873,0.900133572
dare,-0.087294508,4.382976687,0.768947333,0.900133572
kraken,0.061700052,6.776477781,0.769309614,0.900154887
CR44417,-0.075108106,5.007351536,0.769434581,0.900154887
CG3014,-0.066971961,5.775905399,0.769501208,0.900154887
ATPsynF,-0.048169813,8.585050489,0.769584255,0.900154887
CG4585,-0.061286424,5.879534153,0.769603669,0.900154887
MTF-1,0.085843703,4.45694006,0.769621128,0.900154887
CG34200,0.068418896,5.631791783,0.769701685,0.900154887
CR45926,0.108047725,1.413635697,0.769762574,0.900154887
CG31191,0.120190355,0.319842536,0.769821745,0.900154887
GlyP,0.0550597,8.174273266,0.770226617,0.900417131
CG11858,-0.095908762,4.112891952,0.770257442,0.900417131
CG9215,-0.0903306,4.09981219,0.77039594,0.900417131
CG5466,0.08572688,4.400384759,0.770462458,0.900417131
AdenoK,0.06141209,5.908930454,0.770601852,0.900417131
shv,-0.083658104,5.43433705,0.770616987,0.900417131
CG7616,-0.090619056,4.298799727,0.770775954,0.900491675
Fsn,0.069988827,5.28029026,0.770942188,0.900574689
CG12811,0.077937585,4.839695353,0.771038641,0.900576178
CG7889,0.096182305,3.432015917,0.771443049,0.900872615
CG11699,-0.1013157,2.730087221,0.771482858,0.900872615
CG3077,0.075536347,4.89997521,0.771775648,0.901103305
Hmgcr,0.078677738,4.752628025,0.772086396,0.901136931
CG9313,0.050723822,7.283632489,0.772133393,0.901136931
Atg14,0.068594379,5.275187806,0.772246044,0.901136931
shep,0.048716728,8.265563531,0.772286096,0.901136931
Tomosyn,-0.052910862,6.847823549,0.772420353,0.901136931
MsR1,-0.098656102,2.368770945,0.772493108,0.901136931
CG5339,0.087871843,4.173116472,0.772581918,0.901136931
CG12935,0.09803529,3.405165198,0.772676535,0.901136931
w,-0.117807703,1.303756841,0.772807417,0.901136931
CG10472,-0.104890959,2.75033096,0.772817837,0.901136931
Rho1,0.047803145,8.655785834,0.772894498,0.901136931
Taf6,0.087372485,5.437775295,0.773161541,0.901136931
Vsp37A,-0.061789768,5.905659732,0.773192833,0.901136931
CG10561,0.067127987,5.63109309,0.773252617,0.901136931
Lar,-0.093526058,4.002844593,0.773267869,0.901136931
CG3337,0.07967,4.767374629,0.773408059,0.901136931
CR45233,0.157344095,0.558696749,0.773505156,0.901136931
fry,-0.049841781,7.741575076,0.77372498,0.901136931
cic,0.061398865,7.05950547,0.773750356,0.901136931
Not11,-0.088595875,4.18846163,0.773769913,0.901136931
CR45018,0.099903162,2.714757076,0.773804435,0.901136931
CG2846,-0.061047952,5.785657502,0.773937954,0.901181506
CG5498,-0.06173301,6.006538616,0.774266527,0.901453165
CG14671,-0.08746805,4.274392266,0.774532516,0.901454992
CG12118,0.087152581,4.289644019,0.774609329,0.901454992
CG1492,-0.08361504,4.450160624,0.774742077,0.901454992
CG13012,-0.057571864,6.137436664,0.774761399,0.901454992
mRpL28,0.058887924,6.214922033,0.774807774,0.901454992
CG14657,0.081491018,5.178891565,0.774982279,0.901454992
CG11982,0.070691648,5.712017349,0.775024608,0.901454992
CG14712,0.09390175,4.467937123,0.775030264,0.901454992
Opbp,0.082262385,4.534669047,0.775362533,0.901730615
CG7168,0.077818179,4.813916048,0.775516807,0.901789723
baf,-0.071939371,6.326671359,0.775659202,0.901789723
CG9961,0.120245299,0.45169194,0.77578947,0.901789723
CG5973,0.050490741,10.44059838,0.775794583,0.901789723
CG31633,0.085519643,4.557951387,0.776069187,0.901912516
CG2906,0.094208767,3.258821329,0.776117405,0.901912516
CG2794,0.095958722,3.333948951,0.776237809,0.901912516
CG15097,-0.097288427,2.893398054,0.776281497,0.901912516
CG7139,0.062401563,6.517448325,0.776587412,0.902119507
Grd,0.09681544,2.491396436,0.776650339,0.902119507
CG33158,-0.087814474,4.010249143,0.777003909,0.902419416
dl,-0.049654074,7.399055355,0.777248748,0.902487133
O-fut2,-0.089025103,3.902488803,0.777342132,0.902487133
E(Pc),0.060254094,6.581039902,0.777348355,0.902487133
Ank,0.04661809,8.607443844,0.777907771,0.903025804
CG1910,-0.054096244,6.53622525,0.778287614,0.903355913
Fur2,-0.046578375,7.761861176,0.779576853,0.904741344
ERR,-0.067402377,5.205058702,0.779794352,0.904789002
CG4612,0.049423922,7.158011165,0.779874026,0.904789002
His3.3B,0.049924717,9.885885972,0.779904787,0.904789002
CG31102,0.094614494,2.856245746,0.78012366,0.904821067
noc,-0.054441252,6.333215026,0.78012368,0.904821067
CG3838,0.074123679,5.120260609,0.780426278,0.905061091
tra2,-0.077809834,4.768434801,0.780763346,0.905341026
CG30157,-0.09644573,1.499172011,0.781227621,0.905737598
wdp,0.048785208,7.100457102,0.781296795,0.905737598
mus308,-0.091891685,3.443300183,0.78147513,0.905781496
CG8281,-0.08044674,4.506460528,0.781579746,0.905781496
woc,0.053039587,6.457826626,0.781693421,0.905781496
Cog3,0.070409762,5.029244969,0.781744223,0.905781496
cerv,0.082811072,4.311920394,0.781813304,0.905781496
Teh4,0.061360919,5.717290118,0.781995381,0.905831931
CG6834,0.052268517,6.802246476,0.782135075,0.905831931
CG1109,0.084427685,4.542830464,0.782144037,0.905831931
CG9330,0.049724995,6.880006308,0.782257975,0.905853012
CG9044,-0.053549996,6.338208765,0.782576744,0.905979977
CG8728,-0.059908136,5.686102127,0.782650572,0.905979977
Nsf2,0.056851537,5.934937797,0.782668136,0.905979977
sqh,0.047943057,7.080450726,0.782750615,0.905979977
CG12054,0.053420402,6.593081058,0.782886794,0.906026767
mi,0.090907895,4.333428574,0.783079677,0.906139159
CG2016,-0.074250709,4.943103915,0.783655381,0.906547007
CG7916,-0.126266996,0.236879737,0.783676381,0.906547007
CG33506,-0.082948273,4.307159295,0.783719564,0.906547007
CG12581,0.045497777,7.624601336,0.784274548,0.90703577
CG7656,-0.058907153,5.683468252,0.784333827,0.90703577
l(3)neo43,-0.086925464,3.907306167,0.784937209,0.907456428
CG30423,-0.050956267,6.581136104,0.784985013,0.907456428
Picot,-0.046938707,8.774711512,0.784985296,0.907456428
SdhA,-0.047326248,9.445118227,0.78647772,0.908868992
CG11447,-0.080327918,4.457584085,0.786721183,0.908868992
CG12608,0.086897975,4.975536179,0.787009156,0.908868992
ssp7,-0.098084565,2.241569682,0.787029474,0.908868992
RpL34b,0.048591532,8.76641011,0.787037244,0.908868992
sav,0.07972029,4.352753227,0.787286663,0.908868992
Vrp1,0.061087413,6.002104906,0.78737057,0.908868992
CG10274,-0.081246439,4.296043212,0.787397321,0.908868992
CG5346,0.049351262,6.751134038,0.787413735,0.908868992
CR41544,0.108365852,2.827086244,0.787518657,0.908868992
jumu,-0.093558341,3.262607524,0.787520914,0.908868992
E(bx),0.061929317,7.171623549,0.787701406,0.908868992
CR44754,0.104123543,1.192322979,0.787707889,0.908868992
CG6841,-0.072430408,4.816216265,0.787777804,0.908868992
ico,0.080003474,4.415946826,0.787780671,0.908868992
jub,0.075121183,4.689490085,0.787837911,0.908868992
geko,0.073266369,5.052895635,0.787840147,0.908868992
Cdep,0.047179316,7.149549008,0.787939314,0.908872581
BuGZ,0.058034332,6.764627121,0.788289119,0.909074485
SdhD,-0.044042388,7.993566883,0.788306505,0.909074485
CG17260,0.085492931,4.370711323,0.788831138,0.909568636
CG5038,-0.089898303,3.069220147,0.789060839,0.909722634
CG8243,0.064488367,5.261963018,0.789421199,0.909993401
Cul5,0.070094792,5.103994834,0.78948804,0.909993401
Saf6,0.095985506,3.797001766,0.789763961,0.910131606
CysRS,-0.075067843,4.630066134,0.789800319,0.910131606
car,-0.074732296,4.678281003,0.790043006,0.910158187
Dhc64C,-0.048663128,6.945917617,0.790061174,0.910158187
Taf10,-0.062243206,5.400085945,0.790111959,0.910158187
bcn92,0.065396633,5.356253722,0.791169403,0.911233349
CG4554,-0.087987918,3.610093038,0.79123792,0.911233349
CG15747,-0.071323006,5.004784841,0.791931267,0.911916628
Prat2,-0.208219736,1.164963995,0.792033191,0.911916628
CG9119,0.076393262,4.590567608,0.792240912,0.911916628
RpA-70,-0.052832955,6.031269354,0.792293284,0.911916628
CG9154,-0.084473707,3.752283279,0.792313105,0.911916628
CG5068,0.06216359,5.496900122,0.792432856,0.911943528
CG33307,-0.10859859,0.807641602,0.792621389,0.912049566
CG31142,0.086461973,3.165267923,0.792723929,0.912056641
CG14377,0.127701801,0.271520434,0.793009386,0.912274141
yem,0.090707741,3.970677943,0.793124901,0.912296112
CG15118,-0.057267749,5.67082655,0.79328021,0.912303103
CG33172,-0.088013839,2.50929092,0.793372941,0.912303103
CG17360,-0.052573416,6.167163189,0.793420232,0.912303103
CR45444,0.127254799,0.309220153,0.793763801,0.912549895
Sec13,-0.051386042,6.194752699,0.793827752,0.912549895
mtSSB,-0.091852405,2.467613264,0.793947522,0.912576707
l(1)G0020,0.08545294,2.885216433,0.794159467,0.912616318
Corp,0.106916194,1.162790868,0.794174885,0.912616318
CG4025,-0.06148827,5.468292597,0.794312395,0.912663496
CR43989,0.092198213,2.361294599,0.794730984,0.912970117
CG13658,-0.089788315,3.147032666,0.794772232,0.912970117
Zpr1,0.076922345,4.576111443,0.795005611,0.913127348
Arp2,0.05536933,6.112988291,0.795200154,0.913239939
CG46280,0.051835724,6.029181553,0.795592605,0.913411293
jet,-0.075027067,4.50304166,0.79571891,0.913411293
Atg9,-0.065608748,5.134975055,0.795795532,0.913411293
csw,0.043538846,8.67058156,0.795805627,0.913411293
CG9855,0.076884233,4.443925682,0.795832034,0.913411293
Rrp4,0.083418431,3.824206867,0.796146519,0.913518346
CysRS-m,-0.074399143,4.543995489,0.796156683,0.913518346
Culd,0.086185962,2.524135465,0.796214944,0.913518346
CG4049,-0.065050894,5.072550445,0.796658503,0.913718699
CG11755,0.09180826,2.751514369,0.796713069,0.913718699
rogdi,0.068031211,5.960983956,0.79680833,0.913718699
Wdr82,0.074619215,4.941498506,0.796830155,0.913718699
pnt,0.054207216,5.870891817,0.797042655,0.913718699
CG1965,0.053454024,6.116906511,0.797352437,0.913718699
thoc6,0.08655638,4.108544492,0.797480441,0.913718699
CR45874,-0.082550919,3.966181237,0.797541837,0.913718699
Ugt86Dd,0.051640161,6.799745022,0.797561719,0.913718699
CG2991,0.045188261,7.251953804,0.797566419,0.913718699
Reg-5,0.043369916,7.837013732,0.797626066,0.913718699
CG1662,0.064285347,5.1683727,0.797668506,0.913718699
Rcp,0.087988055,3.85752799,0.797715812,0.913718699
Papss,-0.068815237,4.82183463,0.797749299,0.913718699
Gagr,-0.046336479,8.007018811,0.798010221,0.913718699
RpII18,0.076861578,4.893733575,0.798013374,0.913718699
CG6308,-0.089531054,3.240160115,0.798031212,0.913718699
CG15881,0.084570679,3.615787698,0.798671667,0.914341356
CG30008,-0.07925128,4.027214011,0.798857763,0.914443764
Hmt-1,-0.048520522,6.553528425,0.79909438,0.91460397
CG9003,-0.046399538,6.706805407,0.799278463,0.914704018
botv,0.083416697,4.778418724,0.799628768,0.914952148
CG45218,0.11061527,0.973952638,0.799688677,0.914952148
CG6878,-0.066319171,4.956054251,0.799851534,0.915027834
CG14785,-0.090039929,2.981886183,0.800361033,0.915477994
slmb,0.046928613,6.600923876,0.800515442,0.915477994
DCP1,0.064722999,5.434025775,0.800535291,0.915477994
CR32636,-0.094362144,1.885409208,0.801146522,0.916066271
CR44708,0.120031311,0.371747136,0.801250304,0.916074236
CG5569,-0.073842048,4.405206388,0.801379338,0.916111066
POLDIP2,0.049843332,6.128243863,0.801717361,0.916386769
roX2,-0.084131566,4.515603197,0.802132871,0.916507123
CG8490,0.098014206,3.781812843,0.802194595,0.916507123
CG31886,0.083861234,3.403902689,0.802427356,0.916507123
ALiX,0.045287433,7.38803048,0.802428933,0.916507123
qless,0.073426563,4.443153445,0.802494346,0.916507123
CG7685,-0.078000508,4.080488157,0.802610784,0.916507123
CG8531,0.054660443,5.67168542,0.802674494,0.916507123
CG42364,-0.092537469,1.4936715,0.802677484,0.916507123
CCHa1,0.087234772,2.82941976,0.802694412,0.916507123
CG7546,0.046912735,6.972421881,0.802881752,0.916524482
CG9257,0.090197617,2.21748584,0.802903343,0.916524482
usp,0.053261597,5.940464536,0.803053552,0.916550496
Larp7,-0.077601376,3.915974184,0.803119865,0.916550496
CG15073,-0.082156341,3.743436603,0.803554248,0.916935636
SamDC,0.062401916,5.408264563,0.8037259,0.917020918
Acn,-0.047879351,7.415797226,0.803862554,0.917046231
CG13192,-0.077631329,3.993739157,0.804061475,0.917046231
CG44242,-0.049224319,6.120796502,0.804223321,0.917046231
ND-75,0.040764406,9.004529599,0.804278052,0.917046231
CG30096,0.095930676,2.675986544,0.804305263,0.917046231
CG10011,0.058788431,5.362140909,0.8043296,0.917046231
Ufm1,-0.068927551,4.684427454,0.804711838,0.917220642
GluRIIE,-0.097399199,2.233771655,0.804759527,0.917220642
tamo,0.051166276,6.080604823,0.804773385,0.917220642
Brd8,0.085105669,4.520294143,0.805055176,0.917431299
CR42794,0.091057744,1.632391069,0.805206959,0.917493768
Prosbeta5,0.052642761,7.464718144,0.805694581,0.917924887
CR46135,0.097282608,0.922750404,0.80587944,0.917924887
ATPsynC,0.040352389,10.92999346,0.805909087,0.917924887
CG13742,-0.131743428,1.923078624,0.806038308,0.917924887
CG40198,-0.10739035,0.896342395,0.806070375,0.917924887
comt,0.042968418,7.250890845,0.806479027,0.918253759
CG6567,0.079272362,3.786839283,0.806553265,0.918253759
Nc73EF,-0.045260467,10.01960828,0.806675406,0.918256631
CG31897,0.116511688,0.674023014,0.806749881,0.918256631
NKAIN,0.04196521,7.344963848,0.806862073,0.918273867
Eip74EF,-0.063523105,5.018588215,0.80729669,0.918535552
CG3776,0.055154384,5.725458814,0.807465807,0.918535552
ND-B14.5B,-0.042328939,7.252105258,0.807571188,0.918535552
CR44845,0.115546275,0.730657258,0.807575891,0.918535552
CG2316,0.039854199,8.057196455,0.807577389,0.918535552
CG4610,0.073087057,4.228359371,0.807916491,0.918810798
Gas41,0.085743954,3.930281481,0.808036654,0.918837017
MESR3,0.045958046,6.505984066,0.808190053,0.918901019
Tom70,0.063150736,5.198630384,0.809117708,0.919845218
CG42524,0.111772222,0.906022693,0.809340325,0.91990969
CG2909,0.075179922,4.219303253,0.809377019,0.91990969
phr,-0.084908475,2.345960562,0.809545849,0.91990969
CG17600,-0.068617369,4.612289231,0.809563305,0.91990969
gry,-0.041014085,7.362910666,0.809794175,0.919974311
nmdyn-D6,0.094325125,1.99274061,0.809901397,0.919974311
CG40191,-0.045545072,6.428987183,0.809911859,0.919974311
Hydr2,0.043644405,7.09381021,0.810179324,0.920167658
Slimp,-0.079008584,3.656241032,0.810767983,0.920425044
CG14401,-0.066725696,5.032552049,0.810810808,0.920425044
CG4887,0.045649875,6.762807998,0.810863137,0.920425044
ppk10,0.099764493,2.391593006,0.811000341,0.920425044
CG14764,-0.055095598,6.948544782,0.811010393,0.920425044
CR45198,-0.081029381,2.289235847,0.811065243,0.920425044
CR43875,-0.087576216,2.458660262,0.811086876,0.920425044
r2d2,0.05965277,5.767135315,0.811442174,0.920609191
CG3386,0.066832984,4.707617784,0.811443738,0.920609191
Coq2,0.072105961,4.300399551,0.811605479,0.920682298
Atf-2,-0.077564809,3.81515532,0.811956264,0.920801015
PheRS-m,-0.051577337,5.863851049,0.812002074,0.920801015
eIF-2beta,0.044139195,6.697317638,0.812041722,0.920801015
CG4848,-0.060103398,5.156486789,0.812099395,0.920801015
CG12010,-0.079731333,2.708832108,0.812577866,0.921233138
UbcE2M,0.061770403,5.781330679,0.81299136,0.92149954
mio,0.078647334,4.324046237,0.813028939,0.92149954
hd,-0.080906966,2.143305143,0.813171593,0.92149954
CG8009,-0.066755259,4.727845175,0.813202405,0.92149954
CG2608,-0.068415667,4.941424429,0.813585707,0.921692075
CG5886,0.077540146,4.049716487,0.813658874,0.921692075
Not3,0.040764793,7.264361917,0.813664543,0.921692075
Rab8,-0.04714974,7.018047357,0.813763548,0.921693882
Ca-alpha1T,0.063845325,5.248664997,0.814492412,0.922409001
scu,0.042284808,6.896583017,0.814944577,0.922810625
BHD,-0.075680198,3.714978861,0.815122008,0.922879658
lark,0.053400643,7.014283068,0.815210007,0.922879658
mRpL51,-0.070209834,4.358432735,0.815365433,0.922879658
CG1307,0.070607079,5.646360476,0.815395682,0.922879658
Mct1,0.060406797,5.01736092,0.816003423,0.923376785
ND-B18,-0.045413263,6.484625809,0.816030086,0.923376785
CG5776,0.081174589,2.793469085,0.816319261,0.923401597
eIF-1A,0.037936481,8.416574381,0.816378132,0.923401597
CG12822,0.046998531,6.105518048,0.816428681,0.923401597
CG6707,0.040180911,7.24931796,0.816489202,0.923401597
CG4686,0.073332484,4.576031328,0.816539966,0.923401597
sud1,-0.078218559,3.224793169,0.816961954,0.923768405
CR45039,-0.112332901,0.100904398,0.817135134,0.92381059
CG4004,-0.071049615,4.552212666,0.81719453,0.92381059
CG13398,-0.071734834,4.155706447,0.817432105,0.92396877
rev7,-0.079948239,3.556654327,0.817821752,0.924267549
CG6652,0.067769292,5.000010108,0.817891798,0.924267549
CG14229,0.06907075,4.397590167,0.818097178,0.924389241
CG12576,0.044428885,6.861325026,0.818241799,0.924442257
Blm,-0.078338379,2.781015296,0.818479226,0.9246001
ash1,0.056762419,5.463372684,0.818604674,0.924631422
mRpS29,0.059378196,4.928183378,0.818743224,0.924677535
CG5862,0.04960882,5.678849385,0.819066944,0.92480994
CG31324,-0.064546253,5.515511055,0.819072064,0.92480994
Lhr,0.102287233,2.126371351,0.819293019,0.92480994
CG7879,-0.05434633,5.288659477,0.819344549,0.92480994
CR45681,-0.112705359,0.539586573,0.819349157,0.92480994
Ada1-2,0.102078191,1.061522745,0.819769403,0.925173913
CG6441,-0.110097661,0.481801007,0.819971305,0.925291411
CG6404,0.064912151,4.573003668,0.820217213,0.925458534
imd,0.062046466,5.068896629,0.820579922,0.925676941
CG17660,0.049007461,5.767506709,0.820647371,0.925676941
Mpc1,-0.038875455,7.3062803,0.820704276,0.925676941
CG33159,0.04330027,6.988979167,0.821057161,0.92588091
CG7745,-0.074458146,3.671647827,0.82108082,0.92588091
su(w[a]),0.04367283,7.877418274,0.821549708,0.926299254
CG12004,-0.039010576,7.366406462,0.82165526,0.926307884
CG8602,-0.040983973,7.124057441,0.822123878,0.926634295
U26,-0.066546163,4.431976733,0.822204037,0.926634295
Irk1,-0.077510564,2.283978575,0.82223859,0.926634295
CG6656,0.062605632,4.685995758,0.822452877,0.92671034
Roe1,0.058466685,4.912759388,0.822501948,0.92671034
CG6565,-0.047460623,5.807598302,0.822718252,0.926843684
CG4951,-0.066791818,4.30592227,0.823014056,0.926889515
htk,0.050361319,6.148706855,0.823134167,0.926889515
CG33054,-0.061265816,4.886008874,0.823171445,0.926889515
CG31211,-0.043074327,7.461953945,0.823171626,0.926889515
cno,-0.04929965,7.536279466,0.82324873,0.926889515
CG15236,0.094839009,0.56127794,0.823391492,0.926932324
CG34150,-0.061902457,4.727680076,0.823482679,0.926932324
cN-IIIB,-0.062247658,4.941289826,0.823697536,0.927063886
CR43459,0.077898974,3.669367552,0.824063176,0.927365101
Pp2A-29B,0.044773817,8.274700294,0.824207981,0.927417756
CG17807,0.070229086,4.141290922,0.824436618,0.927430399
CG4074,-0.073590019,3.730000449,0.824468558,0.927430399
Vps4,0.040163495,6.877227231,0.824513265,0.927430399
ND-49,0.036466745,8.587638349,0.824674704,0.927501729
Nipped-B,0.038363136,7.61652563,0.824782697,0.92751294
Spt3,0.080900991,3.630878119,0.824894621,0.927528568
CG8097,-0.075003559,2.813048181,0.825472252,0.928027712
CR43944,0.076703792,2.578211647,0.825534691,0.928027712
Atg12,-0.065882406,4.351174408,0.825927924,0.92835947
CG4390,0.046019546,6.156679235,0.826110377,0.92837145
Rabex-5,-0.063284962,4.651768489,0.826176403,0.92837145
Mapmodulin,0.059407727,7.659584651,0.82623293,0.92837145
CG8132,0.067180934,4.316728584,0.827249441,0.929229328
CG34126,-0.046004185,5.856490491,0.827332868,0.929229328
CG13773,0.07509325,3.186052064,0.827365312,0.929229328
CG6153,-0.068656329,3.9961601,0.82738925,0.929229328
RhoL,0.056800148,4.981630475,0.827773507,0.929550549
CG18048,-0.07349576,3.337455935,0.827889639,0.929570638
ProRS-m,0.069287791,3.90670563,0.828016511,0.929602779
CG6744,-0.072327753,3.487779141,0.828136152,0.929626797
MFS18,-0.05949899,4.824158174,0.828575723,0.930009904
CG42233,-0.074331743,3.307640038,0.828776701,0.930117903
MED31,0.052633655,5.487218052,0.828868544,0.930117903
CG3032,-0.073882992,1.851414932,0.8290061,0.930122169
CG30493,0.063206203,4.510070596,0.829170654,0.930122169
dwg,-0.064167922,4.34231305,0.829210991,0.930122169
CG34242,-0.072484594,3.407003876,0.829265549,0.930122169
futsch,0.038531887,7.616785616,0.830112336,0.93078433
AOX2,-0.082810513,1.5468666,0.830209192,0.93078433
CR18228,-0.046443141,6.287154382,0.830335871,0.93078433
CG7382,-0.051532019,5.297562319,0.830471624,0.93078433
Ranbp21,0.062278093,5.185583395,0.830618274,0.93078433
Hsc70-4,0.041043221,11.07393839,0.830773094,0.93078433
CDC45L,-0.067064921,3.972539986,0.830810031,0.93078433
cpa,0.048281578,5.584666929,0.830878418,0.93078433
PAPLA1,-0.039770168,6.899606659,0.830904237,0.93078433
Sin,-0.069172389,3.889232966,0.830937351,0.93078433
l(3)05822,0.0491809,6.590099516,0.830937988,0.93078433
unc80,0.103563002,0.620395467,0.83110401,0.930860102
CG11089,-0.068447081,3.870438099,0.831904155,0.931401445
mRpL21,-0.068585926,4.022503649,0.831948156,0.931401445
CG9376,-0.070656066,3.656122771,0.832271722,0.931401445
Moca-cyp,0.048569096,6.859363823,0.832299302,0.931401445
enok,0.052766847,6.184492338,0.832401152,0.931401445
beat-IV,0.05789551,4.788107941,0.832418678,0.931401445
CG6729,-0.061092811,4.614491919,0.83243031,0.931401445
Or63a,0.095345352,0.563147041,0.832735667,0.931401445
CG13585,-0.035610905,7.96042902,0.832804994,0.931401445
CG5114,-0.066965689,4.139331722,0.832944017,0.931401445
CG30183,0.071868263,3.294202574,0.83295307,0.931401445
CG18787,0.083445968,2.887086357,0.833058982,0.931401445
CG4953,0.057921494,4.830176397,0.833082996,0.931401445
CG14407,0.043318923,6.002351392,0.833152643,0.931401445
CG7083,0.043195237,5.963717107,0.833167886,0.931401445
Hsromega,0.035653771,7.822744049,0.833311556,0.931401445
CG13850,0.057675451,4.789668759,0.833373867,0.931401445
CG2970,-0.043742577,5.895677362,0.833410362,0.931401445
mid,-0.044353345,6.090859228,0.833468572,0.931401445
CG9510,0.076182452,2.305078453,0.83355606,0.931401445
mRpL37,0.059957574,4.557912351,0.834037594,0.931829462
Shal,0.052909251,5.146782579,0.834393771,0.932117339
Atg4a,-0.04855741,5.756882487,0.83471221,0.932142576
Kap-alpha1,0.040783904,6.485001639,0.834722072,0.932142576
Sec24CD,0.039510451,6.491356278,0.834774947,0.932142576
CG8613,-0.041132607,6.514090743,0.83481042,0.932142576
CG12769,-0.057681257,4.772896416,0.835035722,0.93228413
Sec63,0.041005561,6.104723297,0.835366814,0.932463932
CG9426,0.040720442,6.272309934,0.835423042,0.932463932
Pmm2,-0.059485098,4.557764671,0.835505299,0.932463932
CCAP,0.088078363,0.864368064,0.835590962,0.932463932
Cyp9b2,0.036707915,7.454927711,0.836196627,0.93277058
Maf1,0.038132322,6.82567468,0.836211648,0.93277058
Roc1a,0.039765555,7.004266259,0.836270656,0.93277058
CG4622,-0.060061562,5.158136238,0.836349446,0.93277058
CG1161,0.039332942,6.416892468,0.836499149,0.93277058
DNApol-epsilon255,0.066726579,2.987494259,0.836530337,0.93277058
mst,-0.072411924,2.625683075,0.836646247,0.93277058
Nhe3,-0.035015682,7.423378583,0.836834631,0.93277058
faf,0.042114451,7.680480276,0.836899363,0.93277058
mRpS18A,-0.069254782,3.8565787,0.837066758,0.93277058
CG9667,0.067420083,3.927371061,0.837406977,0.93277058
CG32441,-0.036351551,7.072451508,0.837468802,0.93277058
CG14646,0.0613871,4.59096773,0.837503569,0.93277058
HipHop,-0.058834906,4.597415435,0.83757866,0.93277058
CG1657,0.035179148,7.327878137,0.837612437,0.93277058
CG8209,0.045030246,5.785779823,0.837624214,0.93277058
CG14182,-0.069474623,3.779411762,0.837730327,0.93277058
CG8298,0.060864744,4.345113012,0.837809353,0.93277058
CG5793,0.044853319,5.680921944,0.837840876,0.93277058
CG7407,-0.05573737,4.954055637,0.837885024,0.93277058
CG8771,-0.063102354,4.145978555,0.837935947,0.93277058
CG7787,0.060504223,4.456100099,0.838117514,0.932862948
mRpS33,-0.057655758,4.661270784,0.838644539,0.933242781
Socs36E,-0.052373074,5.002526952,0.838656031,0.933242781
Rich,0.040577662,6.061060343,0.838894535,0.933398411
Cyt-b5,-0.035179076,9.539409703,0.839158853,0.933445368
Dlip2,-0.06779802,4.605607751,0.839163816,0.933445368
CG31223,0.068758661,3.527900727,0.839320685,0.933445368
mRpL47,-0.053370836,5.007469374,0.839331346,0.933445368
CG13531,-0.053321804,4.945978186,0.839600663,0.933601156
CG32000,0.033293231,8.26180532,0.839668763,0.933601156
CG8142,-0.071068797,2.530582672,0.840052709,0.933821966
CG14431,0.071664742,3.258537376,0.840064741,0.933821966
tmod,-0.040321142,7.28909392,0.840238523,0.933905428
CG4797,0.047124754,5.68886469,0.840556973,0.93406343
Tsp2A,-0.082919208,1.597267406,0.840578113,0.93406343
CR43241,-0.064608765,4.158089217,0.840678611,0.934065408
Trpm,-0.03726413,6.717643399,0.841041046,0.934115221
Sik3,0.046003118,5.553736886,0.841086342,0.934115221
Dpck,-0.057671009,4.55766318,0.841113391,0.934115221
Rtf1,0.047595583,5.665652997,0.84116005,0.934115221
ras,-0.043503136,5.85193879,0.841252082,0.934115221
Sec5,0.050890722,5.140918433,0.841315781,0.934115221
snRNP-U1-70K,0.04430823,6.336460363,0.841453334,0.93415833
CG32176,-0.052835576,4.921398141,0.841587792,0.934197993
mRpL22,-0.056033102,4.662085502,0.841786589,0.934309056
CadN2,0.095032603,1.01110331,0.842139463,0.934547078
Orc5,-0.069760895,2.997659164,0.842328164,0.934547078
CG4829,-0.036364089,6.707546663,0.842419184,0.934547078
CG15908,-0.063805237,3.726125073,0.842476099,0.934547078
CG31793,-0.047724695,5.21276728,0.842653008,0.934547078
MtnB,0.073023827,3.869474018,0.84271876,0.934547078
CG17598,-0.0475684,5.840254803,0.842772614,0.934547078
CG3436,-0.04363121,5.984712617,0.842877363,0.934547078
l(2)k12914,-0.044402322,5.697615191,0.842901317,0.934547078
Cyp6a22,0.091948074,3.866843804,0.843074398,0.934547078
fzr2,-0.096887694,0.872026578,0.843087493,0.934547078
CG11475,-0.077281699,1.259123535,0.843338612,0.934715936
CG18262,-0.067934412,2.596525844,0.843471197,0.934728013
CG5599,0.06649413,3.58353553,0.843547083,0.934728013
CG5199,0.064829911,3.655825704,0.843813998,0.934914292
CR18217,0.066077229,3.509940115,0.843936709,0.934940773
CG30054,0.078276401,1.868580166,0.844116024,0.935005026
gukh,-0.051344858,5.118070484,0.844192341,0.935005026
crn,0.052687168,5.598028881,0.84438315,0.935106902
phtf,0.044041682,6.248730522,0.844611016,0.935249787
MED11,0.067300667,4.033951751,0.844757021,0.935270489
CG8319,0.067197978,2.684875605,0.844827401,0.935270489
vari,0.0330588,7.384829879,0.845199034,0.935441426
CSN8,0.063891955,4.555611763,0.845328254,0.935441426
ste14,0.068545654,2.178505856,0.845373173,0.935441426
MagR,0.039675244,6.032866748,0.84537726,0.935441426
CG6144,-0.050544771,4.951671384,0.845790275,0.935789006
CG31731,-0.036251424,6.671377326,0.846119413,0.936043714
Apc,0.045926661,5.52495458,0.846515381,0.936372286
CG5382,-0.046155,5.351533361,0.847003916,0.936647693
SkpA,-0.040329103,8.114557129,0.847043695,0.936647693
larp,-0.03219753,8.296779639,0.84706133,0.936647693
CG5149,-0.049761639,5.511154006,0.847190818,0.936681412
CG12155,0.049758517,4.954102733,0.84803693,0.937507353
CG8516,-0.039682124,5.865193472,0.848645836,0.937958157
CG5412,0.057286119,4.384377224,0.84882069,0.937958157
Pex14,-0.044900883,5.912452065,0.848840235,0.937958157
CG15111,0.035809812,6.514368878,0.848841228,0.937958157
CG15535,0.064649582,3.318199792,0.849321641,0.938269586
CG11110,-0.063576798,3.39233375,0.84938846,0.938269586
Ncoa6,-0.039888672,5.996049096,0.849519425,0.938269586
CG42240,0.036117994,8.194432053,0.84981035,0.938269586
Ufc1,-0.0495547,4.912570029,0.849881311,0.938269586
alph,0.034834843,7.587068341,0.850272664,0.938269586
nod,-0.062725426,3.493529988,0.850300623,0.938269586
mRpL46,-0.057252852,4.24341807,0.850370525,0.938269586
CG7950,0.080199216,0.813946111,0.850413613,0.938269586
CG6752,0.064118876,3.072053996,0.850522441,0.938269586
Ykt6,0.046499699,6.004480949,0.850589573,0.938269586
CG34424,-0.062832717,3.418613417,0.850599481,0.938269586
AP-1gamma,-0.034077076,7.19438911,0.850604993,0.938269586
CG10321,0.037496239,6.128099512,0.850615718,0.938269586
CG5885,-0.040774506,5.767152194,0.850667069,0.938269586
tna,0.031794061,7.483568676,0.850709658,0.938269586
Task7,0.06801168,1.583063516,0.850940629,0.938332182
312,-0.056264385,4.272769572,0.851039063,0.938332182
Syx16,-0.04839563,5.03917515,0.851063917,0.938332182
CG31676,0.031869479,7.517865318,0.851305582,0.93840301
l(2)not,0.058970048,3.964130068,0.85132651,0.93840301
Trl,0.041763931,5.632853683,0.851559327,0.938460202
CG11781,0.050125757,5.042353078,0.851576759,0.938460202
lva,-0.033075481,7.109594949,0.851875777,0.938636922
ATPsynD,0.030825444,8.40774375,0.85193552,0.938636922
CG14722,0.048007252,5.735989311,0.852196164,0.938814775
FIG4,0.053722306,4.512273945,0.852492192,0.938892232
l(1)G0255,0.032864546,7.978018961,0.852507762,0.938892232
CG18324,-0.080926754,0.862765206,0.852564158,0.938892232
Prp31,0.04661622,5.540430657,0.852988197,0.939072615
CG9149,-0.056011407,4.231817786,0.853009859,0.939072615
CG12499,-0.061084449,3.524534796,0.853113036,0.939072615
mus101,-0.064082537,2.501856251,0.853124942,0.939072615
CG3358,-0.062183945,3.823141158,0.853335884,0.939195549
l(1)G0156,-0.03103653,8.528132152,0.853713542,0.939501923
AsnRS-m,-0.062293408,3.473761415,0.85387675,0.939572254
Syx7,0.033043743,6.877159118,0.854607482,0.940266976
CG5110,0.051588124,4.662069899,0.854886434,0.940355199
Sym,-0.052603831,4.583871332,0.855011203,0.940355199
mRpL54,-0.060343636,4.278982248,0.855033628,0.940355199
Smyd4-1,-0.061703093,4.014493698,0.855085197,0.940355199
obe,0.064456902,4.410496789,0.855223234,0.940397704
CG4360,0.042945847,5.349944011,0.855379364,0.940460091
fs(1)M3,-0.100251516,0.090220422,0.855621232,0.940520436
CG1632,-0.086893418,0.84365771,0.855743792,0.940520436
CG32100,0.058964432,3.707181669,0.85577025,0.940520436
CG42724,0.034565913,7.172839475,0.855930389,0.940520436
Rab9,-0.037196376,6.123683557,0.855931249,0.940520436
Glt,-0.062833107,4.092828654,0.856564576,0.941104284
bru3,-0.04677355,5.088558719,0.856707923,0.941104284
CG31955,-0.056583208,4.036987414,0.856995406,0.941104284
IP3K1,0.057107604,4.340194564,0.857010689,0.941104284
CG3008,0.045901975,5.487100683,0.857053335,0.941104284
mRpL55,-0.05339256,4.618299903,0.857123272,0.941104284
CG1885,-0.053808113,4.381453015,0.857161807,0.941104284
Hrs,0.046498054,6.014954849,0.857258278,0.941104284
CG2064,0.048674674,4.810323173,0.857565386,0.941170679
CG32109,0.047346257,4.917536869,0.857620104,0.941170679
Lsd-2,-0.031815568,7.677813506,0.857702346,0.941170679
z,-0.041258006,5.641789324,0.857716631,0.941170679
CG8679,-0.081254189,3.511461797,0.857870694,0.941219323
Ranbp16,0.044214232,6.003728767,0.85795991,0.941219323
Lrr47,-0.064663552,2.666070166,0.858226572,0.941402716
CG10513,0.070304604,3.380880612,0.858327617,0.941404418
CG11902,-0.053562606,4.407132687,0.85876981,0.941643074
Pabp2,0.038755487,6.32887161,0.858921483,0.941643074
Ltn1,-0.03714947,6.113133034,0.858935829,0.941643074
CG11964,-0.046869839,4.8866172,0.859064416,0.941643074
Eig63F-2,-0.077016389,1.225285417,0.859202597,0.941643074
Yp2,-0.101923132,5.814447391,0.859236096,0.941643074
Sirt4,0.06013792,2.79216076,0.859241841,0.941643074
spn-A,0.057496727,3.961739526,0.859494971,0.941811397
CG17294,-0.052069118,4.604558348,0.859725411,0.941954822
CG13760,0.043507488,5.221513093,0.860035669,0.942063425
Phax,0.05286802,4.391094876,0.860102964,0.942063425
CG10222,0.063359811,3.287624293,0.860123223,0.942063425
CG1671,-0.053305828,4.292004176,0.860475679,0.942340379
CG2750,0.102004808,0.128663254,0.860623126,0.942392781
CG42699,-0.050037751,4.724485005,0.86154811,0.943200642
Cdk7,0.061019802,3.927486748,0.861560257,0.943200642
CG11723,0.051975194,4.336110286,0.861848833,0.943388464
CG30392,-0.044856581,5.090808259,0.862021018,0.943388464
CR43314,-0.066569389,2.417810342,0.86207582,0.943388464
Dot,0.060137042,3.346439858,0.862130633,0.943388464
CG15312,0.029185925,7.808991668,0.862603164,0.943796385
CG11788,-0.063777034,2.743182154,0.862753145,0.943851342
Ask1,0.03497481,6.076252695,0.863659016,0.944733134
Prp38,0.053842415,4.522397761,0.864295118,0.945222043
CG2126,-0.050648706,4.450784777,0.864305762,0.945222043
CR46128,0.080476914,0.515952573,0.864445624,0.945265745
CG3420,0.051321969,4.796826223,0.864573291,0.945296104
sun,0.028545297,7.752731559,0.864873014,0.945441829
Nup107,0.045688133,4.834812135,0.864906412,0.945441829
CG17059,0.036353871,5.80871609,0.865121574,0.945567787
CG9951,-0.047430146,4.694919298,0.865400604,0.945676266
CR44053,-0.083050487,0.562385392,0.865420713,0.945676266
MED7,0.052228449,4.519403909,0.865811643,0.945994199
CG6406,-0.040476592,5.282082308,0.865942251,0.946027662
CG32107,0.072884683,1.336733112,0.866436247,0.946353583
M6,0.04264926,5.074010877,0.866440614,0.946353583
TrpRS,-0.041744611,5.153595621,0.866727828,0.946456202
Cht11,-0.052852033,4.010043131,0.866734622,0.946456202
CG7376,-0.056901598,3.142856473,0.866843137,0.94646547
snoRNA:Psi28S-3571,-0.106339828,0.093743338,0.867142185,0.946682745
CG5830,0.029157656,7.011904536,0.867520428,0.94698642
DNApol-delta,-0.056273919,3.462606616,0.867775081,0.947103542
sgll,0.033278387,6.560261328,0.867903218,0.947103542
CG8607,-0.056488523,3.296827576,0.867928008,0.947103542
viaf,0.040509982,5.697934701,0.868313806,0.947415271
Ssrp,0.03925031,5.303066372,0.868734647,0.947765159
Ack,0.033452161,6.009761991,0.869283164,0.948254242
CG12309,0.084239401,0.003703476,0.869442683,0.948318924
tyf,0.036783508,6.723985053,0.869901525,0.948710031
CG12024,0.03881908,5.413272535,0.870021679,0.948731719
Tgt,-0.053802741,3.246670161,0.870599703,0.949144634
Mkp3,0.035882581,5.650263326,0.870658051,0.949144634
EfTuM,-0.028227585,7.156859559,0.870701271,0.949144634
clos,0.065388274,1.6272467,0.870959311,0.949316553
AP-1mu,-0.036183694,6.570066185,0.871209875,0.949480286
Fis1,0.028190175,7.153985349,0.871319952,0.949490888
AcCoAS,-0.027022821,9.319624517,0.871466913,0.949491804
CG15879,-0.057001206,3.083937945,0.87172845,0.949491804
CG6763,-0.064279769,1.317597528,0.871816569,0.949491804
Ime4,0.056956891,2.909709621,0.871843022,0.949491804
CG9691,0.028190059,10.26424529,0.871855847,0.949491804
CG3625,-0.029416905,8.278823963,0.871970994,0.949491804
CG6607,-0.042532331,4.990185043,0.872095753,0.949491804
Crag,-0.034357803,7.25925658,0.872162061,0.949491804
Oat,-0.057562128,2.034305589,0.872223923,0.949491804
CR31781,0.054194662,6.22534521,0.872570001,0.94963065
CG33469,0.106347026,0.20759126,0.872747826,0.94963065
CG2025,-0.045174381,4.786110208,0.872831338,0.94963065
RhoGAP19D,-0.035134192,6.071338565,0.872832151,0.94963065
CG5059,-0.02977683,6.883050437,0.872853283,0.94963065
CG32039,0.038023975,5.406968793,0.873603043,0.950240816
CG9263,-0.071206514,1.309734437,0.873705685,0.950240816
CG5181,-0.045689959,4.982746073,0.873715398,0.950240816
CG34310,-0.054400515,3.423476765,0.874066389,0.950513294
CG7394,-0.037358108,5.549184664,0.874205126,0.950554919
CG10195,-0.042151953,4.931560276,0.874376595,0.95063212
CR43493,-0.071532646,0.739721103,0.874594884,0.950760201
ph-d,0.045356164,4.612214161,0.874745554,0.950764748
CG10132,0.033854982,5.772363522,0.874836622,0.950764748
ttk,0.028460075,7.092331524,0.874940064,0.950764748
CG1983,-0.041686803,4.854168135,0.875000997,0.950764748
EloB,-0.029208471,6.944837468,0.875168244,0.950837286
CG13390,-0.049521018,3.820758656,0.875578421,0.950877088
CG3631,0.049271375,4.270786772,0.875602604,0.950877088
Not10,0.045742057,4.564158315,0.87565983,0.950877088
CG31935,0.040786805,4.945376753,0.875697842,0.950877088
mTerf3,-0.050062489,3.935952868,0.87570735,0.950877088
CG17029,0.036108607,5.594739525,0.876557309,0.951626998
14-3-3epsilon,-0.034200217,9.525240532,0.876621968,0.951626998
CG8003,-0.051623766,3.982821162,0.876831694,0.951626998
CG31849,-0.057363119,2.596310139,0.876885243,0.951626998
CR44962,0.070570944,0.313416133,0.87707847,0.951626998
EF-G2,0.052333377,3.37330227,0.877151853,0.951626998
Miro,0.034344003,6.058267202,0.87719751,0.951626998
Pcf11,0.025849606,7.493067845,0.877261256,0.951626998
CG10495,-0.050705057,3.027250252,0.877303139,0.951626998
CG12547,-0.029882364,6.646473826,0.87742197,0.9516468
l(2)37Bb,0.037672435,5.19238528,0.877944356,0.95210424
alpha4GT1,0.041263985,5.141122494,0.878243967,0.952320011
velo,-0.026601071,7.225000839,0.879009543,0.952979538
grsm,0.036302606,5.314027752,0.879053626,0.952979538
CG7639,-0.037609989,5.176950711,0.879441088,0.953233413
CG5028,0.025926315,8.390731174,0.879489293,0.953233413
sda,-0.02537091,9.307301542,0.879890621,0.953470715
KCNQ,0.034379802,5.67943533,0.879909774,0.953470715
CG8712,-0.053687527,2.878086075,0.880266027,0.953627471
CG7523,0.041017873,5.035592748,0.880283695,0.953627471
Tob,0.031104865,6.148538502,0.880384641,0.953627471
blot,0.028024469,6.79079314,0.880457576,0.953627471
ast,0.052613578,3.291499691,0.88065158,0.953728425
HtrA2,0.048485398,4.049739233,0.880847089,0.953764573
CG31650,-0.035747761,5.906966633,0.880944552,0.953764573
CG5056,-0.039595088,4.924583751,0.880987357,0.953764573
Cisd2,0.024992028,7.811282781,0.881111804,0.953790172
CG32756,0.053378388,3.508731857,0.881461879,0.954042453
mRpL16,-0.038495841,5.075511745,0.881625361,0.954042453
CG9706,-0.039168591,4.976894231,0.881647348,0.954042453
CG14621,-0.044003276,4.382815845,0.881842511,0.954112215
CG43163,-0.04784169,3.988150447,0.881913489,0.954112215
Cpr73D,0.037013093,5.946349181,0.882166689,0.954162715
CG9932,0.0247269,9.232460738,0.882296901,0.954162715
Las,-0.031094527,5.904938392,0.882460822,0.954162715
cdc14,0.029681842,6.084292299,0.882532924,0.954162715
CG8204,-0.04988811,3.403774119,0.882760373,0.954162715
CG8738,-0.034136179,5.759908633,0.8827893,0.954162715
CG17187,-0.052782765,3.583230096,0.882948664,0.954162715
Lpt,-0.038398262,4.958457826,0.882986109,0.954162715
ana3,0.055913574,1.974471487,0.883036617,0.954162715
CG17737,-0.024565691,7.995706921,0.883150851,0.954162715
Trap1,-0.02767958,6.515292908,0.883176018,0.954162715
Diap2,0.024368124,7.488292963,0.883266544,0.954162715
CG4882,0.035229288,5.305964365,0.883271107,0.954162715
CG34231,0.04977279,2.341949552,0.883539532,0.954264419
Wnt5,-0.048506199,4.282622862,0.883693368,0.954264419
CG4619,-0.041302928,4.684165342,0.883751129,0.954264419
Sas-4,-0.051420095,2.825562622,0.883768665,0.954264419
RhoGAP1A,0.02864142,6.786561047,0.884383192,0.954718822
CG7706,0.050617102,3.905435836,0.884436938,0.954718822
CR44042,0.051577424,3.343229838,0.88463218,0.954718822
Oga,-0.054536814,2.627879012,0.884646415,0.954718822
CG4168,-0.050057852,3.592550968,0.884694,0.954718822
CG31648,-0.047828831,3.791823294,0.884868922,0.954798693
Etl1,-0.036381131,5.147291664,0.884986107,0.954816254
CG9527,-0.032533637,5.613349754,0.885343338,0.955092768
CG7789,-0.03518899,5.248220153,0.885549669,0.955099235
CG14231,0.047190028,3.879217423,0.885551214,0.955099235
CG8038,-0.061511699,3.274047482,0.885713878,0.955100714
CG44002,0.051811616,2.251875238,0.885838907,0.955100714
CG9121,0.046033057,3.278641578,0.885855407,0.955100714
CG32641,0.071323491,1.212566564,0.886167039,0.955327848
Brms1,-0.032521661,5.619702369,0.886307539,0.955370464
scramb2,0.02699053,6.57297762,0.88679193,0.955775412
Rtnl1,0.023959751,9.256277342,0.886885237,0.955775412
CG1835,-0.087779669,0.452612302,0.887572828,0.956407481
CG34293,0.045202361,4.073778908,0.887793889,0.95652478
GMF,-0.04462486,4.117208434,0.887883866,0.95652478
CG5707,-0.028074608,6.285755929,0.888056338,0.95660167
CG6678,-0.047122089,3.300492879,0.888734544,0.95712013
swm,0.027758289,6.614240239,0.888739956,0.95712013
RpS14b,0.024086539,7.676964018,0.889023359,0.957316379
CG2790,0.041467506,4.837805532,0.889128973,0.957321159
CG12942,-0.04646678,3.39208754,0.889323789,0.95733819
eIF5,0.044286009,4.273312547,0.889347145,0.95733819
CG13671,0.040319423,4.538487055,0.889456045,0.957346502
CG11399,-0.030598428,5.663449465,0.889664989,0.957412635
ths,-0.031309396,5.738298571,0.889930745,0.957412635
CG7988,-0.048574405,2.69073878,0.889966836,0.957412635
CG3294,-0.044514816,3.838190309,0.889968457,0.957412635
CG6847,-0.051476574,3.236623748,0.890023413,0.957412635
CG4065,0.039284667,4.664852706,0.890183883,0.957476401
CG32795,0.026881142,6.500878817,0.890302984,0.957495663
CG3262,-0.024146351,6.968480031,0.89073218,0.957506719
HPS4,-0.0339656,5.233719237,0.890884755,0.957506719
lig3,-0.039527254,4.568863943,0.890900428,0.957506719
Es2,-0.04498537,4.009581832,0.890923301,0.957506719
CG11739,0.041524226,4.351718508,0.890954111,0.957506719
CG43179,-0.078534313,0.47481222,0.891018053,0.957506719
CG9286,-0.043320083,4.055003762,0.89102163,0.957506719
CG9629,0.060733901,2.068210214,0.89116111,0.957547856
dve,0.054252074,2.078702102,0.891528262,0.957833589
mib2,-0.02726003,6.896081695,0.891774401,0.957941329
Cad96Cb,0.065073104,0.47598937,0.891831026,0.957941329
SC35,-0.027386825,6.485954243,0.892042053,0.958059241
CG14985,0.048838203,3.783381688,0.892638816,0.958311566
CG12746,-0.025692988,6.510335027,0.892654458,0.958311566
CG10462,0.031913713,5.356338978,0.89265825,0.958311566
prage,-0.036840284,5.080125642,0.892685115,0.958311566
Tak1,-0.030253272,6.413946758,0.892783392,0.958311566
CG6443,0.040842737,4.67931613,0.893201524,0.958553254
RFeSP,-0.022448072,8.758150756,0.893211164,0.958553254
DCTN1-p150,0.025474934,6.528806229,0.89347793,0.958730798
Syx18,0.035535044,5.017062615,0.893616904,0.958771193
Pka-R2,0.023234838,7.312321208,0.893797939,0.958804814
CG6950,0.028041356,5.930729241,0.893850905,0.958804814
sofe,-0.052886912,2.138572712,0.894398101,0.958908891
htt,0.026567661,6.209286947,0.894401855,0.958908891
CR43943,-0.066803033,1.255888379,0.894496452,0.958908891
CG31688,-0.038925777,4.515912889,0.8945691,0.958908891
CG5482,0.023291161,7.252446822,0.894597872,0.958908891
CG14971,-0.036878626,4.800602501,0.894744008,0.958908891
CG30007,-0.039284991,4.380006275,0.8948357,0.958908891
mRpS17,-0.039555983,4.626297492,0.89489773,0.958908891
CG12926,-0.041731897,4.204350867,0.89509834,0.958908891
CG13654,-0.038778468,4.596298554,0.895220468,0.958908891
CG32817,0.067451421,1.022257647,0.895314432,0.958908891
Cyp6u1,0.029558916,5.634353091,0.895437808,0.958908891
CG14669,-0.042610489,3.835636007,0.895571559,0.958908891
CG4853,0.028260357,5.825474254,0.895634893,0.958908891
CG9305,-0.039528403,4.368141726,0.895693946,0.958908891
CG4393,0.040072037,4.32667486,0.895704969,0.958908891
Cyp9c1,0.086642481,0.436005695,0.895722708,0.958908891
CycT,-0.024343616,6.667019327,0.895772108,0.958908891
CG11601,-0.032883516,5.167326702,0.896138432,0.959192516
trbd,-0.022874799,6.943525049,0.896301394,0.959258431
CG12236,-0.035420539,4.890192553,0.896632118,0.959503857
Rev1,-0.041183773,4.100429466,0.896743089,0.959511098
ND-PDSW,0.021573116,7.551088851,0.896841699,0.959511098
HisRS,0.026585059,6.200081187,0.897057515,0.959633489
tipE,-0.024993671,6.599493245,0.897199474,0.959676851
Hcs,0.030439435,5.307138241,0.897688308,0.96002055
CG15473,-0.062348668,0.605722982,0.897723718,0.96002055
CG30154,0.066448296,0.501756423,0.897950162,0.960154191
mei-218,-0.07260632,0.500048444,0.898264369,0.960381634
sel,0.034263968,4.823112088,0.898739884,0.960693865
S2P,0.037568638,5.107665915,0.89884982,0.960693865
tw,-0.044049648,3.879170815,0.898861,0.960693865
CG13365,0.033756104,4.954908286,0.898989278,0.960722447
Rpp30,0.043871855,3.119033779,0.899425822,0.960987962
CR32218,0.077508037,0.634664643,0.899504825,0.960987962
CG43078,0.023856533,8.471308609,0.89954242,0.960987962
rdgB,0.023277425,6.678626259,0.899648599,0.960992893
CG8635,0.029601148,5.527628647,0.89979175,0.961025203
Rbcn-3B,0.02257741,6.840437303,0.899881981,0.961025203
S6k,-0.026008691,6.040577252,0.900393457,0.961462915
CG13901,-0.041003545,4.260567731,0.900515463,0.961484689
CG3184,0.042093098,3.473734399,0.900758485,0.961517806
CG2371,-0.037450366,4.359457285,0.900883772,0.961517806
CG5214,0.020483007,8.306037626,0.900967217,0.961517806
eIF6,-0.03469306,5.067370965,0.901039597,0.961517806
senju,-0.039759299,4.122568878,0.901054575,0.961517806
chm,-0.036953571,4.417810994,0.901833346,0.962142008
CG4294,-0.028048063,6.173865958,0.901842895,0.962142008
Akt1,-0.024307607,6.211122594,0.901983491,0.962183516
Pp2B-14D,-0.026399402,5.837629963,0.902444427,0.962566697
CG32281,-0.042306737,3.144313332,0.90276406,0.962713003
mop,-0.023175112,7.250713312,0.902785085,0.962713003
CG32698,-0.042652574,2.413366297,0.903037549,0.962873708
mRpL33,-0.035777292,4.560824304,0.903299786,0.963010246
Cdk5,0.034893083,4.645622716,0.903369155,0.963010246
IntS2,-0.031886508,4.916305796,0.903511523,0.963035409
CG1646,0.023283114,7.166990523,0.903608819,0.963035409
spg,-0.026273179,5.84144175,0.903779625,0.963035409
CG9986,0.039835014,3.377293882,0.903799877,0.963035409
CG31869,0.022347732,6.693711396,0.904033433,0.963175807
CG3689,-0.024155751,6.311444285,0.904226041,0.963272551
CG17328,-0.048897941,2.784533006,0.904448875,0.96340147
CG12171,0.035584526,5.192505461,0.904721796,0.963583704
Mdh2,0.019916619,9.253474214,0.905481129,0.964165788
CG6686,0.026857308,6.228903765,0.905556057,0.964165788
Mob3,-0.028556032,5.253069035,0.905613028,0.964165788
kek2,0.036160145,4.382774396,0.905675916,0.964165788
CG34057,0.052776501,1.22504014,0.906072514,0.964332474
mask,-0.021776235,7.467803979,0.906220415,0.964332474
CG12025,0.022233016,6.52740986,0.906449779,0.964332474
Den1,-0.026374762,5.698624946,0.906457829,0.964332474
ATPsyngamma,0.019328876,8.819291405,0.906538091,0.964332474
CG11808,0.044812147,3.713860418,0.906612317,0.964332474
CG15332,0.066288016,0.14250445,0.906687611,0.964332474
CG17754,0.032008905,4.788589261,0.906968008,0.964332474
CG5961,-0.036294346,4.263469945,0.906993748,0.964332474
CG9018,-0.029676737,5.412349227,0.907072208,0.964332474
swi2,0.038710591,2.33823237,0.90712525,0.964332474
Tsp42Ea,-0.02680697,5.695013369,0.907146259,0.964332474
tra,0.033069129,4.699419304,0.907186302,0.964332474
MED14,-0.025449366,5.722145618,0.907458808,0.964332474
CG12913,0.042178585,3.216775653,0.907574516,0.964332474
THG,-0.041185373,2.678216962,0.907578292,0.964332474
blp,0.030494719,4.998966107,0.907657365,0.964332474
Elp3,0.033565899,4.577143993,0.907666985,0.964332474
CG15912,0.039306536,2.926112544,0.907870474,0.964440376
CR45577,0.069983019,0.146633978,0.908091607,0.964547396
CG11985,-0.038231,4.636338774,0.908175095,0.964547396
Taf10b,0.031993423,5.052375319,0.90839252,0.964644492
Fdx1,-0.039384639,3.579808536,0.908470415,0.964644492
CG31937,-0.02725417,5.406982176,0.909315597,0.965232628
mRpL38,0.028481003,5.189830698,0.909368505,0.965232628
UBL3,-0.022447358,6.36969616,0.909397082,0.965232628
CLS,-0.033305131,4.582190877,0.909432348,0.965232628
CG4935,-0.041633522,2.631766493,0.909674564,0.965381418
CG33230,-0.037958353,3.890099461,0.910110645,0.965735889
Tsp86D,0.03621303,4.235653294,0.910357272,0.965889269
mRpL2,-0.029752563,4.951693105,0.910541158,0.965976056
CG33107,-0.037224848,3.645612468,0.910773012,0.966113704
CG12393,-0.032455577,4.955514603,0.911141928,0.966351765
Arfrp1,0.033399596,4.755569902,0.911436862,0.966351765
Tim10,0.05405626,1.290962322,0.911473825,0.966351765
CG11885,0.041048283,3.435409613,0.911562105,0.966351765
CG43343,-0.03422504,4.472745263,0.911577222,0.966351765
CG3224,-0.029457848,5.13294698,0.911772011,0.966351765
Ptp69D,0.029926986,5.279058993,0.911785686,0.966351765
flr,0.026438132,5.380940741,0.911855508,0.966351765
CG13994,0.034581422,4.490520949,0.911955161,0.966351765
CG5045,0.02349261,5.902975118,0.912068181,0.966351765
Nph,0.027005725,5.354016584,0.912120864,0.966351765
kis,-0.023763563,8.018360442,0.912343709,0.966396481
CG2543,0.045967157,1.627339513,0.912450672,0.966396481
tho2,0.028115873,6.228842895,0.912469474,0.966396481
CG17233,-0.021925838,6.182391513,0.912970935,0.966818937
CG10188,0.027499005,5.148517733,0.913072714,0.966818937
FRG1,0.034608693,4.402570628,0.913653137,0.967158507
MED18,-0.03329783,4.322988973,0.913743914,0.967158507
Nup58,0.035503742,4.47870512,0.913795218,0.967158507
CG9515,0.038926182,3.225939437,0.913802267,0.967158507
CG31441,-0.037791905,3.247088951,0.913967359,0.967225048
CG8207,-0.034779615,4.543691819,0.914098011,0.967255131
sll,-0.032119779,4.544349308,0.914599255,0.967569397
yata,0.021833354,6.015354621,0.914611196,0.967569397
CG15084,-0.037016962,3.51702603,0.914894029,0.967569397
Unr,0.019618467,7.615871821,0.914911805,0.967569397
Nrx-IV,0.01861594,6.997247996,0.915027596,0.967569397
Dlg5,0.021859678,6.395497921,0.915109273,0.967569397
CG6488,-0.032734273,4.422157906,0.91521221,0.967569397
CG10353,-0.024065991,5.745352175,0.915213073,0.967569397
RagA-B,0.027832774,4.970414306,0.915505225,0.967574467
CR46140,0.060131,0.205650136,0.915616509,0.967574467
CG8043,-0.034073464,4.190093495,0.915683541,0.967574467
CG5953,0.026338433,5.469741883,0.915796923,0.967574467
CG8042,-0.020583362,6.265953732,0.915819419,0.967574467
CG3982,-0.055973792,0.282590814,0.916229823,0.967574467
Atf6,0.020237188,6.337535924,0.916265001,0.967574467
CG14855,-0.063569476,0.283156021,0.916390333,0.967574467
CG3356,-0.021445651,6.197781205,0.916414583,0.967574467
nonC,-0.023283094,5.665891807,0.916436889,0.967574467
CG42817,0.031205726,4.609700233,0.91650527,0.967574467
CG12262,0.034350515,4.14853582,0.916506632,0.967574467
Archease,-0.033593841,3.961260898,0.916547236,0.967574467
metl,-0.028940032,4.95697125,0.917026069,0.967971962
CG12325,-0.034679516,3.717591352,0.917416609,0.968234179
Tapdelta,0.021384862,6.206515363,0.917564632,0.968234179
CR45473,0.0375461,3.642225092,0.917581472,0.968234179
Gbeta5,0.027306314,5.07183499,0.917686339,0.968236857
sds22,-0.029195086,4.790678702,0.917993656,0.968435135
bocks,-0.03135664,4.369251583,0.918170151,0.968435135
Nf-YC,-0.030284164,4.566844069,0.918300345,0.968435135
CG8187,-0.030718955,4.464979458,0.918383729,0.968435135
Spase25,0.022662555,6.203584218,0.918386014,0.968435135
Rh5,-0.060842711,0.945529217,0.918619253,0.968510932
KdelR,0.018400587,7.131172178,0.918713133,0.968510932
INPP5E,-0.028342141,4.748111936,0.919028313,0.968510932
CG30428,-0.035227998,3.310998759,0.919058734,0.968510932
CG3502,-0.061349335,0.352196829,0.919068456,0.968510932
Rrp45,0.034507246,2.985804198,0.919072042,0.968510932
SerRS,0.024642398,5.504000553,0.919247023,0.968587453
CG34183,-0.037382021,2.949532349,0.919937975,0.969202964
Myo10A,0.020475468,6.075336959,0.920243911,0.969202964
Nacalpha,0.017177057,8.493411595,0.920308886,0.969202964
CR31032,-0.036667552,2.377801696,0.920323075,0.969202964
CG7806,-0.023058334,5.562355756,0.920343334,0.969202964
Prp18,-0.035659611,4.068439366,0.920603846,0.969364782
CG8289,-0.023532511,5.430664894,0.920778684,0.969364782
Fili,0.032757156,3.38315324,0.920897278,0.969364782
Adk2,-0.035176403,2.719669712,0.920906788,0.969364782
TfIIEalpha,-0.027187808,4.810845672,0.921428867,0.969747013
Taz,0.024823042,5.23346959,0.921474889,0.969747013
CG10194,0.033171548,3.796778632,0.921875565,0.969846565
Ravus,-0.032701703,3.302529393,0.922146198,0.969846565
CG8414,-0.034528815,3.279594246,0.922158411,0.969846565
CG9346,-0.02591673,5.275862381,0.922255841,0.969846565
CG10680,-0.019328658,6.760247591,0.922384285,0.969846565
LSm1,-0.031802843,4.012149399,0.922430234,0.969846565
SmydA-7,-0.031927901,4.106421152,0.922539681,0.969846565
PDCD-5,0.028724906,5.225290904,0.922546145,0.969846565
CG17760,0.04180541,0.995836035,0.922573979,0.969846565
CG9922,0.030872236,4.149440121,0.922686115,0.969846565
l(2)37Cg,-0.037817638,2.834127418,0.922696975,0.969846565
CG7492,0.019304421,6.245050361,0.922937973,0.969892307
jagn,-0.021611397,6.201808727,0.922945501,0.969892307
mRpL34,-0.032469054,3.694833445,0.923051089,0.969895547
Dysb,-0.035255266,2.780341804,0.923554621,0.97031688
Gmd,-0.028738016,4.389259783,0.923974579,0.970511383
CG44008,-0.03824805,2.903795859,0.924011705,0.970511383
mtDNA-helicase,-0.034691648,2.620988961,0.924107128,0.970511383
Smyd5,-0.032918534,3.703657933,0.924150028,0.970511383
nclb,-0.027661718,4.572478237,0.924674261,0.970847271
PGAP5,0.026923502,4.744027551,0.92467508,0.970847271
POSH,-0.029840325,4.153620833,0.924923808,0.97098719
CG3552,0.019555283,5.970900749,0.925013583,0.97098719
CG14695,0.061967989,0.410784611,0.925221452,0.971097657
Galphas,0.016670003,6.945056088,0.92543148,0.971153483
Obp56c,0.050672019,0.359716815,0.925499886,0.971153483
CG7506,0.026639224,4.895887285,0.925669183,0.971153483
CG9067,-0.030481342,3.917385263,0.92568519,0.971153483
CG11777,-0.037431903,3.672419019,0.925974414,0.971349213
CG2974,0.031182879,3.461841583,0.926099396,0.971372629
Reps,0.02101996,5.76956036,0.926239227,0.971383671
Trs23,0.027061619,4.602102134,0.926315247,0.971383671
Fbl6,0.020717547,5.700917835,0.926485018,0.97139297
Mnn1,0.017653844,6.352926189,0.92652944,0.97139297
mtm,-0.021527817,5.5046324,0.927351559,0.971940296
mRpL52,0.030622193,4.06204503,0.927361018,0.971940296
CG9293,-0.028431076,4.866905165,0.927588712,0.971940296
tank,0.023826268,5.073770853,0.927675053,0.971940296
Sirt2,0.021579113,5.40458519,0.927807994,0.971940296
CG7601,-0.020963581,5.632303355,0.927854277,0.971940296
CG34189,0.03781838,1.074363768,0.927873166,0.971940296
CG15067,-0.037946064,2.796175001,0.928126964,0.971940296
Pbp45,0.04187826,1.879313797,0.928251411,0.971940296
CG8080,-0.029251971,4.147685575,0.928323699,0.971940296
CG32576,-0.023246279,5.066684378,0.928330125,0.971940296
az2,-0.030677495,3.423764482,0.928369563,0.971940296
Nrk,0.029444711,2.887442935,0.928476416,0.971940296
colt,0.016507869,6.760651518,0.928523838,0.971940296
cyp33,-0.029145859,4.106339859,0.928592293,0.971940296
CR45925,-0.046208896,0.506721621,0.929188189,0.972372215
cu,-0.01938961,5.862193578,0.92921048,0.972372215
CG7849,-0.027965067,3.847194317,0.92954597,0.972524851
CG11380,0.044430122,0.540966042,0.929621376,0.972524851
CG8405,-0.016180308,6.924572085,0.929664688,0.972524851
CG9784,0.020846801,5.475996566,0.929813978,0.972528943
CG12341,-0.027396958,4.281940682,0.929874165,0.972528943
eag,-0.022893455,5.421312312,0.930013328,0.972566989
ckn,-0.017569596,6.315317676,0.930280255,0.97273862
isoQC,0.026140268,4.543528401,0.93041091,0.972767738
TBCC,0.023253259,5.318305731,0.930583991,0.972815652
rho-7,0.027789153,4.087597755,0.930924838,0.972815652
CG5484,-0.021084135,5.299349227,0.931151272,0.972815652
lds,0.028488617,3.802574267,0.931153751,0.972815652
CG32813,-0.026987427,4.519606774,0.931160426,0.972815652
Clp,0.030037836,2.752652474,0.931265772,0.972815652
Clk,0.023490942,5.587719752,0.931331669,0.972815652
CG7194,-0.043812573,1.638510817,0.931376618,0.972815652
CG8675,-0.024367559,4.826893057,0.931382053,0.972815652
Pbgs,-0.026503112,4.317419257,0.931821301,0.973167015
RabX1,-0.024503937,4.637851421,0.932235911,0.973492572
CG32706,0.028933814,2.134414453,0.932598534,0.973763775
Taf4,-0.014821081,7.069753437,0.932928316,0.973868206
eIF2B-beta,-0.018426867,5.699796933,0.933034486,0.973868206
CG13920,-0.02491554,4.814897809,0.933259129,0.973868206
CG34112,-0.043544429,1.267074088,0.933368031,0.973868206
Cap-G,0.025742279,4.326290643,0.933460382,0.973868206
CG13331,-0.031113365,3.507221081,0.933504253,0.973868206
fred,-0.03229907,2.981069385,0.933520566,0.973868206
CG13397,-0.029516742,3.23881745,0.933561769,0.973868206
ND-SGDH,0.013683516,7.987235867,0.933783128,0.973868206
Pten,-0.017765679,5.808482327,0.933884688,0.973868206
CG4617,0.02678462,4.5157671,0.933897889,0.973868206
CG7946,-0.019834211,6.033398584,0.933933639,0.973868206
Dpy-30L1,-0.026267864,4.766690917,0.934355853,0.974072155
CG15740,0.039181407,0.70274734,0.934396414,0.974072155
Traf6,-0.021175136,5.515043113,0.934438063,0.974072155
CG3408,0.031513417,3.297393542,0.934766194,0.974117568
Cka,0.014468335,6.906573727,0.934789772,0.974117568
CG34430,-0.052853139,0.670564542,0.93482182,0.974117568
Hr78,-0.015770203,6.455715558,0.93489343,0.974117568
Hsc70-5,-0.013448389,8.079224296,0.93500656,0.974128173
CG5844,0.019485124,5.319629612,0.935169823,0.974191001
CG5287,-0.02471325,4.468287214,0.93586055,0.974803228
CG12018,0.027458446,3.053588109,0.93664672,0.975391113
CG4858,-0.018140578,5.623636836,0.936703156,0.975391113
Ppat-Dpck,-0.025712012,3.819104761,0.936734205,0.975391113
CG32808,0.029159955,2.848708044,0.937011299,0.975572283
CG2292,-0.027831404,2.495999332,0.937515837,0.975990192
l(3)76BDm,0.0186792,5.348019403,0.937841012,0.976221305
CG14053,0.034468726,1.450564046,0.938026001,0.976306459
CG7979,0.017601092,5.66187043,0.93856681,0.976761895
CG31712,-0.016245591,7.075496479,0.93879896,0.97688401
dnc,-0.01432918,7.604596204,0.938890635,0.97688401
CG18643,-0.027555184,2.94852627,0.939218431,0.977117625
Blos1,-0.023084102,4.404709598,0.939612425,0.977267223
CG5118,-0.023774769,4.392555439,0.93964941,0.977267223
crq,0.013296502,7.022998165,0.939672077,0.977267223
CG4679,-0.022386042,4.607333957,0.939827925,0.977283832
CG4338,-0.025142802,3.412854395,0.939894618,0.977283832
sw,0.020365508,5.006445544,0.940270748,0.9775675
CG8321,0.016139156,5.948743633,0.940864834,0.977801218
Slh,-0.016512501,5.769459508,0.94089118,0.977801218
AIMP2,-0.018231959,5.223435228,0.940900504,0.977801218
ATPsynE,-0.012505267,8.332337745,0.940976257,0.977801218
CG3566,-0.015833465,5.92337575,0.941025323,0.977801218
Uch,0.015663968,5.895540646,0.941115588,0.977801218
CG8239,-0.029128912,3.592259813,0.941264199,0.977818501
sax,-0.015716139,5.894533895,0.941376013,0.977818501
MED16,0.025517268,3.669635169,0.941442248,0.977818501
fkh,0.02638379,3.172195185,0.942138526,0.978434281
Tfb4,-0.025492524,3.026278814,0.942343246,0.97852576
CG4972,0.015077634,6.04570989,0.942433445,0.97852576
Alr,0.021653634,4.585041748,0.942879751,0.978881743
CG4496,0.024062788,3.496412815,0.943043769,0.978885294
CG32944,-0.019310608,5.05651468,0.94309008,0.978885294
CG30466,-0.023756223,4.127962676,0.943647779,0.979356727
tub,0.017301663,5.535733187,0.944086352,0.979704438
Plzf,-0.0257216,3.053573,0.94422502,0.979705383
eIF2B-delta,-0.018623241,5.013813743,0.944294345,0.979705383
ArgRS,-0.020090399,4.673456913,0.944410543,0.979718513
CG6613,0.016506447,5.509196465,0.944670108,0.979816194
CG8878,-0.015395306,5.883910551,0.94482418,0.979816194
Lint-1,-0.018123791,5.085585551,0.94482505,0.979816194
CG5050,-0.023798453,3.789237623,0.944918915,0.979816194
CG4042,0.02176667,4.397092936,0.945138927,0.979936941
AP-2sigma,-0.01631448,5.480765892,0.945318858,0.98001611
Tgi,0.018944966,4.81770872,0.945936324,0.980476599
Ubc7,0.012358443,6.871212377,0.946075363,0.980476599
CG9775,0.011406767,7.524292093,0.946159254,0.980476599
CR45928,0.035760527,1.662719999,0.946177533,0.980476599
Mlf,0.014311169,7.432715804,0.946423276,0.980579425
Sh,0.01395904,6.978193064,0.946484029,0.980579425
Dip-C,0.015941938,5.57442325,0.946697032,0.98066333
ATPsynB,0.01100647,9.081171331,0.946772302,0.98066333
robo3,-0.018313231,4.890087345,0.947048781,0.980842334
vsg,-0.011004622,9.312890545,0.947251511,0.980944168
CG31251,0.027977283,2.498809119,0.94735445,0.980944168
Snap29,0.016309887,5.517783629,0.947701475,0.981136192
CG32708,-0.021922014,3.328932894,0.947753675,0.981136192
l(3)87Df,0.021800761,4.109645919,0.947905355,0.981136192
CG17691,0.011011371,7.602554957,0.948041696,0.981136192
Ntmt,0.020295425,4.428246317,0.948094266,0.981136192
CG1598,-0.01323096,6.209235543,0.948162052,0.981136192
agt,0.020167713,4.537837415,0.94877831,0.981380369
CG31715,0.019478489,5.112737011,0.948803548,0.981380369
CG43102,-0.020849907,4.53536797,0.948859195,0.981380369
CG1840,-0.021501978,3.912548847,0.948870388,0.981380369
CG5316,0.014958332,5.72226553,0.948916613,0.981380369
mia,-0.022203556,3.214871692,0.949713045,0.981908987
CG11210,0.013204459,6.025080382,0.949731873,0.981908987
CR46262,-0.037969773,1.145745379,0.949764359,0.981908987
edl,-0.018046066,4.770897982,0.949899907,0.981908987
ida,-0.021689866,3.235061226,0.949946615,0.981908987
Irp-1A,0.013396065,5.91200426,0.950089982,0.981922312
CG10268,-0.018994753,4.536586988,0.950167056,0.981922312
CG5262,0.019997497,4.15307301,0.950771643,0.98235878
CG5270,-0.016359324,5.019390381,0.951071024,0.98235878
Sap130,-0.013410042,5.846244602,0.951075625,0.98235878
Pfdn1,0.020674812,4.794353674,0.951185692,0.98235878
Cul4,0.013888856,5.962091152,0.951210446,0.98235878
udd,-0.02099167,4.19264583,0.951212338,0.98235878
Sema2b,-0.019277394,4.425881542,0.951349761,0.982393478
CG13605,-0.016469895,4.93351246,0.951533175,0.982475655
GM130,0.018897203,4.65561429,0.951713196,0.982554312
AGO1,0.010969977,8.126715856,0.952154319,0.982902483
CG14130,0.019964497,3.791042858,0.952424343,0.983061664
pyd3,0.010482776,7.322402908,0.952647545,0.983061664
mRpL15,-0.017854891,4.705544097,0.952653056,0.983061664
Pld,-0.018243459,4.420976856,0.952785509,0.983061664
CG9588,-0.016392077,4.946186848,0.952911082,0.983061664
CG33635,-0.021367886,3.300561451,0.95293897,0.983061664
CG9663,-0.0186828,4.278692819,0.953112727,0.983061664
CG4553,0.023610803,3.289115549,0.953140836,0.983061664
Prosalpha3,-0.011181539,7.249928641,0.953309121,0.983061664
Gclm,0.012550907,6.381618434,0.953406102,0.983061664
CG9125,-0.019462734,4.031033377,0.953451373,0.983061664
CG4552,-0.012023755,6.072602451,0.953610638,0.983118747
Uba5,0.017887208,4.372264683,0.954106201,0.983427198
CRIF,-0.015296248,5.364475682,0.9541177,0.983427198
CG17904,-0.014981831,5.109236584,0.954271099,0.983478176
cv-2,0.013892341,5.403812437,0.95476945,0.983884615
Itp-r83A,-0.010230425,7.023161289,0.9550696,0.984021878
HP1c,0.018748448,4.794497138,0.955206894,0.984021878
Ptpa,0.013787416,5.35167509,0.955232636,0.984021878
ubl,-0.017274041,4.601418651,0.95531864,0.984021878
BtbVII,-0.010078752,7.170899626,0.955440652,0.984040432
Ir76b,0.009756302,8.261275054,0.955694882,0.984114382
CG18094,-0.020022507,3.57682022,0.955720466,0.984114382
MFS15,-0.012248713,5.750494067,0.955990857,0.984151683
SoxN,-0.011651628,6.000058415,0.956093076,0.984151683
l(3)L1231,-0.010889004,6.673409009,0.956122774,0.984151683
E2f2,-0.015966837,4.813066094,0.956172736,0.984151683
Upf1,-0.011964668,5.886128403,0.956656215,0.984437594
CG14439,-0.009060344,7.705683171,0.956681622,0.984437594
CG8726,-0.009503201,7.116552355,0.956842819,0.984437594
CG1648,0.009857883,9.109791636,0.956866683,0.984437594
CG13220,-0.011908073,5.918270437,0.957205721,0.984578128
fy,0.020142044,3.029282964,0.957211392,0.984578128
SCCRO,0.01366091,5.844414867,0.957366861,0.984609905
CG18343,0.013882072,5.256525312,0.957512091,0.984609905
CG2046,-0.012908674,5.451642353,0.957783354,0.984609905
CG2006,-0.019762401,3.289596979,0.957793845,0.984609905
CG8412,-0.012698339,5.413160636,0.957905374,0.984609905
Csat,0.017713432,3.906489117,0.957928384,0.984609905
ScpX,-0.009494819,7.518246422,0.957970702,0.984609905
Prpk,0.018169087,3.671429094,0.958102596,0.984629282
CG12379,-0.030568624,1.407729807,0.958244588,0.984629282
CG9531,-0.014055482,4.994957884,0.958413216,0.984629282
Fs,0.020739393,2.80889763,0.958487788,0.984629282
escl,0.019550965,2.512019329,0.958509862,0.984629282
Rrp40,-0.021737645,2.50393354,0.958621729,0.98463605
CG6621,0.013771001,5.620918714,0.958765096,0.98463605
CG13902,0.016149423,4.548712907,0.958926516,0.98463605
CG31224,-0.01011318,6.394772817,0.958947324,0.98463605
PIG-V,-0.016878321,4.25117084,0.959036762,0.98463605
CR44375,-0.02369417,1.47647666,0.959318091,0.98481803
CG8841,0.016663921,5.283745204,0.959810338,0.985039183
IM3,-0.019241829,4.96868834,0.95989176,0.985039183
AlaRS-m,-0.014697795,4.713441166,0.960069262,0.985039183
CG9643,0.017423986,3.90813087,0.960138285,0.985039183
CG8149,0.015728173,5.447315653,0.960227982,0.985039183
CG5379,-0.035768622,1.351144616,0.960256698,0.985039183
CG17493,0.011118955,7.033267822,0.960264513,0.985039183
CG14806,0.012874999,5.585579047,0.960366356,0.985039183
STUB1,0.012253332,6.068688121,0.960806235,0.985383546
mTerf5,-0.017100615,3.790100287,0.961213252,0.985694135
Srp68,0.010773674,5.693505158,0.961407295,0.985786283
CG5846,0.015606564,3.830818983,0.961521481,0.985796539
nonA,0.008881883,7.396522323,0.96178398,0.985958832
CG6675,-0.016425964,4.431235562,0.96189465,0.985965462
UQCR-C2,0.007936106,9.129804194,0.962401136,0.986234578
CG8549,0.015424563,4.197811444,0.962418228,0.986234578
rdx,0.008089036,7.053874548,0.962523776,0.986234578
Ski6,0.019671947,2.85264091,0.962574121,0.986234578
CG32732,0.017003006,3.455155624,0.962706299,0.98626321
CG11103,0.015865801,4.508647768,0.962889901,0.986344511
Tao,0.012349118,7.59455595,0.963257174,0.986613919
fsd,-0.015615862,3.893862492,0.963485799,0.986679129
CG13484,0.018013168,4.029384916,0.963529397,0.986679129
arg,0.04185109,0.456086642,0.963754053,0.986802387
Syx13,0.011653445,5.375390896,0.963875625,0.986820079
dpr19,0.012959077,4.733812451,0.964077351,0.986885836
GXIVsPLA2,0.011525286,5.173546394,0.964148453,0.986885836
CG5604,0.008151868,8.264597929,0.96461915,0.987260832
Cap-H2,0.011358529,5.184193793,0.964928881,0.987347484
Vps37B,-0.010436779,5.63812313,0.965045334,0.987347484
CG10343,-0.016696731,4.13506586,0.96509095,0.987347484
l(1)G0320,0.008791798,6.433665698,0.965121209,0.987347484
CG10055,-0.010890969,5.215413458,0.965513051,0.987556349
CG33474,-0.023043214,0.537587923,0.965694151,0.987556349
CG34449,0.010535784,5.35803688,0.965830466,0.987556349
CG1291,0.012246153,4.974858795,0.965844713,0.987556349
Men-b,-0.007282016,7.761354708,0.965847227,0.987556349
trio,-0.007367141,7.672200068,0.965981189,0.987586603
CG34025,0.022788302,1.652457455,0.966375703,0.987751894
Zfrp8,0.015497759,3.834438684,0.966627249,0.987751894
APC10,0.014352738,3.916189666,0.966707616,0.987751894
CG4433,0.009438038,5.655918144,0.966763684,0.987751894
CG13384,0.009691448,5.615676717,0.966828149,0.987751894
CG17776,-0.012414044,4.754774154,0.966864916,0.987751894
Top3alpha,-0.014353901,3.85129605,0.966898483,0.987751894
CR46204,-0.024798496,1.789129264,0.96708042,0.987751894
CG42542,-0.008738202,6.134587901,0.967082387,0.987751894
CG1635,0.017785443,2.866109292,0.967577376,0.988135612
eIF2B-gamma,0.012293316,4.621111893,0.967695475,0.988135612
CG13408,0.014635295,3.680362614,0.96782398,0.988135612
CG17186,-0.015378403,2.868992195,0.967875803,0.988135612
CG7488,-0.010962245,5.048385172,0.968014069,0.988170151
Vps16B,0.013859395,4.161491787,0.968279161,0.988334134
CG5180,0.014989553,4.320321441,0.968623174,0.988535757
Rap1,0.009320167,7.208736891,0.968685641,0.988535757
egh,-0.006411967,8.407266501,0.968951095,0.988700018
Der-1,0.007964943,6.379105791,0.969241507,0.988889707
Efhc1.1,0.024988183,0.797096836,0.969479518,0.988989949
Ak6,0.014513151,3.210392506,0.969548802,0.988989949
Dyb,-0.008513421,5.901039894,0.969674935,0.98901199
CG7705,-0.012108349,5.025674785,0.969848607,0.989014105
CheB42c,0.014389524,5.3639634,0.969886058,0.989014105
CG1575,-0.014329682,3.302716229,0.970139195,0.989161949
Asciz,0.015639221,3.309761621,0.970240123,0.989161949
Rcd6,0.016309111,2.870060937,0.970374883,0.989192754
Ada1-1,0.031176696,0.725799636,0.97057715,0.98920121
CG15362,-0.011848312,3.321507953,0.970592268,0.98920121
CG8379,0.01158536,5.622283324,0.971309863,0.989794205
Meltrin,-0.00742035,6.185226869,0.971465966,0.989794205
CG7379,-0.007432508,6.085735583,0.971530197,0.989794205
tara,-0.008648726,5.540307146,0.971676784,0.989794205
CG12507,0.022113875,1.91838398,0.971697143,0.989794205
CG11257,-0.015303238,3.027043001,0.971828145,0.989821088
CG5532,-0.006584726,6.742698746,0.971961553,0.989850416
CG10098,0.00772452,5.929055624,0.972219562,0.990006618
Adar,-0.006733119,7.100009741,0.972356353,0.990039364
Marf,0.005756109,8.175677486,0.972495641,0.990074645
CG3548,0.011649689,4.114716673,0.972607641,0.990082141
CG3744,0.008554203,6.009526602,0.973160979,0.990538853
CG12929,-0.015414475,3.106913946,0.973431678,0.990669651
Nelf-E,-0.010993657,4.277499661,0.973595501,0.990669651
mRpL44,-0.010413261,4.706874785,0.973603581,0.990669651
fh,-0.011873611,3.806096359,0.974198885,0.991168801
S6KL,-0.0087007,5.137733977,0.974432047,0.991227041
ATP7,0.008005836,5.387103172,0.974465645,0.991227041
Spt,-0.017522033,2.192756357,0.974572269,0.991228938
bin3,-0.006378061,6.239127387,0.974937701,0.991494038
CG10681,-0.012765532,3.644254333,0.975283668,0.991647725
Tim17b,0.005673103,7.552924716,0.975375861,0.991647725
CIA30,0.008578483,4.967279037,0.975523476,0.991647725
NFAT,0.005664621,6.928761348,0.975625793,0.991647725
CG3645,0.0097129,4.389921565,0.975677854,0.991647725
GIIIspla2,-0.010809847,4.120399561,0.975717641,0.991647725
Vps29,0.008180345,5.390530657,0.975927835,0.991650444
CG11412,-0.006829768,5.806937826,0.975940824,0.991650444
CG4186,-0.01948312,2.276124148,0.976034727,0.991650444
nAChRalpha5,-0.019008689,2.251547918,0.976407757,0.991922933
par-1,-0.004860393,8.918166414,0.976517997,0.991928426
CG34232,-0.026410748,1.015082947,0.976655017,0.991961117
CG9399,-0.005121932,7.281575463,0.976895908,0.991970915
RapGAP1,0.004928323,7.513832478,0.976976088,0.991970915
CG12402,-0.01163329,2.918207582,0.976979175,0.991970915
Raf,-0.008114676,5.201553878,0.977314592,0.992164984
CR44506,-0.030779739,1.140872264,0.977500694,0.992164984
loqs,-0.005207022,6.974897453,0.9776369,0.992164984
Cyt-b5-r,-0.023150563,2.347518828,0.977652895,0.992164984
CG3164,0.004837183,9.305307689,0.9776946,0.992164984
CG32432,-0.007587005,5.471764152,0.978308889,0.992681899
Sodh-1,-0.026447115,1.240853709,0.97858884,0.992695394
CG12863,-0.01290049,3.004407794,0.97861378,0.992695394
Ciao1,-0.006421584,5.62867511,0.97863693,0.992695394
unc-45,0.007436894,4.997892191,0.979138182,0.993064345
CG8027,-0.011766472,3.094336081,0.979210562,0.993064345
Fer2LCH,0.004276945,10.59273202,0.979860421,0.993616901
CG10366,0.00787066,4.511236231,0.980028667,0.993681017
Stat92E,-0.004520472,7.864007565,0.980377803,0.993928509
sfl,-0.007707123,4.67438298,0.98053758,0.993928942
Mt2,0.014632068,1.498661782,0.980658638,0.993928942
COX5B,0.004050971,8.23580354,0.980693364,0.993928942
CG5021,-0.006110593,5.473184859,0.981083123,0.994125532
CR44030,0.009018929,3.950887016,0.981097466,0.994125532
RpS15Ab,0.005115913,6.028607361,0.981281485,0.994164545
CG3626,0.005949397,5.447487618,0.981346106,0.994164545
GstT2,-0.006825585,4.87605292,0.981847039,0.994565537
CrebA,0.005743252,5.41648865,0.982410868,0.994970899
Dys,0.003756251,7.945164596,0.982457526,0.994970899
CG13630,0.006949926,4.636714578,0.982769445,0.995166053
CG17224,0.006279417,5.113227175,0.982860575,0.995166053
CG32069,0.007991314,3.832897281,0.983143237,0.995345742
Ttd14,0.00389188,7.660077951,0.9837043,0.995800481
CG8152,-0.007521724,3.371016798,0.983802884,0.995800481
Osbp,0.003760656,6.81555296,0.983999805,0.995893267
Miga,0.0063638,4.669471794,0.984246129,0.996036029
CG6836,0.003429391,7.639476136,0.984379831,0.996040189
Idgf1,0.009800102,2.811815025,0.984518464,0.996040189
Caper,-0.003440342,7.511797354,0.984566042,0.996040189
CR44441,-0.012508382,1.83719404,0.984838618,0.996209429
CG3638,0.003983095,6.227752868,0.985016289,0.996282643
enc,-0.00410888,6.539026066,0.985227596,0.996373969
dod,0.005515247,5.219140224,0.985317187,0.996373969
mxc,0.007001378,3.959491055,0.985504723,0.996416179
ND-MLRQ,0.003036856,8.358449047,0.985569544,0.996416179
phol,-0.004615377,5.507277396,0.986166106,0.996808463
CG12772,0.004945032,4.986468586,0.986183463,0.996808463
CG11534,0.006316446,3.674879089,0.986361933,0.996808463
Exo84,-0.004407095,5.391416823,0.986378952,0.996808463
Cfp1,0.007294075,4.205327496,0.986582504,0.99688869
Gbeta13F,0.003140195,8.470067023,0.986728213,0.99688869
fliI,0.005020186,4.959718729,0.986828213,0.99688869
Prp3,0.004839152,5.380121697,0.986923532,0.99688869
Hmg-2,-0.00665245,4.078794271,0.987076207,0.99688869
Abi,0.004120053,6.131453307,0.987090481,0.99688869
MTPAP,0.00579637,3.830943423,0.987254372,0.996893634
nac,-0.005640904,3.169736829,0.987349714,0.996893634
AlaRS,-0.003666879,5.926593865,0.987469061,0.996893634
CG6412,0.00302025,6.758620845,0.987516808,0.996893634
CG11158,-0.006042175,3.984005327,0.987939662,0.997214111
CG11961,0.003712743,5.908909327,0.98814546,0.99731545
Atg18b,0.00323072,5.847119975,0.988928448,0.99799925
GC1,0.004196088,5.126847759,0.989201109,0.998135021
LSm3,0.006064244,4.413728869,0.989274479,0.998135021
CG8036,0.002353541,8.539443239,0.989379451,0.998135021
SMC3,0.003303656,5.527141554,0.989939035,0.99848722
CG42495,0.006744853,2.572132635,0.98994661,0.99848722
Vps53,-0.003449364,5.3028016,0.990045138,0.99848722
SRPK,-0.002413895,6.703823998,0.990185214,0.998522061
twr,-0.00292802,5.811351547,0.990323729,0.99855532
CG9641,-0.004155746,4.937940646,0.990440558,0.998566708
Galt,-0.005251399,4.135972946,0.990703395,0.998725285
Arc42,-0.003038,5.61699327,0.991088284,0.998819743
Grip71,-0.004490716,2.732497997,0.99109243,0.998819743
Mtp,0.006365686,3.737244037,0.991190295,0.998819743
CG9536,0.003202553,5.517111543,0.991219339,0.998819743
Der-2,-0.002327321,5.965889827,0.991857045,0.999355911
CG1309,0.002168765,6.588859125,0.992002311,0.999395854
CG4729,-0.002032276,6.406185452,0.992263923,0.999552991
Tango11,0.002374452,6.642632977,0.992398262,0.999581898
MED19,0.002448162,5.586728001,0.992684176,0.999763456
CG8498,0.002423555,5.644742047,0.993043842,1
CG3808,0.004965191,3.16776859,0.993412872,1
CG15497,0.004043404,3.145629706,0.993441846,1
CR43670,-0.006962035,3.193439962,0.99380648,1
CG13995,-0.002967553,4.79986846,0.994561634,1
Trx-2,0.001170039,8.308633055,0.994759265,1
wun2,-0.005170998,3.25753166,0.994771789,1
Tcs3,0.003762238,3.471722286,0.994775472,1
Pof,0.003011498,4.239023022,0.994777677,1
pall,0.002872527,4.54280874,0.994869899,1
cpx,-0.001018973,9.940139294,0.99535857,1
Rab30,-0.002259103,4.620253826,0.995409781,1
CG11436,0.003281963,3.542375971,0.99561276,1
Mis12,-0.003129609,3.84728747,0.995813606,1
Octbeta3R,0.00138807,5.817013574,0.995876629,1
c11.1,-0.001477821,5.890984239,0.996036817,1
l(3)04053,0.001836488,4.793844029,0.996325259,1
dor,0.002393688,4.928238564,0.996500716,1
CG6983,-0.001469829,5.385441108,0.997521101,1
Smu1,0.003004188,4.203356353,0.997630301,1
E(spl)m3-HLH,-0.002017668,4.464325769,0.997698627,1
CG8051,0.001686411,4.426183237,0.997876585,1
CG13887,-0.00049759,7.837776401,0.997947746,1
CG15602,0.00174754,4.374236311,0.998061196,1
mRpL50,-0.001829143,4.137760279,0.998122396,1
Srp14,-0.001485145,4.547832058,0.998729444,1
CG4041,-0.001255727,5.058537188,0.99873022,1
eff,-0.000338478,8.83240097,0.998766525,1
CG9669,-0.001000583,4.788313691,0.998949551,1
CG8323,-0.001262212,4.88829237,0.999391409,1
CG2144,0.001162257,4.608703592,0.999498455,1
CG12104,-0.000643826,4.578491442,0.999589037,1
CG3655,0.000163276,7.639115852,0.999914905,1
CG17028,-0.019748637,0.51427511,1,1
CR44599,0.016499701,0.451499285,1,1
CR45870,-0.012289606,1.318827142,1,1
CG17721,-0.003202419,3.073715823,1,1
CG8908,-0.004764069,2.454882224,1,1
CG32452,0.002474982,3.56667268,1,1
Brca2,0.000559991,3.794955826,1,1
CG34431,0.0163108,1.269661867,1,1
CG2694,0.000332317,3.187221621,1,1
CG17266,0.004148612,2.897563208,1,1
CR42719,-0.049184715,0.221245161,1,1
snoRNA:Psi28S-3186,-0.033090647,0.076460908,1,1
CG30398,-0.031774305,0.174903878,1,1
Npc2f,-0.019094144,0.864108214,1,1
Cyp4ae1,0.010454237,1.442864539,1,1
sing,-0.010210071,0.950790183,1,1
CG33777,-0.007653167,1.680389385,1,1
mthl2,-0.004559302,1.314713418,1,1
Tsp42Ep,0.003878747,0.671963064,1,1
CR43257,0.003722593,1.695877192,1,1
CG44303,-0.002106231,1.332933399,1,1
CG10337,0.002031579,3.586688492,1,1
CR45798,0.001971446,1.872775157,1,1
CG4594,0.001643166,3.533336463,1,1
CG4159,0.00160928,3.255587178,1,1
slmo,0.001593975,2.654148924,1,1
CG7009,-0.001093805,4.137185428,1,1
alpha-Est4,0.001036833,1.029791703,1,1
dikar,0.000325531,5.802152317,1,1
Caf1-105,0.000182927,2.32637427,1,1
CG32536,0.000167923,2.345397899,1,1
CG10646,-0.000146396,4.115036336,1,1
Nprl2,0.00011195,4.786451649,1,1
mrt,0.000110329,6.558245253,1,1