symbol,PN_36h_rep1,PN_36h_rep2,PN_36h_rep3,PN_adult_rep1,PN_adult_rep2,PN_adult_rep3
7SLRNA:CR32864,0.658139045,0.520292387,0.670218812,0.066775902,0.043373527,0.102682134
a,1.65609121,2.09468167,2.33104259,5.010903903,4.644999191,4.251608333
abd-A,0,0,0,0,0.085481031,0
Abd-B,0.771040734,1.128912832,1.944506093,1.079480821,0.315178801,0.035045714
Abl,8.219416834,7.599755736,7.255054565,7.385718702,7.40414415,7.412744326
abo,3.169331729,3.15433616,3.007557168,3.010536396,2.797333108,2.206213528
Ace,9.646553386,9.259464143,9.234111782,10.24928751,10.28135759,10.29308106
acj6,7.376991377,7.506367014,7.345095358,7.136764688,7.217641907,7.254241882
Acph-1,5.330661818,5.692648148,5.621143253,5.194749537,4.825102481,5.172500515
nAChRalpha1,5.703012711,5.574041211,5.448971679,5.60950295,5.305521233,5.310301956
mAChR-A,8.800065057,7.803619349,7.591369847,8.438560765,8.655141202,8.887918381
nAChRbeta1,11.17388006,11.51717813,11.5088795,11.9683634,11.93600281,12.02111635
nAChRalpha2,8.421162757,8.258546782,8.217090127,7.785285732,7.420943109,7.51694055
Act5C,12.77483468,12.84340426,12.83284567,11.66122598,11.71437204,11.80187228
Act42A,12.64969327,12.76065142,12.88903233,7.807879412,7.802529006,7.610126602
Act57B,0.43642859,1.421739881,0.516062327,0.488179846,0.126394328,0.069260254
Act79B,2.976789207,3.006259146,2.822609948,3.763161244,3.046828689,0.229126454
Act87E,2.684192039,2.508392052,2.968458044,0.033774261,0,0.528678517
Act88F,0.771040734,0.577388071,0,0.833223249,0,0.102682134
ade2,1.549333635,1.497654644,1.964515325,1.410378996,2.390222339,1.592790272
ade3,1.108418423,0.266214546,1.228908645,2.786176286,2.692251019,1.954920908
Adf1,8.15504723,8.331411267,8.551701332,7.857641661,7.955818168,8.036888058
Adh,0,0,0,0.889646124,0.543803643,0.102682134
adp,5.766518825,5.762785863,5.950739414,5.398869924,5.499033854,5.522740267
al,0.214831388,0,0,0,0,0
Mps1,3.636039962,3.891221739,3.791568961,3.735206963,3.703230035,3.401252694
Ald,9.569745455,9.421168957,9.494619791,12.18134299,12.06057559,12.09308474
Ama,3.100779598,3.037115418,3.430762155,1.188453103,0,0.198539073
amd,0.045601845,0.460843657,0,0,0,0
amx,4.622675574,4.78986996,5.036655448,4.403089868,4.45128889,4.390014282
Amy-d,0.089806327,0,0,0.066775902,0.126394328,0.135347252
Amy-p,0.329880465,0.430174687,0,1.013304027,1.704223059,0.970104318
AnxB9,2.353477901,1.895796724,2.545480663,2.415398548,1.845695598,2.947268856
AnxB10,6.442416909,6.399736967,6.435950337,8.108291036,8.352841825,8.324240012
CG2650,0.214831388,1.070450879,0.075540634,0.387282298,0.659827649,0.755742239
Anp,0,0.081202514,0,0,0,0.229126454
aop,5.630983301,5.574917674,5.087721198,5.118105409,5.297706356,5.258419459
RpLP0,9.650709325,9.733886451,9.801861036,8.718856086,8.759207844,8.801113753
Appl,8.313146525,7.989130528,7.928371102,8.013481772,8.049705874,8.193534746
Aprt,4.163812309,4.174037927,4.354707172,2.76119114,2.356227934,3.245389849
aret,4.665294017,4.004848104,4.26880771,4.62427785,4.691750456,4.227192475
Arl1,5.335259542,5.551954782,5.805769,4.378656641,4.001459916,4.155350391
Argk,9.273335139,9.245907674,9.302767013,11.16841862,11.05285245,11.04786033
arm,11.59757403,10.8561436,10.83753442,10.31541204,10.43031198,10.26302541
arr,4.451136902,3.612646643,4.20716272,5.034034321,3.662082293,3.498622569
Arr1,0.045601845,0,0.718149104,3.219406423,2.784608862,3.23034864
Arr2,0.503325831,0.266214546,0,4.92464732,4.902224661,4.802228445
ase,0,0,0,0.099039483,0,0
ash2,5.979746562,6.12483575,6.055897909,5.217889165,5.307746302,5.268578232
asp,1.611301687,1.583774727,0.343441058,1.752179603,1.857894544,0.102682134
aub,2.335231794,3.395674297,3.054986492,5.42455822,5.505833238,6.159324421
aurA,4.304100201,4.16242276,4.863656388,4.066232437,3.523452951,4.376414565
awd,7.917216595,8.053585712,8.191585763,6.500793395,6.448118364,6.61550341
Axs,2.964970524,3.399637283,2.948503801,3.628729458,3.387007657,3.234123669
b,0.366277874,0.041172495,0,1.423178261,1.917388382,0
Dll,1.434040296,1.421739881,1.161168219,2.526326528,1.265409039,1.391158966
bam,1.019799334,0,0.809481815,0,0,0
baz,3.999736343,4.01521713,3.785957595,3.405055419,2.936123263,2.229093578
bcd,0.132696544,0,0,0,0,0
ben,7.836006927,7.863308851,7.854564921,7.451037126,7.460979967,7.471490874
bi,2.190493354,2.084870226,2.150681236,1.915079231,2.173090312,2.691271057
bib,6.368644523,5.470463334,5.754974698,4.249869101,4.439161333,2.871734667
bic,8.625248425,8.855707047,8.695193363,7.46908629,7.437548708,7.394095305
BicD,6.330005791,6.239274776,5.987873202,5.730932419,5.626610785,5.754618069
boss,0,0.19503084,0,0,1.336875487,0.876594188
brm,6.279608811,5.641691601,6.188347937,5.598260481,5.585020336,5.154685184
brn,4.241795856,4.040818261,3.808273282,4.276562784,4.733728119,4.253469471
Bsg25A,0,0,0,0,0,0.135347252
Bsg25D,3.348303946,2.958700892,3.423552365,4.463196504,4.45128889,4.533248653
bsk,8.917203235,9.083106653,9.192699116,8.927087796,9.000024185,8.990726933
btd,0.771040734,0.398839565,0.215700384,0,0.891092845,0.478639091
bur,5.148037235,4.923863332,4.94898624,4.877762269,4.790517566,2.54697834
bw,0,0.041172495,0,0.033774261,0,0.069260254
by,0.875744677,0.334050524,0.895375166,1.636040967,2.99253759,2.127214766
c(3)G,2.128271498,2.243216548,1.750716776,2.201753086,0.983067192,2.393401608
ca,6.219948075,5.918665,6.169077496,6.420487577,6.472620018,6.40683379
cact,6.309707367,6.051796931,6.462575589,6.763310878,6.679648261,6.438672905
cad,0.535646052,1.357994016,0.343441058,0.099039483,0,1.124517283
Cam,10.29734963,10.42623041,10.19742261,11.02133682,11.01575556,10.83881029
capu,3.547677671,3.752463021,3.255074579,5.456816707,4.879966467,5.278665971
car,6.165479718,5.4235514,5.753537898,6.762996272,6.94312898,6.996989646
CkIIbeta,8.953074563,9.173689247,9.121664229,8.637529972,8.634459831,8.54164842
Cat,6.15771332,5.924865578,6.179815058,5.807368945,5.585937343,5.508004264
Pka-C1,9.448465574,8.983650969,8.669138969,9.007570354,9.054784829,9.196036815
CecA1,0.089806327,0.041172495,0,0,0,0
CecB,0.132696544,0,0,0,0,0
CecC,0.503325831,0.490874211,0.403305984,0,0,0
Cp190,5.94030261,5.550173174,5.043726311,5.90069886,5.868130962,5.977041642
Cf2,4.789433612,4.992381354,4.569170407,5.31293595,5.538410518,5.447507315
salr,5.75197747,6.178295844,6.134170191,5.985122969,5.576740935,5.88998945
cg,9.423449209,9.345248235,9.373456854,9.496895554,9.476373858,9.365016161
Cg25C,1.713726341,2.225464736,2.361543831,1.977152498,2.53400048,2.646648315
ChAT,5.772464101,5.271823203,5.361131808,9.14712932,9.196986764,9.120484052
chif,5.730323291,5.441923245,5.376148234,6.7468597,6.503522801,6.187828676
chic,10.89750932,11.14196242,11.12006899,8.744817668,8.858738338,8.809044736
cin,6.499857882,6.770249965,6.810887779,6.750990115,6.428315213,6.143855249
ck,1.995147922,1.803093283,2.022929939,1.602674079,0,0.035045714
cl,7.051305381,7.303993622,7.468892042,6.773342222,6.648824581,6.877472067
Chc,6.671480395,6.75679563,6.766700926,6.33671574,5.990217368,6.185880844
eya,0.973361179,0.856461751,0.516062327,0.306690511,0.126394328,0
clt,6.355125175,6.486601942,6.325212988,6.480271167,6.317846791,6.364837367
cm,6.120906863,6.293527151,6.619091342,6.032877294,5.926488876,5.992168081
cn,0,0.120151752,0,0,0,0
cni,7.007687604,7.269218809,7.11605775,5.780887894,6.239591723,5.971964046
comt,3.979319381,4.248438419,4.308488006,7.607111905,7.650411178,7.698511224
cort,1.308726695,2.1332735,1.903635333,2.59014277,3.088836921,3.325425096
cos,6.637447994,5.998572487,5.845424659,6.639900875,6.382078766,6.644869214
Cp15,0.089806327,0,0,0,0,0
Cp16,0,0,0,0,0,0.035045714
Cp18,0,0.266214546,0.280984078,0,0.631684635,0.135347252
Cp36,0.045601845,0,0,0,0,0.035045714
Cp38,0.214831388,0,0,0,0,0
crc,8.692079193,8.78000935,8.932408241,7.508655219,7.508182773,7.904571118
crm,4.76748822,4.78684716,3.561316968,5.034034321,4.271458398,5.541141573
crn,4.667118737,3.896840345,4.236258459,4.467836802,4.646758008,4.405162272
csw,5.821624014,5.894295073,5.848119768,6.836600072,6.914214583,6.889789598
cta,5.912881933,6.366714382,6.225097053,4.78660562,5.178751384,4.869304028
cv,0.503325831,0.520292387,0.620641262,0.46360926,0.513278718,0.669156436
cv-2,5.379335796,5.256608687,5.156741249,0.90797381,0.914641953,1.108154106
CycA,0.503325831,0.632309912,0.569299184,0.852277114,1.246975234,0.069260254
CycB,0.292540976,0.231061681,0,0.582479838,0.126394328,0.035045714
Cyt-b5-r,0,0.041172495,0,0.961599966,0.043373527,0.135347252
Cyt-c-p,7.768343613,8.017936425,8.125085379,9.534475499,9.431484676,9.535654305
D,4.042537621,2.522998593,3.054986492,3.108879213,4.130248471,3.891785574
D1,9.079032748,8.944174266,8.933201707,8.750382947,8.410011808,8.723176047
Dab,7.165434727,6.813222548,7.122750843,7.382650319,6.877986022,6.856195988
Sap-r,9.649786817,9.575183815,9.627722498,9.668589317,9.597096955,9.39877998
Ddc,5.151951792,4.78986996,4.871625593,10.13623266,9.957267543,10.11577051
SmF,5.624424049,5.81416656,5.946972921,3.315215075,3.456842771,2.452924959
1-Dec,0,1.467766366,0.075540634,0.066775902,0.543803643,0
Dfd,0.174348395,0.300531207,0,0,0,0.102682134
Pkg21D,0.132696544,0.041172495,0.075540634,0,0,0.317180035
Dhod,5.900525648,6.032784998,6.205263766,6.21641113,5.818279119,6.089150193
Hr46,5.78680144,6.135568617,5.870827168,2.927629603,2.901184484,2.663543995
ect,2.029598029,0.632309912,1.924215439,0,0.043373527,0.035045714
Dip-B,9.146395586,9.034793184,9.100769674,7.033603161,6.985442219,6.65546519
Dip-C,5.914419054,5.688604814,5.971899107,5.242470014,5.093624097,5.65956543
disco,0.743632778,1.14788529,0.620641262,1.344621878,1.090356876,0.426801509
Dl,0.900774972,0.632309912,0.460785459,0.2787941,0.043373527,0.400167095
Lar,6.165479718,6.164969879,6.092726764,5.866550196,6.175852411,5.919594337
Cyp6a2,1.327308948,2.493636113,2.251843045,2.085791568,2.699047714,2.317149106
DNaseII,2.571798784,2.661464504,2.660341949,1.111464636,0.937812835,1.520440304
dnc,8.433007899,8.26887456,8.063510939,9.426483092,9.306810158,9.399725642
dor,5.553195771,4.965898029,4.887433145,4.876599478,4.565408445,4.783029229
Pka-C3,1.191907582,1.512369747,1.630628187,2.336405564,2.303685542,2.80223397
dpp,1.251499213,0.945900736,0.343441058,0,0.279346616,0.669156436
Dr,1.04246964,0.460843657,0.075540634,1.232748274,1.110889535,1.748706671
ds,0.567258051,0.71096088,0.343441058,0.161479554,0,0.102682134
dsh,2.106919896,1.421739881,2.097309615,1.52167906,1.354202323,1.672853741
Dsk,0.743632778,0.490874211,1.053192621,3.566634217,4.518150128,3.658866496
dsx,0.567258051,0.266214546,0.403305984,0.099039483,0.450220187,1.091603205
dwg,5.34327047,4.788359351,4.986164604,5.432492905,5.04510418,5.514227252
dx,3.891514911,3.653047458,2.060599064,1.950876008,1.069527769,1.307636778
e,0,0.520292387,1.964515325,2.771237182,3.169352823,1.627648623
bsh,1.596057418,0.901874222,0,1.762288373,2.22109989,1.108154106
ea,1.363770477,1.390218998,1.261622271,3.197223064,4.172372889,3.466890562
eag,4.539454264,4.862016605,4.30456873,5.152139286,5.304407411,5.349983312
eas,6.725892164,7.004913634,7.011746358,6.186225382,6.258694683,6.279274427
E(bx),4.9221867,5.372040301,5.363017431,5.653616696,4.896322639,5.266736495
ec,0.401779573,0.300531207,0.460785459,0.221328946,0.126394328,1.417958665
ecd,6.185988007,6.042322282,5.854835596,5.926211697,5.797054132,6.2911011
EcR,7.113518723,7.02429395,6.957243159,7.331799105,7.103809668,7.150195678
ed,4.455366818,5.18608512,4.789880474,4.231794911,4.741979047,4.571050629
Edg78E,0,0,0,0,0.126394328,0
Edg84A,1.251499213,1.665042273,0.620641262,2.085791568,1.354202323,2.352309697
Ef1alpha48D,8.599918937,8.665359618,8.640663558,8.837821434,9.000282158,9.130772427
Ef1alpha100E,12.45893814,12.30328461,12.19231442,11.64956212,11.68929778,11.46146163
EF2,10.26476927,10.14735915,10.11590272,9.731404193,9.843062314,9.707703824
egl,4.449017284,4.571885163,4.28481103,5.181627372,5.141812894,5.508783607
Eh,0.329880465,0.736253047,1.727485453,0.53610018,0.126394328,0.669156436
Eip71CD,4.338857834,4.879148533,4.565899749,5.285161209,4.905166643,5.035357762
Eip55E,6.963081269,7.238848286,7.245886813,6.274510134,6.114895733,6.504621671
Eip74EF,4.970274004,5.601827238,5.414838452,3.116779697,3.816947098,3.049357066
Eip75B,8.988075579,8.317208375,8.25439373,7.850848477,7.771629725,7.704476185
emc,8.292312258,8.605284774,8.318473244,8.147383512,8.093567305,8.337461013
ems,0.045601845,0.967420201,0,0.670992382,0.166179293,0
en,0,0.158077041,0.147321929,0.221328946,0.24260175,0
ena,7.548397808,6.720423661,6.607208131,5.271070711,5.799427943,5.706516388
Eno,9.02064275,8.86970298,8.835066031,11.42910469,11.4787164,11.40539966
E(Pc),5.172651909,5.440962116,5.247320764,5.356959645,5.475475354,5.724072008
esc,0.743632778,0.266214546,0.764538089,0.692297297,1.485799341,0.988100422
Est-6,0,0,0.620641262,0,1.676941004,0.035045714
Est-P,0.687203533,0.785544823,0.403305984,0.19171458,0.417626289,0.646672929
eve,0.628476965,0.549122661,0.403305984,0,0,0.755742239
exd,7.001915575,7.340013653,7.154125753,6.223288285,6.577310692,6.642030427
exu,0,0,0.516062327,0.066775902,0.384278962,0
e(y)1,4.956910663,5.038859682,5.012832437,3.560854386,3.154594401,3.407952505
e(y)2,4.820918856,4.940280428,4.860990174,3.365815368,3.046828689,2.992545223
eyg,0.366277874,0,0,0.161479554,0,0
E(z),6.000157522,6.027672548,5.895790126,5.8024789,5.348302913,5.573534809
fas,6.829328543,6.678633104,6.701877701,5.657684032,6.267866458,6.22387188
Fas2,8.213809978,7.684219578,7.841099318,6.900064446,6.857247887,6.486141298
Fas3,7.675080342,7.884849871,7.873538814,5.699712732,5.766642817,5.677004928
Fbp1,4.582632007,4.55243779,5.005608142,0,2.692251019,0.755742239
Fbp2,2.240370452,3.423189278,3.416306362,0.130597294,0,0
Fcp3C,1.741702851,2.09468167,2.150681236,0.774503582,0.81804741,1.249141988
fj,0.503325831,0.549122661,1.015327048,0,0,0.035045714
fkh,2.475120899,1.791075026,2.133109169,2.796050433,3.036132685,1.604503555
fl(2)d,8.229639815,8.336588466,8.422042432,7.949256562,7.918085651,8.026041357
Actn,4.590345535,4.483164271,4.56262166,5.683180909,5.043769913,5.57576789
fliI,3.719301163,2.719686633,1.944506093,3.452650631,3.399579709,2.792026232
flw,5.784281653,5.713492735,5.737637923,7.310429309,7.286949434,7.406066782
FMRFa,0,0.081202514,0.215700384,0.627414808,1.606389595,2.338348121
fog,1.796079106,1.583774727,2.251843045,1.232748274,1.265409039,2.28839032
for,0.567258051,0.158077041,0.853067622,0,1.246975234,1.532753413
FER,4.626431913,4.701136674,4.446488649,3.052330187,3.009040512,2.729214923
gd,0,0,0.075540634,0,0,0
fs(1)K10,2.316751964,1.526936274,1.605362592,2.440796779,2.26756314,1.945741566
png,1.484583944,0.736253047,1.414910112,0.692297297,1.532209851,0.669156436
fs(1)Ya,0,0,0,0.066775902,0.126394328,0
fs(1)Yb,0,0,0,0.033774261,0,0.135347252
tj,1.251499213,0.945900736,0.809481815,0,0,2.553035814
dup,3.249463271,3.326582587,3.35698966,3.318644205,2.924570764,2.338348121
ft,0.743632778,0.785544823,3.162832807,0.413175903,2.007752473,0.135347252
ftz,0,0,0,0,0,0.600626626
ftz-f1,1.308726695,1.050424986,1.090089724,4.725916437,4.95428369,4.836156022
fu,5.394835231,5.094927952,4.300638777,5.252365588,4.869460609,5.582446468
fw,0.292540976,0.158077041,0,0,0,0
fy,4.42979927,4.521857453,5.062414252,3.797973536,3.931038232,3.328959659
fz,6.056235968,5.711102904,5.961980252,4.428703796,5.047769017,4.612245203
fzy,4.425493611,4.657120956,4.460646621,3.052330187,1.845695598,2.606438119
g,5.689609978,5.88372347,5.886643423,6.367668708,6.477569634,6.209562473
Gal,0,0.945900736,1.195435982,0.221328946,0.126394328,0.426801509
bnb,6.49729595,6.562358686,6.517785206,4.61733324,4.983805952,4.948413264
Gapdh1,8.775747287,8.707331025,8.797039775,10.8961739,10.84472099,10.76774643
Gapdh2,10.5365631,10.63351661,10.69365791,11.61032601,11.56200311,11.63867756
Gdh,10.20475346,10.00125887,10.15655906,10.24726461,10.15998849,10.30894036
gdl,2.89195003,3.15901959,3.222210437,2.595806673,2.39859724,2.110882328
Galphai,2.540287217,2.417503913,2.532134963,1.646993946,1.532209851,0.93342433
Gbeta13F,11.28531292,10.97983784,10.946789,9.606294327,9.706861085,9.676353796
DCTN1-p150,4.628306421,3.461607826,3.857256209,5.307768753,5.275142008,5.592039047
Gld,1.04246964,1.555635393,0.516062327,0.833223249,0.714518384,1.830776958
Glt,1.923677036,1.716783909,2.097309615,0.926071582,1.170790315,0.259078775
gnu,0,0.041172495,0.215700384,0,0.085481031,0
Galphao,8.450595232,8.324392448,8.149871712,8.789754279,8.893504287,8.716866569
Galphas,6.858367822,7.103266395,6.87241488,6.864434941,6.930189165,6.986397264
Got1,7.555064801,7.736465474,7.601787612,6.742079096,6.703081152,6.664935483
Got2,5.146730019,5.607834748,5.31901207,6.859734856,7.234698837,6.890985697
Gpdh,4.867688337,5.055282219,4.82313637,9.669302967,9.788940431,9.814268479
grau,5.539315392,5.265322333,5.273622104,5.943528371,5.967879477,5.825142929
Grd,0.850272436,0.945900736,0,1.232748274,0.085481031,0.102682134
grk,2.117635196,2.471215304,2.097309615,0.033774261,0.204896494,0.102682134
grn,1.064789212,1.185097719,0.280984078,0.099039483,0.24260175,1.604503555
gro,5.69766655,5.101025354,4.876914045,5.250571434,4.542917555,4.85589109
Gs1,7.884063724,7.563343267,7.461870766,8.760740638,9.052547612,9.071938507
Gs2,5.976071165,5.496600799,5.571451177,8.004327853,8.532316149,8.555952184
gsb-n,0.089806327,0.120151752,0.516062327,0,0.043373527,0
gsb,0,0,0,0.130597294,0,0
GstD1,7.099060177,7.016895568,7.478925634,4.493853582,4.896322639,4.870517225
gt,2.22062605,1.993428657,2.041887442,4.100501489,3.798078394,3.164614035
h,0.292540976,0.231061681,0.215700384,0.130597294,0.24260175,0.797161305
H,3.894633313,3.092026213,3.127772224,3.598015893,3.295795155,3.641915625
H2.0,0.132696544,0.041172495,0,0,0.543803643,0
halo,0.214831388,0,0.147321929,0,0,0
hay,5.699450806,5.625708625,5.281619297,5.0741484,5.316612419,5.076940919
hb,4.941915871,5.131131698,4.933842416,4.734927536,5.292098268,4.85221127
her,6.081085174,6.103127463,6.1484533,5.59967059,5.869637879,5.590567411
Hex-A,5.594053186,5.242335795,5.180459588,8.180623736,8.091793023,8.15098614
Hex-C,1.086768738,1.803093283,0.670218812,1.840705552,1.228302843,0.93342433
hfw,1.108418423,2.320502648,1.605362592,0.413175903,0.573696073,0.837424361
His2Av,8.206927429,8.407183618,8.416605648,7.425223772,7.496282216,7.267426421
hook,5.505039249,5.514984684,5.608482436,6.308106148,6.365085474,6.363976228
Hmr,3.397495653,3.83086628,3.889011294,3.064635825,2.622462659,3.095740735
Hn,2.210651584,1.341607518,1.605362592,1.111464636,1.246975234,0.288421873
Hrb98DE,9.67465987,9.225889204,9.170529265,8.172710913,8.134098396,8.274699268
Hsc70-1,0.743632778,0,0.569299184,0.066775902,0,0
Hsc70-2,0,0,0,0.099039483,0,0
Hsc70-3,10.70816408,10.38790519,10.28524828,8.085197871,8.095017369,8.221258575
Hsc70-5,8.121336483,7.906422188,7.753247532,7.918371586,8.073111872,8.166996711
Hsf,7.708246487,7.47196316,7.51964487,7.04942656,7.183819696,6.93542811
Hsp23,11.54720483,11.73591285,11.84973935,7.796703646,7.927702124,8.109458374
Hsp26,11.06261152,11.28627393,11.47129666,7.125795827,7.713027884,8.072114369
Hsp27,10.71919936,10.53443823,10.61894146,7.137735674,6.86293337,7.174219818
Hsp67Ba,9.514059399,9.382832356,9.106549426,6.115043156,6.135084516,6.252537181
Hsp67Bb,0.214831388,0.398839565,0.075540634,0,0,0
Hsp67Bc,12.64617055,12.93708662,13.013117,4.723331466,4.994895508,5.021226029
Hsp68,7.036912151,6.623362496,6.865780575,5.554576387,5.652227734,6.048994489
Hsp83,12.34793753,12.26647638,12.2350899,11.29248602,11.40321013,11.3342265
Hsromega,12.79063367,12.77968782,12.57967729,13.91610589,13.90508708,13.7333113
hth,10.96542132,11.18841022,10.9142859,10.57278017,10.71924836,10.69222829
Ide,7.922764222,7.922693599,8.061189909,7.694500328,7.850440508,7.855634297
Idh,8.465482581,8.623507802,8.673704101,6.619540634,6.764309743,6.684726476
if,0.089806327,0.460843657,0.809481815,0.130597294,0.792853288,0.135347252
ImpE1,3.244583352,2.811788112,3.091838325,0.099039483,1.757286554,0.553062079
ImpE2,2.117635196,1.906976767,1.471938095,0,0,0
ImpE3,0.850272436,0.081202514,0.516062327,0.774503582,0.687432158,0.503875743
ImpL1,1.533416609,1.993428657,0.516062327,0,0,0
ImpL2,2.200607677,3.730605605,2.822609948,1.384434689,2.871408236,1.830776958
ImpL3,0.174348395,1.030117199,0.620641262,2.634843349,0.35014255,0.553062079
in,0,1.203350074,0,0.130597294,0.085481031,0.069260254
inaD,0.503325831,0.988623391,1.355534777,0,0,0.797161305
inv,0.401779573,0,0.895375166,0.130597294,0.085481031,0.135347252
ix,3.72631921,3.902437154,4.232137679,3.546302686,3.399579709,3.795433142
janA,7.13444389,7.425829644,7.449056948,4.923521725,4.872470097,5.060025901
janB,0.045601845,0.158077041,0.075540634,0,0,0
Jon44E,0,0.334050524,0,0,0,1.188174903
Jra,5.277901836,5.378078617,5.429308887,5.324068455,5.217137087,5.271336436
kar,3.017408402,2.312116942,1.605362592,3.886127338,3.511919468,4.041476251
kay,5.151951792,4.709142393,5.041373205,5.775283296,5.582265812,6.040935224
kel,6.729826027,6.032784998,5.929264752,3.693554158,5.029010957,5.075889521
Khc,7.35734783,6.773689465,6.76598852,6.375098451,6.202404743,6.445608623
kkv,1.699531977,0.833207966,0.343441058,2.194305663,0,0.035045714
kl-2,0.089806327,0,0,0,0,0
klar,6.507516495,6.854591222,6.691410355,6.638872513,6.66540363,6.899627884
kn,9.960108637,9.287003327,9.402052137,8.759321843,8.71231792,9.106393663
kni,0,0,0.147321929,0,0,0.035045714
knk,0.132696544,0.120151752,0,0,0.126394328,0
knrl,0.366277874,0.120151752,0.280984078,0,0.24260175,0
kto,3.958609326,2.6876315,3.57439664,3.215732803,3.009040512,3.407952505
Kr,3.153798654,3.021769774,3.279240535,2.133300397,2.986994398,3.440992657
kz,1.565076965,2.522998593,2.150681236,3.369126446,1.005172941,0.373031704
l(1)1Bi,4.329670702,3.588546232,3.606586242,3.311777775,2.321413144,3.07904598
egh,7.199561136,7.592200129,7.39202247,7.26649407,7.313212652,7.338849678
l(1)10Bb,5.753695844,5.896400129,5.8002127,5.052687202,5.529858456,5.514227252
Hlc,5.891188486,5.999225573,6.027645859,6.219624549,5.917046478,6.154352465
Grip91,4.311119041,4.333761379,4.481626426,5.628278186,5.882383514,5.414617733
dlg1,8.353933604,8.405952812,8.395572744,7.931029085,7.773240827,7.861442584
ifc,5.054939974,5.242335795,5.293532575,4.950296547,5.151756,5.605216655
eIF-4a,9.85517116,10.00439331,9.976753081,9.387115042,9.466075836,9.441447276
Arpc1,7.244555536,7.058535663,7.130520407,6.972057654,6.926212072,7.035897361
Sos,6.750197051,6.173095985,6.696653521,8.128091832,7.969585516,7.822793901
Pgant35A,3.401885559,2.799842368,3.21387608,1.81179629,1.676941004,1.694935995
l(2)35Bd,6.151209232,6.201749769,6.433260585,5.00453071,4.87397249,4.646642161
CIAPIN1,5.90903195,5.962859451,6.1915348,4.48625017,4.648514683,4.457769124
stc,4.470074614,3.764805885,4.147149395,4.501417132,3.965269873,4.602056309
esg,1.308726695,1.624980653,1.414910112,0,0.043373527,0
wor,0,0,0.075540634,0.066775902,0,0
l(2)35Df,5.096157164,4.627012934,4.983715633,3.785636782,4.099755227,4.757026245
Gli,0.535646052,0.659006168,0.215700384,0.360915446,0.384278962,0.069260254
ND-B17,6.608302973,6.712082162,6.732831642,7.3806011,7.341723364,7.40082836
wek,3.705161811,3.848369879,4.084530868,4.151387349,3.456842771,2.696753091
Ca-alpha1D,4.762376138,4.901679162,5.071668222,7.138463485,7.062241465,7.078777884
Cyp303a1,0,0,0,0.559476377,0,0.035045714
crp,8.568778183,7.732150454,7.509891457,6.52474395,6.810938935,6.670518313
mRpL4,5.757126465,5.836996323,5.969425779,6.202093603,6.405641919,6.257182546
l(2)37Bb,4.724323589,4.615132444,4.993486673,5.746292518,5.880889859,5.505663705
Catsup,6.045754466,6.064957767,6.269000923,4.496883762,4.485106807,4.908810476
Lim3,0.743632778,0.460843657,1.385527878,1.37128545,0.417626289,1.850585242
l(2)37Cc,7.916641483,7.994217354,8.092213081,8.062496205,7.965891827,7.932284614
CG10561,5.62911227,5.345578224,5.633693927,6.361447894,6.743913714,6.569182247
swm,6.224911894,6.134380012,6.212602526,6.371801066,6.408236448,6.388319471
AspRS,6.33173244,6.470207731,6.696653521,5.363614854,5.570268391,5.50018759
l(2)gl,0.174348395,0.081202514,2.022929939,0,0.204896494,0.069260254
l(2)tid,7.694445245,7.067282056,6.949734329,8.090347794,7.953866005,7.806564496
dre4,4.258836544,4.012631852,4.320182354,3.504759312,3.361530033,3.767051414
l(3)73Ah,6.147292657,6.107979834,6.225097053,6.034442199,5.622147728,5.737432444
Prosbeta6,7.21398777,7.301083384,7.483699753,5.721248642,5.818279119,5.450755408
sas,0.470264926,0.19503084,0,0.033774261,0,0.102682134
l(3)87Df,4.234430635,4.433774371,4.446488649,5.197545968,5.322126199,5.307617319
dco,4.667118737,4.740728278,4.495445363,4.567761812,4.717083334,4.963272775
hyd,9.327413681,9.255437896,9.305711138,9.291813571,9.108420482,8.988842897
l(3)mbn,0,0,0,0,0.043373527,0
l(3)mbt,4.299401931,3.848369879,4.042791712,4.347101745,4.362034136,3.886997877
sti,0.715694033,1.070450879,0.764538089,0.582479838,0.417626289,0.478639091
pho,5.670634477,6.066828124,5.760707633,5.268413353,5.404480454,5.420427804
lab,2.67696552,2.216506241,2.133109169,2.315962511,2.752298428,3.482843807
lace,5.410169919,5.354793204,5.767841914,5.15406004,5.585937343,5.818872154
Lam,7.35026695,6.97998548,6.762421204,5.577657486,6.114895733,5.910186706
LanA,1.251499213,0.36680871,0.403305984,0.099039483,0.573696073,0.669156436
Lcp1,0,0.041172495,0.147321929,0,0.043373527,0.035045714
lds,0.824342362,1.406065524,1.195435982,1.232748274,0.602981688,0.528678517
robo2,7.063826018,6.349403113,6.516091506,5.969937809,5.54313985,6.143353472
lin,4.045346392,3.786155017,3.631830603,3.4650819,3.480704987,3.592777497
l(1)sc,0,0,0.075540634,0,0,0
Lsp1alpha,2.46676418,2.593892108,2.743756146,0,0,0
Lsp1beta,2.726807108,3.609228279,3.255074579,0,0.166179293,0.035045714
Lsp1gamma,2.475120899,3.605801795,3.246928461,0.19171458,0,0.035045714
Lsp2,3.661892795,4.394597177,4.30456873,0,0.085481031,0
lt,6.958990772,7.266780012,7.219590607,6.744312016,7.080900377,6.817090012
Rab32,3.594454255,3.888404209,3.91495017,2.715097632,2.924570764,3.164614035
Mal-A2,0,0.041172495,0,0,0,0
Mal-A3,0,0,0.075540634,0,0.043373527,0.035045714
sens,0,0,0,0,0,0.691294921
lz,0.045601845,0.685217387,0.147321929,0.033774261,0.043373527,0
m,0,0.833207966,0.075540634,0.066775902,0,0.988100422
Kaz-m1,0,0,0,0,0,0.069260254
RpL36,8.03087716,8.239740767,8.219954115,7.151982322,7.290328927,7.328292792
RpS5a,9.350875981,9.586853459,9.702043595,7.367830555,7.382404825,7.402716384
E(spl)m2-BFM,0.132696544,0.266214546,1.126066663,0,0,0
RpLP1,9.312407854,9.552225193,9.694856289,7.733880579,7.598875016,7.733936565
RpL19,8.505042333,8.807302665,8.844207111,7.451037126,7.452960469,7.527169505
E(spl)m3-HLH,1.191907582,1.166611482,1.090089724,0.53610018,0,0.895787384
RpS3,7.317530141,7.444891988,7.540206576,5.987817866,5.824508501,5.87011206
RpL32,7.608032418,7.839619169,7.885395017,6.027124743,6.406161198,6.567687098
E(spl)m4-BFM,0,0,0,0,0.043373527,0
E(spl)m6-BFM,0.503325831,0.266214546,0,0,0,0
E(spl)m7-HLH,1.064789212,1.325032758,1.261622271,0,0,0
Rcc1,5.788478857,5.376068652,5.525047752,5.947963653,6.331580231,5.736767353
mal,2.768199423,2.881457062,2.897376261,2.672851532,3.590782154,3.896557436
mam,6.858767059,6.704493306,6.674047401,5.131815454,5.066286309,5.010260483
Map205,5.918254706,5.805231327,5.885332004,4.168591673,3.847856687,4.05006799
twe,3.478701941,3.062334242,2.778079691,2.640334781,2.803653393,3.234123669
mei-9,5.300414053,4.633758115,4.874272243,4.427116179,3.164450105,3.823267279
mei-218,0.132696544,0.632309912,0.280984078,0.161479554,0.482093952,0.102682134
mei-S332,3.74717081,3.711603442,3.514581079,3.014770681,2.276678885,3.282320783
mei-W68,2.353477901,2.700539146,1.796086408,0.713292167,1.485799341,1.005874807
Men,8.167830795,7.89523783,8.084233872,9.196191165,9.212879035,9.180408185
Met,4.419010931,3.84255891,3.205493296,5.69047826,5.189650992,5.482046872
E(spl)malpha-BFM,0,0.334050524,0,0,0.043373527,0
E(spl)mbeta-HLH,0.214831388,0.158077041,0.809481815,0.46360926,0.384278962,0
E(spl)mdelta-HLH,0.089806327,0.231061681,0.075540634,0,0,0
E(spl)mgamma-HLH,0.174348395,0,0.147321929,0,0,0.035045714
mago,7.90779427,8.046020388,8.110006565,6.314560751,6.417538307,6.282012277
Mlc1,0.949569261,1.070450879,1.324904867,0.066775902,0.204896494,0.035045714
Mlc2,2.01820582,2.142762288,2.532134963,1.046771834,0.867152957,1.005874807
mle,5.403617858,4.378623479,4.181747784,5.499743133,5.560038213,5.428687524
msl-3,6.652723865,6.571609466,6.293925398,6.447755892,6.872359667,6.487723345
mnd,5.611215396,5.536740518,5.827782647,2.085791568,1.869991204,3.367278829
mod,7.881904776,8.060642354,8.035409038,6.736962264,6.397307931,6.486932539
mod(mdg4),7.744561114,7.722097535,7.694557557,7.419246751,7.505035037,7.498814455
mor,7.614193599,6.257404551,6.352992934,6.794122124,7.055967812,6.093832299
Rpn8,6.209342908,6.024468043,6.045368118,4.761627973,4.707003499,4.607887342
Mp20,0.715694033,0,0,0,0.166179293,0.876594188
mr,5.944070149,6.21867279,5.949485009,5.539226227,5.361215289,4.993654287
sa,0.503325831,0,0,0.033774261,0,0
Mst87F,0.132696544,0.120151752,0,0,0,0
Mst98Ca,0,0,0.147321929,0,0,0
MtnA,2.579570295,2.320502648,2.855128227,4.537180217,4.570976807,4.43006075
MtnB,0.771040734,0.520292387,0.516062327,0,0,0
mu2,4.545418785,4.203806866,3.606586242,2.932113957,3.538688888,3.271340427
mud,0.045601845,0.300531207,0.147321929,0,0.043373527,0.069260254
mus101,3.928498101,3.546270831,3.154147217,4.145606678,3.637526062,3.237888846
mus201,2.415581085,3.072299619,2.449359368,3.722319176,3.277747957,2.947268856
mus205,3.06800697,3.717965346,3.154147217,5.015137111,4.576523759,4.991425615
mus301,2.106919896,2.180105394,1.903635333,1.985806041,2.39859724,2.110882328
mus304,3.705161811,4.174037927,4.406822213,3.262775345,3.92525315,3.427867257
mus308,3.406262148,3.755558651,3.889011294,2.791121807,2.163293657,3.945731563
Blm,2.617812027,2.044943264,2.732131067,1.460908527,1.770252983,2.29563394
Myb,6.91205913,7.228302512,7.053796557,6.845839136,7.025874105,7.120675523
na,4.246685197,4.176349781,4.633073087,4.640809779,5.267160365,5.319214837
Atpalpha,14.4530456,13.9893766,13.98607407,15.57782674,15.46746997,15.42248386
nau,0,0,0,0.033774261,0,0
ncd,4.166394826,4.129393807,3.722747647,4.033218219,4.389605181,4.244139676
ndl,0.470264926,0.632309912,0.343441058,0.813914366,0.085481031,0.069260254
nec,0.598192202,0.430174687,0.343441058,0.627414808,1.562340969,0.797161305
net,1.995147922,2.044943264,1.818247164,2.954328996,2.249157015,2.61804156
neur,6.54073961,6.167877317,5.906172982,5.559657025,5.087161931,5.278665971
ninaB,2.922825604,2.931586112,3.857256209,2.963120107,2.853242961,2.938040541
ninaC,0.214831388,0.605110328,0,1.188453103,1.319338022,1.457247279
ninaD,0.292540976,0.300531207,0.460785459,1.602674079,0.513278718,0.16728912
ninaE,0,0,0.215700384,1.497677144,2.230513023,0.755742239
slou,1.086768738,0.158077041,0.215700384,0.926071582,1.591855642,0.553062079
nkd,4.704914195,4.155408506,3.802726637,3.140224834,2.828661233,4.324242417
nod,3.613505574,2.858605868,3.31084474,3.401825873,3.326844506,3.835743789
nos,0,0,0,0,0,0.069260254
numb,3.278401152,3.275739814,2.684670739,4.330212474,4.076454739,4.163291835
odd,0.567258051,1.203350074,0.147321929,0,0.085481031,0
okr,3.967521492,3.271420916,2.876406888,3.471257595,2.67856081,3.211323887
opa,0.771040734,0.988623391,0.280984078,0.250347622,0,0.734578078
or,5.389318815,5.565247173,5.880074376,5.272839568,5.114110637,5.306721328
ort,0.567258051,0.632309912,0,0.794343545,0.126394328,0.857142206
osk,0,0,0,0,0.043373527,0
osp,4.20458788,4.828600649,4.795476632,2.402529768,2.338925554,2.965550264
otu,0,0,0,0,1.110889535,1.470109264
ovo,0.949569261,0.36680871,0.215700384,0.488179846,0.74110543,0.478639091
pbl,1.399333176,1.070450879,0,3.513762722,3.452827079,3.592777497
Pc,5.008198113,4.898882001,4.732691554,5.95844312,5.95870498,6.215780649
Pcl,7.568551148,7.215713574,7.102577684,7.641747041,7.038656987,7.025043181
Pcp,0,0.041172495,0.343441058,0,0,0
pcx,4.02841115,3.659672286,2.997881279,3.34578771,3.890046877,3.578000747
peb,0.174348395,0.041172495,0.147321929,0.559476377,0.384278962,0.102682134
CG10598,0,0,0,0.19171458,0.166179293,0
Fib,2.662402971,2.493636113,2.505067387,2.238424221,1.209385607,1.172521885
CG2150,0.329880465,0.120151752,0,0,0,0
per,3.952637149,3.539102905,3.136617572,3.430634781,3.953949334,4.037161117
Pfk,5.199377746,5.132322982,4.973877964,9.159253273,9.319684179,9.20327665
Pgi,6.564919648,6.577743862,6.421546696,9.318766264,9.341431943,9.253776819
Pgm,6.82484006,6.829472019,6.769547037,7.892287042,7.59500858,7.639067148
Raf,7.145611995,7.176407967,7.203369224,8.742266372,8.365446822,8.529315304
phr,2.788458589,2.811788112,2.800516622,3.80287885,2.239865136,2.63527359
Pig1,0.132696544,0.901874222,0.718149104,0,0.279346616,0.035045714
pim,0.628476965,0.520292387,0.280984078,0.161479554,0,0.259078775
pip,1.434040296,0.945900736,1.727485453,0.46360926,0.279346616,1.336018175
pk,0.292540976,1.090202596,1.261622271,1.915079231,3.762831488,3.656055146
Pkc53E,4.576819676,4.881984179,4.64552085,6.294239048,6.047925678,6.135301204
Pkc98E,8.149673536,7.437200855,7.377171216,9.140605163,9.256871137,9.234177201
plu,0,0,0,0,0,0.035045714
pn,6.180888201,6.352473176,6.473962331,6.435963378,6.595638063,6.659681885
pnr,0,0,0,0,0,0.035045714
pnt,1.345654897,0.520292387,1.015327048,1.232748274,1.170790315,0.577040364
polo,0.214831388,0.36680871,0.075540634,0.066775902,0,0
Poxm,0,0,0,0.066775902,0.043373527,0
Poxn,0.174348395,0.158077041,0.460785459,1.568517169,0.74110543,0.069260254
Pp1-13C,2.138829956,1.421739881,1.526797288,2.59014277,2.321413144,2.478611437
Pp1alpha-96A,8.901497146,8.892380447,8.89249446,8.963413196,9.044314673,8.917712078
Ppn,2.269489461,1.166611482,2.346373815,0.889646124,0.792853288,0.817433287
PpV,9.378146334,9.374235912,9.535740689,9.449050902,9.135605023,9.072663408
pr,7.018448308,7.173517687,7.219590607,6.036526102,6.057213028,5.544185768
prd,0,0.231061681,0,0,0,0.035045714
Prm,0.470264926,0.659006168,0.569299184,0.099039483,0.126394328,0.069260254
CG2841,2.617812027,1.569773665,2.003720007,1.046771834,0.914641953,0
Pu,3.440804951,3.200500041,3.026716412,4.463196504,4.071225348,4.702208453
pum,8.180821432,8.240293336,7.933138662,7.870840867,7.975370845,7.93851615
put,4.567080115,4.809365271,4.549434307,4.7654023,5.064971499,4.839876969
pwn,1.308726695,2.0749916,0.764538089,0.066775902,0.714518384,0
px,6.272434598,6.30624968,6.239538538,6.378799023,6.51848933,6.955003382
qua,0.43642859,1.357994016,1.161168219,0.033774261,0.384278962,0
r,3.690882513,4.265911479,3.965469399,3.276946698,2.847136684,2.750457329
ras,7.821538365,7.523039041,7.432092287,8.022315124,8.098877096,8.09318235
Ras85D,8.414932055,8.634058846,8.396493623,7.876086921,8.057990806,7.909743574
Ras64B,5.449929734,5.765091664,5.639928556,4.720741855,4.779337104,5.139669156
raw,5.59213361,5.636663448,5.753537898,5.153099983,5.491223687,5.318326023
rb,4.048149705,3.79520881,3.751823193,4.012193981,4.732072255,3.952621587
rdgB,5.551221017,4.449152138,3.960496343,7.817606626,7.709245563,7.850571218
rec,1.611301687,1.221374389,1.526797288,2.640334781,2.455898547,2.069223525
ref(2)P,8.233955047,8.274415574,8.266784829,8.627887414,8.442649697,8.401807492
Rh2,0,0,0,5.553849118,5.061019862,5.23317674
Rh3,0,0,0,0,0.166179293,0
Rh4,0,0,0,0.2787941,0.914641953,0.600626626
rib,0,0.041172495,0.403305984,0,0,1.431174109
rk,3.169331729,3.423189278,2.968458044,4.466291694,2.406923805,3.529671627
rl,5.317941998,5.746541239,5.904879204,4.573514091,4.835935149,5.063212611
r-l,4.596103736,4.414318755,4.703223878,4.409536109,4.050116143,4.811101385
Rm62,9.945335198,9.522889853,9.54001825,9.624937987,9.548002598,9.464377272
ro,0.797937693,1.357994016,0.764538089,1.046771834,0.602981688,0.797161305
rod,1.580650349,1.185097719,1.015327048,1.878371602,2.061484493,1.336018175
RpLP2,8.337269912,8.555644783,8.653816684,7.037250136,6.892142021,7.155430817
RpII18,7.087864971,7.080303018,7.148123842,6.216870628,6.114260258,6.171187666
RpII215,4.486701949,4.971233729,5.015232518,4.80994042,4.594861066,4.569557415
RpI135,3.440804951,3.454005527,3.554732394,2.76119114,3.587122947,2.540895325
RpL4,8.809079573,9.017812136,9.003941512,7.790388671,7.864868025,7.644396214
rst,3.302080417,3.54269132,2.844370035,3.592360673,2.901184484,3.237888846
rt,1.171483865,0.460843657,0.936477292,2.471928424,1.833392622,2.890992191
ru,4.9732269,4.404491665,4.559336105,2.989176527,3.313619381,3.99105545
run,5.839534399,5.460064075,5.392856967,3.778183773,4.092030136,4.002167381
rut,4.499047886,3.626239678,3.75756864,5.565441645,5.865112399,5.567562973
rux,5.511147458,5.834070768,6.118628574,5.667130124,5.152994084,5.333361896
ry,1.04246964,0.300531207,0.147321929,0.605122262,0.631684635,0
S,5.430723953,5.268576429,4.879551019,4.474000741,4.741979047,4.832425452
sad,0,0.833207966,0,0.582479838,0.085481031,0
sax,6.68864941,6.433470974,6.812268611,6.609076716,6.434437493,6.501884233
Sb,0.470264926,0.041172495,0,0.066775902,0.085481031,0
sbr,5.609318535,5.96820638,5.976833078,7.108318002,7.030259954,7.122458777
sca,7.454581039,6.878215833,6.75526,6.667393134,6.371481438,6.35360227
scb,1.434040296,0.300531207,0.147321929,0.099039483,0.085481031,0.259078775
Sce,5.421024325,5.252232049,5.499560859,5.018303885,5.061019862,4.85221127
Scm,4.645068287,4.39261011,3.99495303,4.64764256,4.735382084,5.241640149
Scr,0.292540976,0.19503084,0,0.099039483,0,0.345376129
sd,6.893863764,7.152241376,7.148670503,7.071444198,7.179269814,7.121694795
RanGAP,5.588286778,5.277218306,5.523362563,4.693266546,4.662491608,4.0153897
sei,5.948578248,6.330325314,6.433260585,7.400559036,7.143590949,6.836465119
Jon99Cii,0.045601845,0,0,0,0,0.069260254
Jon99Ciii,0,0.041172495,0,0.033774261,0,0
Jon99Ci,0.045601845,0,0,0.19171458,0.24260175,0.45295311
sesB,10.02005659,10.08323977,10.03261235,11.34220501,11.25891565,11.101623
sev,0.470264926,0.231061681,0,0.53610018,0.602981688,0
sgg,8.869166249,8.206900146,8.162377715,8.420721613,8.650217796,8.620829563
Sgs1,0,0,0.075540634,0.250347622,0.891092845,0.426801509
Sgs3,0.850272436,0.490874211,0.516062327,0,0.085481031,0
Sgs4,0,0.041172495,0,0,0.315178801,0
Sgs7,0.132696544,0.081202514,0.215700384,0,0,0
Sgs8,0.089806327,0.120151752,0.075540634,0,0,0
Sh,8.642509461,8.991549611,8.639691666,9.506887726,9.621283132,9.553609453
sha,0,0.266214546,0,0.033774261,0,0.035045714
Shaw,7.736545686,7.558033983,7.682904979,7.677574529,7.82114528,8.137569903
shd,0,0,0.516062327,0,0,0.135347252
shf,1.363770477,0.71096088,1.195435982,0.512338969,0.166179293,0.102682134
shg,0.658139045,1.838558782,0.853067622,0.605122262,1.246975234,1.20365991
shi,10.1026473,9.449401761,9.570631478,11.8783192,11.80247391,11.79013019
shn,5.237946813,5.442883734,5.487511112,7.063035253,7.210227126,7.037518468
shu,0.598192202,0,0.147321929,0,0.085481031,0
sina,8.241781922,8.486878117,8.158583003,7.609213627,7.793229261,7.787262699
sisA,0,0.549122661,0,0,0,0
skd,6.919732773,6.934955805,6.873738087,6.269646195,6.451141019,6.526336171
sl,1.769147149,1.203350074,0.895375166,2.927629603,2.230513023,2.182964763
slgA,9.122904633,8.715103787,8.725556867,9.987270318,10.22625615,10.21810493
slo,8.201743885,8.309856741,8.086518153,8.236984293,8.363041609,8.303841792
slp1,1.911413256,1.437245771,1.471938095,0.306690511,0.126394328,0.691294921
sm,9.754924781,9.60937873,9.486966563,9.639749908,9.766062936,9.705581069
smo,3.106170048,2.985315449,3.045624549,3.266331255,2.455898547,3.176434041
sn,9.313718922,8.872022492,8.71618284,5.486846383,5.669633251,5.899529273
sna,0,0.081202514,0,0.19171458,0.417626289,0
snf,6.427422946,6.575993837,6.623817355,5.624126977,5.307746302,5.415449177
snk,0,0.041172495,0.215700384,0,0,0
stwl,3.830947423,3.643052825,3.970425371,3.382295287,2.578909496,2.852216606
so,1.108418423,0,0.403305984,0,0.24260175,0.259078775
Sod,10.74857977,10.96578973,11.09660351,10.67631116,10.53382297,10.60424363
sog,4.094991043,4.390620303,4.421372871,3.46198411,2.600850423,3.148701859
sol,6.142709841,5.817132716,6.125309778,6.921083691,7.296784245,7.188639145
spir,6.849958243,6.663880414,6.506740451,8.002063593,8.168021071,8.268960465
spn-A,3.750616964,4.028074482,4.248550646,4.44918538,4.109991422,4.628112341
spn-B,2.475120899,2.189292071,2.376555991,2.640334781,2.877412853,2.646648315
spn-D,0,0.081202514,0,0,0,0
spn-E,0.254209339,0.36680871,0.569299184,0.099039483,0.279346616,0.857142206
spo,0,0.19503084,0,0.033774261,0,0.198539073
spz,5.070190015,5.605263163,5.50980971,5.26219375,5.454541292,5.432799718
sr,1.171483865,1.203350074,1.385527878,4.463196504,4.189366972,3.785176999
Btk29A,7.117861537,7.245194006,7.142096858,3.636993636,4.194185882,4.275617849
srp,0.470264926,0.158077041,0.403305984,0.066775902,0.914641953,0
Sry-delta,5.464692782,5.444802795,5.586055078,5.315512625,5.232444157,4.971211106
ss,0,0,0,0,0.043373527,0.288421873
sqh,8.983231751,9.122604749,9.110062335,7.849515626,7.986872365,7.913868228
st,1.549333635,1.341607518,0.718149104,2.186819595,0.166179293,0.229126454
sta,10.44656981,10.57642772,10.60949138,9.051124809,9.398459824,9.569477505
stau,7.143647425,6.758725377,7.163352597,8.222527304,8.281615633,8.301707323
stg,0.875744677,1.341607518,0.403305984,0.413175903,0,0
stil,0,0.158077041,0.147321929,0,0,0.069260254
sub,0.43642859,0,0.075540634,0,0,0.102682134
Su(dx),9.099869457,8.068131588,8.281814076,10.10019894,9.998227214,9.893536174
su(f),6.969010457,6.74477324,7.001493487,6.811263677,6.593359834,6.488908742
su(Hw),3.579029964,2.522998593,3.238736085,1.646993946,3.164450105,3.466890562
su(sable),3.964556883,4.053450455,4.120644973,2.76119114,3.348620487,3.828270838
Su(var)3-7,4.670761267,4.098031873,4.173175662,3.61484975,3.444762007,3.168564807
Su(var)205,8.476580652,8.724810576,8.66379466,7.180296011,7.131394501,7.051492274
Su(var)2-10,8.707898695,8.534286941,8.499728329,8.177558239,8.094050822,7.931558267
su(w[a]),7.162527135,6.99708802,6.916736736,7.257812119,7.706507707,7.461260613
svp,1.434040296,0.36680871,1.355534777,1.17338058,1.820983826,1.694935995
sw,5.327203883,4.864886091,4.94898624,5.849464256,5.511635884,5.62260163
swa,0.771040734,1.37419648,0.215700384,0,1.048393528,1.074860222
sws,6.296211192,6.175409348,6.093862652,7.394884886,7.533595802,7.511118268
Syb,3.034472531,3.43095527,3.17146642,1.700545187,2.629595384,1.830776958
T-cp1,8.616421796,8.399782979,8.45689074,7.174630245,7.055305838,7.09651295
term,0.045601845,0,0.215700384,0.2787941,0.384278962,0.16728912
Tbp,5.334111484,5.18608512,5.405720167,5.10327004,4.888910995,4.721161841
thr,1.983479289,1.109687544,0.853067622,0.943945139,1.951941571,0.400167095
tipE,5.561067866,5.493822899,5.392856967,5.698397135,5.493180197,5.795430367
tko,6.312624686,6.635595796,6.519476919,6.77365458,6.721557229,6.692636069
tkv,1.451085688,2.09468167,2.202148642,2.044969659,1.516904971,2.043638334
tld,0.658139045,1.090202596,0.764538089,0.733985886,3.207986079,1.616122503
tll,0,0,0,0,0,0.035045714
Tm1,7.332842331,7.501995934,7.472826545,6.396755315,6.592903756,6.27194799
Egfr,0.214831388,0.761109441,2.097309615,0.221328946,0.24260175,0.503875743
Top2,5.540311289,5.171093461,5.103597516,4.597708587,4.112539163,4.587374775
tor,0.045601845,0.490874211,0.569299184,0,0,0
tra,4.570983833,4.725021775,4.715083272,3.763161244,3.689644104,3.049357066
tra2,6.392002757,6.696461676,6.660311724,5.447449628,5.438385123,5.898340239
trc,6.277221369,5.802240575,5.941935584,6.57040593,6.674484654,6.730544519
Gr5a,0.743632778,0.856461751,0.403305984,0.161479554,0.043373527,0.102682134
Treh,5.544288015,5.774278189,5.480580086,5.6447646,6.100208532,5.756587916
trk,2.22062605,2.551775373,2.041887442,1.700545187,0.983067192,1.627648623
trp,0.771040734,1.128912832,0,3.362496673,3.003560486,4.064981503
trx,7.55407904,7.259166172,7.156845662,7.559900937,7.745193949,7.451362731
alphaTry,0,0,0,0.033774261,0.043373527,0.035045714
tsg,0.254209339,0.36680871,0,0.066775902,0,0
tsh,4.474249448,4.60658608,4.343290455,3.893044344,3.538688888,3.879786407
tsl,2.170049465,2.29519787,2.284046452,0.161479554,0.602981688,0.713098814
ttk,1.809358867,1.128912832,1.015327048,0.996274402,0.417626289,0.035045714
tub,6.368644523,6.347352769,6.377452314,6.332481505,6.502066154,6.304627868
alphaTub84B,12.85462096,12.78839257,12.83541582,10.91975658,11.01064254,11.07708721
alphaTub84D,9.849155983,9.63833413,9.664883964,9.48664317,9.345092616,9.412223528
alphaTub85E,2.83465213,1.791075026,2.022929939,0,0,0
betaTub56D,13.66940623,13.65333235,13.73314757,11.72701913,11.65697835,11.62330921
betaTub60D,5.397035906,4.473796607,4.900475072,0,0,0.035045714
betaTub85D,2.483429492,2.044943264,2.844370035,1.232748274,1.881987279,2.190756053
betaTub97EF,1.381661402,1.109687544,0.569299184,0.943945139,0.983067192,1.20365991
tud,8.39387471,8.559413771,8.48356919,7.994579622,7.917721507,7.828111348
ptc,0.329880465,0.430174687,0.516062327,0.033774261,0.085481031,0.135347252
tup,5.752836913,5.755846267,5.600512628,5.345238641,5.509704261,5.684612025
twi,0.366277874,0,0,0,0.085481031,0
snRNA:U2:14B,0.045601845,0,0,0,0,0
snRNA:U4:39B,0,0.041172495,0,0,0,0
snRNA:U4:38AB,0.045601845,0,0,0,0,0
RpL40,9.675963136,9.937820294,10.04095502,8.299383981,8.155875891,8.416625184
RpS27A,8.04304869,8.396192349,8.431507782,7.082580421,6.96126396,6.984437524
Ubi-p63E,5.713645964,6.095207385,6.299843739,5.267526478,5.011371633,5.036439107
Ubx,0.329880465,0.80957322,0,0.033774261,0.573696073,0.503875743
unc,1.381661402,1.754407614,0.569299184,0,0.687432158,0
Uro,0.089806327,0,0.343441058,0,0,0
ush,4.313451087,4.620236067,4.903069369,4.407927247,4.911032668,4.426765676
usp,5.659678213,5.006742588,5.188988666,5.691801095,5.517415285,5.787102797
v,0,0,0,0.306690511,0.126394328,1.188174903
vap,6.396409384,6.317290596,6.72405522,5.02985628,4.969823051,4.954146588
vg,0.875744677,0.577388071,0.147321929,0,0,1.293233921
vir,4.025569181,3.605801795,4.324059499,3.048204872,3.139683443,2.734554919
vls,6.229858693,6.401714248,6.581525335,5.222472885,4.820434893,5.090539823
Vm26Ab,0,0,0.075540634,0,0,0.135347252
Vm34Ca,0,0,0,0,0.043373527,0
vn,1.911413256,1.982901267,2.060599064,0,1.663104036,0.45295311
w,4.00551708,3.355433935,3.57439664,5.58977076,5.722293298,5.909596688
hid,0.850272436,0.71096088,0.670218812,0.033774261,0.24260175,0.857142206
wbl,0.470264926,0.266214546,1.228908645,0,0,0.198539073
wg,0,0,0.075540634,0.066775902,0,0
y,1.959855016,1.884529365,2.060599064,0.871082608,0.714518384,1.936503445
Yp1,0.567258051,0.081202514,0.280984078,4.411143179,4.336107625,4.062860416
Yp3,0.089806327,1.583774727,1.355534777,4.174281156,4.927042327,5.082186447
yrt,4.236889889,4.16242276,4.320182354,3.727488114,3.869106003,4.17315756
z,7.185625432,6.517018842,6.762421204,6.55376991,6.274707226,6.613693329
Z600,0.174348395,0,0,0,0,0
zen2,0,0,0,0.033774261,0,0
uzip,4.934359624,5.263148851,5.281619297,5.59967059,5.683408035,5.898340239
Zw,0.797937693,0.549122661,0.764538089,0,1.005172941,0.035045714
Prosalpha4,8.149673536,8.187977031,8.207152375,5.814673074,5.850687338,5.901904404
Dhfr,1.019799334,0.19503084,0.460785459,0.75438697,0.24260175,0.669156436
bs,6.093351096,5.548389363,5.982976908,5.308631239,5.487302691,5.351721847
oc,0.292540976,0.300531207,0.147321929,0.130597294,0,0.102682134
Pp1-87B,8.921986984,8.97794699,8.985240694,8.160580576,8.177481635,8.175365415
Cdk1,1.171483865,1.274134361,1.261622271,0,0,0.503875743
Cdk2,4.229499514,4.530919152,3.894236513,4.321693111,3.887073869,3.874958656
Nrt,7.102435583,6.600303089,6.840964915,6.876991068,6.680507068,6.630261027
tin,0.824342362,0.736253047,0,0.130597294,0.204896494,0
Tm2,0.875744677,0.924055416,0.620641262,0.733985886,0.126394328,0.755742239
nAChRbeta2,8.960905619,9.238874006,9.260652826,8.698436262,8.671000209,8.694948783
boca,4.953924147,5.050249013,5.193234371,4.07233937,4.055422471,4.190747613
blow,1.947896209,1.128912832,1.861572885,0.833223249,0.384278962,0.373031704
nullo,0.045601845,0,0,0.161479554,0,0
kst,0.850272436,1.678152691,1.703873911,1.985806041,0.35014255,0.373031704
5-HT1A,5.693196232,5.834070768,5.878756969,5.591897878,5.631060078,5.870718447
up,1.517322013,0.398839565,0.460785459,0.033774261,0.384278962,0
sc,0.687203533,1.030117199,0,0.2787941,0,0
Mst84Db,0.089806327,0,0,0,0,0.035045714
Mst84Dc,0,0,0,0,0,0.035045714
mts,10.56115,10.60118688,10.56564568,10.12834669,10.09145833,10.0130196
Csp,6.921644823,7.022046282,7.000888102,7.34215587,7.551310079,7.765907427
Ebp,0,0.659006168,0,0,0,0
snRNA:U1:82Eb,0.045601845,0,0,0,0,0
snRNA:U2:34ABa,0.045601845,0.120151752,0,0,0,0
Ser,1.019799334,0,0,0,0,0.035045714
ct,4.089558583,4.276725644,3.780324319,3.9427804,3.736645454,3.759213048
nonA,6.727204644,6.389311542,6.310631375,6.354365057,6.311762412,6.335705675
mex1,1.086768738,0,0.147321929,0,0,0.16728912
Hrb87F,6.14663886,5.020962272,4.795476632,5.375188102,5.276278647,5.639779601
Dpt,0,1.009519467,0.075540634,0,0,0
Syt1,8.263051719,8.017775285,7.99159309,8.625120519,8.918653112,8.939479769
Rdl,10.61900422,10.80686843,10.70865769,10.62778692,10.6633289,10.78054892
T48,1.947896209,0.833207966,1.195435982,0.19171458,0.35014255,0.069260254
Wnt2,4.397189171,4.955167061,4.915971336,2.125490111,3.114484175,2.766186361
HmgD,8.768010012,9.079328356,8.977568891,6.461005241,6.239008878,6.294720657
porin,10.20392881,10.38444108,10.3897572,10.67145819,10.61000824,10.62597929
18w,7.513071727,6.964685436,7.071778977,6.408469114,6.239591723,5.931849481
mei-41,1.533416609,1.555635393,2.918045209,0.889646124,2.082429209,1.377570087
Ptp4E,4.034078348,3.764805885,4.10270092,4.724624531,4.809484767,5.075889521
Ptp99A,8.19685747,8.227530389,8.168590296,7.489576965,7.513012073,7.591118651
Ptp10D,5.675175143,5.685361968,5.861520306,4.835299862,4.748545982,4.234749152
aly,0,0,0,0.033774261,0.085481031,0
fwd,6.281396804,6.573364814,6.622243737,6.539146212,6.637812478,6.522096539
neb,1.251499213,2.161554662,1.053192621,2.036664815,0.714518384,2.143364375
Klp61F,0.628476965,0.520292387,0,0.334057725,0.482093952,1.557068777
Klp67A,2.307422518,1.906976767,1.579646626,3.108879213,2.732559025,3.132612222
Klp64D,7.983152965,7.649486564,7.760776332,7.456105911,7.620964077,7.671968384
Klp68D,8.13787917,7.934009527,7.925502985,7.348250545,7.590446525,7.657633388
Klp98A,5.491715405,5.681298134,5.633693927,5.891517794,5.891313116,5.836362094
bnk,0.329880465,0,0.147321929,0.53610018,0.482093952,0.135347252
RasGAP1,5.705678381,5.50306184,5.338309976,6.4220825,6.112988469,6.238040751
shtd,5.935011471,5.245642095,5.882705585,5.937407509,5.415870773,5.509562529
pdm2,0,0.334050524,0.718149104,1.52167906,1.151098443,2.629552419
unk,5.089368889,5.337337424,5.07397247,6.797198091,6.427292303,6.483764971
CrebA,3.754054905,3.85126661,3.145409019,2.971857974,3.067985698,2.094362876
Vinc,0.254209339,0.120151752,0.075540634,0.161479554,0.983067192,0.069260254
rhi,0,0.041172495,0,0,0,0
Pep,8.587205919,7.918729222,7.91139841,8.630821438,8.55016352,8.55698866
RpS14a,8.384477938,8.660826253,8.750800716,7.813814735,7.757251792,7.807356562
RpS14b,6.445609726,6.664292255,6.55290116,5.144430596,5.308857551,5.41877017
tam,3.174472478,1.791075026,1.161168219,2.408978507,2.163293657,2.472232565
msopa,0,0.19503084,0,0,0,0
me31B,7.365518346,7.596522463,7.62397359,6.59571253,6.5371003,6.752425714
LysE,0,0,0,0,0,0.102682134
LysP,0,0,0,0.488179846,0.714518384,0.503875743
LysS,0.045601845,0,0.215700384,0,0,0
LysX,0.174348395,0.856461751,1.053192621,0,0,0
Cyp1,11.80136403,12.1032491,11.95101434,10.65752006,10.7544672,10.7465318
Galphaq,5.321422176,5.215609025,5.210093336,4.89967907,4.834392596,4.959857217
Ubc6,7.922764222,8.123993435,8.038951857,8.057502279,8.270393645,8.500904891
Ten-m,7.797166329,7.574341915,7.959549702,7.829674135,7.808433823,7.867227579
mew,3.801345179,3.882752588,3.580892274,3.933864083,4.737034155,4.147364989
RpIII128,4.449017284,3.905227438,4.256687635,4.037386549,2.040231221,3.664472816
Su(P),7.286706162,7.363283256,7.428945342,7.399345024,7.354963494,7.452578372
GlyP,4.965833296,5.066543139,4.943955941,8.049269471,8.1405102,8.25044137
Fur1,7.88661105,7.075356498,6.916094712,7.470243034,7.670866746,7.50234055
Ets97D,4.646918751,4.55243779,4.308488006,5.330876773,5.326522101,4.710361842
dy,0.254209339,0.761109441,0.215700384,0.961599966,0.792853288,0.16728912
Mdr49,1.822517503,1.166611482,2.584792649,1.915079231,0.659827649,1.404621044
Mdr65,2.994337654,2.706949919,2.376555991,1.188453103,0.891092845,0.669156436
Oct-TyrR,5.840343248,5.111936154,4.738513545,5.017249066,4.554206827,4.823683092
Gad1,1.501045839,1.185097719,2.168041848,6.630963957,6.865201305,6.923495726
Akh,2.117635196,5.36901164,2.918045209,1.762288373,3.344291506,2.510089469
Dbp73D,2.83465213,2.870076708,3.445074537,2.623797377,2.883392583,2.182964763
slp2,0.254209339,0.041172495,0.147321929,1.030134977,0.085481031,0
aos,1.04246964,1.826833554,0.895375166,0.19171458,0.043373527,1.140696948
5-HT7,4.874021933,4.261563014,4.481626426,5.105256926,5.170216611,5.151694455
Rop,8.519381036,8.779724289,8.858813656,9.313727347,9.055033194,9.366951606
Syn,7.757251056,7.668087461,7.586939583,7.881169027,8.034336164,7.951759018
Pxd,0,0.041172495,0,0,0,0
Cbp53E,6.417701024,6.321474533,6.321338946,10.31851961,10.32762916,10.38866294
bgcn,0.401779573,0.334050524,0.809481815,0.161479554,0,0
ex,0.132696544,0.120151752,0.343441058,0.692297297,0.315178801,0.035045714
Rrp1,7.427116248,7.227187933,7.049119316,6.750355436,6.374668818,6.341841701
B52,8.363108714,8.441346826,8.183338885,7.578792379,7.593185488,7.711093933
Eig71Eb,0,0,0.147321929,0,0,0
Eig71Ec,0,0.041172495,0.215700384,0,0,0
Eig71Ed,0,0,0.075540634,0,0,0
Eig71Ee,0,0.041172495,0,0,1.110889535,0
pros,11.79134714,12.01872032,11.73922754,11.38439925,11.40832226,11.38417507
CycC,5.56889724,5.751976463,5.702326566,3.94943166,3.884094722,3.964032338
Fur2,4.902183982,4.907257267,5.3667813,5.670488796,5.418961679,5.691492932
zfh1,1.782675972,1.050424986,1.903635333,1.700545187,1.485799341,2.652302222
zfh2,7.146920224,6.902158357,7.027882032,7.716276115,7.439325656,7.689431357
Plc21C,6.977858797,7.211492731,7.111017474,7.180767155,7.175010272,7.396834399
gl,1.212046198,1.185097719,1.579646626,0.559476377,1.02694508,0.069260254
GluRIA,6.754494448,6.524750728,6.679353934,6.153955538,6.479051213,6.303280884
GluRIIA,0.598192202,0.398839565,0,0.033774261,0.891092845,0.45295311
TkR99D,4.628306421,3.991781134,4.350911629,1.924112038,2.495477966,2.452924959
Gbeta76C,0,0,0,2.415398548,1.532209851,0.229126454
Cys,0.174348395,0.36680871,0.147321929,0.46360926,0.279346616,0.45295311
rho,5.257457171,5.292218138,5.508106616,4.350456002,3.749797882,3.782601531
Rap1,6.810052072,6.853869251,7.00330812,6.767080811,6.599275763,6.797770042
drk,4.779346434,4.98580596,4.931302918,3.986553666,4.028693481,3.936493378
Zw10,5.151951792,4.821232746,5.295508592,6.589693499,6.487418211,6.190259774
hh,0.254209339,0.081202514,0,0.099039483,0.204896494,0
ogre,4.251558024,4.055963675,4.30456873,3.234008068,3.829390514,3.245389849
N,2.01820582,1.884529365,2.720411553,2.22386743,0.767211364,1.321897267
svr,8.09328015,7.942014072,7.912042528,8.932063646,9.00131359,9.049016134
yl,2.180307622,0.430174687,2.623061777,0.066775902,1.532209851,0.135347252
fs(1)N,0,0,0,0.066775902,0,0
fru,7.629716362,7.022046282,7.361222429,8.884844723,9.040640454,8.939262988
Pgd,1.019799334,2.104426839,1.984250833,2.259987662,2.294739378,2.822435295
wapl,5.302763453,5.189522721,5.069360289,6.628893705,5.974197046,5.898340239
fs(1)h,7.871654875,7.547356437,7.599790029,8.049527458,8.010457971,8.124282024
mys,6.001604457,5.702306164,5.786227603,6.722796674,6.606523762,6.678852258
sim,0.254209339,0.041172495,0,1.063219023,0.126394328,0
Mlc-c,7.847719573,8.123394467,8.214220442,6.241016961,6.351129504,6.172171881
Xpc,6.855169951,6.556602143,6.401503914,6.175863916,6.106612652,6.177082906
Ccp84Ag,0,0,0.147321929,0,0.043373527,0.102682134
Ccp84Af,0,0.041172495,0,0,0,0
Ccp84Ae,0,0,0,0,0.085481031,0
Ccp84Ac,0,0,0,0.033774261,0,0.069260254
Ccp84Aa,0,0,0,0.033774261,0,0.035045714
inaC,0.132696544,1.69114504,1.471938095,1.397465162,2.556629725,1.898947794
retn,0.503325831,0.430174687,0.516062327,1.247216179,0.417626289,0.776600407
mdy,1.769147149,1.791075026,1.605362592,1.261540434,0.043373527,0
fs(2)ltoPP43,7.087864971,7.106300747,7.124419276,5.947963653,6.138213648,5.936490861
His3.3B,6.234788588,6.553937511,6.301811137,5.514022019,5.616773771,5.692179221
Xpac,5.929700855,5.632459893,5.747776343,5.927896617,5.000408483,5.928941018
Su(H),5.105607406,5.069033674,4.876914045,4.504431484,4.676334423,4.371281437
Hrb27C,9.177613573,8.360294263,8.150690633,9.094528441,9.22448199,9.081530376
otk,6.566875753,6.323040386,6.515243911,3.997292564,4.414596026,3.486013395
TkR86C,4.354795871,3.798214159,4.11617984,4.805059098,5.416901811,5.232233289
RYa-R,0.900774972,2.003879786,1.679869498,2.595806673,2.705812538,0.198539073
Ac76E,8.231336624,8.604748458,8.541746813,8.669186195,8.595718436,8.664060831
B-H2,0,0.300531207,0.280984078,0.130597294,0.279346616,0.600626626
RpII15,6.033782639,6.296718317,6.297873655,5.457594558,5.430238681,5.212276949
Bx42,7.796958017,7.171780735,7.237688503,7.003824397,6.837747911,7.013557714
elB,5.141489278,5.465745689,5.165411283,5.000266219,5.278549241,5.445880523
ci,2.854005383,2.817724095,2.876406888,2.22386743,1.283610278,1.307636778
ph-d,5.211932395,4.995003143,5.169726839,4.44918538,5.111565672,5.054699027
ph-p,4.455366818,4.554216605,4.256687635,4.557639805,4.627292075,4.149365487
bap,0,0,0.075540634,0,0,0
C15,7.856941767,7.552260124,7.333602018,7.106335331,7.212010152,7.272024167
hop,4.368318291,4.143641763,4.392123305,4.348779848,3.968086182,4.19268889
Eip78C,5.20943019,4.989754791,4.961485785,4.538651277,4.870966138,4.597667515
RpS2,9.349101068,9.554948514,9.622714193,8.444262263,8.377015822,8.416832801
Gdi,11.39757211,11.28903057,11.25815966,9.815269979,9.686058056,9.782315884
bab1,3.824421438,3.669552836,3.674972442,2.434489017,3.0521471,3.592777497
piwi,1.399333176,0.120151752,0.075540634,0.306690511,0.315178801,0.229126454
enc,7.744345065,7.493677393,7.381363607,8.25890382,8.062774356,8.109201453
cdi,7.53995827,7.09626307,7.121080479,7.378548965,7.189562357,6.836465119
cas,1.289901972,0.490874211,0.718149104,0.488179846,0,0.198539073
scrt,8.113160792,8.258137586,8.240613822,8.644719831,8.954685825,8.716866569
orb,3.639761709,3.656363675,3.409023783,3.120713775,3.370072664,3.460459539
tok,5.142801249,5.04393271,5.28560133,4.178061717,4.780939628,4.500711156
Scsalpha,8.761619392,8.731605978,8.805211143,9.792715594,9.684453562,9.79051083
tws,6.470901037,6.086014477,5.948229512,6.131709329,6.270720721,6.202835866
bowl,0.949569261,0.80957322,0.147321929,0.033774261,1.090356876,1.650428231
fd59A,0.628476965,1.390218998,1.126066663,2.459556263,2.487648473,2.817411421
fd96Cb,0,1.482787903,0.764538089,0,0,0.069260254
Prat,1.796079106,1.221374389,1.090089724,2.295225609,1.131134066,1.604503555
Rb97D,7.719720782,7.611335886,7.758271095,7.692188903,7.844130721,7.985044192
14-3-3zeta,10.71950165,10.8652402,10.65555782,10.90446997,10.93380716,10.87624542
Arl2,5.767369652,5.913130912,5.973134183,5.320652209,5.431259506,5.333361896
Eip63F-1,0.329880465,0.80957322,0.569299184,1.473269147,1.69064652,1.738111668
Eip63F-2,0.43642859,0.334050524,0.280984078,0.099039483,0.166179293,0.102682134
Gnf1,5.313288662,5.258792038,5.076273043,5.343556412,5.160400357,5.39367436
Hnf4,1.782675972,2.014255748,1.443705866,1.721421233,1.69064652,1.091603205
TfIIB,6.873066467,7.216556263,7.154125753,6.736321382,6.692902663,6.863830657
gol,6.343190921,6.689599457,6.650309546,6.224202767,6.128176441,6.003824411
Ggamma1,9.456862724,9.744880405,9.5843347,9.858280446,9.962308108,10.02624534
Top1,6.636516965,5.676406373,5.88795365,6.287692675,6.449126619,6.316694461
eIF-2beta,6.230475852,6.328247657,6.53126369,5.073133646,4.720427689,5.337754553
upd1,0.503325831,0,0.075540634,0.099039483,0.043373527,0.229126454
por,6.212470176,6.12782512,6.319398016,3.433800547,4.073842413,4.204282015
phm,0,0.081202514,0.280984078,0,0.043373527,0
gig,4.726075199,4.837392748,4.700243734,4.385212735,5.125507746,4.678853762
Sam-S,8.214278049,8.316029386,8.393037293,8.289042207,8.407420472,8.393602969
nmd,6.876619284,7.13600143,7.170907114,7.077276127,6.922949911,6.944673097
Su(fu),6.30619878,6.186347445,6.479187591,5.40372145,5.809669562,5.852415061
ash1,4.914526132,4.516392987,4.792681266,5.113177217,5.114110637,4.963272775
fs(1)M3,0.329880465,1.239176293,1.903635333,1.218133808,0.085481031,0.16728912
Yp2,0.329880465,0.460843657,0,4.198679555,4.569123073,4.232863691
U2af50,7.885239972,8.051383254,7.964526017,6.7006271,6.39521689,6.215780649
ewg,6.180888201,5.894295073,6.01450976,6.038607,6.103414145,5.957765116
RpS17,7.898698338,8.242363588,8.2887745,6.639558169,6.797938985,7.079302627
Mbs,6.616825256,5.802240575,5.872151832,6.117506171,6.199411927,6.529795718
ey,1.947896209,1.69114504,1.471938095,1.218133808,2.643755906,1.249141988
sv,0.214831388,0.158077041,0.895375166,0.813914366,0.482093952,0
Shal,5.62723881,5.18493743,4.787074234,6.320131476,6.344100563,6.406415638
Calr,10.62124141,10.50401637,10.5666176,8.560514943,8.162499235,8.34151317
Rab3,10.7724291,10.67319167,10.61948383,11.94392985,12.02932588,11.98072324
scw,0.174348395,0.490874211,0.075540634,0.582479838,0.043373527,0
btl,0.254209339,0,1.727485453,0,0.126394328,0
RpL7,8.883755839,9.172242105,9.275745754,7.987325979,8.062444965,8.029439719
yem,4.557274355,3.913566054,4.133958049,3.658802769,3.568686387,4.918227055
Sox14,3.457771073,4.25063416,3.687065381,1.497677144,1.301584745,0.93342433
Sox15,0,0.158077041,0.343441058,0.099039483,0.482093952,0
trpl,0.292540976,0.158077041,0,0.033774261,0,0
msl-2,6.535754721,6.26828243,6.423355035,6.887996946,6.628941872,6.420151064
msl-1,2.298032348,2.93704999,2.918045209,2.053226971,2.936123263,1.705851653
Hdc,1.580650349,0.041172495,0,1.88763644,2.276678885,0.229126454
Psc,6.226768932,6.19606436,6.278023419,4.738772272,5.345056681,5.577254693
ple,1.699531977,2.114106622,1.385527878,2.402529768,0.482093952,0.102682134
robo1,9.071474469,8.646306402,8.506141646,8.424108172,7.963953257,7.911660058
faf,7.609693788,7.60791441,7.342708451,7.167754292,7.162463061,7.205561972
fln,0.214831388,0.231061681,0.403305984,0.46360926,0.714518384,0.069260254
nvy,5.610267277,4.862016605,4.755839864,4.026943055,4.548573234,5.203638997
slbo,0,0,1.195435982,0.033774261,0.043373527,0.035045714
Eip63E,5.08664461,5.08265529,4.747202715,5.299115418,5.309967945,5.092620631
wdn,5.374876628,5.178032051,4.961485785,4.719445304,4.828205838,4.793300597
Pabp2,6.194869518,6.25303033,6.228203849,5.018303885,5.126768551,5.25098607
Rox8,6.971965937,6.746330157,6.794912485,6.329934986,6.609232401,6.237100476
PCNA,3.575147986,4.012631852,3.889011294,3.023202149,2.103074201,2.352309697
Ets65A,1.231907565,0.924055416,1.126066663,1.625004195,1.190217021,1.04077981
Ets98B,0.292540976,0.879346663,0,2.053226971,0,0
Ets21C,0.771040734,1.128912832,0.718149104,0,1.090356876,0.646672929
Crys,0,0,0,0,0.543803643,0
bt,1.064789212,1.090202596,0.516062327,2.209162262,0.450220187,2.043638334
Cyp4d1,0,0.158077041,0.764538089,0,0.043373527,0
Vha55,9.571999416,9.475450796,9.383593661,10.77374698,10.68494139,10.56525366
spi,9.255632341,9.429430466,9.465626146,8.507414528,8.782393455,8.757106457
GluProRS,5.142801249,4.813827022,4.844888579,4.589215608,4.916874938,4.32247043
dac,0.925378394,2.09468167,2.376555991,2.538141418,2.338925554,2.646648315
pie,4.78607905,5.154772451,4.966455437,4.705105807,4.964191721,4.704931372
Aef1,5.550232626,5.15125094,4.94898624,6.680778729,6.879856609,6.949273469
gcl,5.749396064,5.543920162,5.50980971,6.69272049,6.547493841,6.572540679
DNApol-alpha73,2.441399601,3.411461341,2.876406888,3.255637123,2.615294494,1.350002208
noc,6.010255725,5.80448422,5.862853539,5.348597228,5.469525125,5.584665808
Con,8.708341812,8.24635767,8.219954115,7.762175179,7.57920814,7.655523585
PpD3,6.547689645,6.740483033,6.505033728,5.873561475,5.9155883,5.923106442
PpD5,0.292540976,0.158077041,0.280984078,1.127194515,0.573696073,0.895787384
PpD6,0,0.158077041,0,0.033774261,0.315178801,0.035045714
betaCOP,7.671448714,6.814336299,6.944076947,6.576863813,6.836592605,6.437036115
hbn,1.641315334,1.611375695,0.075540634,1.17338058,0.602981688,1.592790272
E5,0.567258051,0.041172495,0,0,0.043373527,0
lbl,0,0,0.075540634,0.066775902,0,0
CanB,10.29303555,10.5047352,10.49775543,10.12709437,10.22827646,10.26749329
CanA1,0,0.430174687,1.015327048,0.19171458,0,0
Cyp4g1,0.292540976,0.081202514,0.516062327,0.066775902,0,0.035045714
GstD2,0.366277874,0,0.147321929,0.099039483,0,0
GstD3,2.441399601,3.062334242,2.844370035,0.306690511,1.209385607,1.074860222
GstD4,0,0.041172495,0,0.033774261,0,0
GstD5,0.045601845,0.520292387,0.403305984,0,0,0
GstD6,0,0.041172495,0,0.033774261,0,0
GstD8,0.771040734,0.80957322,1.414910112,0,0,0.553062079
Itp-r83A,3.15899495,3.528283795,3.528089392,4.522386519,5.024959444,4.610794045
Jhe,1.150766861,0.632309912,0.215700384,0.889646124,0.043373527,0.755742239
Jheh1,0,0,0,1.247216179,2.211624936,1.20365991
RpL23,8.303060406,8.314324699,8.358247132,7.118928428,7.24228007,7.41357685
gammaTub37C,0.089806327,0.158077041,0.569299184,0,0,0
Acon,9.040839043,9.157690282,9.11048331,10.07880866,10.29442466,10.44530278
comm,7.744561114,7.749139516,7.632597011,6.974233576,6.846192011,6.68023658
dpn,0,0.041172495,0.215700384,0,0.204896494,0
hdc,5.783440745,5.974198082,5.8002127,6.360200505,6.600183757,6.634908926
hig,4.726075199,4.645486827,3.970425371,6.214571672,6.30398136,6.83708581
RpA-70,5.409079973,5.354793204,5.391009969,5.15406004,5.272866041,5.627633035
Wnt5,4.736540434,4.538127753,4.575689561,4.363795583,4.210926427,4.681621077
Gyc32E,1.064789212,1.624980653,2.097309615,0.066775902,0.35014255,0.400167095
RpS15Aa,7.851736468,8.229340714,8.104945066,6.451274931,6.578232611,6.403904177
Sod2,8.496472834,8.643593694,8.688065782,8.012952693,8.10688518,8.203918523
alpha-Cat,7.579250185,7.738422588,7.726399862,6.337983591,6.859145539,6.511637039
ATPsynbeta,11.93783918,12.1306855,12.29219516,12.35028893,12.35225694,12.26347279
Dbp45A,4.594186888,4.263738885,4.30456873,3.997292564,3.847856687,3.592777497
Nmdmc,3.034472531,3.717965346,3.625560804,4.010074607,3.424399841,3.630503376
Galphaf,1.434040296,0.80957322,0.460785459,0.334057725,0.315178801,0.373031704
Gel,3.787991105,3.839644625,4.06612905,4.00156584,4.303030224,4.359232632
GstS1,3.729815473,3.423189278,3.867919088,6.606974795,6.320603957,6.682310577
HmgZ,8.697446061,8.784657382,8.791799705,8.514440327,8.425718949,8.383759278
Klc,7.281653079,7.387181799,7.51879936,6.532885972,6.56154725,6.500709454
Lac,4.176678909,3.919098475,3.644289046,1.331102989,0.867152957,1.188174903
Lcch3,7.917216595,7.953348568,8.000402815,7.423433264,7.259624656,7.463473284
Mdr50,0.687203533,0.041172495,1.126066663,0.161479554,0.204896494,0.102682134
Myo61F,0.045601845,0,0.215700384,0,0,0.035045714
Parp,5.581530042,6.157968028,5.808539146,5.542162687,5.725625611,5.514227252
Rbp4,0.366277874,0.158077041,0.620641262,0.033774261,0.482093952,1.307636778
Rbp9,9.021980177,8.935072887,8.758700403,8.936464513,8.978799118,8.752343096
RpS13,8.302767,8.571101341,8.586011003,6.476822234,6.402522312,6.550380576
Dsor1,7.358759845,7.075356498,6.973996486,6.523630105,6.783622332,6.601324182
Ssrp,8.098867641,8.284630774,8.244199049,7.572343142,7.224135539,7.23999735
Taf4,4.911450479,4.635439495,4.90565901,4.714247417,4.906635386,5.041833704
TfIIFalpha,6.495243124,6.288192805,6.204212318,6.320131476,6.5371003,6.42635147
Trf,3.567352553,3.896840345,3.722747647,3.241253842,3.003560486,2.433355449
Uch,8.481125747,8.867290303,8.768158856,7.12481677,7.374731269,7.297504221
bys,4.986440645,5.032493207,5.222609518,4.48625017,4.135268601,4.225297105
ng4,0.045601845,0.041172495,0,0,0,0
brat,8.313729071,8.030769673,7.914294677,5.954039987,6.154376624,6.16921722
hep,5.144112028,5.072761434,4.720976611,5.463802319,5.453536815,5.493903614
pigeon,7.092625066,6.876084056,6.98750495,6.138516301,6.005376466,6.310897217
corto,8.057902798,7.958730797,7.593780632,8.01863015,8.133784895,8.153355473
Cks30A,0.401779573,0.158077041,0.569299184,1.782295868,2.431618982,0.970104318
CycD,2.335231794,2.328839894,2.732131067,1.142754737,1.090356876,1.870125237
dap,1.191907582,1.918070837,1.499628432,0,0.043373527,0.478639091
CycJ,4.912989126,5.267492546,5.158913647,5.542895869,5.72062425,5.792873153
Gsc,0.715694033,0.988623391,0,0.774503582,0,0.035045714
woc,6.22429235,6.027672548,5.796031387,6.627857464,6.506431692,6.660383471
Tbh,9.07319574,8.392468475,8.31628517,7.238933165,7.710086937,7.85731805
Rac1,8.994993185,8.968306572,8.851277012,7.198557572,7.193177559,7.257954986
128up,6.858367822,6.977999,7.269703379,5.669817687,6.049256109,5.776139859
140up,5.176500332,5.539437073,5.398383817,5.414177452,5.121718705,5.484426029
Cdc42,5.026792762,5.133513283,5.20168848,4.033218219,3.762831488,3.823267279
Map60,7.886023604,7.841623408,7.934090287,6.37468669,6.368287001,6.574775297
Arf79F,8.2874271,8.532483367,8.509124798,7.479463752,7.42197053,7.643509402
CdsA,7.500334053,7.832307466,7.761491316,8.755215247,8.704739597,8.76788894
Nc73EF,7.49366575,7.720316195,7.594583333,8.848017086,8.787085876,8.917271889
Taf1,5.612162893,5.567010274,5.669180576,5.486084149,5.749557409,6.247409943
Taf5,4.741744721,4.592805709,4.519314502,3.929385175,4.784139344,3.910779046
betaTry,0.045601845,0,0,0,0.085481031,0.229126454
Akt1,3.329991867,3.592013895,3.394347403,1.668653552,1.562340969,2.729214923
AP-1-2beta,9.303416857,8.666901833,8.70358863,9.339750155,9.237670919,9.020063405
CycE,0.824342362,0.334050524,0.075540634,0.066775902,0.842809102,0.600626626
Cyp18a1,0.329880465,0.231061681,1.090089724,0,0,0.600626626
Def,0.254209339,0,0,0,0,0
Dbi,0.292540976,0.041172495,0.075540634,1.752179603,1.757286554,2.571057113
Dro,0.470264926,0.430174687,0.215700384,0,0.085481031,0
htl,1.923677036,0.685217387,2.003720007,1.602674079,1.74420253,0.600626626
Gtp-bp,6.797195366,6.410087593,6.536285833,7.091878893,6.870855592,6.739204043
Itgbn,0.743632778,1.437245771,1.015327048,1.303679131,0.315178801,1.124517283
LamC,1.983479289,1.357994016,1.526797288,1.933088642,2.80994611,2.086031671
Lrr47,5.610267277,5.790969713,5.812684416,3.359170326,3.88110941,2.685768111
Nmdar1,5.619720544,4.739165301,4.963972751,6.567166116,6.613285848,6.731880141
Os-C,0.045601845,0,0.075540634,0,0,0
Obp83b,0.045601845,0,0,0,0,0.345376129
RNaseX25,5.903624655,6.135568617,6.054731721,5.895541702,5.959412786,5.830139999
Ror,7.898504183,7.938102503,8.076497613,6.306380033,6.024442317,5.683922126
RpS9,7.453788442,7.614109872,7.710566558,6.397566223,6.603810028,6.588848069
RpL18A,9.11323279,9.357651968,9.461121875,7.809860568,7.939409064,8.064978625
RpS18,7.365237373,7.510037678,7.563352337,6.012377535,5.968582797,6.14285152
RpS19a,7.235360781,7.465597323,7.497069706,5.85124118,5.693653494,5.851800931
SerT,4.685240111,3.946446752,2.948503801,2.322809099,5.736402778,3.780021456
Sdc,9.164593888,9.026968289,9.089994359,8.242072285,8.261811908,8.256718178
TH1,6.211845264,6.14740112,6.179815058,5.821336195,5.641682728,5.531970258
Taf6,6.777904008,6.723588731,6.806044433,6.424073679,5.855258221,5.827643628
TfIIFbeta,5.299237916,5.57841821,5.646136358,4.090506579,4.565408445,4.30642384
TfIIS,6.917818185,6.88777004,7.159017903,6.084147203,5.787519634,6.364837367
TpnC73F,2.269489461,2.142762288,2.133109169,0.53610018,0.482093952,1.508021199
epsilonTry,0,0.041172495,0.215700384,0,0,0
mtrm,0.875744677,1.030117199,0.936477292,0.961599966,0.792853288,0.035045714
ato,3.705161811,3.692347652,4.373536533,0,0.085481031,0.035045714
cora,6.591105874,6.30624968,6.285996318,7.259151209,7.140473471,7.269727126
emp,1.451085688,2.189292071,0.620641262,0.833223249,0.573696073,0.102682134
mtSSB,4.202072893,4.298113787,4.377273094,4.248071837,4.137772131,3.945731563
pll,1.923677036,2.337129237,1.818247164,1.602674079,2.998059566,2.80223397
trn,6.598774347,6.602883522,6.47046828,4.776666394,4.705316659,4.931075306
Wnt4,1.782675972,1.526936274,2.477482248,1.127194515,0.24260175,1.470109264
Fkbp14,1.983479289,2.45607215,0.976440789,1.657864397,1.469991358,2.167254804
tutl,8.408810654,8.382741179,8.19476549,8.336118059,8.471839666,8.433961672
l(2)01289,0.850272436,0.736253047,0.147321929,0.334057725,0.513278718,0.229126454
NAT1,8.194645266,7.960911604,8.013667399,7.551181764,7.566023804,7.702093159
dmGlut,1.467932039,0.158077041,0.853067622,0,0,0.035045714
Dcp-1,5.439291436,5.592336031,5.712715293,4.629809569,4.307484608,4.719816254
kermit,2.970891968,2.565951338,2.491340747,2.740886725,2.018660167,1.20365991
wal,6.355691018,6.434437104,6.629311541,5.926211697,6.126916866,5.964598045
Bka,5.31678007,5.565247173,6.009703186,5.009843657,5.67481422,5.026677705
Ccs,3.33917696,3.177602739,3.75756864,3.540440658,3.887073869,3.014661476
Aldh-III,6.837858881,6.764499178,6.566057005,6.928677258,7.007511884,7.169791855
l(2)03659,0.089806327,0.266214546,1.015327048,0.099039483,0.891092845,0.669156436
Phb2,9.393038435,9.518397783,9.479707079,9.507685996,9.486046379,9.515050674
sbb,8.031762615,8.060485914,8.030078443,7.836567517,7.860517008,7.895660677
dock,9.648459678,9.146163369,9.036501947,8.0566041,8.081588974,8.179286894
Prosbeta1,8.060334754,8.107884775,8.113931046,6.114056771,6.353285383,6.590689572
Sply,5.559103866,5.096149496,5.743440027,8.101339602,8.05368858,7.857012059
lwr,7.760032201,7.948115316,8.073045914,6.937067942,6.630720362,6.640253345
l(2)05714,4.50518146,4.496177645,4.457120132,5.660389232,5.585937343,5.377551548
Hmgs,6.412271513,6.410087593,6.646444014,6.56391901,7.002026038,6.602784892
ATPsynG,8.684329175,8.705931471,8.937004278,8.938764382,8.53398019,8.856425285
CG10939,2.516193474,2.478727689,2.218904359,2.612666178,1.676941004,2.190756053
Cct5,8.85382691,8.671108829,8.75726731,6.555587493,6.408236448,6.310450309
DCTN3-p24,6.982262699,7.130050376,7.139898969,5.523710986,5.634609659,5.851800931
Sec61beta,7.862327465,8.079756235,8.045130933,6.34892521,6.123131528,6.199460765
MFS14,1.935837444,0.833207966,1.679869498,1.896842161,2.415202588,0.755742239
Nup214,4.825827994,4.55599323,4.526062345,3.417901791,3.480704987,3.636220785
l(3)01239,7.27926902,7.459677878,7.562532065,6.139970768,6.343558455,6.316694461
Srp54k,7.020947633,6.799040101,7.149763205,6.421285259,6.652768451,6.286563846
atms,6.26160594,5.895698785,5.992752936,6.1852865,6.119969476,6.125680393
simj,6.49934586,6.130808309,6.121973044,5.44038419,5.612280131,5.681850447
sqz,1.848480104,1.37419648,1.924215439,1.762288373,1.02694508,1.307636778
ppan,4.527450732,4.55776767,4.941434198,4.8543265,4.179680593,4.129234573
Xe7,7.64784868,7.638000149,7.484999048,7.908165017,8.137855105,7.989936504
Ref1,9.316628148,9.1652028,9.336746892,7.560987138,7.458478659,7.500774461
l(3)02640,4.806090412,4.212844319,4.44292734,6.89346856,6.641786525,6.763569642
TrpRS,6.274829969,6.462650733,6.624603521,5.931260567,6.231996312,6.014838799
l(3)03670,6.68864941,6.75408964,7.021330008,8.066453442,7.960068285,8.129865183
unc-45,4.920657837,4.55243779,4.839481196,5.160762611,4.582049465,4.698114413
Gug,7.449553889,7.097788427,6.701877701,7.128240569,7.20725051,7.342788679
l(3)04053,6.143365421,5.550173174,5.878756969,6.450493664,6.570377455,6.390012444
l(3)05822,4.807745564,4.684990717,4.755839864,4.590634581,4.899276668,4.807305377
sinu,4.654296966,4.344080501,4.679208556,3.586683197,3.884094722,3.857933158
Spn,7.691982788,7.758620727,7.579660587,7.813662852,7.926616678,7.947454034
msn,6.628110551,5.628244054,5.802993525,4.984161163,5.278549241,5.305824781
l(3)07882,4.905279433,4.864886091,4.639310394,4.206104492,4.364173793,4.9644095
SsRbeta,6.712701273,7.047527575,7.162811472,4.848407586,4.707003499,4.812364505
Sas-4,3.0231189,2.530246779,2.491340747,3.068714489,3.527277047,3.993284694
dia,3.658227777,3.24523244,3.287206729,5.127911575,5.223043657,5.048280706
cue,6.044351161,5.618925614,5.848119768,6.816124086,7.115923142,6.984997721
fbl,5.462593002,5.755846267,5.559989495,6.236945022,6.228477205,6.029032929
bol,7.811055169,7.919074383,7.825798749,9.126184006,9.108021556,8.981703138
pelo,7.369166024,7.440330325,7.29806949,5.855378845,5.725625611,5.692179221
blw,11.71134345,11.46234257,11.48277764,12.0568025,11.97329749,12.07049028
eff,9.374032641,9.574033561,9.60150733,7.688217824,7.825228236,7.714307
heph,6.896199395,7.158394174,7.076383444,7.306764755,7.246345832,7.156177145
jar,3.787991105,4.219585449,3.180048673,5.328327417,5.199270882,5.114289817
ox,5.43715433,5.040129612,5.269606823,6.506818413,6.089255859,6.146862256
poe,9.586354022,9.725523988,9.632127198,8.894355503,9.103786151,9.085127278
scat,4.874021933,4.967233805,4.601475531,4.944759289,4.636172799,5.247254964
ken,0.850272436,0.19503084,0.460785459,0.387282298,1.940515547,0.102682134
ms(2)35Ci,0,0,0.075540634,0.066775902,0.043373527,0
cbx,5.454163186,5.623168731,5.541792261,6.550857005,6.707301086,6.779480085
Hsp60B,1.995147922,0.300531207,1.903635333,0.19171458,0,0
Sema-1a,9.135563099,9.374865126,9.157415121,7.904604112,7.805287595,7.996619096
Sema-2a,8.185284954,8.117391073,8.180133845,6.044314039,6.363482043,5.751987415
RpL13,8.395113827,8.524225826,8.539455862,7.557000397,7.396585658,7.626735076
Dif,1.65609121,1.203350074,0.718149104,3.486582156,3.174238936,2.8765732
HLH3B,0.715694033,0.924055416,1.015327048,0.512338969,0.983067192,0.914728587
HLH4C,0.366277874,0.158077041,0.460785459,0,0.450220187,0.478639091
Obp69a,0.174348395,0.266214546,0,1.188453103,0.573696073,0.755742239
Obp19d,0.045601845,0.081202514,0,0.033774261,1.069527769,1.108154106
Obp83a,0,0.605110328,1.228908645,0.413175903,0.315178801,0.528678517
Obp84a,0.214831388,0.19503084,0,0.033774261,0.043373527,0.069260254
Obp28a,0,0.19503084,0,0,0,0
RpS4,9.616649648,9.7861462,9.938538103,8.007385617,8.272815885,8.105728539
RyR,4.596103736,4.516392987,4.559336105,6.588628706,6.529494051,6.651236134
Snap25,5.033881216,5.309171985,5.402056655,6.665037832,6.647507558,6.480590433
TfIIA-L,6.759206847,6.220914269,6.135273926,6.21641113,6.080823818,6.27698891
Taf12,7.161556634,7.336141713,7.317647667,7.442811282,7.409851878,7.518682662
Taf11,4.181793591,4.486894371,4.492003018,3.54337465,3.088836921,3.314769152
a10,0,0,0,0.306690511,0,0
a5,0,0,0,0.033774261,0,0
l(2)efl,1.345654897,1.638458511,1.293610521,1.344621878,1.388243933,1.023432869
l(2)not,5.747672557,5.66657281,5.869501286,4.774170851,5.800218346,4.759647735
babo,5.195589948,5.217855264,5.275625562,6.046383742,6.015621639,5.781954143
Rsf1,9.332165517,9.32754587,9.242714485,8.086832765,8.005497468,8.189773355
Uch-L5,8.28193006,8.230314564,8.310189715,6.602058368,6.647946699,6.691263599
l(3)j2D3,3.287919547,3.685871515,3.541472396,3.200944058,3.19361957,3.453999721
OstStt3,9.243071624,9.016280445,9.146782567,7.032559473,7.202176126,6.816145874
ND-ACP,8.247891072,8.52569981,8.504647753,8.38681991,8.340125725,8.41423544
ND-SGDH,7.832555813,8.1506928,8.199258139,8.6808076,8.821654859,8.869681614
Set8,5.301589231,5.041398426,4.931302918,4.669292503,4.414596026,4.196563625
l(3)neo43,4.779346434,5.042666124,5.163248654,5.537755753,4.840552936,5.600106323
Ssdp,7.948499813,7.31400224,7.079253792,7.546253972,7.730134074,7.698169623
SrpRbeta,7.074521286,7.236080547,7.313753229,6.269646195,6.218459532,6.055409642
etaTry,0,0,0,0,0.043373527,0
zetaTry,0.089806327,0.041172495,0,0,0,0
Acp36DE,1.565076965,2.417503913,0,0.713292167,0,1.91784782
Smyd3,5.603612941,5.79172385,5.872151832,5.508027072,5.255680867,5.145694335
can,0,0.231061681,0,1.668653552,1.881987279,0.400167095
cpb,6.487518905,6.650223297,6.619880087,5.268413353,5.091042703,5.470091878
caz,1.755490258,1.940006276,1.773579932,1.67936262,2.092788633,2.127214766
Cdc37,7.881708348,7.930418623,8.054204328,6.973689903,6.883217564,6.642740648
Cyp4d2,0.174348395,0.430174687,0.343441058,0.512338969,0.602981688,0.16728912
Ms,3.507504182,3.355433935,2.435089642,5.058851619,5.864356771,5.599374795
Dop1R1,7.417392252,6.557489262,6.598431143,7.306980575,7.775855038,7.35973449
Trp1,7.495207327,7.744083253,7.767554413,6.998756425,7.036981486,7.087933452
e(r),6.299744124,6.478662305,6.460815778,5.995872483,5.499033854,5.447507315
Elk,3.482851919,4.022945283,4.395812096,5.702340332,5.115381438,5.310301956
fng,2.371496125,1.291300791,2.185196033,1.384434689,0.513278718,2.017591203
fra,6.239701694,5.937187354,5.912624525,5.576225686,5.540304112,5.724072008
fzo,0.598192202,1.14788529,0.280984078,0.221328946,0.126394328,0.951880893
ine,2.210651584,1.109687544,0,2.101802308,2.816211499,1.908428757
Iswi,6.071472387,5.933775181,5.548436024,5.18350929,5.224222075,5.465282003
Klp3A,0.949569261,2.014255748,1.414910112,0.306690511,1.928998307,0
La,7.443444862,7.531190467,7.341274409,7.435723036,7.480589305,7.21585985
lark,9.749552637,9.597998385,9.597007997,8.946612036,8.888217056,8.867708507
Zyx,6.386475479,6.931538344,6.66719591,5.84173886,6.045261131,6.199460765
Mad,4.895973086,4.851928217,4.642418964,4.830503734,4.748545982,5.081138866
mas,0.470264926,0.549122661,2.55870404,0.033774261,0,0
Med,7.244249987,6.131999859,6.175529618,6.429634401,6.505947284,6.676079622
Mef2,3.7778938,4.164753286,2.948503801,7.81016512,7.931314388,7.844873222
Mlh1,2.898178234,2.104426839,2.463489333,2.735765654,2.239865136,3.21896392
Pms2,3.925452123,3.761730055,3.920082447,3.706700307,4.112539163,2.942662077
Moe,8.444357626,7.803245426,7.815163159,8.197601336,8.074255926,8.096296735
msi,7.292923869,6.83350595,6.898001035,7.190391859,7.012976949,7.071147577
Mvl,4.947932503,4.653806482,4.858319024,4.396614694,5.217137087,4.988076138
insc,0.089806327,0.430174687,0.516062327,0.066775902,0,0
Nos,4.034078348,3.56403637,2.958515421,4.561986507,4.727093231,4.246010468
pav,0.973361179,0.549122661,0.403305984,0,0,0.317180035
Pdh,0.996767095,0.266214546,0.516062327,2.259987662,2.877412853,1.879796878
EbpII,0,0,0,0.033774261,0,0
EbpIII,0.045601845,0.36680871,0.460785459,0.53610018,1.246975234,1.495494259
repo,0.949569261,0.901874222,0.809481815,1.063219023,1.228302843,0.857142206
RnrL,2.159717845,1.950850182,0.809481815,1.142754737,1.501435987,0.600626626
RnrS,1.363770477,1.030117199,0.569299184,0,0.085481031,0
rost,1.886568446,1.090202596,2.133109169,0,0.043373527,0
rpr,2.964970524,3.539102905,3.34940061,1.646993946,1.74420253,1.830776958
Syx5,8.135245054,8.399535636,8.459316512,8.140497252,8.234002193,8.081181203
1-Sep,8.456674121,8.364228759,8.159396996,5.654973749,5.803375636,6.180510705
Snr1,7.174443277,7.334331245,7.325405147,6.52214364,6.483486844,6.33921517
Tig,0.687203533,0.231061681,0.075540634,1.545288185,0.279346616,2.026325936
byn,0.174348395,0.19503084,0,0.19171458,0.714518384,1.108154106
twin,6.998296294,6.571170295,6.452869956,6.782994021,6.748835123,6.955575124
tsr,10.57676561,10.84185557,10.89502951,7.127507582,7.050331325,7.164361379
Wee1,6.865537222,6.925710017,6.73210231,7.052776442,7.093529361,7.011634548
wts,2.625340219,2.369818376,2.150681236,2.396052074,2.26756314,1.748706671
alpha-Man-IIa,7.549634763,6.925022781,7.021330008,6.072007567,5.68853986,6.379398625
Arp6,6.402994189,6.550822539,6.743003775,6.038607,5.885366193,5.871930455
Arp2,6.141397787,6.100086423,6.245683765,5.908684642,5.829162949,6.091233005
Arp53D,0,0,0,0,0,0.035045714
Arp1,7.504167178,7.438886798,7.595385587,6.6031133,6.566666059,6.502666889
ana,1.345654897,2.152189073,1.861572885,2.810736085,2.02948601,2.691271057
Ank,6.008097767,6.222593095,6.347289081,6.479122439,6.392598819,6.378119704
PhKgamma,8.046907976,7.862232286,8.020552924,8.644122043,8.621214062,8.819604354
B-H1,0,0.430174687,0.718149104,0,0,0.623833477
ctp,10.46651706,10.66791294,10.51391645,10.61269826,10.84078894,10.76990163
dhd,0.089806327,0,0,0,0,0
DNApol-alpha50,0.850272436,1.482787903,0.460785459,1.013304027,0.714518384,0.734578078
Dp,5.788478857,5.485456962,5.379878045,6.162568046,5.744638468,5.821383736
E2f1,7.841673181,7.343360949,7.008738364,7.838211067,7.860895878,7.42683231
Fdh,6.687750853,6.80502866,6.867774072,4.597708587,4.828205838,5.133618708
Fdx1,3.843911495,4.374602266,4.107207901,3.737770762,3.890046877,4.39844946
Gip,5.879431406,6.028312596,6.219904144,4.569202034,3.682802858,3.975353545
Hem,8.128969685,7.759777421,7.900728742,5.38585219,5.703826706,5.992725285
Irbp,3.427948126,3.567563376,3.920082447,4.183714049,4.453300275,3.751331862
BRWD3,7.72608049,7.125869983,7.43254129,7.320726322,7.509633261,6.584418848
mRpL12,6.437614394,6.589501327,6.644894896,6.5882736,6.479544735,6.813625149
Gem3,3.949641763,4.160088462,4.138368579,2.699399957,2.883392583,3.307621211
nmo,9.10121981,9.116221811,8.99621691,9.531292443,9.627698278,9.672924611
oaf,6.474552587,6.126032241,5.741991688,6.232861558,6.428826397,6.532480753
CG4038,1.467932039,1.030117199,0.718149104,0.943945139,0.867152957,1.156697169
Pp2B-14D,6.746318418,6.271529864,6.342518584,6.690737048,6.546080941,6.935717914
Pxn,8.941530418,8.597111174,8.474658408,7.928225889,7.813336108,7.96955945
Ret,3.821147343,3.513730936,4.300638777,0.774503582,0.085481031,1.350002208
Ser6,0,0,0.075540634,0,0,0
Taf2,5.64956135,5.131131698,5.039016255,4.430289667,4.383289238,4.557555742
Tis11,1.191907582,1.541357195,1.655458917,0.099039483,1.469991358,1.23414005
AcCoAS,7.926387343,7.45325748,7.734433921,12.2170521,12.0760675,11.98615496
Aldh,2.499904491,1.778955809,2.235467704,4.936971249,5.027661716,5.429510901
Ance,0.925378394,0.398839565,0.075540634,0.813914366,0.043373527,0
AttA,0.254209339,0.490874211,0.403305984,0.19171458,0.384278962,0.400167095
CalpA,6.81129021,6.732649821,6.894746006,6.876700302,6.999963456,7.202434134
Cdc27,6.471423254,5.726960841,5.750659997,6.026600644,6.120602441,6.029576078
Dh44,2.353477901,1.651811622,1.703873911,5.223387884,5.42101861,5.572044166
Trl,2.491690508,2.014255748,1.903635333,2.044969659,2.47186085,2.685768111
FK506-bp1,7.26458006,7.018829241,7.22374733,6.457509885,6.31895029,6.440307841
Gp150,1.611301687,0.785544823,0.620641262,0.334057725,0.602981688,0.914728587
Hsp70Aa,2.556129034,2.361715268,2.449359368,1.203369782,1.265409039,1.780032676
Hsp70Ab,5.622544487,5.352750511,5.441852542,3.569515471,3.887073869,4.096429171
Hsp70Ba,3.940618111,3.639705834,3.668887747,2.15648072,2.143498487,2.739875223
Hsp70Bb,7.150185616,7.434788943,7.497069706,7.25289146,6.979173808,6.974598696
Hsp70Bc,3.249463271,2.953318552,2.918045209,1.579992895,1.591855642,2.190756053
ProtA,0,0,0.075540634,0,0,0
ProtB,0.045601845,0.158077041,0,0,0.126394328,0
Nca,7.020233982,7.283229479,7.434784215,7.346991688,7.485511702,7.335998141
Nmda1,7.468773821,7.681170359,7.669253774,7.872445852,7.920268586,7.855327949
Odc1,0.996767095,1.128912832,1.840072658,1.275723862,1.388243933,0.713098814
Odc2,0.045601845,0.041172495,0,0.033774261,0,0.135347252
Ptth,0.214831388,0.967420201,1.090089724,0.066775902,0.043373527,0.895787384
RpL11,7.639972852,7.80062525,7.925821947,6.460229227,6.58650348,6.477408895
Sap47,7.98132077,7.50176551,7.444166606,9.800515685,9.865043028,9.920582186
nSyb,10.7608074,10.17153455,9.981593802,11.03271825,11.10460036,11.20372787
Syx1A,9.495629803,9.362291876,9.282859955,10.50033894,10.56217443,10.49302483
TfIIA-S,7.243638693,7.516210826,7.575600775,6.856199716,6.765929037,6.731880141
TpnC41C,0.535646052,0.300531207,0.516062327,0,0.043373527,0
bcn92,5.196853653,5.236808402,5.087721198,5.180685491,5.057057372,5.072730721
beat-Ia,7.01451203,7.158686511,7.213855487,6.614666916,6.664969772,6.27698891
Cdc2rk,4.906824671,5.047725809,5.418469691,4.088499261,4.790517566,4.639543444
igl,8.508608589,8.637104271,8.389110083,10.17280999,10.38034649,10.37344676
klu,2.279066639,1.569773665,1.630628187,0.774503582,1.485799341,0.876594188
MED20,5.45521961,5.535840545,5.687354544,4.204251837,3.884094722,3.986586603
l(2)dtl,2.733788825,3.195949561,3.580892274,3.259210649,3.460847317,3.293218198
Pex1,3.4106255,3.249630332,3.073530072,3.010536396,3.179108557,1.982113624
mtd,6.869108605,6.171358526,6.26093328,9.041688729,8.999680149,9.010671704
mt:ATPase6,9.136715862,9.050474339,8.929230008,9.636018212,10.12200706,10.19404952
mt:ATPase8,3.461981611,3.314038884,3.34940061,3.480471851,3.658599747,3.917837622
mt:CoI,11.15264832,11.43292993,10.8994212,11.68473137,12.11269848,12.08286655
mt:CoII,10.4473332,10.65954537,10.44175879,10.71050556,10.96434223,10.92426226
mt:CoIII,9.881442233,10.11431864,9.557517471,9.721804535,10.14127873,10.12027154
mt:Cyt-b,9.005938755,9.143581072,8.743400508,9.600759553,10.08919647,9.933736055
mt:ND1,2.860399202,2.953318552,2.532134963,3.182242363,3.641059789,3.532740095
mt:ND2,0.535646052,0.736253047,0.516062327,0.360915446,0.417626289,0.478639091
mt:ND3,0.132696544,0.19503084,0,0.250347622,0.450220187,0.373031704
mt:ND4L,0.045601845,0,0,0,0,0
mt:ND5,2.947058955,2.835386896,2.477482248,2.209162262,2.67856081,2.914708147
mt:ND6,0.089806327,0.300531207,0.215700384,0.161479554,0.482093952,0.528678517
mt:lrRNA,3.961586169,4.281028714,3.802726637,3.537500688,3.703230035,3.583929621
mt:srRNA,1.327308948,1.128912832,1.385527878,0.889646124,1.02694508,1.20365991
mt:tRNA:C,0,0,0,0.033774261,0.043373527,0.035045714
mt:tRNA:G,0,0,0.075540634,0,0,0.035045714
mt:tRNA:K,0,0,0,0.066775902,0,0.035045714
mt:tRNA:V,0,0,0,0,0,0.035045714
not,7.651770529,7.520993968,7.294615825,6.194181309,6.422166842,6.326010309
nuf,5.184166516,5.008041094,5.322892357,4.20795477,4.368443612,4.906446696
pck,5.578624583,5.564364813,5.750659997,4.550366072,4.695153985,4.446424169
phyl,6.801355222,6.729504588,6.842992973,7.731149028,7.783669368,7.602480435
pnut,9.076803738,8.274280681,8.314337425,8.221611759,8.132843983,8.169093443
sced,8.561561414,8.398669601,8.432181508,7.142338953,7.221777598,6.862306952
shot,7.671448714,7.899966809,7.941365294,8.390490576,8.332359953,8.139709809
alien,7.635086804,7.862770669,7.970722368,7.159650873,6.972878042,7.223950638
Arf102F,7.816614583,8.152895603,8.055079377,7.789925513,7.712398186,7.703285164
Arf51F,7.570258584,7.651357483,7.509891457,7.944547851,8.231660337,8.099145693
Awh,0.292540976,0.081202514,0.215700384,0.033774261,0.085481031,0.135347252
Bgb,7.530216436,7.643232586,7.724934305,6.678445197,6.447613972,6.437036115
Bro,0.292540976,0.430174687,0.670218812,0,0,0.035045714
Mtor,6.171277201,6.258496037,6.220944222,4.774170851,4.951440281,4.649471897
CASK,8.770027821,8.352904007,8.379361483,9.370380646,9.576540881,9.49104608
Cdk5,6.593026817,7.0217249,6.86378432,6.044831743,6.029169669,6.225295045
CG5210,1.399333176,0.632309912,1.924215439,1.579992895,1.516904971,2.24414781
Chi,7.256118728,7.008810581,7.155758313,6.974777044,6.957017369,6.902595986
cnn,5.170080579,5.206588928,5.193234371,4.513436933,5.526996466,4.771385849
Crz,0.503325831,0,0,3.018992574,3.174238936,3.53885752
Cp1,6.91205913,6.730291539,6.731372608,6.804248025,6.609232401,6.876566641
Cyp6a9,0.503325831,0,0,0.161479554,0.450220187,0.577040364
Cyp6a8,0,0,0.460785459,1.317456221,0,0.478639091
Cyp6a22,0,0,0,0.066775902,0,0
Deaf1,7.306450687,6.986916699,7.004516609,6.974505336,6.869349947,7.061353398
Dhc36C,1.611301687,1.861727169,0.764538089,0.53610018,0.659827649,2.102646246
Dhc62B,2.040900983,2.142762288,2.115320432,3.136343674,1.917388382,0.503875743
Dhc93AB,0.132696544,1.437245771,0,0.852277114,1.404968185,0.669156436
Dhc98D,2.170049465,2.142762288,1.261622271,0.250347622,1.869991204,0.288421873
Elal,0.089806327,0.081202514,0.718149104,0.221328946,1.151098443,1.705851653
Esp,0,0,0.147321929,0.130597294,0,0
FK506-bp2,10.46484616,10.67921551,10.78144684,8.251858478,8.306585201,8.348386709
Gycalpha99B,8.434883418,8.100143056,8.022642012,10.47078435,10.42195922,10.35960822
Gycbeta100B,6.756209829,6.390307692,6.652623904,8.29590871,8.340669125,8.557082848
His4r,10.79706281,11.04598486,11.04574671,9.365311877,9.338646327,9.433824824
imd,5.10156488,5.131131698,5.024793115,5.082240847,4.353443631,4.892182103
MAPk-Ak2,7.216482089,7.182746273,7.444611868,6.892318364,7.055636863,7.199540867
Calx,5.684213826,5.197512081,5.132626446,6.097683295,6.110441522,6.167737618
Nrx-IV,8.90140026,8.792684945,8.779145333,8.171289097,7.793229261,7.709738919
Hf,0,1.390218998,0,1.127194515,0.417626289,0.16728912
Pdi,8.959882539,8.963880366,8.967843967,6.88308364,6.838132808,6.74847192
Ask1,4.174114753,3.724299319,3.867919088,3.897637326,4.924144663,4.18880372
Ptp69D,5.911343172,6.191499845,6.303775855,4.604748076,4.257713206,4.240390798
Rab2,8.635653106,8.773629543,8.817811778,7.92794527,7.980958791,8.037428258
Rab5,8.568656165,8.60785632,8.529835911,8.582075972,8.564540021,8.465013299
Rac2,1.835557205,1.982901267,2.133109169,1.261540434,0.417626289,1.557068777
Rel,3.888389754,4.155408506,3.722747647,4.57207817,4.683206338,3.999951831
Rh5,0,0.490874211,1.195435982,0.033774261,1.151098443,1.23414005
Rho1,9.746966885,9.90303986,9.807411003,8.23290094,8.273385233,8.319028586
Rlb1,4.848518987,4.995003143,5.226757565,3.999430784,4.34912912,4.137320678
mRpL47,5.656926097,5.65667176,5.702326566,6.064878651,5.786722241,5.957194242
Rnp4F,6.565408923,5.986766098,5.938146006,6.370975541,6.411860967,6.23238989
RpL7A,8.888162771,9.028808559,9.02255215,7.474284351,7.618949534,7.709569452
SdhB,7.51433933,7.24105866,7.259110496,8.970242787,9.300678957,9.126843562
2-Sep,8.94360202,8.838384025,8.757984034,7.486150233,7.642499675,7.695947243
Spat,1.533416609,0.924055416,1.553463943,1.802029689,1.501435987,1.759224431
Sptr,4.685240111,4.625321699,4.729771725,4.934738351,5.11665112,5.396203677
Sr-CI,0,0.71096088,0.215700384,0,0,0
Su(Tpl),5.965729959,6.131404207,5.807154738,6.709797043,6.501580277,6.477408895
Tie,0.214831388,0.231061681,0,0.033774261,0.085481031,0.528678517
Ugt,7.653612423,7.532995658,7.497928044,5.685838764,5.846101926,5.809414587
Vm32E,0.089806327,0.266214546,0,0,0.24260175,0.577040364
CG4278,5.071568422,5.49474946,5.646136358,4.377012952,4.997654629,4.684383094
barr,4.499047886,4.285318988,4.339464716,2.90499634,3.203213121,3.391144274
bif,5.321422176,5.782648091,5.24118252,5.132789776,5.007270208,4.880186247
bnl,2.269489461,2.440768359,2.55870404,0.733985886,1.845695598,1.263989531
cher,1.04246964,0.460843657,0.670218812,0.692297297,0.043373527,0.345376129
croc,0,0.266214546,0.075540634,0,0.043373527,0.035045714
fax,11.25004266,10.9992088,10.95579764,7.784200966,7.916446279,7.886844749
gcm,1.212046198,0.19503084,0.147321929,0,0.631684635,0
Oda,10.03982098,10.23895894,10.33731034,9.432133493,9.404060061,9.496753365
Hel25E,9.379746806,9.365144676,9.482636938,7.670043669,7.552483333,7.325420291
prod,5.569872931,5.088804671,5.143637714,4.840080097,4.95428369,4.957575677
mof,4.299401931,4.16242276,4.26880771,3.427462054,3.352936517,4.131260352
mia,2.424238697,2.29519787,2.477482248,2.302171081,1.757286554,2.696753091
mirr,9.133337307,8.932767176,8.99621691,8.556526896,8.387046709,8.618845692
noi,6.535255283,6.327727775,6.608798226,5.503514458,5.612280131,5.455613877
nol,0,0,0,0,0,0.102682134
RhoL,1.533416609,1.69114504,1.553463943,1.275723862,1.131134066,0.288421873
sty,5.132271921,4.831537306,4.694264914,6.71110229,7.006142377,6.803815527
sun,6.728078967,6.622514984,6.855771563,6.825193453,6.35382385,6.646994644
tilB,0,0.120151752,0.075540634,0,0.450220187,0
tim,1.517322013,1.308265359,2.003720007,4.235427909,2.847136684,2.970084647
Vps26,7.555064801,7.469608716,7.490615844,7.034124722,7.02654972,7.099102757
CG13397,0.401779573,0.19503084,0.764538089,0.130597294,1.869991204,0.713098814
CG11899,5.676081564,5.924177939,5.770685777,5.486846383,5.367628395,5.502537042
Acp1,0,0.19503084,0,0,0,0
Ahcy13,5.289794148,5.246742513,5.511510796,4.594883145,4.999032213,4.27744829
Cp7Fa,0.366277874,0.398839565,0.075540634,2.440796779,3.295795155,2.352309697
Cp7Fb,0.089806327,0.632309912,0.147321929,1.344621878,1.151098443,1.417958665
Cp7Fc,0,0,0.075540634,0.53610018,0.417626289,1.108154106
Cyp4e2,0.875744677,0.120151752,0.516062327,0.871082608,0,0
Eig71Ej,0.045601845,0,0.460785459,0,0,0
Eig71Ek,0,0,0.215700384,0,0,0.035045714
His3.3A,7.229198225,7.141632285,7.429845169,6.821572545,6.780821964,6.923203455
Hr38,3.964556883,4.174037927,3.889011294,7.580935734,7.658061544,7.625118745
Mcm2,0.045601845,0.80957322,0,0.46360926,0,0.069260254
Mlp84B,1.345654897,1.406065524,1.443705866,1.158148923,2.57152107,2.175131167
Mtk,0.045601845,0.266214546,0,0,0,0
Ost48,9.921837044,9.89244449,9.944532055,7.437104036,7.375526981,7.366414476
Pglym78,7.670766765,7.782149555,7.939155043,10.16142666,10.0728137,10.16893924
Psi,3.743716405,3.894033778,3.521351046,3.501745646,3.590782154,3.339511684
Roe1,7.033025996,7.132433744,7.300039307,7.680076106,7.50163747,7.55403445
Set,8.155209757,8.373703549,8.490701519,6.716636452,6.675346539,6.547728679
CG14630,0.254209339,0.158077041,0,0.559476377,0.35014255,0.646672929
Hydr2,8.578506325,8.659484119,8.683357306,6.729252826,6.891029478,6.484161298
CG2846,5.621603786,5.797742791,5.853494929,4.900823415,5.140565174,4.469025561
CG2678,0,0.041172495,0.075540634,0.033774261,0,0
btn,0,0.041172495,0,0,0,0
betaggt-I,6.057627765,6.060584148,6.010906332,6.090680436,6.155612462,5.988261615
iotaTry,0.470264926,0.266214546,0.569299184,0,0,0
Ag5r,0.292540976,0.334050524,0.460785459,0.670992382,1.090356876,1.860388321
Ahcy89E,0,0,0,0.099039483,0,0
Cctgamma,8.237643572,7.791039879,7.817571606,6.668065371,6.620463975,6.274241501
CkIalpha,9.568281542,9.58364554,9.51278111,9.623075758,9.712540215,9.81186288
CkIIalpha-i1,3.804664472,4.601433853,4.211355353,3.537500688,3.92525315,3.759213048
cype,8.243770235,8.253355035,8.474222324,8.815771248,8.614376773,8.685587944
Cyp4d8,0.089806327,0.081202514,0,0,0,0
Cyp4e3,0,0,0,0,0.043373527,0
Cyp4ae1,1.699531977,1.437245771,1.750716776,3.636993636,3.594432103,3.473293045
Cyp4p1,1.501045839,1.569773665,1.324904867,2.036664815,1.209385607,1.23414005
Cyp9b1,0,0.041172495,0.215700384,0.066775902,0,0
Cyp9b2,0.174348395,0,0.569299184,0.033774261,0,0
Cyp9c1,4.194501521,4.155408506,4.056839367,4.862572394,4.698549503,4.680238083
Ddx1,6.245209013,5.81861351,5.978063939,4.997059559,4.981020193,4.811101385
eIF-4E,9.8014084,9.974898002,10.02742002,9.35939306,9.283470586,9.361784637
Fer2LCH,9.515199512,9.689862514,9.691483666,9.189593031,9.439941122,9.463171538
Fer1HCH,9.010257897,9.249754764,9.190178801,9.281527017,9.45720797,9.330443181
glec,5.861215711,6.136162553,6.177673929,5.289536416,5.422045977,5.632646953
Hr78,4.239344958,4.100468683,4.160221217,3.93832913,4.068603526,4.569557415
Hr96,4.09227737,4.143641763,3.705016828,6.619888127,6.575465084,6.533629954
Hsp60,9.289417252,8.422967593,8.504220643,10.66520059,10.54385667,10.46987399
Diap2,6.819927554,6.558375835,6.818466052,8.627801029,8.64571735,8.492557171
Nap1,6.827290055,7.023009997,7.065423743,6.735038763,6.783622332,6.754727099
Nf1,6.517665142,6.438776703,6.810196867,8.035399437,8.265250731,8.19644007
Orc2,1.611301687,1.437245771,0.764538089,0.438612949,1.635025489,1.482857594
Orc5,3.582901524,3.487904762,3.34940061,2.796050433,2.758818664,3.116341119
Pi3K59F,4.525440398,4.058472524,3.808273282,4.422342821,4.465310049,4.622362644
Pi3K68D,5.433942724,5.521364096,4.978805184,5.143464107,5.283079737,5.170531863
Pi3K92E,6.008097767,5.504902549,5.543456072,6.10614132,5.497085273,5.388602385
Rpt2,7.594672134,7.697560101,7.618064292,6.128293761,6.346266964,6.534778241
Rpn10,8.741410146,8.743153438,8.90726881,8.203525589,7.777862751,7.935765999
Rala,2.747651708,3.032018319,2.948503801,1.821497219,2.18282089,2.026325936
RpL22,8.422243616,8.475423962,8.650539627,7.462513828,7.394755246,7.404811294
Shark,1.019799334,1.993428657,1.355534777,0.961599966,1.905684269,1.495494259
Shc,7.37977589,7.373897781,7.335043703,5.752010653,5.911204903,5.726083978
Srp19,4.442639682,4.615132444,4.85296184,4.253456924,4.282813529,4.13328329
Ssb-c31a,8.105443261,8.357622851,8.453576282,7.683903451,7.578517223,7.516746852
Try29F,3.034472531,3.047255909,3.162832807,3.076837387,3.88110941,3.249125776
Ubc2,6.585810054,6.683517333,6.562779274,5.125955667,5.299943501,5.280492552
Ubc4,5.372641865,5.667394838,5.255464673,4.913351655,5.237121536,5.089498292
abs,4.270886397,4.065973001,4.58541339,3.178472755,3.456842771,3.087417506
CG15865,0.366277874,0,0.280984078,0.033774261,0.602981688,0
CG5861,7.015228516,7.309796544,7.198097371,6.778643138,6.562945091,6.482575338
CG14906,3.511572247,3.792197188,3.808273282,3.672267933,3.519618693,3.751331862
CG2034,4.239344958,3.946446752,4.028605928,4.226328203,4.387502938,4.670519826
oxt,6.505988021,5.764323473,5.767841914,5.783371855,5.725625611,5.492328334
chn,9.292449735,8.60399728,8.589035056,8.943214312,8.970484235,8.996016976
RabX1,4.979114622,5.01967535,5.11930102,5.38585219,5.254527878,5.268578232
cutlet,1.995147922,1.716783909,2.449359368,1.86904688,1.820983826,1.188174903
dod,7.343436452,7.312689276,7.347954443,6.203949029,5.755275057,5.986584172
drl,9.616000334,9.344091948,9.436933265,7.600083968,7.71155816,7.838532829
dsf,1.434040296,0.231061681,0.460785459,4.423935696,2.133498108,4.302833562
glu,3.511572247,2.817724095,3.487178982,3.846291921,3.179108557,4.088109924
hoip,4.582632007,4.896079406,5.015232518,3.379014329,2.479776257,3.470095355
jumu,3.138096516,3.419290549,2.833531017,1.831133353,3.339949497,2.947268856
kek1,7.540704924,7.534798592,7.51244219,7.572702191,7.640515002,7.468890041
kek2,6.826065577,6.577743862,5.979293751,6.505314516,6.498174554,6.137822369
ksr,4.423335953,3.330739702,2.988140057,3.947217978,3.655108773,4.33130868
Rme-8,4.60945083,4.620236067,4.998347489,4.538651277,4.467301994,4.533248653
Cul1,6.712701273,6.770249965,6.830781634,6.3651836,6.474106687,6.77915713
mbc,4.08410559,3.84546732,3.867919088,2.640334781,3.948255579,3.957196723
nAChRalpha3,6.8333969,7.109026218,7.166595093,7.887099673,7.870335453,7.831853075
nonA-l,6.455146001,6.3488908,6.431464627,5.058851619,5.277414391,5.36641541
RpS21,6.063181567,6.225944898,6.331004616,4.690622352,4.665964784,4.456153868
olf186-M,0.045601845,0.120151752,0,1.509728016,0.24260175,0.198539073
otp,9.652840368,9.498268462,9.47992431,8.984075699,8.979846018,8.944744778
peng,4.753815541,4.335831117,4.519314502,4.020640478,3.913612926,4.499143295
sda,5.462593002,5.535840545,5.405720167,7.556092781,7.526209892,7.584295352
spag,6.066641868,5.685361968,6.033577501,6.013964823,5.749557409,5.761827731
spel1,3.650869688,3.567563376,3.650478154,5.022515467,5.398229439,5.014656708
tap,0.366277874,0,0.215700384,0.066775902,0.085481031,0
tos,4.153435765,4.346135498,4.168870426,2.259987662,0.043373527,2.565074991
tty,10.38015918,9.884954655,9.958395867,9.646758229,9.719398919,9.583324361
unpg,6.447203489,6.034697505,6.076729698,5.092292986,4.823548296,4.527107348
alpha-Est1,0,0,0.147321929,0.413175903,0.043373527,0
alpha-Est10,1.308726695,1.030117199,1.471938095,1.358015262,0,0.069260254
alpha-Est2,0.174348395,0,0,0.943945139,0,0.317180035
alpha-Est4,0.045601845,0.041172495,0,0,0.204896494,0
alpha-Est6,0,0.19503084,0,0,0,0.035045714
alpha-Est7,0.254209339,0.398839565,0.976440789,0.161479554,0.126394328,0.623833477
alpha-Est8,0.850272436,0.632309912,0.853067622,0.46360926,1.421500783,1.58098111
alpha-Est9,2.250142238,2.478727689,2.778079691,4.183714049,4.294079983,4.139335142
dare,5.08664461,4.285318988,4.498879513,4.689298436,4.758340676,4.566566344
Acp29AB,0,0,0,0.033774261,0.085481031,0
Acp76A,0,0.041172495,0,0,0,0
Apc,6.444014201,5.775803606,5.357353152,6.738883203,6.888058497,6.922911126
AstA,3.132824261,2.892748347,3.364538998,3.872193034,2.07199486,1.188174903
toc,8.055292573,8.129074645,8.003125965,8.379450441,8.546164123,8.356202291
BEAF-32,6.90666319,7.211774505,7.30984825,6.788259656,6.721974402,6.976571837
CadN,9.032900563,9.110566259,9.008616727,7.293102599,7.48182148,7.546463881
CanB2,9.738314087,9.847545675,9.821450389,8.012952693,8.138636522,8.021543226
SMC3,3.519674124,3.549841483,3.507779194,3.495699362,4.084263456,3.790314184
Cdk8,5.187984386,5.111936154,5.216365,3.433800547,3.149641186,3.544949115
Clp,5.775850434,5.915208684,5.643035796,3.522710293,4.140271323,3.865254417
Cnx99A,10.6635589,10.3162709,10.37353855,9.041040158,9.144112948,9.030954974
Cpr,4.54343335,4.510907744,4.670098736,7.063290791,7.200081475,6.959000823
CycB3,4.885039258,4.973894197,4.772960566,2.815598269,3.500293038,1.557068777
Dot,0,0.605110328,0.718149104,0,0,0
Dref,6.132179844,6.382819749,6.359619051,6.120947343,5.724793254,5.876768333
Cyp6a17,3.478701941,3.833798334,3.668887747,2.810736085,2.381798538,2.718475266
ktub,3.495230706,4.065973001,3.808273282,0.996274402,2.608090535,3.207488644
Hmu,8.278502393,7.908335798,8.02085155,7.526001975,7.123837422,6.993096232
Lis-1,7.836817756,7.666443725,7.639225437,7.852919356,7.857102687,8.088498131
RpL9,7.741966392,8.032365832,8.104945066,6.086663487,6.294476171,6.228610315
p38a,1.699531977,1.030117199,1.443705866,1.668653552,2.18282089,1.391158966
Msr-110,4.105794978,3.047255909,3.045624549,6.551950033,6.793976367,6.875962709
MstProx,0,0,0,0.161479554,0.126394328,0.553062079
Nak,6.945897851,6.842996096,6.880994116,7.570007148,7.457977877,7.957050868
NetA,2.180307622,1.716783909,1.385527878,1.646993946,0.204896494,3.23034864
NetB,5.785962,5.253327454,4.953999061,5.150215972,4.779337104,5.35951943
nrv1,1.727782409,2.114106622,2.003720007,1.657864397,1.246975234,1.495494259
nrv2,7.976362192,7.972930596,7.84346489,7.494891312,7.649314949,7.683576303
rin,9.384814833,8.41356694,8.559944617,7.957803671,7.906020107,8.078690218
P5cr,7.996276518,8.091441099,8.171283097,7.947457987,8.203406868,8.112025066
Rab10,3.084486341,3.149637476,3.10991715,1.86904688,0.631684635,2.933404153
Rab11,6.108202524,6.325125551,6.416108039,4.6612118,5.01546143,5.045060806
Rab14,8.737616328,8.930115326,8.995001446,8.771102718,8.880763545,8.881087769
Rab19,4.758957993,4.879148533,4.938908041,4.95911219,4.766452428,4.847290197
Rab18,6.175129288,6.403688824,6.36809387,5.993192604,5.78032718,6.17855296
Rab7,8.805873959,8.986865009,8.879050461,8.594859595,8.592642147,8.563098132
Rab6,9.391383663,9.426155822,9.487722913,6.993402413,7.307386672,7.196641787
Rbf,4.796119427,4.180962404,3.965469399,3.815069659,3.726701843,4.0734348
Reg-5,0.401779573,0.334050524,1.293610521,0.794343545,0.085481031,0.400167095
RtGEF,5.35123716,4.877728617,4.244464876,5.289536416,5.476464677,5.367275095
HDAC1,6.652723865,6.230958046,6.322308432,4.658508143,4.854318272,5.016849807
ScpX,6.110215925,5.890779805,5.779183885,5.309493209,5.545970025,5.919594337
Spx,7.017018177,7.13629834,7.275221146,6.289004328,6.018341443,6.078690788
TfIIEalpha,6.020283736,6.12303915,5.842724506,5.14056075,4.947164632,4.841115155
TfIIEbeta,5.961275221,6.109190381,6.322308432,5.624126977,5.448503911,5.484426029
Rtnl2,0,0,0,0,0.085481031,0
Trip1,9.075945509,9.287404418,9.389271699,8.547330601,8.519774287,8.508133196
Vang,6.817054181,6.467850419,6.264972741,5.626204075,5.573045895,5.736101955
Drip,0.174348395,0.041172495,0.569299184,0.306690511,0.35014255,0.45295311
apt,5.283860246,5.147720812,5.156741249,4.409536109,4.46331535,4.511638728
ara,6.130858173,5.769692238,5.53845887,5.333421631,5.884621102,5.769001543
ast,3.519674124,4.078387786,3.955506086,3.308332267,3.984869551,4.32601223
caup,7.607319816,7.453734046,7.370156711,7.387556603,7.263928416,6.925539961
crq,5.302763453,5.514071032,5.903584265,6.407664312,6.496712494,6.481781704
csul,5.383781224,6.19606436,6.068664151,4.766658218,4.652021629,4.503841774
dah,1.270828368,1.256761209,0.936477292,0,0,0.288421873
dpa,5.205668727,4.643817123,5.128198299,5.433283979,4.798450893,4.223399242
grim,1.641315334,1.729434478,1.015327048,0.512338969,1.591855642,0.45295311
hrg,6.478714502,6.395774255,6.173382115,6.446580968,6.661929102,6.503058057
Faa,0.900774972,1.109687544,0.718149104,3.273416888,2.463901775,3.14067947
lama,1.086768738,0.430174687,1.655458917,0.066775902,1.917388382,0
lbm,1.150766861,0.736253047,1.471938095,1.111464636,2.061484493,1.748706671
mael,5.504018696,5.906183317,5.805769,4.971146408,5.545970025,5.756587916
mei-P22,1.064789212,0.520292387,0.569299184,0,0.279346616,0
mod(r),7.546912061,7.733721046,7.817915342,7.265161781,7.22295705,7.006953302
Tom40,8.028572433,8.038574034,7.805488959,8.190951195,8.345956577,8.216495891
nompA,0,0,0.569299184,0,0.204896494,0
phr6-4,2.353477901,2.170859845,2.684670739,4.132027683,3.689644104,4.566566344
Sema-1b,5.974598381,6.197203236,6.23130397,6.089677247,5.913398266,6.33790011
side,6.384258624,6.354005761,6.422451149,6.30421948,6.3337655,6.649823689
smg,5.240400086,4.750070752,5.11930102,5.115150514,5.443453389,5.530436021
vkg,2.380421546,2.565951338,2.435089642,2.786176286,2.02948601,2.685768111
vri,0.996767095,1.482787903,1.355534777,0.066775902,0.384278962,0
wun,6.028114277,6.26774048,6.486990167,6.468742512,6.338670287,6.502275614
xmas-1,0,0.231061681,0,0,0,0.102682134
fry,5.380448438,5.740304378,5.245277583,5.188203374,5.972795531,6.139332955
ATPsynCF6,7.971386512,8.147161305,8.247520229,8.553619557,8.33386187,8.549812311
ATPsynD,9.801200699,9.967700123,10.05545783,10.08079794,9.999604252,10.17087929
Acer,6.135478732,6.155626506,6.209461913,4.813590603,5.042434412,4.652296093
Alp4,3.06800697,3.322413459,3.10991715,4.018533485,3.641059789,3.891785574
CaMKI,7.396096021,7.688477686,7.672298558,7.072460141,7.369947762,7.216098463
Cdk4,0.687203533,1.221374389,0.976440789,0,0,0
PTP-ER,4.022721602,4.281028714,3.99495303,4.806280977,5.29434412,5.633361807
Lgr1,0.174348395,1.704021429,1.750716776,2.895842669,3.104279921,3.551015097
H15,0.045601845,0.081202514,0,0.161479554,0.043373527,0
Ipp,6.553126995,6.53379433,6.745174218,8.893349751,8.747678682,8.755301516
Lectin-galC1,0,0,0,0.033774261,0.085481031,0.373031704
NaPi-T,0.329880465,0.856461751,0.460785459,0.852277114,0.417626289,0.102682134
Nlp,8.526936976,8.804409629,8.776848639,5.875308984,5.790704806,5.971398763
Nurf-38,8.196067787,8.398174491,8.462397971,7.90844951,7.82929967,7.801325928
ATPsynO,9.828514725,10.0028473,10.11625212,10.40193559,10.27493934,10.42815435
Past1,7.745856726,7.382433656,7.277222386,7.369897982,7.371278106,7.299757493
Pdp1,6.348317695,6.579054989,6.179815058,7.894299327,7.992588922,7.984203842
Pitslre,6.724578489,6.350427193,6.422451149,7.67557014,7.472430453,7.765744432
Prosalpha5,7.412233597,7.643650363,7.689306754,5.646812217,5.615876162,5.910776484
Ptpa,5.606468559,5.674772094,5.911336522,6.150592295,6.210751747,6.204760956
Rab1,8.517485851,8.841574006,8.720969366,8.378013107,8.625791476,8.549054825
Rab4,7.799247798,8.065639494,8.031264723,8.165587779,8.081426422,8.103795524
Reg-2,0.292540976,0.081202514,0.343441058,0,0,0.623833477
RpL29,6.551646113,6.233180533,6.572590212,6.335869887,6.065126304,6.213870217
sba,4.792780393,4.492471501,4.498879513,4.446053231,3.713336177,5.004746295
Usp47,6.614463001,6.16205657,6.317454472,6.898633121,6.541361257,6.66598391
angel,4.760668078,4.959200534,5.022408899,4.755315402,4.667698242,4.794579391
dos,4.019868392,3.359508856,3.716861553,3.797973536,3.730024001,3.678394033
fz2,6.878195509,6.194354359,6.193655471,5.010903903,5.766642817,4.902893748
Stat92E,4.446894548,4.302353627,4.439357217,6.5696866,6.370949523,5.937069985
nompB,0.628476965,1.497654644,0.147321929,1.013304027,0.043373527,0
nompC,0.089806327,0,0.075540634,0.099039483,0.204896494,0.035045714
Pino,5.305109033,5.479852596,5.619566714,4.732358674,4.516227213,4.71712131
Dyrk2,6.208090101,6.300962255,5.841372532,7.495648909,7.523101286,7.459447718
l(2)k10201,2.92892221,2.478727689,3.561316968,4.014310246,3.798078394,4.400130594
swaPsi,0.045601845,0.19503084,0.460785459,0.334057725,0,0.035045714
spen,9.260021775,9.486089609,9.475573468,9.784330665,9.620947644,9.715699739
snRNP-U1-70K,6.62294908,5.965535393,6.110794527,5.613696392,5.867376913,6.481384723
smid,6.378701539,5.721430369,6.058227463,5.556755994,5.750375605,5.828268126
sktl,0.567258051,1.030117199,0.569299184,0.833223249,1.454008243,1.350002208
cag,6.165479718,6.547700828,6.551248212,5.975922483,6.153758308,6.198011873
ari-1,4.03690362,3.347249399,2.766729001,4.406316589,4.424882451,4.566566344
CR11538,0.715694033,0.19503084,0.403305984,0.033774261,0,0
CG5989,6.530251375,6.592533981,6.770257688,6.96523667,6.918224842,6.667729598
Nelf-E,6.202438965,6.389809703,6.429666431,6.292932148,6.259844349,6.184418242
CG2187,0.089806327,0.605110328,0.147321929,0,1.501435987,0
U2af38,5.918254706,5.599244913,5.780595383,5.201266132,5.081971276,4.704931372
T3dh,0.329880465,0.632309912,0.936477292,0.033774261,0.35014255,0.229126454
RpS3A,9.804313072,10.13604603,10.13209568,8.676638011,8.775677762,8.795695673
Rga,5.911343172,5.668216399,5.541792261,6.333329347,6.22200313,6.365697992
Rca1,5.931979227,6.013519174,6.296887603,5.610902119,5.377194918,5.188153764
Prosalpha4T2,0,0.158077041,0,0.512338969,0,0
Pdk,6.821157249,6.616993988,6.791416063,6.989104852,7.084149132,6.891882121
Ork1,0.658139045,1.838558782,1.228908645,1.218133808,0,1.495494259
ND-75,8.257460831,7.392908721,7.417649882,9.434357837,9.499856994,9.573021563
ND-23,6.930787554,7.083386002,7.192275996,8.427189004,8.443155827,8.384077867
Mo25,7.288189001,7.411672402,7.490184559,7.163708272,6.921134408,7.243279044
Mcm5,1.501045839,1.850189483,1.655458917,1.52167906,1.02694508,1.249141988
Max,5.611215396,5.649201123,5.802993525,5.867721111,5.693653494,5.35951943
RpL14,8.859323987,9.083260659,9.163378582,7.979358788,8.054019976,8.126060829
Lk6,8.115000189,7.821823844,7.690808934,8.994431035,8.92537061,8.941212852
klg,9.838568695,9.99427354,9.862600368,8.927368582,8.724756587,8.886195014
COX5A,9.835630841,10.08838957,10.07593671,10.64162888,10.67258482,10.70248329
Dat,7.504677492,7.540866915,7.591771924,7.327124833,7.197683858,7.39240712
ATPsynB,9.53331984,9.578465212,9.627330318,10.1091374,10.01104296,10.08278481
toy,3.37534349,3.859922068,3.656640824,3.79058415,4.338286053,3.896557436
roX2,8.589853698,8.950519682,8.886115983,7.786679233,8.009262169,7.679948039
roX1,9.964845162,9.905916052,9.606589668,10.43425367,10.44485343,10.38205883
qm,5.279095488,5.556399201,5.418469691,5.950728796,6.298397659,6.090191975
lok,1.741702851,2.024557619,1.964515325,2.06143729,2.007752473,1.023432869
gcm2,1.231907565,0,0.147321929,0,0,1.108154106
dj,0,0,0.215700384,0,0,0
colt,4.59801804,4.765508344,4.789880474,5.44038419,5.175099805,5.529668291
Letm1,5.766518825,5.415745343,5.228827124,6.187632561,6.158080966,6.051136044
Smg5,6.805088865,6.259586698,6.180884432,7.324782006,7.350653532,7.433825046
Surf4,7.642757468,7.845986652,7.791555162,7.499430937,7.623422481,7.488579277
Ser8,1.019799334,1.37419648,0.809481815,0.627414808,0.384278962,0.259078775
Ser7,0.535646052,0.430174687,0.936477292,0,0,0
SamDC,5.601706051,5.869506407,5.969425779,5.717356858,5.630171317,5.672838634
RpS20,6.941758271,7.226909153,7.29560343,5.914928321,5.770681122,5.636217685
RpI1,3.25432674,2.864352688,3.341771428,3.634244167,2.321413144,2.540895325
Rh6,0,0,0,0,0,1.759224431
Psn,8.50414939,8.66484518,8.818670822,7.444970207,7.196483554,7.156425836
Cdk9,6.080400667,6.19606436,6.338690795,5.684510449,5.366561522,5.261197135
Orct,3.329991867,2.055029075,2.92826969,1.317456221,2.249157015,2.094362876
ND-42,8.287278807,8.338008944,8.450032447,9.049771359,8.876553961,9.007366665
Mitofilin,7.727829969,7.116570066,7.110456355,8.181094773,8.219746001,8.167737082
Khc-73,6.434939406,6.674959051,6.475706188,6.996081903,6.922223984,6.96156477
Drice,6.951523659,6.872524079,7.022523501,4.891643144,4.636172799,4.982476338
Gs1l,5.758838721,5.657499448,5.897092077,8.393745568,8.354188029,8.313463772
mGluR,5.633785306,5.79548863,5.514906961,5.974836206,5.992293921,6.207163712
Gcn2,5.060504112,5.775041099,6.046541898,5.433283979,5.432279608,6.273324534
Ppox,4.815992956,4.960542523,4.629944292,5.040278783,4.84515599,4.839876969
Cbl,7.702252491,7.411181734,7.134389555,7.34615184,7.268504985,7.492130446
ATPsyngamma,10.48043133,10.69027857,10.70912103,10.57929447,10.500381,10.48378921
ATPCL,7.00624676,6.818042606,6.910948204,8.589812947,8.591615258,8.64247397
14-3-3epsilon,13.28334661,13.39817518,13.35347069,11.68975723,11.67260149,11.60928635
stet,5.400330636,5.134702602,5.418469691,1.111464636,0.602981688,1.58098111
stck,4.097699621,4.276725644,4.48855244,4.574948584,4.696852743,4.819920087
sfl,5.828162637,6.276926063,5.740541892,5.845309569,5.875649854,6.132269978
Ran,8.958020533,9.183635159,9.186589708,7.8394052,8.152011084,8.000087392
Ppa,4.777658359,4.794392317,4.700243734,3.98870785,4.042119876,3.797985826
ppk,0,0,0.280984078,0,0.573696073,0.426801509
pcm,6.257372747,6.318860995,6.264972741,5.370239502,5.309967945,5.851800931
mspo,6.469333254,6.103734903,5.763565581,6.114550047,6.143206185,6.318473553
mre11,5.252604261,5.426467817,5.163248654,5.061923978,5.80416388,5.694236131
mst,2.371496125,2.75104499,2.855128227,3.332279793,4.060709353,3.074841929
lush,0,0,0,0,0,0.623833477
loco,3.15899495,2.93704999,3.19706152,3.325478108,3.149641186,3.374137907
lig,8.126816567,7.598894238,7.55883506,6.635095568,6.629831391,6.340529033
ko,4.20709849,4.122216713,4.373536533,3.30487851,3.088836921,3.070625592
stumps,2.508071971,1.993428657,0.569299184,2.578747814,0.891092845,3.380964529
geko,1.171483865,0.761109441,0.853067622,0,0,0.288421873
drongo,7.404050608,6.908430132,6.962227422,8.672121278,8.615050732,8.6674675
dbe,4.877178335,4.763971998,4.565899749,4.559090161,4.637942403,4.092275544
dom,5.144112028,5.353772219,5.518295151,5.412573761,5.419990511,5.308512753
dve,1.549333635,2.369818376,1.355534777,0.360915446,0.573696073,0
crol,8.52454854,8.570002776,8.468322262,7.955189773,8.053357107,8.057807411
CG4050,7.219904752,6.939386436,7.000888102,6.054118788,5.746279979,6.055942953
Rpt6,8.561806642,8.618096911,8.713229372,7.384083043,7.060593147,7.399778389
TppII,6.226768932,5.691032174,5.870827168,5.426148652,5.873398298,5.702434573
Tim17b2,0,0,0,0,0,0.035045714
TM4SF,10.5651921,10.76245358,10.83638966,12.06183881,11.86264131,11.91704554
Sr-CII,0,0,0,0.033774261,0,0
Sp1,0.366277874,0,0.516062327,0.46360926,0.315178801,0.035045714
Rfx,3.523708064,3.454005527,2.610417859,3.287484602,3.816947098,4.092275544
Dredd,2.594988841,2.909521287,2.766729001,2.607068206,2.549126013,3.346503733
pug,1.231907565,0.901874222,0.075540634,1.792196519,1.963277813,2.198505493
Pdk1,3.33917696,3.777044046,3.386952842,3.951641949,3.785360749,3.906054069
Gcn5,7.031610249,6.835335833,6.860451078,6.250473694,6.127546791,6.023044754
Papss,6.065950471,5.546603344,5.941935584,5.837561833,5.463550253,5.652530172
Nrk,8.307600576,7.780440885,7.975352228,5.216051592,5.653977766,5.774844608
Nmt,7.636018756,7.719127413,7.712786316,5.790180776,6.000570373,5.49861916
Mst89B,1.086768738,1.624980653,1.015327048,2.421790147,2.53400048,1.820769885
asun,3.445065223,3.465394006,3.548117629,3.580983291,3.436651595,3.074841929
JIL-1,6.479233898,6.858915481,6.777345014,6.43121925,6.377849172,6.420565254
Idgf3,2.052116072,1.884529365,1.882757398,3.048204872,2.859323501,3.207488644
Idgf2,0.949569261,0,0.147321929,0.512338969,1.02694508,0.288421873
Idgf1,0.43642859,0.041172495,0.147321929,0.221328946,0,0.478639091
GluRIIB,0,0,0,1.09556136,0,0.035045714
Fak,7.599218969,7.567752793,7.658162252,7.454353346,7.162770393,7.21299341
Elf,5.848406895,5.361919938,5.064733316,5.104263825,5.067599923,4.350564316
E23,1.580650349,1.030117199,1.861572885,0.871082608,1.131134066,0.553062079
Dad,5.421024325,5.191809914,5.050762687,4.493853582,4.999032213,5.033192639
CtBP,8.222522363,7.694135683,7.685167674,7.818666572,8.009945606,7.818085704
emb,6.014561982,6.208542817,6.280020778,5.208677803,6.149422659,5.763787765
CLIP-190,6.993213998,7.210929018,7.360750667,7.103356205,7.278749493,7.419805514
Amyrel,0,0,0,0.250347622,0,0
Ag5r2,0.045601845,0,0.075540634,0.099039483,0,0
Acp62F,0.401779573,0,0.215700384,0,0,0
Abi,6.501392861,6.289795181,6.329076655,4.806280977,4.576523759,4.954146588
ade5,2.316751964,2.870076708,2.491340747,2.15648072,1.996761682,1.850585242
pio,2.230532028,2.044943264,2.684670739,0,0.513278718,0.373031704
kraken,5.536323571,5.315478663,5.666129198,6.25271619,6.230237832,6.280187621
iab-4,0,0,0,0.19171458,0.043373527,0.069260254
bxd,0,0,0,0.250347622,0,0
SA,5.360288405,5.831872702,5.477102045,5.286912884,5.581346467,5.334241498
Rx,2.06324465,2.286663342,1.861572885,1.905989513,1.048393528,3.554038551
Rack1,8.221125702,8.387737729,8.597068344,7.244352408,7.401542244,7.372635617
RN-tre,7.138395453,6.939386436,6.700387008,7.141613095,7.203670446,7.373063674
Pkn,3.486989994,3.125911732,3.394347403,4.980918465,4.44321519,3.870114696
Pi3K21B,5.128303526,4.668662015,4.781445324,4.751514559,4.372700831,4.746492387
Osbp,5.070190015,3.780087434,4.129533993,5.671159593,6.088608987,5.349983312
Mcm7,1.727782409,2.189292071,1.553463943,1.013304027,2.007752473,0.755742239
Lcp65Af,0.089806327,0,0,0,0.204896494,0
KrT95D,7.064864516,7.132433744,7.323953793,7.562976384,7.856532847,7.962465611
Trxr-1,8.822854739,8.519908602,8.614783528,8.638130498,8.780892655,8.884844855
ArfGAP1,6.638843413,6.441181963,6.467842178,6.360616421,6.494272429,6.440716286
eIF-4B,4.943422383,5.070277331,5.04842104,4.859044209,4.807913657,4.874150706
Atet,6.584362359,6.761422693,6.471342586,7.325847399,6.784021941,6.899627884
Alas,6.880163372,6.860354025,6.914809805,8.097976012,8.049539689,8.189651856
Spred,6.103493632,5.670678277,5.502985239,7.549358617,7.493597116,7.538662598
CG7179,0,0,0,0,0.043373527,0
Su(z)12,3.798018231,4.157750382,3.19706152,3.287484602,4.587554088,4.290196759
Jon25Bi,0,0,0,0.066775902,0,0
Scp2,3.817865799,3.347249399,3.561316968,4.191216207,4.829755016,5.031024262
Scp1,1.899044333,1.256761209,1.161168219,0.605122262,0,0.400167095
Rtc1,4.639502609,4.89045783,5.128198299,3.537500688,3.648101382,4.585898371
RpL3,9.70694889,9.787848131,9.905280446,8.64813102,8.643296677,8.829229573
Ptx1,1.549333635,1.128912832,1.126066663,0.033774261,1.485799341,1.738111668
Dgkepsilon,7.800703042,7.322377027,7.64233419,7.707474413,7.448933942,7.433004128
Crg-1,0.254209339,0.659006168,0.343441058,0,0.450220187,0.600626626
C901,0.900774972,0.785544823,0.895375166,1.397465162,1.151098443,1.023432869
SerRS-m,4.729572052,4.611719971,4.47815091,5.097292912,4.821992434,4.50540454
chb,3.701605215,3.461607826,3.734448276,4.035303889,3.633983658,3.282320783
Nup154,5.258667852,4.961883264,5.123756518,5.234322844,5.419990511,5.489172604
sdk,6.961966829,6.646476081,7.276722336,5.329177703,4.851270638,4.87777506
scu,6.966789866,7.027178672,7.098622155,5.555303288,5.610478749,5.945153405
org-1,0.045601845,0,0,0,0.166179293,0.035045714
nudC,6.808399566,6.968025363,7.201262794,4.800161204,5.024959444,4.797133585
mira,0.292540976,0.736253047,0,0,0.482093952,0
Tapdelta,8.585277204,8.794755411,8.832856724,6.127316397,5.987443974,6.157834632
Tor,6.323657007,5.955474916,5.711235762,5.13376344,5.487302691,5.307617319
Reph,8.263504087,8.061267944,7.697549458,7.954776619,7.919541308,8.055409062
Vps28,6.797195366,7.027178672,7.104269597,6.603464772,6.588792554,6.777541269
cnk,2.117635196,1.729434478,2.938422218,2.651255333,2.092788633,3.215148961
DCTN2-p50,6.31786104,6.237061665,6.340605959,5.603189845,5.695354019,5.818872154
l(2)k14710,7.846311013,7.76899774,7.737707729,8.74776199,8.715778058,8.344790369
l(2)k14505,6.666472043,6.835335833,6.962227422,7.167516605,6.847339659,6.998655042
Xbp1,8.912595865,8.906549031,8.955399626,8.025203871,8.178545877,7.989796954
Nle,4.617022664,4.348187571,4.764425611,4.082460494,4.387502938,4.230975762
Zfrp8,4.379490953,4.514566889,4.202957867,4.875435749,4.561684228,4.667731114
ytr,6.589182369,6.388813209,6.107424012,6.795045603,6.991683512,6.816775368
RFeSP,9.302243167,9.360895118,9.486317947,10.34857755,10.20488895,10.29517185
Coprox,5.090729101,5.147720812,5.099079225,5.341872218,5.903133921,5.817614722
ND-PDSW,7.810229727,7.948791642,8.052160479,8.847201112,8.73915128,8.797530537
l(2)k09913,9.176012548,9.139884041,9.248973696,9.875117354,9.851141777,10.11003614
Rs1,3.605915209,3.513730936,3.452177832,4.088499261,4.552331406,3.070625592
eIF-3p40,8.541433858,8.759436038,8.74953995,7.357865457,7.154758421,7.085584707
Vps25,5.018240387,5.090031408,4.99105011,5.054744936,4.902224661,4.794579391
l(2)k01209,6.385367477,6.324083345,6.611180087,5.601079322,5.732267236,5.696290114
Nnp-1,7.353103474,7.173806975,7.026098065,5.838159292,6.3337655,6.127711165
Vha36-1,8.657961529,8.81881714,8.820387376,9.681422938,9.588543661,9.512478693
l(2)k05819,6.318441686,5.948728744,5.514906961,5.483795025,6.28490794,5.646168973
Gpo-1,8.547018664,8.40644526,8.360136526,8.963276274,8.871580202,8.88769371
Cas,7.448493306,7.630853441,7.611734247,5.757706215,5.972795531,6.179042646
ubl,4.059308803,4.226295227,4.147149395,2.532246068,2.364801925,2.182964763
lolal,8.610625761,8.930115326,8.820044228,8.329015725,8.383227358,8.525469568
l(2)09851,5.380448438,5.365976606,5.664601086,4.319983185,4.788925653,4.656522048
dnk,5.283860246,5.463854302,5.379878045,5.848871461,5.709728119,5.971398763
CG3760,7.12252384,7.256163992,7.171983109,5.921708931,5.600530739,5.977604718
CG10340,6.327123443,6.432987666,6.796308685,6.227398897,6.143206185,5.997730461
CG1910,5.647714274,5.407896819,5.374279706,5.486084149,5.45152576,5.767048584
Tsf1,6.552139909,5.568771223,5.440067254,5.449797106,5.479428583,5.511119113
Sodh-2,5.039527009,4.953820061,5.141442173,2.389545164,3.154594401,3.517332075
Pur-alpha,3.419312812,3.767875172,3.548117629,5.540695204,5.37295096,5.922521685
Pka-R2,6.245209013,6.157383004,6.053564589,6.780198531,6.756593181,7.057896355
D19B,5.683312501,4.834467998,5.039016255,5.160762611,5.20882705,5.320990824
Cht4,0,0,0,0.033774261,0,0
Cht2,2.250142238,3.140193948,2.897376261,1.52167906,0.631684635,0.691294921
Adk1,6.106858694,6.409105013,6.550421027,8.036831494,7.952977784,8.146736545
Ac13E,1.899044333,2.425300487,2.168041848,4.100501489,4.241509861,3.70583984
Taf8,5.00675778,5.27829491,5.427508001,3.858122831,4.006947911,4.273785083
HLH54F,0,0.36680871,0,0,0,0
Sin3A,5.899749855,5.939230791,6.451984379,6.066919081,5.955160734,5.92602668
Pp2C1,3.705161811,4.289596542,4.28481103,5.716707206,5.037080008,4.866874569
Peritrophin-A,0.715694033,0.231061681,0.895375166,1.591378059,1.869991204,2.143364375
Orc1,0.329880465,1.256761209,0,0.813914366,0.867152957,0
Oat,0.949569261,0.266214546,1.015327048,1.203369782,0.043373527,0.895787384
Hira,6.84351788,6.759111017,7.069471221,6.122419623,6.250042863,6.415587103
Hel89B,5.242849194,5.300719965,5.403889574,5.055772703,4.535341995,4.620921632
Cad96Ca,1.959855016,2.20749177,2.545480663,1.232748274,1.996761682,1.350002208
Df31,9.973258173,9.914207415,9.650674459,7.181944343,7.39919651,7.448319142
D19A,5.903624655,5.004142065,4.953999061,4.958013176,5.321025128,5.251917341
CycH,3.993932349,4.068464519,3.625560804,2.932113957,2.092788633,2.862008643
Cbp80,6.005936576,5.460064075,5.849465437,5.778399649,5.487302691,4.809837158
Cbp20,7.148227268,7.313477198,7.585325199,6.329085147,6.274138399,6.188801607
yps,10.18848785,10.0653032,10.10404283,8.649833595,8.531483409,8.384820968
vimar,8.242852892,8.185109859,8.199521978,7.507528879,7.075034118,7.34562684
rpk,0.366277874,0.520292387,0.215700384,0,0.279346616,0.035045714
qkr58E-3,8.257309425,8.456406731,8.198466335,7.367416714,7.520465685,7.421875774
qkr58E-2,7.084455261,6.723983877,6.369032451,7.299841416,7.162155664,7.059758869
qkr58E-1,6.410638667,6.48799853,6.579904878,5.935733666,6.09635237,6.381102092
qkr54B,6.370885482,6.155626506,6.123086146,6.228766503,6.276980292,6.503058057
mth,2.117635196,3.047255909,3.180048673,0.066775902,0,0.035045714
melt,0,0.520292387,0.936477292,0.033774261,0,0
CRMP,6.054145751,6.025750699,6.070973198,4.725916437,4.431019285,4.581460071
Clk,0,2.014255748,1.773579932,1.924112038,1.69064652,2.24414781
gek,5.513177794,5.820831855,5.917765067,4.372070618,5.11665112,4.733215977
fray,7.428461635,7.133028972,7.22374733,8.797455153,8.338494296,8.22849153
dtr,0.089806327,0,0,0.161479554,0,0.755742239
cyc,5.472018038,5.096149496,5.324828594,4.31655724,4.541027391,4.408507002
caps,6.467240222,6.124237132,5.965707819,4.446053231,4.85735948,4.681621077
btv,1.848480104,1.37419648,1.355534777,2.667482714,1.74420253,2.924086435
bon,8.247738658,6.789632928,6.952867759,8.009243697,8.022869769,7.90383068
aay,1.923677036,1.69114504,1.703873911,4.043616549,3.794909478,3.777436759
a6,4.09227737,3.531899187,3.394347403,4.474000741,4.447257688,4.194627559
Uba1,8.073637724,7.570611775,7.514564361,7.260489057,7.347142183,7.473887488
SmD3,6.138770093,6.06869606,6.262954424,4.068270955,4.412529911,4.470626478
AMPKalpha,6.655024346,6.583416826,6.26093328,7.038550396,7.277047119,7.071411364
RpL39,6.772828766,6.334471674,6.680866508,5.656329527,5.326522101,5.614659512
rnh1,5.864400225,6.115830294,6.186219444,5.542162687,5.519336618,5.496263314
RhoGEF2,2.483429492,2.084870226,2.022929939,3.507766696,2.732559025,3.898937461
Prosbeta2,7.860335106,8.168657269,8.156953637,6.177281233,6.18737819,6.508912892
Prosalpha7,8.28816834,8.397059871,8.462837642,6.387396955,6.382606595,6.425938937
Pp4-19C,7.093643046,7.061040048,7.140998332,5.814065807,5.902397951,6.097463461
Pdf,0.598192202,0,0,2.179294479,5.093624097,2.842357653
amon,5.775004595,5.700700978,5.546777949,7.440255653,7.768200146,7.895511703
Orc6,2.483429492,3.021769774,2.696682994,3.495699362,3.853959924,3.489176036
Orc4,3.449312952,3.708411938,4.084530868,2.2528356,2.312576572,3.903685765
Jon74E,0.214831388,0.120151752,0.460785459,0.033774261,0,0.198539073
EloB,6.767735607,6.946853568,7.12219427,5.903556002,5.877897901,5.857318714
eIF4G,10.2769566,10.75435226,10.78562664,10.37439668,10.3890743,10.23862747
edl,0,0.081202514,0.569299184,0,0.315178801,0
Mnt,6.118908338,5.885843997,5.340225645,6.531039543,6.792388267,6.810468037
Parg,4.774276272,4.668662015,4.941434198,4.738772272,4.85735948,4.436628406
Dap160,4.851731619,5.49937336,5.313172,5.572639955,6.32170535,5.886995272
Chd3,0,0,0,0.099039483,0.24260175,0
B4,6.78632327,7.283765643,7.211764323,7.178881654,7.249242947,7.167572767
Ac3,4.442639682,4.783818013,4.844888579,4.877762269,5.058379412,4.889790898
fus,0.401779573,0.659006168,0.280984078,0.306690511,0,0
Rbcn-3A,8.027152307,7.186191831,7.136044589,9.268897221,9.070922189,8.807145272
Taldo,6.406275355,6.408613471,6.554552216,5.245175545,5.04510418,5.090539823
Tequila,3.882119058,4.308690116,3.728609823,4.806280977,4.85279526,3.293218198
Pph13,0.045601845,0.945900736,0.670218812,0,0.74110543,0.035045714
Lip3,0.254209339,0,0,0.649368125,0.043373527,0.102682134
Lip1,0.214831388,0.266214546,0.895375166,0,0,0
Es2,5.340986169,4.548873565,4.778622612,5.223387884,4.662491608,5.534268559
D2hgdh,1.899044333,2.593892108,2.079071103,3.483530239,3.19361957,2.588856075
Ocrl,6.306784137,5.928984541,6.185154019,6.828504654,6.805438105,6.73021042
mip130,3.991021572,3.186805314,2.532134963,2.667482714,2.778204406,3.761830571
Rbcn-3B,5.543294861,5.364963508,5.499560859,6.147221193,6.399395946,6.152358875
Edem1,5.410169919,4.911426737,4.882183182,5.089284691,4.475242384,5.325421252
eIF2B-epsilon,5.781757457,5.595794608,5.961980252,5.539226227,4.948591257,5.373278585
CG14803,6.179610428,6.18060089,5.841372532,6.258530419,6.504008024,6.280187621
CG14805,6.047856867,5.895698785,5.796031387,5.801866477,5.810454376,6.007137566
CG14814,2.916703125,2.409664977,2.907747749,3.583836059,3.424399841,4.13328329
Pex5,5.149343268,4.831537306,4.86897408,6.340094203,5.976995999,6.212914052
Pgam5,5.132271921,5.192952152,5.080863212,4.231794911,4.548573234,4.534779904
trr,3.527730756,3.938296566,3.824786403,3.620417667,2.871408236,3.06215577
mRpL16,6.252519553,6.307304844,6.459053818,7.190625808,6.980917767,7.10478402
CG3857,4.017009528,3.86279572,3.334101687,3.204655481,2.202087344,2.745175978
CG3587,5.523286834,5.509494074,5.706788041,3.61484975,3.382792509,3.172504789
CG11596,6.56198051,6.338606151,6.359619051,5.850056807,5.672226061,5.733437289
Or2a,0.174348395,0,0.075540634,0.066775902,0,0
CG3078,6.834615173,6.150932029,6.505033728,7.428599791,7.673241637,7.644928039
CG3191,3.470365998,3.639705834,3.674972442,6.019769982,5.947332607,5.870718447
CG2865,5.970909828,5.762016443,5.407548441,5.654973749,5.685120673,5.665169039
CG3071,5.439291436,5.515897757,5.220531014,4.814805282,4.87397249,4.955290523
CG2924,6.506497692,6.742434709,6.758845045,6.249575719,6.369885103,6.483368536
CG2918,8.619016542,7.724469237,7.721998718,7.824859237,7.931133989,8.071191354
CG3740,2.795148914,2.732311886,2.897376261,3.215732803,2.930358577,3.722060149
CG32809,10.09309276,10.11322552,9.964851376,9.418265485,9.597551709,9.68426618
CG17778,8.285943478,8.527964542,8.458214394,8.130288789,8.317116107,8.253001885
arg,1.713726341,1.906976767,1.796086408,1.358015262,1.649133071,1.391158966
CG3156,5.079811321,5.08757689,5.381739341,4.843654908,5.584102745,4.785603934
CG17896,6.068714071,6.166715045,6.084750403,6.101172018,6.262714511,5.78259873
CG3630,3.654553424,3.517382936,3.93029255,3.711925407,3.179108557,2.99699568
Cyp4d14,1.308726695,1.791075026,0.976440789,1.545288185,1.606389595,1.307636778
Nmd3,6.474031503,6.603313146,6.795610754,6.938183021,6.731121823,6.689889822
CG4406,5.995807989,6.168458102,6.295900877,6.69272049,6.700966547,6.72887325
Mct1,2.138829956,2.72601307,2.041887442,4.615940298,3.749797882,4.396766365
CG18031,0,0.081202514,0.147321929,0.852277114,0.24260175,1.557068777
Ac78C,6.087231171,5.751976463,5.566550174,6.000149961,6.045927729,6.309556077
wit,5.511147458,5.296475314,5.263562869,5.194749537,5.226576026,5.161639533
vig,9.111223598,8.25212267,8.048064074,9.301973163,9.3555488,9.005159091
unc-4,0.089806327,0.081202514,0.343441058,0,0,0.135347252
syd,9.359153677,8.262224334,7.93218641,9.323627655,9.572729689,9.438893893
san,7.202709656,7.398612999,7.480663506,6.083139459,6.244246023,6.471024692
sns,6.679186537,6.645224844,6.65570395,6.062324048,5.945190271,6.092273285
sip1,6.42148956,5.694262314,6.283011642,6.084147203,6.329939104,6.050600953
rasp,2.149311703,2.393858155,2.571807315,2.179294479,1.820983826,2.663543995
robl,7.381444023,7.61666575,7.70388672,6.827602353,6.759847292,6.899033531
IKKbeta,0,0,0.764538089,0.066775902,0,0.135347252
aurB,2.307422518,1.850189483,1.882757398,1.435864971,1.963277813,1.005874807
Hs2st,6.639308253,7.171780735,7.281216557,5.522967987,5.537462789,5.569058251
gprs,4.65980597,4.129393807,4.450041189,7.322648857,7.194981768,7.112238937
gbb,1.923677036,2.065044865,2.299882543,2.932113957,2.163293657,3.60740443
foi,4.902183982,5.008041094,4.981262497,6.116028866,6.343016142,6.441532828
Fim,4.073137379,4.073434684,4.033350038,4.710336675,4.705316659,4.703570555
drm,0,0.158077041,0,0,0.043373527,0.102682134
dnt,4.854937112,4.896079406,5.212186921,3.677619005,3.696453062,4.340093114
chico,4.341145505,4.176349781,4.64552085,4.890491492,4.84515599,5.276837076
cato,0.045601845,0,0,0,0,0
brk,2.371496125,0.988623391,1.655458917,0.161479554,0.631684635,1.879796878
bbx,0,0,0,0.360915446,0.602981688,0.755742239
WASp,5.619720544,5.622321106,5.4130194,5.699055083,5.840733794,5.758555077
trio,6.410638667,6.209107464,6.316481718,7.649937197,7.673025899,7.637820862
Srp54,9.208405298,9.073370967,9.019716048,7.885510915,7.740671883,7.765418387
Sox100B,0.214831388,0,0.809481815,0.794343545,0,0.895787384
Sodh-1,0,0,0,0,0.043373527,0
Sirt1,5.787640392,5.45340712,5.357353152,5.353620493,5.485338189,5.502537042
Spn43Ab,0.214831388,0,0.075540634,2.164125461,3.19361957,2.832430862
Spn43Aa,4.21958642,4.384634361,3.091838325,0,0,0
Plap,6.843114401,6.502811948,6.441314842,4.923521725,4.76806932,5.670750967
Picot,2.516193474,2.835386896,2.435089642,4.159059055,4.269176608,4.683002747
Nach,0.535646052,0,0.075540634,0,0.043373527,0
Npc1a,4.652455947,4.657120956,5.099079225,5.141529185,5.558170362,5.64829249
NK7.1,6.391450981,6.599441918,6.585568533,6.66638419,6.848868438,6.753083627
Mkk4,7.974337134,7.617941992,7.602585871,7.88565542,8.349875747,8.283834133
Mekk1,4.129812012,3.833798334,3.763291298,3.385568801,3.464840777,3.053635929
MED6,6.841499356,6.832406905,7.05671215,6.233769994,6.145073942,6.095908368
Mcm3,3.357373553,2.565951338,2.435089642,3.513762722,3.726701843,3.656055146
Hop,9.156254418,9.129854472,9.180988868,6.533623882,6.526631337,6.562441838
CG11418,5.634718099,5.53494001,5.182596589,5.842930079,6.023088795,5.931849481
Tsp2A,0.628476965,0.081202514,0.569299184,1.111464636,0.417626289,1.172521885
CG11412,7.200506414,6.716457533,6.746619368,6.768648713,6.665837359,6.953573036
CG11417,4.979114622,4.206071542,4.354707172,4.414351958,5.091042703,5.089498292
CG12773,4.703136688,3.80121326,4.107207901,3.625964179,4.298562044,4.119062788
CG11409,0,0,0,0.066775902,0,0.198539073
E2f2,6.511076648,6.757181786,6.861118343,6.429237917,6.518969545,6.220069894
Dlc90F,6.470901037,6.611878863,6.793514933,6.135116829,6.123131528,6.0452391
Bin1,6.819517422,7.238018522,7.06600265,5.152139286,5.442441159,5.312981607
Sec13,7.342580361,7.357182565,7.396632309,6.458675945,6.447109403,6.677466606
dlt,3.62856754,3.318232248,3.728609823,2.549860337,2.503265198,1.91784782
Neos,6.095385316,6.09092465,6.124198391,5.372715924,5.126768551,5.344755103
flfl,4.586493926,4.206071542,4.320182354,4.467836802,4.406313752,4.537837537
EfTuM,8.632037514,8.180798388,8.281814076,8.992956244,8.839450894,8.872938918
Dph5,5.698558954,5.933091777,5.946972921,6.484856957,6.074303932,6.052205631
fws,6.782540681,6.780543964,6.841641251,6.511320721,6.667570969,6.954717426
Cpsf160,3.814576775,3.465394006,3.514581079,1.579992895,3.583454435,2.565074991
Slip1,7.223629328,7.638000149,7.698296464,6.954255568,7.009221941,6.884695085
Drep1,6.568341093,6.475849615,6.282015376,5.650898755,5.205250901,5.84811065
RpL10,9.375498182,9.737315779,9.77856244,7.890271948,7.856722818,7.935331285
PRL-1,7.390860512,7.598032226,7.463189861,6.589338655,6.686504446,6.629186306
Lip2,0,0,0,0.033774261,0,0
Flo1,8.24009736,7.416080914,7.723467258,6.857968369,6.935235115,7.005849621
Dbp80,7.041491424,7.406265861,7.303480028,7.419246751,7.575981027,7.183035179
DIP2,6.247649978,6.671275616,6.623817355,5.858915994,6.343558455,5.756587916
DIP1,8.981307992,8.874694225,8.778792233,8.627801029,8.523368815,8.600044449
Crk,8.265010953,8.429402763,8.554179267,7.978952499,7.979563833,8.163660333
Clc,7.991369165,7.987650342,7.913973156,7.696972752,7.663718527,7.663069474
AP-1mu,7.649695584,7.695949622,7.762563127,7.949809519,7.784268721,7.868897863
stan,5.978277527,5.348656429,5.273622104,5.597554909,6.053902977,5.69355082
Pcd,5.651406064,5.759705718,5.856175018,6.500415995,6.349510477,6.578120749
p38b,6.539245951,6.677001346,6.583143974,7.012319893,7.058942943,6.729876244
kin17,5.393733634,5.264236001,5.423899469,3.865175085,4.589384305,4.047924848
Kap-alpha1,8.337126654,8.446025047,8.407955283,9.057039289,8.971712601,8.958287496
b6,0.875744677,0.266214546,0.147321929,0.130597294,0.085481031,0.259078775
Taf7,5.296882763,5.27829491,5.518295151,4.57207817,3.662082293,3.311199608
agt,3.90703995,4.241831074,4.08909488,4.694586827,4.900751418,5.526593276
Actbeta,4.946430696,5.300719965,5.171879786,4.333606183,4.084263456,4.785603934
Ts,1.270828368,0.761109441,0.895375166,1.86904688,0.166179293,0.345376129
Trn,9.160308725,8.776775362,8.808674332,8.675301193,9.043647329,8.816538998
RSG7,7.366080128,6.801288725,6.818466052,7.754916096,7.826974543,7.99369927
PIP82,0.089806327,1.221374389,0.075540634,0.512338969,0,2.273793051
Oamb,6.557560544,6.650223297,6.680866508,7.43275929,7.436786489,7.506053214
NitFhit,6.197397083,6.589067569,6.207364367,6.489428217,6.356513173,6.178063109
NTPase,6.433868021,6.190356456,6.221983551,6.209962739,6.591078001,6.423461263
Mat1,5.78680144,6.030869952,6.205263766,5.858327071,6.126286665,6.116506375
Irp-1B,5.695880085,5.356833008,5.114831719,7.085099437,6.931271927,7.110699698
Irp-1A,5.944070149,5.424524194,5.672225514,6.695031064,6.530447028,6.807304001
GluClalpha,7.901026161,7.894360389,7.904617758,8.331882067,8.174436613,8.328108669
CG2701,6.463570093,6.018037599,6.238511784,5.949070347,6.288292214,6.477408895
CG2712,4.186890203,3.646392069,4.381000002,3.967019881,4.162571345,4.006588299
Syx4,0.658139045,0.520292387,1.261622271,0.605122262,1.577173781,1.156697169
CG4293,6.476114713,6.485670132,6.435950337,6.049998592,5.389852397,5.357790272
CG3457,0,0,0,0.066775902,0,0
CG11448,7.401860617,6.900760919,6.612765812,8.20954106,8.461509111,8.337022259
CG3719,5.216923822,5.469521039,5.531768895,6.945132811,7.125415081,7.046133739
ssx,7.101086368,6.828737364,6.67100631,7.130681175,7.299022819,7.606490624
CG3777,0.089806327,0,0,0.033774261,0.35014255,0
CG2694,2.117635196,2.123721891,2.918045209,2.363220015,3.203213121,3.226563707
CG2658,5.544288015,4.834467998,4.798266591,5.739272766,5.586853768,5.368992928
CG2662,3.853558666,3.777044046,3.681031582,3.023202149,3.468823214,4.396766365
Csat,5.167504658,5.256608687,5.19111308,4.706415303,5.030358937,4.590323059
CG2680,3.334591723,3.85126661,3.430762155,8.208963738,8.273100587,8.292459006
eIF2B-beta,6.789258442,6.774452687,6.955994398,6.962225189,6.750471869,6.561315369
CG2681,2.159717845,2.493636113,2.097309615,4.122249549,3.579776571,3.112244507
CG2685,4.993729654,4.174037927,4.256687635,4.333606183,4.174812906,4.527107348
Bem46,6.471423254,6.652716045,6.513547224,6.849696042,6.463667691,6.708326337
Ant2,1.935837444,2.044943264,1.630628187,2.044969659,1.301584745,2.094362876
az2,4.892857581,5.282593309,5.18473043,4.295828947,4.557950372,4.510082705
ari-2,7.333416979,7.191344786,7.008136012,6.206264962,6.26672317,6.233804682
RpL31,6.775368619,6.931538344,7.004516609,6.489428217,6.485453867,6.616226807
PHDP,1.580650349,1.81501225,1.861572885,0.670992382,0.767211364,0.198539073
CG4585,3.754054905,3.042194573,4.107207901,2.997758461,3.749797882,4.0153897
CG4882,6.745455082,6.898662221,6.820525964,6.875536655,6.804256622,6.800636851
Thiolase,6.782961459,6.771397376,6.795610754,4.887031009,5.540304112,5.278665971
Optix,1.596057418,2.648200849,2.185196033,2.125490111,1.951941571,2.680244095
Ip259,5.093445685,5.552844762,5.610071127,5.59967059,5.489264521,5.472490815
Fpps,8.104601906,8.282754453,8.438007326,6.128782195,6.284343122,6.214825749
rush,5.702123059,5.299659973,5.015232518,5.796342942,6.160545254,5.774196546
Rab27,4.251558024,3.602367154,4.070751556,8.784649091,8.732127215,8.716950877
CG14780,0.174348395,0,0.460785459,0.46360926,0,0.528678517
CG12184,0.214831388,0.19503084,0,0,0,0
CG12179,1.755490258,2.189292071,1.655458917,1.331102989,1.388243933,1.927205787
Mur2B,3.32074792,2.706949919,2.477482248,4.137862909,3.655108773,3.787747878
Scgdelta,3.466179895,3.275739814,3.587358793,0.033774261,0.482093952,2.273793051
inc,8.903917185,8.865948181,8.90726881,7.099374444,7.060263257,6.626316461
Cyp6g1,0.045601845,0.398839565,0.569299184,0.2787941,0.204896494,0.102682134
CycT,7.05095603,6.520662539,6.557848671,7.338148802,7.200081475,7.199058091
CREG,2.230532028,2.661464504,3.100906056,1.772326804,1.591855642,1.532753413
Bub3,7.66803574,7.788586329,7.839068594,6.352693441,6.365085474,6.420565254
Bap60,7.41114521,7.15194773,7.331677528,6.729252826,6.217868085,6.356635721
slv,5.767369652,6.160889597,6.050057516,5.620658487,5.226576026,5.151694455
fidipidine,6.422570174,6.497736973,6.420641676,6.365598082,6.658010229,6.309556077
bab2,5.032466308,5.4235514,5.443635622,4.016423411,3.699845528,4.480194851
unc-119,7.854341465,8.020673058,7.987015139,7.816545901,7.768402111,7.839307541
CG4101,6.357952173,6.571609466,6.674806673,5.976465316,5.797054132,5.992168081
SF1,6.155115203,5.470463334,5.4130194,4.953608729,5.459553214,5.122459883
PpN58A,0.132696544,0,0.147321929,0.130597294,0.085481031,0.035045714
Pli,7.294400334,7.250689425,7.091815914,6.660991205,6.691199244,6.885295374
Int6,7.691982788,7.776827033,7.873538814,6.449320969,6.248885357,6.638117952
IM2,0,0,0,0.334057725,0.126394328,0
Gk1,5.69766655,5.563481914,5.917765067,5.885749816,5.919230984,5.81950046
AkhR,0.132696544,0,0.075540634,0.033774261,0.126394328,0
Faf2,7.519398637,7.219922104,7.308870351,7.806048236,7.831621055,7.866923684
CG3062,0,0.081202514,0,0,0,0
Torsin,6.221811509,6.531990139,6.411560111,5.034034321,5.049099591,5.535798727
CG13359,0,0,0.215700384,0,0,0
CG13360,0.687203533,0,0.147321929,0.099039483,0,1.188174903
CG16989,4.900633763,4.877728617,3.57439664,4.57207817,4.34912912,4.15335818
CG4025,5.196853653,5.350704922,5.3667813,5.74883671,5.561903649,5.732770353
Sik2,7.789229245,7.31452709,7.105396437,5.448232545,6.252355093,6.097463461
CG4281,6.000881171,5.939911293,5.935614079,5.764008356,5.7405265,5.099879917
CG4194,0.214831388,0.549122661,0.147321929,0.033774261,1.110889535,0
CG4199,5.13622943,4.543510664,4.812136029,5.719304063,5.652227734,5.688744506
CG4045,4.375032266,4.119816392,4.023846166,4.522386519,4.763213198,4.334828875
Rtca,8.037416688,8.172860404,8.22203345,7.388576649,7.230013584,7.335998141
moody,2.170049465,1.291300791,1.655458917,0.670992382,0,1.023432869
CG4313,4.343429554,4.2240621,4.806604244,4.639439331,4.698549503,4.098501508
CG13366,6.674204912,6.325646371,6.193655471,5.883436152,6.05919542,6.283834628
CG13367,4.713769031,4.911426737,4.626808696,3.67494595,3.816947098,4.161310569
CG17829,5.918254706,6.297780472,6.478318027,5.932380142,6.151901768,5.732103108
SkpA,9.989847305,10.25456488,10.09527846,9.371670853,9.326558501,9.319047019
Roc1a,8.5318272,8.807489113,8.834726358,7.246829441,7.26306869,7.487986565
Hmt4-20,6.251303699,6.100086423,6.075580234,6.509446466,6.418568154,6.360958188
CG13369,4.934359624,4.78986996,4.789880474,5.65157872,5.45051918,5.600106323
DAAM,4.917595242,4.947066128,4.58217939,4.589215608,5.13806649,5.149697187
CG32812,1.873983732,1.009519467,0.620641262,0.794343545,1.110889535,0
CG3588,0.535646052,0.460843657,0.075540634,1.079480821,0.126394328,0.102682134
CG14424,0,0,0.147321929,0,0.126394328,0.035045714
CG3598,0.132696544,0.041172495,0.075540634,0.582479838,0,0
CycK,7.11619277,7.268406335,7.20757288,6.76047695,6.880230435,6.909694613
CkIIalpha-i3,5.977542448,5.895698785,6.083607314,5.867721111,6.250042863,5.83574109
CaBP1,9.266656205,9.148225884,9.259134812,6.314990033,6.042591654,6.063919045
cry,1.995147922,1.467766366,0.280984078,1.497677144,0.914641953,0.988100422
CG3558,5.432870598,5.248940835,5.203794289,5.502760981,5.359071236,5.22086349
scf,6.508534578,6.237615261,6.563599405,6.590048256,6.795166296,6.805402242
CG3164,4.931326008,5.200922595,4.855642918,3.851035934,3.648101382,4.727871013
MFS18,6.968640595,7.12257687,7.129966824,7.151742021,7.190768431,7.657106226
Amnionless,1.171483865,1.69114504,0.853067622,1.435864971,2.153430023,1.124517283
LKRSDH,0.900774972,1.341607518,0.620641262,3.993006592,2.90706669,3.070625592
ZnT41F,1.171483865,1.37419648,0.403305984,2.053226971,0.482093952,0.553062079
santa-maria,3.005919144,3.24523244,2.876406888,2.356562981,2.423434135,0.669156436
CG5885,7.624325854,8.068753939,8.038066968,5.109222506,4.870966138,4.76878562
Srpk79D,7.132464042,6.89129264,7.028476197,5.941861619,6.085370271,6.297429378
CG8083,0.174348395,0.041172495,0,0,0,0.102682134
CG13920,9.273859139,9.357333619,9.435029841,7.18898737,7.247215577,7.383724029
Bap55,8.291129495,8.445066648,8.628565583,6.863554841,7.03798702,6.912642097
Ate1,4.158633366,4.219585449,4.642418964,5.427737333,4.890396373,4.869304028
beta'COP,7.915490571,7.235526362,7.079827177,6.812176252,6.784021941,6.870212703
alphaCOP,6.352859582,5.69506872,5.884019392,5.462252881,5.983273859,5.785817355
unc-13,9.505479711,9.875737412,9.577753098,9.549100762,9.631700245,9.607354801
PlexB,8.151141075,8.387238852,7.99828125,7.531368793,7.49676988,7.071938793
PlexA,8.166380144,8.401142608,8.061480242,7.525631112,7.624315408,7.817771277
mtm,7.372804503,7.041833396,7.154670145,7.362025949,7.368882603,7.093399032
mbt,7.614430043,7.171201286,7.006930553,8.458709621,8.42135871,8.573006105
ind,0,0,0.075540634,0,0,0
homer,5.432870598,5.212233094,4.943955941,4.993845755,4.866444829,4.59913193
Cdc16,5.528314915,5.571408624,5.59410493,5.137651538,4.502694561,4.211959331
TBPH,8.165896269,7.934521785,7.873538814,7.879863909,7.792435019,7.960900274
Smox,7.744561114,7.35284558,7.209670123,8.544221583,8.564888884,8.604426029
Sbf,5.398134985,5.004142065,5.029549759,6.028172369,5.476464677,6.029032929
Rad9,3.051337184,2.757235691,3.054986492,3.890742359,3.893013771,2.373001949
Rad17,5.418859967,5.400005364,5.992752936,3.860477415,4.081665244,3.641915625
Paf-AHalpha,6.061101396,6.225944898,6.129746786,4.50743955,3.956787808,4.6381195
Mgstl,5.781757457,6.16205657,6.116394612,4.297567726,3.92525315,3.774847423
Mcm6,5.05354558,4.499874294,3.950498508,4.39173917,3.782163743,3.437722485
JTBR,5.75197747,6.05116722,5.725963239,5.278133163,5.323226431,5.583926407
I-t,0.366277874,0,0,0,0,0
CG6421,0.567258051,0.041172495,0.460785459,0,0,0.478639091
IntS8,5.113658634,4.792886439,5.036655448,4.104480145,4.541027391,4.279276411
Fen1,4.999534461,5.25003874,5.228827124,4.478606474,5.223043657,4.56506848
CG8910,4.974701085,4.623628479,4.44292734,5.24967352,5.870390747,5.666566547
CG17707,2.371496125,2.328839894,2.391413548,0.833223249,1.02694508,1.074860222
RhoGAP1A,6.157064229,6.064957767,6.195773029,6.409675476,6.387874286,6.446829119
CG2652,1.191907582,1.009519467,0.343441058,0.512338969,0.573696073,0.776600407
ND-B14.5A,6.395308988,6.566330571,6.510147852,7.216131278,6.971124331,7.202434134
Crag,4.624554966,4.298113787,4.588640156,4.689298436,4.676334423,5.051493436
Cortactin,6.360773641,5.784922389,5.670703849,5.309493209,5.497085273,5.395361064
CalpB,2.788458589,2.706949919,2.732131067,5.47843957,5.298825362,5.683922126
Meics,5.456275262,5.45911496,5.398383817,6.137060365,5.458552222,5.524282706
wrapper,3.062471748,3.096916003,2.865806788,2.820444122,1.649133071,1.532753413
Timp,0.771040734,0.19503084,0.670218812,2.976207142,4.017861666,3.619000132
snoRNA:Me18S-A1576,0,0.041172495,0,0,0,0
Inos,5.677892699,5.086348063,5.195352547,8.714388457,8.870827954,8.931073727
Eph,5.733809875,6.040419862,5.798820275,5.128888536,5.470518536,5.704476924
Top3beta,5.475146083,4.346135498,4.439357217,5.323215151,4.924144663,4.859561549
Rlip,5.871539783,5.558173142,5.525047752,7.640377484,7.390825097,7.706855281
OdsH,0,0,0.280984078,0,0.714518384,1.005874807
Mhcl,5.760548948,5.66410391,5.344049369,6.015550366,5.680835262,5.772899548
Mipp2,2.994337654,3.037115418,2.648021954,3.237635504,3.374325086,3.128561618
Mipp1,2.389292087,1.778955809,2.505067387,1.142754737,1.532209851,0.102682134
UBL3,4.421175063,4.481295597,4.373536533,4.573514091,4.563547538,4.954146588
Gasp,1.327308948,1.754407614,2.235467704,0,0,0
Nsun2,5.385998811,5.132322982,4.976343677,3.881497508,5.33090465,5.031024262
Tip60,5.692300504,5.737958586,5.774941089,5.667130124,5.843036868,5.566066144
tyf,6.175770303,6.207412862,6.309654008,6.055147001,6.359197493,6.436217022
cib,8.420622024,8.68761262,8.624837739,4.714247417,4.832848392,4.896952655
dgt4,1.769147149,2.45607215,2.150681236,1.721421233,1.532209851,0.646672929
Adar,5.444620391,6.138535854,6.141878662,5.618573384,5.855258221,5.933011227
CG14818,6.343190921,6.591668159,6.694408783,6.012377535,5.821397172,5.937069985
CG14817,4.338857834,4.731324911,4.697257421,5.4807372,5.124245837,5.448320024
CG14812,5.8896264,5.869506407,6.192595525,6.186694594,5.824508501,6.086542442
Cdlc2,0,0.36680871,0,0,0,0
CDC45L,4.59226749,4.56836872,4.673141738,5.479205853,6.31453122,5.87495603
CBP,3.774512266,4.150713319,3.763291298,0.066775902,0,0.837424361
CG16833,5.523286834,5.924177939,5.955746158,5.680518149,5.773098689,5.885795859
CG12253,5.915187001,6.049276436,6.266988238,5.260411784,5.342888461,4.932237675
BCL7-like,4.703136688,4.424079359,4.56262166,2.601448428,3.291304476,3.476483662
ApepP,5.819164371,6.259586698,6.293925398,4.674654603,4.945736595,5.045060806
tna,7.425769606,7.251511936,7.437918463,6.951221054,7.178965977,7.246319662
SkpB,0.329880465,0.460843657,0.147321929,0.360915446,0.126394328,0
siz,5.490685379,5.585393904,5.574709288,5.71084713,5.917046478,5.568310806
Rok,3.590613615,3.200500041,3.154147217,2.656684766,3.633983658,3.583929621
prominin-like,8.805977478,8.896593072,8.714337631,7.31687355,7.243733444,7.113007941
PH4alphaMP,0.045601845,0.231061681,0,0,0.714518384,0
par-6,4.650612576,4.667018934,4.820394138,5.574075317,5.149276641,5.565317147
nop5,5.571822336,5.412807148,5.307308193,3.645210745,3.913612926,3.592777497
noe,14.65183226,14.7365421,14.72764518,13.69763465,13.40989974,13.54830076
myo,2.307422518,1.929080246,1.796086408,0.582479838,1.562340969,1.898947794
mei-P26,9.141071571,8.841938126,8.58399144,10.38741567,10.38433819,10.31750028
mbo,6.652723865,6.648142712,6.782285507,5.934616691,5.874149207,5.977041642
gus,7.876197469,8.185253353,8.058865138,7.795781229,7.744578138,7.935910875
gukh,6.970858342,6.611878863,6.775930331,5.111201217,5.67997665,5.138662508
eIF-1A,7.274189775,7.337175246,7.23614612,7.640548749,7.552952367,7.577068119
msk,7.586981766,7.218240165,7.16551507,7.829674135,8.022023044,7.854408515
clumsy,0.045601845,0.300531207,1.195435982,0.871082608,0.937812835,0
cav,3.132824261,3.318232248,3.452177832,4.215332246,4.137772131,3.872538709
eIF5B,6.689098478,6.499584485,6.523697543,6.135602959,6.249464226,6.161803988
bonsai,5.981947314,6.286053532,6.342518584,6.025027206,5.92431534,6.040396335
bip2,8.528443426,8.754415795,8.862983731,8.029264587,8.348525511,8.125044638
bip1,5.783440745,5.966203603,5.767841914,5.25146879,5.184816885,5.431156247
antdh,0.900774972,0.158077041,0.147321929,0.413175903,0,0.069260254
aft,6.64903545,7.233585035,7.452160374,6.141907781,6.489379884,6.64096444
X11L,4.919127352,4.729751707,4.474667002,4.399855914,4.815752155,4.86808981
Ugt35b,0,0,0,3.824748676,4.556079814,5.466084763
Ugt35a,0,0.081202514,0,0,0,1.293233921
Ubc10,7.109162796,7.358710158,7.284204946,7.100619926,7.390825097,7.452578372
Tsc1,4.848518987,4.160088462,3.830249039,4.580672335,5.377194918,4.889790898
Traf4,0.292540976,0.945900736,0,0.033774261,0,0.035045714
Tom,0,0.120151752,0.343441058,0,0,0
Tak1,5.543294861,5.340433243,5.224685032,5.571921738,5.729780208,5.769001543
Taf10b,6.709163237,6.970358719,7.138248353,6.032877294,6.229064319,6.109844227
Mad1,6.148599364,6.117635887,5.948229512,4.867263258,5.254527878,4.93919229
5-Sep,3.089937898,2.76339994,2.684670739,3.369126446,3.183961797,3.820758977
Sara,5.10021485,4.180962404,4.966455437,5.335115713,5.020896521,5.326305707
SRPK,9.950260896,9.323705458,9.352017938,9.472233677,9.486046379,9.321821362
SAK,3.143349574,2.82952329,3.34940061,2.322809099,1.74420253,2.652302222
RpL23A,9.289491291,9.444254947,9.514372657,8.095229499,8.087590571,8.241795223
RpII33,5.695880085,5.80448422,5.964466366,4.589215608,4.506574003,4.928747755
Rhp,2.491690508,2.409664977,2.268034601,3.993006592,3.420292692,3.53885752
RhoGAPp190,7.025933329,7.140448667,7.086119415,7.396305517,7.630772657,7.490553228
Rgl,4.570983833,4.514566889,5.034290771,4.928018846,4.414596026,4.64522521
Rep,6.467240222,6.442623197,6.986282121,5.927896617,6.246567555,6.293816619
Pten,6.679186537,6.985599031,6.566057005,6.872331777,6.638696546,6.827122554
Prosbeta3,9.312845009,9.505124448,9.560909848,7.488054978,7.417083752,7.491539192
Or47b,0.045601845,0.120151752,0,0,0,0
Or43a,0,0.231061681,0,0.488179846,1.820983826,0.734578078
Or43b,3.457771073,3.375694412,3.326390953,3.136343674,3.088836921,3.237888846
Or24a,0,0,0,0.033774261,0,0
Or23a,0,0,0,0.066775902,0,0.102682134
Or22c,0.628476965,0.879346663,0.280984078,1.203369782,0.204896494,0.93342433
Or22b,0.214831388,0.80957322,0.147321929,0,0.983067192,0.373031704
Or22a,0.598192202,0.158077041,0.460785459,0,0,0
Or85e,0.089806327,0,0,0,0.126394328,0.069260254
Noa36,6.474552587,6.321474533,6.414290588,5.068049137,5.609577214,5.605945227
Nipped-B,7.511549131,7.849974732,7.808951482,7.642602355,7.785865779,7.67440165
NiPp1,4.738277283,5.12993943,5.212186921,5.159807006,4.839015315,5.052562758
Ndg,2.873102452,4.192429851,2.268034601,2.502402451,3.245611718,0.837424361
Dronc,5.60075166,5.64836866,5.790437385,3.737770762,3.286799776,2.924086435
Mpcp,7.793203245,7.659436878,7.705002176,8.841625319,9.031161293,8.997683493
Lim1,2.210651584,1.838558782,2.477482248,2.465755606,3.259472137,2.890992191
Idgf4,2.096124414,2.537458732,2.532134963,2.538141418,2.80994611,2.182964763
Hus1-like,3.040116015,3.29714247,4.190269272,2.125490111,2.883392583,2.484962228
Hsc70Cb,7.912416975,7.901015591,7.836356507,6.548303379,6.579614386,6.771059665
Su(var)2-HP2,6.178331522,6.278540994,6.209461913,5.339342235,5.981881138,5.462871039
HDAC6,5.487590881,4.725021775,4.887433145,6.009728169,6.059855612,6.788172659
Grip84,6.239701694,6.17425313,6.277023701,6.433197867,5.935150423,6.009892728
Grip75,5.391527913,5.743426179,5.46661733,5.723837345,5.519336618,5.481252947
Grip163,3.329991867,3.535505542,3.785957595,4.209802679,3.965269873,3.922524226
Grip128,4.713769031,3.822034194,4.138368579,4.805059098,5.184816885,4.491278333
Eaat2,9.674489792,9.337199272,9.387883224,10.57123122,10.54303057,10.49184281
Eaat1,2.726807108,2.29519787,2.92826969,2.756141763,3.561245284,3.203643179
ear,4.717295803,4.5273013,4.744312136,4.511939923,4.514301731,4.581460071
Drp1,8.538820198,8.399040823,8.488112023,8.503182567,8.384940731,8.259151803
Dek,7.019877024,6.421339433,6.137478866,7.172499834,7.217641907,7.213471546
SPARC,3.219933046,2.769537964,2.968458044,3.75811877,3.207986079,4.408507002
CG1979,0,0,0,0,0.043373527,0
CG1315,0.089806327,0,0,0,0,0.16728912
CG1307,7.989000398,7.920109372,8.073333872,7.136521839,7.039995988,6.729207659
CG5704,0.875744677,0,0,0,0,0
ADD1,6.43333203,6.239274776,6.239538538,5.923399115,5.628392149,6.021407293
hang,6.838263832,7.159563166,7.06252572,6.466425685,6.139463403,6.109844227
CG5991,5.283860246,5.266407848,5.273622104,5.279893387,5.452531638,5.828892353
CG8677,7.64784868,7.664386418,7.593379114,7.238480641,7.832394021,7.728594275
Hmg-2,5.854825518,6.273150844,6.170154855,5.279013543,5.205250901,5.154685184
Fie,7.237818451,7.393405642,7.457465052,9.375637457,9.390674632,9.517956828
CG5707,0.567258051,1.421739881,1.161168219,0,0.085481031,0
Axn,4.42979927,4.57889244,4.726845974,4.274798489,4.932820252,4.559061422
Apc2,4.465887664,4.616835659,4.58217939,3.035757674,2.725918746,2.439908158
Ady43A,6.609726854,6.566330571,6.648764576,6.98991162,6.717378849,6.980510041
alpha-Man-IIb,4.379490953,4.437634207,4.339464716,4.467836802,3.572392596,4.713069431
Taz,6.32596889,6.326167004,6.316481718,7.723246674,7.876531909,7.822793901
tacc,6.754065284,7.137188701,7.011746358,7.330313479,7.261921592,7.216814066
nes,4.025569181,4.073434684,3.580892274,4.456986131,4.338286053,4.295626091
ldlCp,4.650612576,4.783818013,4.56262166,3.704080643,4.34912912,4.70900614
MagR,6.540241896,6.634755442,6.411560111,7.541492729,7.317083609,7.481053535
IntS4,4.392784929,3.047255909,2.800516622,2.672851532,3.633983658,3.492331758
l(1)G0045,2.662402971,2.35356639,2.235467704,2.259987662,2.790985013,2.965550264
l(1)G0007,5.584429662,4.887638806,5.143637714,5.20960159,4.598500723,4.876567953
fu12,4.423335953,4.657120956,5.000771769,5.483031176,5.95160776,5.780018651
fat-spondin,2.128271498,1.597641216,1.161168219,0.413175903,2.657778787,1.188174903
drosha,4.944927324,4.812341304,4.536125298,4.682660569,5.172660274,4.379826532
CG6171,3.669195019,3.879918453,3.751823193,5.158850766,5.141812894,5.143688736
CG7857,5.979012231,6.190356456,6.171231411,4.294088071,4.751818274,4.554539658
mRpL18,4.892857581,5.240127379,5.295508592,5.422169279,5.43736933,5.212276949
Yippee,7.118528504,7.555149942,7.418103403,7.112769076,7.320393326,7.433619861
XRCC1,3.567352553,2.463663595,3.064288076,3.879177009,3.850911533,3.683925124
Ugt37c1,0,0.081202514,0,0.161479554,0,0
Ugt37b1,0,0.36680871,0.516062327,0,0,0.135347252
Ugt37a1,0.174348395,0.120151752,0.075540634,0,0,0.345376129
Tehao,0.875744677,0,0.280984078,0.46360926,0.482093952,0.755742239
Trap1,6.147946159,6.007039633,6.346336243,7.82063298,7.822702055,7.923251959
Rad23,8.426693619,8.736608175,8.699490381,8.056090604,7.93527746,7.974645502
Nhe1,7.465107597,7.5415396,7.593780632,6.938183021,6.974279477,7.010809549
Thd1,7.693102608,7.554483575,7.546857629,7.451818099,7.690610114,7.698169623
CG14777,4.011274747,3.882752588,4.160221217,7.095631536,6.987178621,7.115568332
MED18,6.194236935,6.294059503,6.478318027,5.235230361,4.790517566,5.011360796
CG13358,0.470264926,0.041172495,0.620641262,0,0.279346616,0
CG11403,2.740736918,2.486201158,2.168041848,2.069601149,2.901184484,1.860388321
CG4325,0,0.120151752,0,0,0,0.345376129
CG13364,8.442627558,8.306958318,8.559122404,5.717356858,5.582265812,5.636217685
STUB1,6.818286327,7.27165349,7.223228394,7.409028637,7.39580148,7.415032612
CSN5,7.347993709,7.600186292,7.72859541,5.221557305,5.549734975,5.758555077
CSN4,7.409238554,7.61666575,7.685167674,6.193247592,6.334856894,6.104182894
CSN3,6.34147794,6.552158351,6.81157836,4.718147587,5.201665864,5.355192643
CSN1b,7.404050608,7.530738817,7.543535935,6.711428417,6.781622624,6.782061127
Eb1,9.206132305,9.446471525,9.321554907,8.389573785,8.406123057,8.308660804
CG17322,0,0.266214546,0,0,0.085481031,1.307636778
CG4302,0.797937693,0.924055416,1.228908645,1.859661497,2.321413144,2.151371889
CG17324,0.254209339,0,0.809481815,0,0,0
ValRS,5.69766655,5.322801777,5.540126528,4.903109384,5.173880555,4.896952655
TyrRS,6.044351161,6.024468043,6.092726764,5.41497863,5.649598699,5.236944386
ThrRS,7.80919726,7.696352411,7.752888036,6.782062793,6.867465679,6.87445177
ProRS-m,4.769188229,4.545300514,5.340225645,5.724483795,5.922864494,5.406276832
MetRS-m,6.557560544,6.268824177,6.639459848,6.436752552,6.310653399,6.162794622
LysRS,7.582637851,7.495530107,7.689682446,6.54061527,6.49524895,6.294720657
LeuRS-m,5.581530042,5.559944904,5.480580086,6.968514767,6.841208292,7.07246603
IleRS,5.637512866,5.518633516,5.425704863,4.157144949,4.887424086,4.977980795
HisRS,8.19685747,7.721701871,7.776778378,6.941523099,6.62403969,6.63061909
GlyRS,8.008382405,8.011314874,8.090222413,7.062524041,7.066518299,7.417109727
GlnRS,5.826530757,5.257700776,5.757844013,5.145396438,5.321025128,4.857115614
CysRS,5.128303526,4.938919449,4.623666271,4.399855914,4.618356345,4.590323059
ArgRS,5.440358803,5.721430369,5.753537898,4.929140939,4.652021629,5.058962099
AlaRS,7.613957116,6.795660581,6.923780213,4.966781935,4.607559896,4.817405954
Manf,7.022017447,7.296574165,7.315701762,6.338828206,6.334856894,6.416417989
Dyrk3,6.086549574,6.406153249,6.181953014,5.199407249,5.656598839,5.75986503
Inx7,0,0,0.343441058,0,0,0.035045714
Inx2,3.302080417,2.858605868,2.978332615,3.359170326,3.658599747,3.917837622
NPF,1.565076965,1.128912832,0,1.61388234,1.048393528,2.386633721
miple1,11.49147756,11.73510445,11.47973945,10.66178738,10.75433975,10.71918316
Kmn1,2.691382541,2.769537964,3.073530072,1.636040967,2.249157015,1.336018175
l(1)G0196,3.757484674,3.874233426,4.495445363,6.236038584,6.591534656,6.672954024
l(1)G0193,5.842767078,5.793230941,5.926717176,4.984161163,4.983805952,4.795857053
Gmap,1.822517503,3.395674297,1.526797288,2.428153554,1.74420253,2.094362876
l(1)G0156,8.760231018,8.688827646,8.604060964,9.743374437,9.951364539,9.973375516
temp,4.624554966,4.418230925,4.460646621,6.798426644,6.698848839,7.022862511
Tcp-1zeta,8.197331073,8.132501815,8.216308052,6.171129445,6.316742447,6.67121465
l(1)G0020,4.416843548,3.672831372,3.580892274,4.168591673,3.756329404,3.694924093
l(1)G0004,3.961586169,3.689113217,3.985191949,3.9427804,3.4407125,2.78689515
Rip11,4.645068287,3.764805885,3.883767082,3.993006592,3.984869551,4.0734348
Kap-alpha3,9.282514974,9.339973185,9.358175921,8.978802294,9.03410398,8.788092063
jim,8.675517857,8.847570275,8.506141646,8.916589384,9.20923854,9.089561995
Gfat1,1.363770477,0.36680871,2.133109169,0,0.659827649,0
fz4,3.01167521,2.74482761,2.518664653,2.891243961,2.364801925,2.259046575
fz3,4.372797744,4.259383856,3.716861553,2.601448428,2.600850423,2.060745443
bgm,0.850272436,0,0.718149104,0,0.085481031,0.069260254
Amph,3.973432496,4.206071542,4.519314502,4.875435749,4.643238227,5.186206371
Tim8,6.945522016,7.226351433,7.160102798,7.870256792,7.659586761,7.792872458
Tim10,1.580650349,1.895796724,1.750716776,1.924112038,1.869991204,1.748706671
Stam,6.744159108,6.336540393,6.412470844,5.74883671,5.599622964,6.452106038
Six4,0.132696544,0.736253047,0.516062327,0.130597294,0.126394328,0.691294921
RecQ5,3.690882513,3.679366177,3.073530072,3.634244167,3.826289707,4.229085359
rha,0.329880465,1.569773665,0.215700384,0.130597294,0,0.16728912
MRG15,5.628175844,5.354793204,5.340225645,5.485321511,5.409669022,5.55403527
Dnz1,6.68550201,6.551267947,6.737199913,5.203122622,5.326522101,5.35865511
D12,2.432844665,2.668050881,2.584792649,3.513762722,3.452827079,3.820758977
Cdk5alpha,8.281185607,8.413199438,8.497584206,8.172592482,8.237070122,8.125552823
wdb,7.146593278,7.396383576,7.018341951,7.407821734,7.499449086,7.263275885
AdSS,8.793188687,8.703929749,8.527946221,7.930468882,7.891444072,7.992863948
RpS10a,0.292540976,0.577388071,0.147321929,0.605122262,0.482093952,0.45295311
Smyd4-4,6.845130668,6.689194779,6.511848539,5.872978501,5.497085273,5.794152327
epsilonCOP,5.714528541,5.728537089,5.590890377,4.703795121,4.591212203,4.428414153
Madm,5.906717019,5.600966977,5.705302415,5.574075317,5.601437943,5.609582578
wde,6.680542182,7.04784326,6.972144584,6.604869806,6.863311607,6.582569318
spd-2,2.556129034,2.572987425,2.532134963,2.053226971,2.586260277,1.520440304
CG11970,6.733313811,6.379312031,6.073278555,7.18898737,7.145147166,6.919105443
CG8878,7.100411287,6.278540994,6.580715334,6.684770309,6.558280345,6.828995913
Rab3-GAP,6.006657332,4.870607999,5.125979118,6.790113537,6.232581996,6.017579307
EDTP,4.949432748,4.872034937,5.055434612,4.078420561,4.652021629,4.340093114
CG1344,7.00624676,7.278125957,7.26718831,7.29375612,7.739848164,7.305823807
Tnks,4.30644361,4.499874294,4.471174659,5.36693098,4.860394291,5.384362074
TBCD,5.502997419,5.078953041,5.461346259,4.461646415,4.947164632,4.612245203
CG10254,5.418859967,5.703909566,5.490964179,6.021349162,6.047925678,5.402088228
ana2,2.625340219,2.817724095,2.623061777,3.471257595,3.313619381,3.495480592
CG1024,4.161225162,4.327534291,4.093644499,3.956052396,3.993188581,3.641915625
CG7115,5.595012017,5.543024658,5.605299794,4.834102324,5.248749067,5.139669156
CG7609,5.047954487,4.632074774,4.795476632,6.033920753,5.463550253,5.308512753
CG3679,1.381661402,2.75104499,2.133109169,2.971857974,3.444762007,2.852216606
CG3909,5.556152843,5.421603842,5.681321957,5.092292986,4.854318272,4.542411871
LTV1,6.590144442,6.751766174,6.770967989,7.149096073,7.316531251,6.887694036
Ublcp1,6.056932034,6.319384081,6.335813275,5.576225686,5.306634197,5.430333808
goe,1.685196569,1.838558782,2.003720007,0.512338969,1.663104036,1.417958665
tapas,8.473325366,8.728753838,8.823300838,8.197834118,8.515930226,8.404636683
CG7139,4.273284337,3.736884444,4.324059499,3.848665878,3.71668922,4.537837537
botv,5.848406895,5.452453615,5.525047752,4.671976044,4.657266117,4.520939788
Nup93-1,5.993628295,5.88372347,5.882705585,4.678663139,4.683206338,4.171189805
beta4GalNAcTA,5.800166479,6.033422782,6.13085391,5.914928321,5.895757276,5.920180282
lili,5.82489703,5.885843997,5.819566842,4.444484603,4.761590852,4.896952655
CG4766,0.567258051,0.577388071,1.984250833,1.497677144,2.364801925,2.317149106
CG1927,6.479233898,6.95764632,7.049119316,7.885944386,7.897735362,7.95075567
nito,4.070382248,3.689113217,3.851895069,4.064191035,3.568686387,3.740756192
CG7927,7.814352222,7.614962335,7.744233143,7.088116462,7.307108657,7.130582841
CG6495,6.560999464,6.14857905,6.131960184,6.484856957,6.506431692,6.443572165
CG10863,5.909802769,6.134380012,6.123086146,5.79326515,5.68853986,5.84811065
NELF-B,5.204412724,5.148898481,4.986164604,5.329177703,4.447257688,4.525567928
CG8042,5.962761663,5.318621693,5.543456072,5.898981855,5.912667516,5.677004928
CG4928,0.797937693,1.070450879,0.853067622,0.033774261,0,0.478639091
pgant3,6.166770062,5.827466497,6.076729698,5.124976718,4.282813529,5.315656289
Tps1,0.503325831,0.80957322,0.280984078,1.762288373,0.126394328,1.391158966
CG18659,6.06179512,5.64670229,5.895790126,5.808588871,6.129434917,5.855481797
CG10345,0,0,0.075540634,0.099039483,0,0.16728912
CG9631,0,0,0,0.033774261,0,0
CG3149,5.924370618,5.855869179,6.144073539,6.813695928,6.763499415,6.693321814
CG5498,4.086834663,4.378623479,4.663993407,5.346918912,5.293221631,5.502537042
CG8108,8.264860337,7.824774314,7.817227789,7.82335128,7.772032669,7.816040704
Cand1,8.122833117,8.507911822,8.431732393,7.881024073,7.493108379,7.719870639
cert,5.496854533,5.08757689,5.447195186,5.874726716,6.3337655,5.705157066
Nep2,1.399333176,1.826833554,1.195435982,0,2.061484493,2.102646246
CG5009,5.342128771,5.39901589,5.158913647,5.797572223,5.928659143,5.919594337
CG5815,4.65980597,4.597988785,4.775794367,4.553279967,4.213302155,4.213872294
GABA-B-R2,7.823993968,7.864026116,7.975044033,7.937595236,7.752154836,7.85318169
CG14526,2.571798784,2.579989363,1.818247164,3.836756839,4.374824738,3.010265265
mino,4.789433612,5.018387278,5.087721198,4.092511108,3.19361957,3.769654767
PCB,8.128473097,7.24464331,7.196512051,7.627647057,7.146701706,7.200988226
CG6191,3.33917696,3.643052825,3.379520185,2.629330934,3.154594401,3.019044331
CG6230,6.390346796,5.659979666,6.089313722,4.487774062,5.503893825,4.706290907
CG7601,4.60374576,5.023532679,4.988609425,5.345238641,5.648721289,5.500971166
CG4757,0,0.334050524,0,0.75438697,0,0
CG8740,0,0,0,0.099039483,0.315178801,0.069260254
CG5867,0,0,0,0,0.085481031,0.035045714
CG7028,5.835483338,5.416723413,5.490964179,5.046496333,5.691950962,5.361246518
GCS2alpha,9.871733098,9.674304982,9.653084558,9.632104588,9.453570147,9.440171149
CG1688,4.750377029,4.25063416,4.133958049,3.639737876,3.788550686,4.110873407
GstE12,5.206923638,5.455312244,5.381739341,2.98486634,3.41204315,3.517332075
MED15,6.611623179,6.281765445,6.140779971,5.697080337,5.773903646,5.557052407
drpr,10.60372247,10.4778677,10.50753768,11.18896883,11.085741,10.87550918
Kank,4.311119041,4.490614852,4.366034253,5.850056807,5.633723082,5.772899548
CG17712,6.666472043,6.703291409,6.903193854,6.71110229,6.870102966,6.942655812
cindr,5.668814201,5.53763993,5.649230271,6.419689453,6.335947464,6.57700646
CG2790,5.364792821,5.08265529,5.212186921,5.961736673,6.112988469,6.095908368
obst-B,1.171483865,1.497654644,2.284046452,0,0,0.345376129
pdgy,2.988511856,2.417503913,2.597662148,2.322809099,3.86003745,3.124499609
CG8611,5.431797674,5.345578224,5.216365,4.532758014,4.333925904,4.812364505
Ulp1,8.099374524,7.866712685,7.745679236,7.878848,8.076378193,7.464277051
CG8230,5.687813502,5.8156504,5.862853539,5.280772694,5.527951094,5.294118682
CG2082,9.924699995,9.696924784,9.763740498,10.48437359,10.59437212,10.61317202
morgue,6.584845085,6.497736973,6.63009472,5.953488649,5.683408035,5.616829884
Dic1,6.74242933,6.982629872,6.72552167,8.04914046,8.105127212,8.236982388
LManII,2.316751964,2.909521287,2.060599064,0.438612949,2.495477966,1.604503555
CG6404,5.947827875,5.600966977,5.891877209,5.753278278,5.778723976,6.200908204
YT521-B,8.257309425,8.26900996,8.142480423,8.960672281,8.834733137,8.943880616
CG5808,3.051337184,2.700539146,2.876406888,1.821497219,1.635025489,1.321897267
Adam,6.22429235,6.211927384,6.485259904,6.648101488,6.661929102,6.759318886
Acf,5.884929969,5.824521534,5.953244958,5.428531018,5.836116586,5.748692337
Pfrx,4.696004676,4.2240621,4.626808696,5.010903903,4.777732799,4.872940562
jdp,5.265910679,5.360903986,5.130414072,7.463094957,7.57436476,7.623860345
htt,2.499904491,3.227505568,3.026716412,3.586683197,4.137772131,4.275617849
glob1,8.331096956,8.599374302,8.635602559,6.276715606,5.843036868,6.391703432
blot,1.741702851,1.203350074,0.895375166,0.099039483,0.204896494,0
VhaSFD,8.153420951,8.175318629,8.253631623,9.007304752,9.221092052,8.996364325
U26,3.952637149,4.263738885,3.77466896,4.248071837,3.030754798,2.992545223
SMC2,2.754533515,2.805827604,1.630628187,3.433800547,2.765309564,2.857120933
Prp18,5.225617481,5.413787211,5.616408457,5.68251568,5.223043657,5.280492552
NP15.6,7.936256973,8.1629854,8.172896368,7.900033292,7.888473945,7.961185007
Mtch,8.116837243,8.21212064,8.19608831,8.173066148,7.91790359,7.886245104
Hey,1.65609121,1.741975081,1.818247164,1.67936262,3.129656492,1.672853741
GV1,4.819278757,4.869179648,4.983715633,0,0,0.102682134
O-fut2,6.243375575,5.837726786,5.912624525,4.75278262,4.669429619,4.551517255
CG14787,1.549333635,1.526936274,2.003720007,2.101802308,2.487648473,2.406842873
Lrpprc2,6.516147389,5.255515772,5.423899469,6.446189115,6.5689868,6.463406574
CG14785,2.617812027,2.25201121,2.766729001,2.651255333,2.643755906,3.630503376
Dp1,6.268233106,6.129019136,5.876118542,5.891517794,5.865112399,5.878578363
Dgp-1,6.028824042,5.15594438,5.528412238,6.390251583,6.494272429,6.6970876
CstF-64,5.369283217,5.469521039,5.31901207,4.401473797,4.570976807,5.049352411
CAH2,0.045601845,0.120151752,0,0,0.482093952,0
CAH1,2.117635196,1.678152691,2.041887442,4.365454392,4.300797864,3.767051414
Ogg1,1.580650349,2.25201121,2.545480663,2.336405564,1.319338022,2.052217245
Tsp96F,6.23786124,5.933091777,6.0904523,5.391561907,5.703826706,6.018126784
CG9776,6.767310364,6.536946244,6.507593056,6.601706553,5.856778636,6.208123695
Nup107,6.446672431,5.701503794,5.898392854,5.904126752,6.164233811,6.007137566
rdgBbeta,5.011074474,5.340433243,5.326762236,6.93203939,7.148875251,7.279350218
Cpsf100,4.289959239,4.110174971,4.588640156,3.365815368,2.211624936,2.497580553
Aac11,9.48247746,9.341905319,9.435029841,8.970038369,8.96088459,8.990517718
ball,4.405957523,4.356366801,4.552742463,2.820444122,3.129656492,3.184260585
CG12018,3.878973459,4.410395948,4.421372871,4.614546009,4.529634106,5.240702218
NimB1,0,0,0,0,0.687432158,0
Akap200,9.051618136,8.855166021,8.725556867,5.324921254,5.156701973,5.135638344
ppl,3.575147986,3.807192824,3.734448276,5.664437546,5.773903646,5.580965009
msps,5.332962511,5.265322333,5.163248654,5.968847014,6.230237832,5.593509184
msb1l,0,0.490874211,0,0.161479554,1.757286554,0
MBD-like,7.194825435,7.514612915,7.505203369,5.509528146,5.702136144,5.934752093
MTA1-like,7.504167178,6.733827517,6.53712116,7.055861753,6.938469646,6.729876244
ric8a,6.280801053,6.039785164,5.935614079,5.195682283,4.957121506,5.339507878
l(1)G0334,8.264860337,8.308935147,8.308233718,9.384969939,9.522784439,9.409774322
l(1)G0320,7.813940502,7.864743024,7.875851831,7.223924423,6.886942799,7.03210768
l(1)G0289,8.618545117,7.948960674,8.095052137,8.063518467,8.281332607,8.394446609
l(1)G0255,8.837208878,8.760206835,8.848083015,9.336265155,9.105465818,9.125319835
Ptpmeg2,7.330829257,6.804655102,6.828736324,7.516515075,7.715753407,7.688399837
ATPsyndelta,9.018500284,9.281107806,9.299693813,9.042272193,9.023905094,9.106007445
Ankle2,6.491643634,6.242036399,6.53712116,5.712803135,5.452531638,5.747372196
Cdc7,6.586774377,6.228732131,6.303775855,5.70627278,5.962240541,5.827643628
kirre,4.891297303,4.835931114,4.481626426,4.808721637,4.320765831,4.559061422
kek3,6.480272129,6.224828495,5.950739414,6.672762284,6.62359321,6.482178575
jbug,3.056915208,2.958700892,3.480246356,3.763161244,3.476755259,3.245389849
isopeptidase-T-3,2.298032348,2.044943264,2.33104259,2.216533582,2.007752473,2.119071659
Hug,1.191907582,1.497654644,1.861572885,3.255637123,3.641059789,3.252852054
heix,1.231907565,1.861727169,1.924215439,1.985806041,0.687432158,1.172521885
fan,0.089806327,0.632309912,0.516062327,0.2787941,0.085481031,0.16728912
fal,4.320424691,4.112591373,4.399491479,4.196817334,3.775748399,4.184908059
Decay,0,0,0,0,0.315178801,0
cyp33,5.712762847,5.968873355,6.019300374,4.580672335,4.260013185,4.434989293
chm,7.364394125,7.17554149,7.372498671,5.472294608,5.440414567,5.514227252
CG17834,0.366277874,0.924055416,0.764538089,0,0.043373527,0.102682134
TotA,0.401779573,1.741975081,0.853067622,1.37128545,0.279346616,1.457247279
Tob,3.827688121,3.986521027,3.91495017,8.176141194,8.295696637,8.323686499
Taf10,5.989988138,6.312569118,6.170154855,5.735429365,5.547853728,6.071851284
TMS1,8.28475548,8.338525135,8.421590149,8.525610919,8.466496927,8.601871725
Syt4,7.439446731,7.155467542,6.896699904,7.904746717,8.033328081,8.017715601
Sin,5.203155626,5.322801777,5.600512628,4.005826497,3.987647894,5.456422033
Drep4,0.254209339,0.19503084,0.976440789,4.24447058,4.504635586,4.537837537
Drep3,5.584429662,5.880891243,5.9544961,7.951605167,7.901239171,7.92354422
Drep2,7.321590691,6.821739416,6.69365976,6.708817332,6.661059161,6.686105176
Pk34A,0,0,0.215700384,0,0,0
Nxt1,6.053448338,6.201182236,6.376519196,5.42455822,5.033051124,5.367275095
Mst33A,1.150766861,1.651811622,0.809481815,0.53610018,0.983067192,2.110882328
Lk,0.174348395,0.36680871,0.343441058,0.488179846,0.714518384,0.93342433
Kap3,6.909749055,6.585592809,6.51863131,7.59955549,7.470693839,7.441396474
GluRIID,0.214831388,0,0.516062327,0,0,0
JhI-26,0.132696544,0.231061681,0.460785459,0.033774261,0.24260175,0.345376129
JhI-21,4.559240846,4.329612975,4.595072117,2.538141418,3.496396646,1.005874807
JhI-1,5.239173971,4.753171514,5.112591866,5.416579652,4.691750456,5.210361868
Ilk,3.672832317,4.16242276,3.975364376,4.822071953,4.565408445,4.65370612
I-2,7.064172267,7.306634208,7.193336176,7.254906485,7.159694128,7.200023481
Ercc1,3.760906308,4.022945283,3.889011294,3.018992574,3.245611718,3.148701859
ECSIT,5.34327047,5.624015859,5.553398845,5.333421631,5.140565174,5.447507315
CG11070,7.374480711,6.813593894,6.981380414,7.854101382,7.769209692,7.771925328
rtet,5.124324185,5.255515772,5.436490039,3.881497508,3.826289707,3.68943509
Nab2,7.340580839,6.78698789,7.059621863,7.141128987,7.237619413,7.287093599
Non1,6.716230653,6.432020564,6.473962331,6.500793395,6.687786362,6.65546519
CG4119,5.106952402,4.774692225,4.735605487,5.514769638,4.932820252,5.077991552
Hrd3,6.396409384,5.599244913,5.723029747,5.346079021,5.359071236,5.385211134
Usp1,3.690882513,3.682622513,3.785957595,4.86374654,4.068603526,4.388321311
Mtpalpha,6.090634334,5.122765056,5.760707633,5.462252881,5.293221631,4.758337585
CG17841,6.011692572,5.442883734,5.780595383,7.087614063,7.096749833,7.314764311
CG4341,6.175129288,5.898502119,5.68283247,5.309493209,5.072842448,5.060025901
bdl,1.741702851,2.35356639,2.315546691,3.962642887,3.838653146,4.369566328
Ack,5.633785306,5.40494258,5.19111308,6.458675945,6.29951613,6.187341965
f-cup,5.984144715,6.171358526,6.064034942,6.976948871,6.572692238,6.382378374
CG31705,3.940618111,3.438679681,3.899442875,4.92464732,5.974897294,5.98602459
CG2930,0,0.120151752,0,0,0.126394328,0.035045714
CG6424,7.469035338,7.68259413,7.632987762,8.720477254,8.791763084,8.472523093
CG30116,8.144934618,8.109246659,8.218392645,8.064795277,7.96059867,7.88384403
CG3530,5.372641865,5.388086651,5.295508592,7.314084579,7.077318277,7.274775797
CG7985,7.167692144,6.880344465,6.846366749,7.254682733,6.972176813,7.083755257
Rich,4.545418785,4.080857975,4.028605928,4.61733324,4.307484608,4.882593411
CG12182,5.296882763,5.257700776,5.62900021,4.590634581,3.444762007,4.806037818
CG4455,3.665548527,4.180962404,4.663993407,2.315962511,1.635025489,1.790325325
CG3793,6.028824042,6.012872528,6.007293881,6.130246504,6.239008878,5.956051816
CenG1A,5.692300504,5.508576937,5.034290771,4.433456189,4.280549641,4.530181268
CG9254,0.850272436,1.308265359,0.075540634,1.68999278,0.279346616,0.528678517
CG4793,1.231907565,0.736253047,1.015327048,1.831133353,0.417626289,0.646672929
EndoGI,5.340986169,5.418677566,5.45605586,5.428531018,5.043769913,5.293214267
ZnT35C,3.654553424,3.932837416,4.061491685,3.967019881,2.600850423,2.663543995
CG18480,0.045601845,0.398839565,0,0.161479554,0,0
CG4500,1.129748022,0.632309912,0,0,0.914641953,0.16728912
CG4891,0,0,0.075540634,0,0.043373527,0
CG5888,2.781737094,2.93704999,3.017168594,1.700545187,1.110889535,2.534786553
c(2)M,1.947896209,2.044943264,1.882757398,2.349875087,2.53400048,2.175131167
CG15293,0.214831388,0,0.075540634,0.334057725,1.516904971,0.288421873
CG18507,1.251499213,0.081202514,0.764538089,0.033774261,0.126394328,0
mTTF,4.914526132,5.298599201,5.315121318,3.933864083,4.688338878,4.395081305
CG7953,0,0,0.215700384,0.033774261,0.126394328,0.069260254
CG7916,0,0.266214546,0.403305984,0.852277114,0.043373527,0
Sec71,1.308726695,2.537458732,1.796086408,2.194305663,1.833392622,1.074860222
CG31731,3.650869688,3.959928907,4.004648512,2.766222905,2.758818664,3.818246307
CG9008,4.405957523,4.571885163,4.752966556,2.709884029,2.173090312,3.168564807
TM9SF4,8.45191891,8.463168241,8.573036679,8.184387735,8.093244871,8.019493976
NimB4,0.292540976,0,0,0.559476377,0,0
NimB2,0.366277874,0.685217387,0,1.17338058,0.74110543,0
CG16884,0,1.050424986,0.075540634,0.066775902,0,0
ics,5.590211476,5.601827238,5.541792261,4.40470413,4.426930964,4.704931372
Atf3,3.116890899,3.472936685,3.625560804,4.538651277,4.727093231,5.194949014
gammaSnap1,6.048556988,6.215866036,6.243638263,7.827419152,7.741289364,7.884594795
x16,6.612570407,5.809705861,5.913911379,5.876472815,5.656598839,5.84811065
sut4,0.329880465,0.041172495,0,0,1.301584745,0
sut3,0.045601845,0,0.343441058,0,0.043373527,0
sut2,0.132696544,1.274134361,0.764538089,0,0.204896494,0.478639091
sut1,2.524269513,2.170859845,1.796086408,1.218133808,3.456842771,3.349987091
robl62A,0,0,0.147321929,0,0,0
robl37BC,0.797937693,1.109687544,0.809481815,0.066775902,0.687432158,0.288421873
qtc,8.818859101,8.306430706,8.353512791,8.586438681,8.64527753,8.73213007
prc,1.670717286,0.19503084,2.022929939,0.033774261,0.450220187,1.780032676
pUf68,8.475149231,8.352648494,8.241895283,8.912623836,9.123103708,9.022589399
phtf,6.491128687,6.121840173,6.241589857,7.487864616,7.371012135,7.680293981
lqf,6.646262936,6.52020758,6.729912096,6.634063774,6.367220614,6.30866129
lcs,0,0,0,1.878371602,4.189366972,4.292008808
qsm,4.559240846,4.203806866,4.358492756,0.19171458,0.204896494,1.005874807
beat-Ic,5.533325532,5.876632451,5.808539146,5.322361343,4.863422732,4.9734712
beat-Ib,3.3663865,3.092026213,3.21387608,3.563747196,3.114484175,3.226563707
aralar1,2.953054221,2.114106622,2.597662148,5.705618116,5.670498039,5.880386125
CG11902,4.008398786,3.86279572,3.985191949,4.149463031,4.314140502,4.604974771
mRpL50,5.404711937,5.715878614,5.773524046,6.553406118,6.470635407,6.374703693
Adat1,2.768199423,2.995825302,3.271230109,3.848665878,3.460847317,2.663543995
VhaPPA1-1,8.617129917,8.761458503,8.673894002,9.133077899,9.094311482,9.270244029
VhaM9.7-b,6.491643634,6.667993539,6.551248212,6.37468669,6.369352599,6.358366262
VhaM9.7-c,2.632829333,3.223039606,2.477482248,2.044969659,2.381798538,2.594740597
VhaAC39-1,9.278715787,9.319920147,9.384986269,10.35600172,10.28436186,10.2278999
Vha16-3,0,0.158077041,0.075540634,0.130597294,0,0.478639091
Vha100-3,1.289901972,0.081202514,0.343441058,0.692297297,0.126394328,0.035045714
Vha100-2,2.698537383,2.478727689,1.443705866,0.19171458,3.391210526,0.669156436
Vha100-1,8.787642927,8.4844313,8.769225728,9.038637908,9.0149109,9.093333805
Sur,1.699531977,1.291300791,0.620641262,0.713292167,0.085481031,0.600626626
spt4,4.892857581,5.49196799,5.511510796,4.365454392,4.058068334,4.308215633
Rpt5,7.520156005,7.629588574,7.699043085,5.736711637,6.088608987,6.123137901
Rpt4,8.645751958,8.625941384,8.568549671,7.497541162,7.550605668,7.467487649
Rpt3,7.927339285,7.666238126,7.718320813,7.150299378,7.026887408,6.960710627
Rpt1,8.154234319,8.147308623,8.167242009,7.48443381,7.295103031,7.658160357
Rpn7,7.988635627,8.265621136,8.321870333,6.808522483,6.602451244,6.350562427
Rpn6,8.946703855,8.980098964,9.059068323,7.705347441,7.485020217,7.644928039
Rpn5,7.978935434,8.068287201,8.162106994,6.766453172,6.615532852,6.85435764
Rpn9,7.951497567,8.201235037,8.084519605,7.013642807,7.138912202,7.29162919
Rpn2,7.487999165,6.776739931,6.599231261,5.81163418,5.54502725,6.06444922
Rpn12,6.451444936,6.578181037,6.698148075,5.025666105,4.431019285,4.700845064
Rpn11,8.05389852,8.155827452,8.261992742,6.773966871,6.601998031,6.764875051
Rpn1,7.748013499,7.384184791,7.61450706,6.476822234,6.292792264,6.210999817
RpL15,10.38408213,10.66019076,10.45706686,9.133017036,9.473961041,9.516213838
Rh50,0.43642859,1.838558782,0.569299184,3.572390984,3.655108773,3.650415956
RfC38,4.503139832,4.915584192,4.732691554,4.265944505,4.305259135,4.026316477
Nhe3,8.121003687,7.993889712,7.846163659,8.220008155,8.129860372,8.231799471
Nckx30C,6.499857882,5.949404783,5.829147411,9.333036667,9.464892444,9.361515017
Mt2,2.873102452,3.355433935,3.31084474,3.259210649,2.732559025,3.168564807
Mst85C,7.147247096,7.262434168,7.316188485,5.461477538,5.592340125,5.960616104
Lnk,4.246685197,3.871382489,4.11617984,4.540120839,4.479196251,3.999951831
Fmr1,6.701170789,5.505822024,5.297481907,5.823148082,5.812806258,6.052205631
Ef1beta,8.009641357,8.229479876,8.406356122,6.980200494,6.552193538,6.63704907
ETH,0.089806327,0.231061681,0.147321929,0.19171458,0,0.288421873
CG6362,0.329880465,0.120151752,0.075540634,0.161479554,0,0.069260254
Dhit,7.805888391,7.784235185,7.776424698,7.021291877,6.921860883,7.2941177
CG5033,3.993932349,4.107754514,4.252624877,3.29446735,3.672479775,4.024137732
CG18508,6.231092747,6.691621147,6.356783012,6.061812584,5.861330292,6.026858285
Dak1,8.191162077,8.468130206,8.348762862,9.165455802,9.175140233,9.25150872
CSN7,7.910107474,8.046968226,8.106071379,6.107628779,6.212534125,6.358366262
CSN6,8.03193964,8.066418736,8.263002926,6.599593858,6.674915661,6.878678417
jhamt,0,0,0,0.387282298,2.39859724,2.723855088
CG9014,0,0,0,0,0.166179293,0
CG7311,0,0,0.075540634,0.19171458,0,0.069260254
CG15260,0,0,0,0,0,0.069260254
CG15262,0,0,0,0,0.043373527,0
CG15263,0.214831388,0,0,0,0,0
CG15282,0,0.158077041,0.280984078,0,0.043373527,0
CG18063,0,0.041172495,0.075540634,0.250347622,0.81804741,0.623833477
CG12448,0.045601845,0,0.280984078,0,0.24260175,0.16728912
dao,8.388907574,7.645945973,7.70982588,8.396384852,8.270393645,8.243317898
CG4587,4.944927324,5.272903839,5.015232518,5.705618116,5.833030218,6.008240262
CG18420,0,2.170859845,0.976440789,0.033774261,0.043373527,0
CR15280,0,0,0,0,0.714518384,0
CG4701,0.174348395,0.081202514,0,0,0,0
CG4691,0,0,0,0.033774261,0.043373527,0
Cpr35B,0,0,0,0,0.043373527,0
CG18095,0.797937693,0.879346663,0.147321929,0.033774261,1.048393528,0.035045714
nAChRalpha5,7.155394919,7.300023658,7.264668848,6.594652171,6.837362912,6.565066852
CG15269,0.470264926,0,0.215700384,0,0.085481031,0
CG15270,7.572694278,7.540193916,7.391560675,7.825763255,8.094373076,8.207403246
CG15256,0.132696544,0,0,0.033774261,0,0
CG4892,0,0.120151752,0.764538089,0,0,0
CG15279,0,0,0,2.281233543,0.659827649,1.544962321
CG3491,2.719791439,3.05732562,3.34940061,2.993473875,2.338925554,1.108154106
CG4168,7.196721581,7.221322224,6.874399236,6.894617839,6.564806775,6.6970876
CG4161,0,0,0,0.033774261,0,0
CG31819,0.089806327,0,0.075540634,0,0.043373527,0
GMF,7.64923408,7.971433686,7.889979577,4.053940469,4.835935149,4.428414153
CG17328,5.671543754,5.899202102,5.536789283,5.205902886,4.707003499,4.864441012
CG17329,0.214831388,0.081202514,0,0.066775902,0,0.069260254
CG4935,3.961586169,3.938296566,3.965469399,3.096946768,3.866089481,3.823267279
CG31817,0.771040734,1.716783909,1.861572885,3.266331255,3.088836921,2.373001949
CG18109,0,0.041172495,0,0,0,0
CG13243,0,0,0,0,0,0.035045714
CG3473,0.045601845,0,0.343441058,0,0,0
CG33090,6.666015875,6.17425313,6.334852824,8.273223527,8.269823115,8.472323338
CG16865,4.590345535,4.564843685,4.732691554,3.714530878,3.713336177,3.716673617
CG8997,0,0.120151752,0,0.250347622,0,0.035045714
NC2beta,5.826530757,5.742646362,5.816817811,4.962404217,4.342633064,4.981353765
CG16863,4.755531729,4.830069724,4.629944292,4.987396589,4.370573792,4.540888704
CG16890,4.148219371,4.5273013,4.471174659,4.541588906,4.477220672,4.735881051
CG7653,0.214831388,0,0,0.130597294,0,0.229126454
NimB5,0,0.120151752,0,0.2787941,0,0.135347252
CG16886,0,0.081202514,0,0.306690511,0,0
NimC2,0.329880465,0.081202514,0.280984078,0,0.043373527,0.259078775
Cyp28a5,0.045601845,0,0.403305984,1.013304027,1.516904971,1.91784782
CG16853,0.329880465,0.081202514,0,0.360915446,0.126394328,0.069260254
CG16852,0.401779573,0.081202514,0,0.099039483,0,0
CG15638,0.329880465,0,0.215700384,0.066775902,0.126394328,0.035045714
CG7631,0.254209339,0.231061681,0.147321929,0.130597294,0,0
Or35a,0,0.398839565,0,0,0,0
CG11865,0,0,0,0,0.417626289,0
CG15253,0,0,0.569299184,0,0,0
CG15254,0,0.041172495,0,0,0,0
CG15255,0,0,0,0,0,0.135347252
Kebab,0.045601845,1.009519467,0.147321929,2.002958951,0.279346616,2.026325936
CG14478,8.333971384,8.328555869,8.242663614,8.227780442,7.888102249,7.752315794
mthl3,0,0,0,0.033774261,0,0
AlaRS-m,5.810935139,5.606120867,5.489238679,6.099677884,6.051249457,5.928941018
Or49b,0.292540976,0.081202514,0.280984078,0.099039483,0,0
A16,5.618778,5.669037492,5.611658072,4.842464289,4.825102481,5.135638344
gammaCOP,7.873829204,7.408971664,7.588955026,6.725059615,6.710247713,6.801909162
deltaCOP,8.736421921,8.444587209,8.558505438,8.166182718,7.945137771,8.094221226
betaggt-II,6.32596889,6.456005731,6.624603521,6.553042235,6.312316599,6.443979686
xmas-2,0.43642859,1.239176293,0.460785459,0.692297297,0,1.263989531
trbl,0.973361179,0.460843657,0.853067622,0,0,0
tio,3.687290495,4.007447356,3.768991345,4.582099732,4.47326138,3.979857269
tant,6.171277201,6.284446992,6.199998844,5.369413083,5.204056878,4.85343892
Spt6,5.462593002,5.559059295,5.743440027,6.013435921,5.495134056,5.550254954
Spn55B,5.031050012,5.217855264,5.193234371,4.797706007,4.758340676,4.766180696
Spn88Ea,1.171483865,1.861727169,2.115320432,1.88763644,1.562340969,1.91784782
Spn38F,0.401779573,0,0,0,0,0
Spn28F,0,0,0,0.033774261,0,0
Spn42Dd,0.174348395,0.685217387,0,0.413175903,0.085481031,0.135347252
Spn27A,3.658227777,3.612646643,3.318638787,2.980543238,2.883392583,2.652302222
sds22,6.828921076,7.166557298,7.243329842,6.328234806,6.618224645,6.392125869
scro,0.949569261,2.152189073,0.895375166,1.261540434,0.81804741,0.646672929
onecut,6.2778186,6.28015412,6.285002112,6.645714454,6.821099449,6.869302709
nmdyn-D7,0.254209339,0.785544823,0,1.460908527,2.518714686,1.616122503
nerfin-1,2.947058955,3.343139653,2.844370035,0,0.043373527,0.102682134
miple2,6.426884555,6.401220182,6.338690795,4.881245028,5.28533966,5.236944386
mab-21,2.46676418,3.042194573,3.054986492,3.189752158,3.154594401,2.528651805
Smurf,4.613241715,4.291730572,4.047489478,4.682660569,4.535341995,5.022318014
Dd,5.273117327,5.575793605,5.295508592,5.734145953,5.392999491,5.392830268
icln,7.361016198,7.618367156,7.655472163,5.44117095,5.187235963,5.205563016
hbs,6.280205055,6.188066957,6.36809387,4.233612554,4.355596058,3.936493378
gom,0,0,0,0,0.043373527,0.035045714
disp,6.192970935,6.356046679,6.287982677,5.596848992,5.707201897,5.812574003
CS-2,0,0,0.075540634,0.627414808,0.714518384,0.035045714
ced-6,1.501045839,1.090202596,1.293610521,0.670992382,1.79584138,1.278685825
cathD,8.519759774,8.580078159,8.67484313,7.781407816,7.733241428,7.876314815
asf1,4.594186888,5.246742513,5.398383817,5.293898394,5.254527878,5.191069934
aru,0.254209339,0.549122661,0.075540634,0.221328946,0.35014255,0.069260254
alpha-catenin-related,5.947827875,5.716673031,5.812684416,6.377977493,6.482994669,6.377266459
Uba2,7.069356056,6.961672876,6.939029471,5.24967352,6.016302071,5.686679745
Tollo,0.214831388,0.081202514,1.161168219,0.19171458,0.450220187,0.135347252
Surf1,4.467982658,4.627012934,4.890050979,4.767913043,4.882954142,4.983598038
Sucb,6.450385743,6.566771218,6.600830167,5.694443131,5.54313985,5.193980222
Sras,6.259188493,6.676184775,6.752385536,5.11908903,5.106462235,4.941503064
SoxN,2.074288042,1.256761209,1.228908645,1.247216179,1.246975234,1.249141988
tyn,5.210681835,5.088804671,5.627432238,4.764145288,4.903696402,4.221498879
Debcl,0.743632778,1.050424986,1.161168219,1.261540434,0.659827649,1.023432869
REG,7.75274708,7.898917263,8.176385612,7.012055165,7.235283426,7.199058091
Prosbeta5,9.203069864,9.32839069,9.418125181,8.145212453,8.217528804,8.096815146
Patsas,6.361900685,6.356046679,6.431464627,7.26605011,7.247215577,7.605215863
NtR,0.214831388,0.577388071,0.147321929,0,0.126394328,0.035045714
NHP2,6.620125929,6.911555825,7.03144336,4.540120839,4.477220672,4.78174015
Mkrn1,7.042546118,7.21318255,7.04148631,6.439904936,6.618224645,6.517457231
Men-b,7.24943555,7.038660225,6.936499095,9.189358915,9.394212616,9.381438459
ssh,4.781032535,4.285318988,4.539464079,4.060099544,4.888910995,4.534779904
Las,5.400330636,5.385091524,5.445416502,6.380850802,6.73443383,6.557177439
slmo,3.654553424,3.578092951,3.507779194,4.574948584,4.469291193,4.33130868
Hml,0.503325831,0.266214546,1.126066663,0.130597294,0.204896494,0.623833477
TwdlT,0.254209339,0,0.075540634,0.387282298,0.35014255,0
Fad2,0,0,0,0.033774261,0,0.345376129
fu2,5.569872931,5.961519617,5.958243029,4.941426704,5.027661716,4.87777506
FKBP59,9.014832862,8.99695495,9.119853216,7.489386804,7.572284037,7.32497786
Ext2,7.622211029,7.584604744,7.831938463,6.74016241,6.732364716,6.762263051
Ef1gamma,8.075528174,8.002547174,8.142205943,6.266098456,6.386822285,6.211957252
Crtp,1.108418423,0,0.516062327,0.066775902,0,0.035045714
COQ7,6.100795921,6.404675099,6.293925398,7.13627895,7.212900839,6.814255744
CHORD,5.597884693,5.589736646,5.423899469,5.043390907,4.531539246,4.714421322
CHES-1-like,4.132456058,4.28745935,3.990080745,5.059876466,5.075456584,4.449674698
Tsp42Ee,8.246518767,8.408413375,8.534653905,7.726315992,7.683130858,7.68374885
Tsp42Ed,1.150766861,0.659006168,1.090089724,0,1.371323531,1.188174903
Aos1,6.538747721,6.909472782,6.786506791,5.410968285,5.206443936,5.474087893
312,4.100403124,4.346135498,4.280826812,4.76288718,4.70868837,4.680238083
CG13376,0,0.041172495,0,0.099039483,0,0.135347252
Or1a,0,0,0,0,0.126394328,0
CR18275,4.814347245,4.740728278,4.642418964,6.445012914,5.728119805,5.993839048
CG3176,1.363770477,1.482787903,1.882757398,2.302171081,1.940515547,1.604503555
CG18273,1.971715508,2.793832198,2.545480663,1.410378996,2.143498487,2.522490858
CR18166,6.055539565,6.294591658,6.395067827,6.78609378,6.688213414,6.673649187
CG13365,5.425343323,5.448633276,5.64458691,6.172551418,5.926488876,6.217211815
CG13362,0.132696544,0,0,0,0,0
CG13361,0,0,0.075540634,0,0,0
CG14635,0.045601845,0,0,0,0.166179293,0
CG11663,0,0,0,0,0.126394328,0
CG11381,0.214831388,0.231061681,0,0,0,0.035045714
CG14770,0.996767095,0.736253047,1.579646626,1.579992895,1.69064652,1.278685825
CG14778,0.743632778,0.231061681,0.075540634,0.852277114,0.085481031,0.713098814
CG14797,5.079811321,4.62193327,4.770121188,4.367111295,4.300797864,4.425115312
CG14798,4.050947582,4.176349781,4.460646621,5.11908903,5.170216611,5.583926407
CG14811,0,0.520292387,0.215700384,0.733985886,0.315178801,0.102682134
CG14806,5.074321291,5.28687894,5.536789283,6.634063774,6.541361257,6.831489947
CG14054,0.401779573,0.041172495,0.075540634,0.53610018,0.315178801,0.988100422
CG14053,0,0,0.670218812,0.033774261,0.24260175,1.307636778
CG14052,0.132696544,1.221374389,0.147321929,0.221328946,0.126394328,0
CG3091,0.329880465,0.549122661,0.280984078,0.387282298,0.659827649,0.951880893
eIF3ga,7.961755099,8.185109859,8.254901578,7.016285001,7.078296095,7.24538477
CG14419,0,0,0,0.130597294,0,0
CG3592,0.089806327,0,0,0,0,0
CG14420,0.045601845,0.19503084,0,0,0,0
CG14421,0.045601845,0,0.460785459,0,0,0
CG14423,0,0,0.075540634,0,0,0
CG3603,0.535646052,0.490874211,0.403305984,0,0.126394328,0.646672929
CG10793,0.045601845,0.041172495,0,0,0.085481031,0.035045714
CG12535,0.132696544,0.231061681,0,0,0,0
CG14269,0,0,0,0,0.043373527,0.035045714
CG16782,0,0,0.516062327,0,0.043373527,0.528678517
CG10801,0.132696544,0.081202514,0,0,0,0
CG16781,0.089806327,0,0,0,0,0
CG12206,1.434040296,1.090202596,0.718149104,0,0,0
CG10804,5.829792673,5.440962116,5.351666546,7.025757032,7.129194439,7.377550621
CG10802,6.28199231,6.275848437,6.495610489,5.410164876,5.181180646,5.745389717
CG14270,6.134819557,6.422800616,6.614349797,5.530380817,5.525085313,5.40878417
CG10803,6.402446602,6.300962255,6.035943346,6.143358835,6.0067467,5.994951952
Gas8,1.565076965,1.597641216,0.460785459,0.066775902,0.891092845,1.005874807
CG13021,0,0.120151752,0,0,0,0
CG2875,5.043746901,5.042666124,5.638372423,3.566634217,3.679370031,3.686682738
HIP-R,8.198435542,8.306166827,8.253885704,5.951833371,6.051913294,5.813835835
CG15239,1.04246964,0.605110328,0.569299184,0,0.043373527,0
CG2938,8.076043322,7.637580733,7.684413837,8.059168842,8.140822244,7.956765318
CG2941,4.607551646,4.412358685,4.770121188,4.264167169,3.003560486,3.650415956
Vap-33A,8.874012943,8.799824901,8.772953577,8.714632503,8.584865268,8.645666232
lva,4.301752978,4.456779988,4.395812096,5.153099983,4.527726446,4.808571823
CG6428,5.213181872,5.114349611,5.099079225,5.590480148,5.732267236,5.806248237
CG6379,6.734184442,6.244241898,6.299843739,5.260411784,5.026311213,5.556298714
CG15375,0.132696544,0.231061681,0.075540634,0.033774261,0,0.229126454
CG12691,0,0,0,0.033774261,0.24260175,0
CG12692,0.132696544,0.632309912,0.460785459,0,0,0
CG12693,0,0.120151752,0.147321929,0,0.043373527,0
CG3626,3.466179895,3.016618071,3.318638787,4.707723612,4.774518826,5.016849807
CG12688,0.132696544,0.19503084,0.460785459,0.306690511,0.085481031,0.317180035
CG3556,9.561920696,9.440292575,9.411193561,8.935557496,9.119545843,9.084473962
CHOp24,7.095338086,7.194484778,7.263155056,6.698654506,6.854967405,6.918519061
CG3568,5.997984395,6.291928917,6.208413521,5.528160964,5.452531638,5.438537169
Usf,5.4699289,5.461012565,5.105851366,7.092379809,7.470693839,7.263044949
CG15912,4.720813975,5.26206088,4.660931026,5.320652209,4.976831442,5.176429779
CG11436,5.482418588,5.541231981,5.536789283,4.878924123,5.277414391,5.126527631
CG3527,5.770767949,5.876632451,5.814063531,5.693122718,5.33636418,5.165598448
CG11444,7.209299265,7.234694684,7.130520407,5.161717585,5.267160365,5.159655995
CG3546,0.503325831,0.081202514,0,0,0,0
mRpL30,6.536253986,6.524297057,6.54212299,6.236491874,6.062493365,5.780018651
CG15473,2.159717845,2.493636113,1.126066663,2.164125461,2.123427925,1.639083386
CG3009,0.598192202,0.549122661,0,5.117121116,5.487302691,5.356059039
CG7024,1.064789212,1.070450879,0.976440789,2.164125461,1.730998758,1.860388321
Proc-R,0.535646052,0.80957322,0.343441058,0.334057725,0.937812835,1.377570087
CG15472,0,0,0,0.066775902,0,0.135347252
CG2871,0,0.041172495,0,0.033774261,0.279346616,0
CG15471,0,0,0,0.066775902,0,0
CG6978,0,0,0.215700384,0.033774261,0,0.035045714
CG2861,0.045601845,0.36680871,0.147321929,0.033774261,0.085481031,0
CG12681,1.251499213,1.050424986,1.385527878,1.275723862,0.279346616,1.124517283
CG6927,0.715694033,1.308265359,1.553463943,0,0.891092845,0.135347252
CG4041,4.322741755,3.930100075,3.99495303,4.340369744,3.813819402,3.823267279
CG6903,5.543294861,5.606978062,5.420281888,5.508027072,5.35584917,5.37156585
Rpn13R,0.850272436,1.437245771,1.414910112,0.90797381,0.937812835,1.057920648
CG5062,1.150766861,1.754407614,1.750716776,1.158148923,2.771771392,1.840715096
CG3323,0,0,0,0,0.659827649,0.035045714
CG17764,0.503325831,0.081202514,0.718149104,0,0.482093952,0
TrxT,0,0.398839565,0.147321929,0.979041354,0.513278718,0.623833477
CG4198,0.214831388,0.231061681,0.460785459,0,0,0
CG15930,0,0.605110328,0.147321929,0.334057725,0,0
Sas10,5.69766655,5.50306184,4.993486673,5.394002029,5.396139735,5.162630281
CG3309,5.097510994,5.096149496,5.577960057,5.45214077,5.289848915,5.387755319
SK,7.465369779,7.445371325,7.442829994,8.09934731,8.076867504,8.005757409
NAAT1,0.366277874,0.081202514,0.075540634,0,0,0
Usp16-45,4.20709849,4.055963675,3.452177832,4.274798489,2.650784384,3.470095355
CG16756,0.045601845,0,0.403305984,0,0.043373527,0
CG15784,0.329880465,0.36680871,0.718149104,0,0,0.373031704
SPR,4.531463017,4.686613469,4.58541339,4.248071837,4.289583954,4.597667515
frma,1.086768738,1.69114504,1.840072658,0.130597294,0.35014255,0.16728912
CG4151,0,0,0,0,0.043373527,0
CG12730,4.217097466,4.451062885,4.223860639,5.490651527,5.44547572,5.139669156
RhoGAP5A,4.343429554,4.400542009,3.935370633,4.145606678,3.395401186,3.346503733
Sirt4,3.138096516,2.947916056,2.346373815,4.189344322,4.215673977,4.341843601
RpL35,7.546416471,7.874386573,7.934090287,6.487525285,6.452147165,6.449267019
CG3160,8.015382621,7.542436026,7.594583333,6.955632785,6.457668461,6.509302371
CG4096,0.925378394,0.36680871,0.147321929,0.334057725,0,1.532753413
CG15773,0.292540976,0.659006168,1.228908645,0.334057725,0.842809102,0
CG4078,5.145421618,4.869179648,4.614197718,5.176911808,5.517415285,5.194949014
CG15772,5.783440745,5.870934435,6.202107119,9.649143538,9.603846679,9.724364684
lin-52,4.60374576,5.097370006,4.983715633,5.554576387,5.384591937,5.656755442
CG15771,4.519392531,4.530919152,4.703223878,6.915999017,7.305717776,7.10478402
CG3097,0.567258051,0.334050524,1.261622271,0.130597294,0.315178801,0.16728912
CG3108,0.567258051,0.334050524,0.075540634,0.033774261,0,0.198539073
CG15767,0.949569261,1.185097719,1.355534777,0,0,0
CG12239,2.508071971,1.651811622,0.936477292,5.228865724,5.785126131,9.578367782
Cpr5C,0,0.231061681,0.147321929,0.75438697,0.74110543,1.04077981
Prosbeta2R1,0.567258051,0.36680871,0,0.488179846,2.356227934,0.135347252
CG15766,0.567258051,0,0,0.387282298,0,0
CG15765,9.847346528,9.257827703,9.040483994,9.172224231,9.328545943,9.241990443
CG12729,0.132696544,0.041172495,0.215700384,0,0,0
CG15764,0,0.041172495,0,0.033774261,0,0.035045714
GAA1,7.105466711,7.299228353,7.210193958,7.453573744,7.252711825,7.398517415
Usp30,7.384219964,7.360744436,7.336004027,7.724701375,7.729926679,7.521967591
CG16721,7.007687604,6.681077285,6.633223189,7.412242117,7.03463251,7.061353398
CG4020,0.329880465,0.231061681,1.679869498,0,1.516904971,1.377570087
CG12236,7.355085727,6.939386436,6.793514933,7.482906384,7.583117097,7.5519565
CG3011,5.535324917,5.3700219,5.530091543,5.037159931,5.682550954,5.352590329
CG3726,4.383935904,4.278878783,4.014279271,3.395345011,2.936123263,2.988080995
CG12728,3.084486341,3.415381256,3.100906056,2.839666387,3.212743299,2.98360291
CG6041,1.873983732,1.569773665,2.218904359,3.219406423,3.464840777,3.578000747
CG6048,0,0,0.075540634,0,0,0
CG6067,0,0,0.147321929,0.130597294,0.74110543,0
Grip,4.992274795,4.765508344,4.697257421,0.889646124,1.757286554,0.797161305
CG5966,0.43642859,0.460843657,0,0.19171458,0,0.229126454
MCTS1,7.75274708,8.039685504,7.955181302,6.575072854,6.365085474,6.545831478
CG5937,5.300414053,5.300719965,5.216365,6.629238953,6.474106687,6.080788744
CG5921,0.875744677,0.158077041,0.147321929,0.130597294,0.043373527,0.16728912
CG5928,0,0,0,0,0.043373527,0.198539073
Tsp5D,1.019799334,0.833207966,0.403305984,0.559476377,0.81804741,0.988100422
CG4666,2.106919896,1.185097719,0.853067622,0.488179846,0,1.023432869
CG4660,5.840343248,5.601827238,5.970662973,6.73407605,6.312316599,6.735546739
raptor,3.787991105,3.629618019,3.409023783,4.139802751,3.231616845,4.019770347
Nep1,1.727782409,2.286663342,1.840072658,3.044067727,3.357239674,3.325425096
Btnd,0.045601845,0.549122661,0,0,0.043373527,0.600626626
Efr,6.028824042,6.194924584,6.062875315,7.104598255,7.197383876,7.055498154
CG14445,0.535646052,0.685217387,0.460785459,0.871082608,0.792853288,0.069260254
CG3781,3.922399699,4.302353627,4.236258459,4.007952115,3.54624694,3.769654767
CG3566,4.854937112,4.98580596,5.017628614,5.598965708,5.650475577,5.758555077
CG11700,0.771040734,0.605110328,0.620641262,0.852277114,0.602981688,1.124517283
wuho,6.68415102,6.190928264,6.406083604,5.042354278,5.309967945,5.070621005
CG15896,4.00551708,3.740013647,4.358492756,3.072781655,0.81804741,2.99699568
CG15892,0.687203533,0.856461751,0.718149104,0.979041354,1.069527769,0.914728587
CG15891,4.692425404,4.821232746,5.034290771,6.012377535,5.965767458,6.08706437
CG3815,5.481381901,4.921108895,5.080863212,4.297567726,4.961367791,4.803499354
CG3823,1.04246964,1.090202596,0.853067622,0,0,0
CG15894,6.125559351,6.374286164,6.054731721,5.581230784,5.868130962,5.811942673
CG3842,3.127532669,3.182211364,3.026716412,3.855764398,3.472794688,2.947268856
CG3847,6.128873395,5.574041211,5.33447099,5.716707206,5.747100035,5.910186706
ND-B16.6,8.847504413,9.163164431,9.200233754,8.815467878,8.798404487,8.724602367
Marf,5.923607545,5.722221735,5.753537898,7.606059894,7.67021837,7.573720222
CG3918,6.338045864,6.054313031,6.121973044,5.826765043,5.819059265,5.496263314
CG3342,5.03811763,5.152425732,5.008020262,5.202194676,4.678055473,4.772684208
CG17717,1.381661402,1.239176293,1.161168219,0.19171458,0,0
Pat1,4.928286001,4.650484375,4.981262497,4.618724839,4.894843354,4.123140112
APC7,0.214831388,0.231061681,0,0.033774261,0.043373527,0
CG14443,0.535646052,0.158077041,1.261622271,1.646993946,0.983067192,2.54697834
pigs,5.869956265,5.230147454,5.400221405,6.6525241,6.652330775,6.56319233
CG3226,6.596382325,7.014959299,6.971526754,5.784612233,5.877897901,5.867683963
CG3224,5.054939974,5.351728079,5.289572403,4.933620605,4.848216554,4.719816254
CG3198,7.786294013,6.922959106,6.884280285,8.525054439,8.034168199,8.246592056
ND-ASHI,7.68659552,7.859896968,8.005843985,8.183330102,8.255341939,8.358690038
CG4095,0.174348395,0.549122661,0.075540634,0.066775902,0.085481031,0.503875743
Pink1,5.305109033,4.7547194,4.403161502,5.928457821,6.432399619,6.61151823
CG3184,4.280454337,4.748517869,4.752966556,4.495369468,4.552331406,4.604974771
CG14442,5.375992713,5.442883734,5.031922213,5.172180781,5.354773547,5.191069934
CG14440,2.540287217,2.694099758,2.150681236,1.218133808,2.841004452,2.577014533
CG14441,3.523708064,3.86279572,3.650478154,3.977904619,3.778959637,4.077642947
CG3168,3.567352553,2.909521287,3.656640824,3.474335557,3.706606621,3.81068193
RpL17,8.184648153,8.447820331,8.51909479,6.833906644,6.895844313,7.005021306
CG14439,0,0,0.075540634,1.127194515,1.069527769,0.623833477
CG14438,5.31910299,5.441923245,5.303385706,5.731575698,5.89649664,6.224820813
pod1,6.26160594,5.405927998,5.581203518,4.024845254,4.918331817,4.591794944
Nf-YC,6.552633536,6.698875863,6.507593056,6.839885227,6.371481438,6.320250452
xit,7.10142379,7.243265653,7.613319364,7.036729704,6.949911821,6.79009725
Atx-1,0.598192202,0.398839565,1.324904867,0,0.085481031,0.45295311
CG12796,0,0.231061681,0.147321929,0,0.126394328,0
CG14435,5.34555116,5.317574777,5.438279755,4.885875668,5.13054437,4.737211744
CG4557,5.922844069,4.671942574,4.406822213,6.036005409,6.228477205,6.217688555
Cht11,3.937597641,4.427965186,4.042791712,3.853402103,3.798078394,4.131260352
CG4558,5.625362913,5.922801678,5.996401935,5.201266132,5.160400357,5.429510901
CG14434,3.781267427,4.57889244,4.202957867,4.667948859,4.3938005,4.347082353
CR4575,0.628476965,0.833207966,0.280984078,0.713292167,0.960617448,1.557068777
CG14431,6.475073484,6.206847552,6.266988238,6.272743325,6.25350982,5.989378828
CG4586,5.745083431,5.405927998,5.392856967,3.860477415,2.26756314,3.199787437
CG3040,5.72682826,6.113419314,6.055897909,5.319796882,5.490244437,5.421255907
CG3032,3.244583352,3.087119794,2.584792649,3.693554158,2.758818664,2.933404153
CG4593,4.650612576,4.732896401,4.752966556,4.358807683,3.99870807,3.569061498
CG12541,2.774984138,2.530246779,2.720411553,3.895342663,4.058068334,4.0734348
CG14427,0.089806327,0,0,0.250347622,0.085481031,0.259078775
CG4607,0.925378394,2.286663342,1.355534777,4.829302207,4.72376431,5.026677705
CG4615,6.095385316,6.246994038,6.357728978,5.966116413,5.5317633,5.726083978
CG4617,4.611347517,4.507239295,4.529424468,4.193085667,3.97929676,4.247878837
CG8300,3.23968687,3.487904762,3.437936094,2.389545164,2.57152107,3.328959659
CG9650,4.045346392,3.989153478,3.612938865,3.563747196,3.813819402,2.988080995
CG1958,0.470264926,0.605110328,1.090089724,1.994407988,1.170790315,0.373031704
CG1677,6.974178581,6.407629886,6.348241291,6.599946189,6.618672789,6.564692142
CG2059,6.174487987,6.21530403,6.416108039,6.527339581,6.517528418,6.585157996
Atg5,4.559240846,4.734466182,4.814893987,3.812639725,3.766071574,3.903685765
Dok,4.377263332,3.910791867,3.287206729,4.378656641,2.816211499,4.503841774
CG18155,0,0.490874211,0,0,0,0
CG15034,0,0,0,0,0.315178801,0
CG15035,0,0,0,0,0.204896494,0
CG9657,1.191907582,1.221374389,1.703873911,2.735765654,3.939672589,4.026316477
CG12689,0,0,0,0.099039483,0,0
CG15478,2.149311703,2.614498204,2.897376261,1.158148923,0.35014255,1.350002208
CG12155,6.238474986,5.562598474,5.777771006,6.215491694,6.14195967,6.20620309
Pdp,6.361900685,6.60245377,6.549593368,7.806964115,7.732413454,7.613934542
Rab39,6.721947545,6.907038759,6.812268611,5.677850464,5.730609694,5.611034955
CG1402,6.27662389,6.152107081,6.350143826,4.699855904,4.761590852,4.779158534
CG10920,0.658139045,1.185097719,0.895375166,0,0,0
CG1409,0,0.041172495,0.075540634,0,0,0
Ir7b,0,0,0,0,0,0.069260254
Ir7c,1.04246964,0,0.516062327,0,0,0
Ir7g,0,0,0.075540634,0,0,0
CG10932,3.31610364,3.761730055,3.606586242,3.91586441,3.648101382,3.401252694
Nek2,0.174348395,0.577388071,0.718149104,0.413175903,0.043373527,0.16728912
dpr14,7.331404707,7.054456743,6.894746006,7.356823456,7.330550747,7.491933388
CG1444,9.516907994,9.446830649,9.54521768,8.789445387,8.960177506,8.844204303
snz,4.880327846,4.846131591,4.343290455,6.289441281,6.166074559,6.632765603
hdm,3.582901524,3.457811684,3.802726637,2.044969659,2.650784384,2.251616425
mahe,7.943991469,7.811635333,7.450387805,7.676906709,7.671514832,7.621160074
CG10778,4.244242598,4.525488966,4.395812096,4.198679555,4.416659187,4.088109924
CG15332,1.947896209,1.221374389,1.471938095,0.19171458,0,0.600626626
CG15330,0.366277874,0.398839565,0.280984078,0.221328946,0,0.069260254
CG15333,1.782675972,1.050424986,2.079071103,0.605122262,0.043373527,0.16728912
CG2233,2.922825604,3.656363675,3.631830603,2.796050433,2.847136684,3.656055146
Upf2,2.866764809,3.379712586,2.766729001,3.08088175,3.594432103,2.582947453
CG1571,0,0.120151752,0,0,0,0
CG2254,0.254209339,0.300531207,0.343441058,1.591378059,0.659827649,0.528678517
CG2256,0.43642859,0.460843657,0.075540634,1.509728016,0.513278718,0.837424361
UbcE2H,1.685196569,1.961613188,2.315546691,2.868027938,2.479776257,1.936503445
CG2258,6.956754693,6.290862444,6.201053367,8.529315312,8.712842717,8.650706245
CG1575,4.515346489,4.274569286,4.715083272,4.014310246,4.055422471,3.495480592
CG2260,5.884929969,5.530428885,5.496128331,4.76288718,4.648514683,4.758337585
cyr,0.214831388,0.300531207,0.147321929,0,0.043373527,0
CG2116,5.760548948,5.364963508,5.457821483,5.141529185,4.858877684,5.375843881
CG10958,4.166394826,3.819078109,3.791568961,4.790315247,4.441189685,4.65370612
CG2120,0.045601845,0.490874211,0.853067622,0,0.573696073,0
CG17982,3.539731969,3.585070214,3.935370633,3.46198411,3.094002977,3.813207798
alpha-PheRS,7.292923869,7.243816874,7.382758367,6.509071323,6.139463403,6.338338596
CG2129,3.680079518,3.61945917,2.584792649,3.08893662,2.930358577,3.380964529
CG10959,4.244242598,3.908012335,4.164552303,4.606151861,4.353443631,3.404606489
Gbeta5,8.233647244,8.343162563,8.359900487,9.235158548,9.300469478,9.232055041
CG18262,4.427648047,3.930100075,3.935370633,3.525680528,3.504178935,4.246010468
GIIIspla2,7.297937697,7.568193005,7.497928044,5.904126752,6.150662746,6.198494999
CG15337,0.174348395,0,0,0,0.043373527,0
CG10761,0,0.334050524,0,0,0.085481031,0
Or7a,0.401779573,0.158077041,0.075540634,0,0.043373527,0
CG2278,2.698537383,2.234367945,2.218904359,2.720292462,2.732559025,2.119071659
slpr,5.566943877,5.235700378,5.600512628,6.10663731,5.774708154,5.927193122
CG2147,4.869274344,4.976549768,5.210093336,3.61484975,3.387007657,3.922524226
sni,4.54343335,4.774692225,4.784262524,5.172180781,5.175099805,5.278665971
CG1632,0.567258051,0.231061681,0.280984078,0.559476377,0.166179293,0
Corp,0.045601845,0.041172495,0.075540634,0,0,0.259078775
CG15343,1.685196569,1.452586776,1.385527878,1.905989513,2.39859724,1.057920648
CG1636,6.670116204,6.758339634,6.892789457,5.501252846,5.407595834,5.411287157
CG1387,0.132696544,0.041172495,0.147321929,0,0,1.04077981
CG10555,2.953054221,2.634814121,2.743756146,2.601448428,3.124616761,2.895766673
CG11190,4.889735335,4.756265626,4.871625593,4.162879664,3.953949334,3.828270838
CG12125,6.710933339,6.237615261,6.353941387,6.902637259,6.759847292,6.979104773
CG1440,5.607419176,5.514984684,5.723029747,3.405055419,4.036764303,3.941119865
CG12123,3.999736343,3.874233426,4.272825213,4.474000741,4.222766136,3.927195655
CG15347,0.214831388,0.19503084,0,0,0,1.156697169
CG12116,0.401779573,0.490874211,0.280984078,4.367111295,4.428976573,3.727426644
CG12112,4.611347517,4.927985154,4.8258734,4.239051782,4.664229241,4.919399818
Trf4-1,4.108483367,4.300235265,4.168870426,4.697223771,4.826654994,4.543933431
CG12111,0,0,0,0.099039483,0,0
spirit,2.39810842,1.541357195,1.605362592,0.033774261,0,0
CG12065,4.925239573,4.289596542,4.18601482,0.90797381,0.450220187,0.951880893
CG12081,7.347993709,7.074736989,7.213855487,6.197910147,6.607427206,6.326894403
Caf1-180,0.045601845,0,0.620641262,0,0.043373527,0.035045714
CG12772,3.457771073,2.985315449,3.007557168,3.468173052,3.984869551,3.199787437
CG11284,7.083089117,7.237741827,7.110456355,7.332435333,7.510357959,7.289363177
Ppt1,4.163812309,4.640471907,4.358492756,2.954328996,3.309183927,3.738100117
CG11294,2.006722936,0.520292387,0.147321929,0,0,0
CG2004,5.513177794,5.393064753,5.297481907,4.425526814,4.191778439,4.826186319
CG1785,4.687039792,4.62193327,4.446488649,4.005826497,3.159530669,2.956438517
CG1789,5.403617858,5.411826418,5.587668646,5.13376344,5.046437213,5.00585082
CG12075,1.416791103,0.430174687,0.075540634,0.2787941,0.043373527,0.16728912
CG1885,5.819164371,5.954801717,5.669180576,6.349763445,5.860572679,6.060202356
Rbm13,3.527730756,3.15433616,3.459246325,3.768186154,3.658599747,3.504886069
CG10962,1.04246964,1.754407614,1.355534777,0.306690511,0.204896494,0.837424361
CG12662,0.366277874,0.659006168,0.809481815,0.605122262,0.35014255,0.317180035
CG15365,0,0.158077041,0.764538089,0,0,0
CG10970,0.089806327,0.041172495,0,0.221328946,0.315178801,0.198539073
CG7246,5.458384251,5.531332239,5.216365,5.788326983,4.818875669,5.344755103
HP1b,5.620662472,5.590603628,5.605299794,4.742606789,4.795282796,4.760956696
CG6999,3.432246478,3.595473243,3.644289046,3.586683197,3.601704415,3.722060149
CG7033,7.039027468,6.778643201,6.659544783,5.619963788,5.157935821,5.114289817
CG7766,6.728078967,6.768718662,6.658777434,7.55935753,7.405443345,7.476678515
Arfrp1,5.621603786,5.767393785,5.595709525,5.820127006,5.882383514,6.008240262
AP-1gamma,4.251558024,4.278878783,4.151519842,4.508941235,4.569123073,4.460994221
fend,7.807543774,7.220482315,7.358389543,7.800847244,7.863545191,7.994673202
CG7065,4.02841115,3.653047458,4.15587709,3.155645895,3.226921555,3.753963711
fh,4.408141309,4.010041933,3.808273282,3.765675887,3.326844506,3.343011945
Bap111,6.655024346,5.558173142,5.445416502,5.384216683,5.542195223,5.477276755
Zpr1,5.597884693,5.188377764,5.243231505,4.621504016,4.758340676,4.755713711
CG12057,0.089806327,0.120151752,0.403305984,0.130597294,0.166179293,0.102682134
CG12056,5.4699289,5.433249949,5.649230271,5.301716873,5.239454552,4.832425452
CG12106,5.495828171,5.424524194,5.679809861,5.100284572,5.089750272,4.922912396
CG12118,5.150648119,5.101025354,5.501274065,5.757074484,5.694504007,5.757899655
SmydA-9,0,0,0.403305984,0.033774261,0,0.035045714
Obp8a,0.535646052,0.490874211,0.516062327,0.813914366,0.842809102,0.135347252
CG15368,0,0,0.075540634,0,0,0
CG15369,0.045601845,0.231061681,0.215700384,0,0,0
CG15370,0,0.081202514,0,0,0,0
Gr8a,0.535646052,0.081202514,0,0.627414808,0,0.135347252
CG12121,6.008097767,5.870220598,5.922887358,4.951401453,4.693453224,5.339507878
CG17754,5.26108617,4.828600649,4.983715633,5.654973749,5.080670689,5.306721328
CR17438,0.598192202,0.685217387,0,0,0,0
ric8b,0,0.081202514,0,0,0,0
CG17440,0.329880465,0.158077041,0.516062327,0,0,0.035045714
Cfp1,5.379335796,5.071519917,4.755839864,5.574792463,5.313294007,5.533502865
CG16892,5.856425722,5.922801678,5.650774743,4.801387237,4.85735948,4.343591966
RpS28b,7.827261617,8.053742902,8.062350891,7.053033804,6.921860883,7.057630085
CG15317,1.899044333,1.826833554,2.133109169,2.549860337,2.439757656,2.366137455
Gga,7.408965969,7.383934759,7.221150782,6.582223388,6.934515345,6.798088858
CG3106,0.174348395,0.266214546,0.280984078,0.033774261,0,0.069260254
CG1354,7.157343568,7.417303114,7.278721497,5.923962071,6.28264734,6.078690788
CG15247,0,0.041172495,0,0,0,0
CG1468,0,0.19503084,0.403305984,2.01145953,2.18282089,2.043638334
CG9686,4.886606316,4.955167061,4.976343677,4.45387089,4.72376431,4.657927953
CG9689,0.949569261,1.325032758,1.796086408,0.871082608,1.649133071,1.140696948
CG9691,1.129748022,0.901874222,1.703873911,1.188453103,1.69064652,0.895787384
CG1986,0,0.041172495,0.075540634,0,0,0.035045714
CG2990,0.089806327,0,0,0.582479838,0,0
CG15312,6.73461956,6.624632831,6.527065175,8.289151455,8.497042337,8.463607131
CG2972,4.696004676,4.25063416,4.202957867,3.74798064,2.847136684,2.965550264
CG2974,4.774276272,4.953820061,4.817646684,3.947217978,3.749797882,3.318329886
CG12645,0.089806327,0,0.215700384,0.066775902,0,0.102682134
CG15309,6.346610794,6.289795181,6.089313722,6.237850891,6.067754446,6.475416865
Ipod,2.170049465,1.325032758,2.346373815,0.306690511,0.279346616,0.426801509
CG2909,4.964350018,4.886227226,4.892664072,4.857866227,5.110291504,4.391705267
CG15306,0,0,0,1.261540434,0,0
CG2898,0,0,0,0,0,0.035045714
Psf3,3.084486341,3.05229955,3.230496923,3.839146524,3.37856501,3.328959659
CG12640,0,0.081202514,0,0,0.126394328,0
Or9a,0.628476965,0.549122661,0.280984078,0.161479554,0,0
CG2889,6.106186309,5.84791462,5.812684416,6.145291306,6.261567131,6.178063109
CG2887,0.925378394,0.71096088,0.895375166,0,0.35014255,0.035045714
PPP4R2r,8.769178562,8.48885584,8.440018486,6.809132088,6.780821964,6.567687098
CG15296,0.089806327,0.158077041,0.147321929,0.099039483,0,0
CG2124,4.392784929,4.289596542,4.194511216,4.178061717,5.0222521,4.42180891
CG1628,1.108418423,0.945900736,1.090089724,0.438612949,2.133498108,0.817433287
CG9806,1.517322013,1.884529365,1.605362592,0.889646124,0.983067192,1.124517283
CG2111,0.045601845,0.36680871,1.630628187,0.488179846,1.301584745,0
CG12637,0.771040734,1.308265359,1.630628187,1.933088642,1.501435987,1.727438281
BTBD9,5.416692357,5.085118189,4.688261213,4.628428626,4.905166643,4.871729402
Rph,3.764319846,3.649723601,3.631830603,3.722319176,3.54624694,4.457769124
CG15211,0.824342362,1.050424986,1.126066663,1.303679131,1.421500783,0.135347252
CG15209,0.214831388,0.300531207,0.215700384,0.130597294,0.204896494,0.528678517
CG17333,2.210651584,2.74482761,2.115320432,3.20835738,3.407900622,3.583929621
CG2202,4.731317306,3.182211364,3.548117629,4.280084914,4.227474947,4.039320298
feo,1.923677036,1.090202596,1.903635333,2.109741535,1.532209851,2.577014533
sofe,2.67696552,2.286663342,2.185196033,1.933088642,2.487648473,2.947268856
CG2186,3.654553424,4.107754514,3.980286531,4.110427631,3.962448055,3.569061498
CG2157,0.045601845,0.041172495,0.215700384,0,0.166179293,0.288421873
CG1637,8.455618761,8.488972092,8.613001959,9.274315651,9.125943696,9.122012893
CG1582,4.531463017,3.83086628,3.587358793,4.39173917,4.241509861,3.872538709
CG15208,0,0,0,0.066775902,0,0
CG2145,0.366277874,1.406065524,1.293610521,2.791121807,1.110889535,0.229126454
SmydA-4,0.132696544,0.334050524,0.215700384,0.221328946,0.937812835,0.797161305
CG1552,0.174348395,0.081202514,0.569299184,4.055996417,4.600317115,4.816147242
CG1545,0.132696544,0.120151752,0.075540634,3.128549891,3.476755259,3.032113569
CG1537,3.7778938,3.144923439,3.507779194,5.10227557,4.944307143,5.194949014
CG15203,0.824342362,0.490874211,1.161168219,0.926071582,0.687432158,0.817433287
CG11122,5.411259042,5.575793605,5.511510796,5.675177838,5.608675115,5.670750967
Klp10A,7.086161123,6.153867867,5.64458691,8.022840781,7.705664243,7.285730136
CDK2AP1,4.094991043,4.2240621,3.970425371,3.328882959,4.854318272,4.371281437
CG15199,0,0.041172495,0,0.033774261,0,0
CG15202,0.658139045,0.605110328,0.147321929,1.52167906,1.577173781,1.973106214
CG15201,0.174348395,0.041172495,0.075540634,3.922640632,4.400070693,4.579977598
Lint-1,2.726807108,2.870076708,2.672557627,2.447077083,2.495477966,2.98360291
Dlic,8.638794804,8.030769673,8.149871712,8.766087974,8.81502211,8.802306184
CG1394,0.715694033,0.605110328,1.053192621,0,0,0
CG15200,0,0,0.569299184,0.066775902,0,0
CG11106,0.089806327,0.231061681,0.075540634,0,0,0
CG15198,0.366277874,0,0,0.161479554,0,0
CG1657,5.824079472,5.885843997,5.939410305,7.038810308,7.019439939,7.115312498
GCS1,6.917818185,5.863062734,5.857513198,6.937067942,6.858007247,6.919984569
CG11756,0.470264926,0,0,0,0,0
CG1738,3.33917696,3.83086628,3.459246325,2.440796779,2.230513023,2.229093578
CG11752,5.648638107,5.775803606,5.872151832,6.804248025,6.508367699,6.860476379
CG1737,4.667118737,3.777044046,4.023846166,4.487774062,3.936800208,3.800534001
Pa1,7.635086804,7.962754332,7.561300783,6.709470547,6.740211609,6.500317648
CG15196,0.567258051,0.36680871,0,0,0,0.035045714
Gr10b,0.254209339,0.632309912,0.764538089,0.512338969,0.166179293,0
Sk1,0.743632778,1.109687544,0.936477292,0.670992382,1.404968185,1.889404113
HP5,5.972386381,5.655014958,5.571451177,5.598965708,5.989524519,4.94611354
Cyp4g15,3.943632271,2.537458732,3.188580174,3.027399477,3.420292692,2.924086435
CG1749,5.674268152,5.58713257,5.672225514,4.683990588,4.826654994,4.609341426
Spase25,7.064518433,7.299228353,7.282213375,5.626895777,5.444464909,5.364694503
CG33235,0.292540976,0.266214546,0.343441058,0.033774261,0.043373527,0
CG1572,1.533416609,0.549122661,1.161168219,1.579992895,0.81804741,1.057920648
PGRP-SA,0.214831388,0.632309912,0.147321929,0,0,0.646672929
CG11699,4.601839046,4.689853506,4.76727621,4.318271229,4.246157988,4.438265659
CG11697,0.045601845,0.266214546,0,0.46360926,0,0
CG11696,4.132456058,4.048410842,4.526062345,3.80287885,3.88110941,3.968571487
CG11695,5.361415828,5.541231981,5.347862984,5.487608215,5.666168906,6.078690788
CG1561,1.04246964,0.577388071,0.516062327,0.221328946,0,0
rho-4,4.25398828,4.536328977,4.223860639,3.647939413,3.169352823,3.195921362
CG2533,0,0.231061681,0.215700384,0,0.315178801,0.035045714
CG2247,5.418859967,5.764323473,5.438279755,5.176911808,4.625509351,4.551517255
CG1703,5.545280486,5.297537648,5.592498549,4.712945014,5.058379412,4.93919229
CG2371,4.729572052,5.15007519,4.778622612,5.230687059,5.280816267,5.167573839
CG2444,0.132696544,0.334050524,0.569299184,0,0,0
FucT6,4.93889812,3.913566054,4.151519842,4.746431142,5.181180646,4.53630953
Amun,6.696711333,5.669037492,5.752099665,6.476438509,6.394170232,6.465816645
prtp,8.807115687,8.628265324,8.589639107,7.289612145,7.222072552,7.293439441
Tango10,7.44397711,7.027818939,7.279720039,8.442298773,8.259514798,8.124790478
CG15221,0.329880465,0.36680871,0,0.413175903,0.659827649,0.035045714
CG9360,0.089806327,0.36680871,0,0,0,0
Karl,0.771040734,1.638458511,0.343441058,0.221328946,1.371323531,2.24414781
CG1578,6.315536118,5.71508376,5.731812391,6.946241677,6.815637297,6.924664215
Cyp28c1,0,0.300531207,0,0.794343545,1.501435987,1.307636778
CG15740,1.150766861,0.490874211,0.075540634,0.099039483,0,0
p24-1,7.312584058,7.510266785,7.448169027,7.174157092,6.85952477,7.094437752
CG10347,3.116890899,2.440768359,3.091838325,1.915079231,2.549126013,2.338348121
ATP7,2.662402971,3.236396231,2.610417859,4.029037811,3.088836921,2.159335204
CG2025,5.554182135,4.98184629,5.067048657,3.853402103,4.241509861,4.735881051
CG1847,5.989259003,6.235399601,5.981750233,6.6532033,6.964793263,6.91234762
CG11802,6.360209789,6.328247657,6.339648695,7.356197894,7.268504985,7.396202762
CG15739,1.019799334,0.761109441,1.471938095,1.985806041,1.577173781,1.840715096
CG10352,1.565076965,0.879346663,1.903635333,2.085791568,2.050896994,1.780032676
CG10353,6.291487118,6.054313031,5.907465601,6.303354352,6.014940887,5.640490931
SelG,5.819164371,5.545709504,5.450745988,4.967874291,5.026311213,5.203638997
CG1840,2.22062605,1.754407614,1.840072658,0.774503582,1.246975234,1.057920648
sicily,4.527450732,4.689853506,4.900475072,5.986201532,5.892796024,5.752645528
Upf1,4.801113534,4.083323941,3.970425371,4.56487705,4.919787225,4.876567953
CR32661,0.045601845,0.081202514,0.075540634,0,0,0
Sclp,0.045601845,0.158077041,0,0,0,0
CG10362,6.283182584,6.053684417,5.978063939,5.885171748,6.129434917,6.007689019
CG18130,1.755490258,0.577388071,0.895375166,0.713292167,0,1.336018175
CG1806,0.687203533,0.19503084,0.809481815,0,0,0
CG1492,7.030547527,6.961337759,6.823267946,7.943160005,7.975370845,7.716669953
regucalcin,5.377107935,5.80448422,5.706788041,6.22967752,6.434437493,6.510859236
CG15735,6.744591229,6.958654013,6.973996486,6.238303613,6.332673279,6.402646805
Tango4,6.855570073,6.495424252,6.635565097,5.399679646,5.728950245,5.892977427
Usp7,5.050752742,4.971233729,4.778622612,5.431701398,5.361215289,5.526593276
Cyp311a1,0.132696544,0.460843657,0,0,0,0
Uch-L5R,0,0.041172495,0,0,0,0
CG12721,0,0,0,0,0.043373527,0
CG15734,0.132696544,0.041172495,0,0,0,0
CG11356,0.254209339,0,0.280984078,0.360915446,0,0
CG2750,0,0.041172495,0.215700384,0,0.204896494,0.102682134
CG1924,0.743632778,0.785544823,1.053192621,0.488179846,0.543803643,0.288421873
CG2577,1.741702851,1.716783909,2.766729001,0,0,0
Ir11a,1.171483865,1.256761209,0.936477292,0,0.573696073,0
CG2574,0,0,0,0,0.867152957,0
CG15927,0.132696544,0,0,0,0,0
CG15731,0.715694033,0.266214546,0.718149104,0,0,0.035045714
Rab40,7.16090927,7.015282191,7.216465186,5.963928205,5.899450313,6.19607775
Cpr11A,0.045601845,0.430174687,0.280984078,0.387282298,0,0
Mks1,0,0,0,0.033774261,0,0.035045714
CG2556,2.66970262,1.325032758,1.773579932,0.512338969,1.301584745,1.482857594
Cpr11B,0.797937693,1.221374389,0.853067622,0.713292167,0.714518384,0.755742239
CG11138,7.751027574,7.550256085,7.529752529,7.383264518,7.453462996,7.394938657
CG1824,5.787640392,5.101025354,5.167570675,6.47950545,5.839965285,6.289741421
CG1463,4.920657837,5.099807933,4.900475072,4.921267897,4.875473321,5.0685082
CG2543,2.594988841,2.969405704,3.17146642,4.314841212,2.685422153,3.740756192
CG11085,0.214831388,0.041172495,0,0,0,0.895787384
CG15728,0.743632778,0.549122661,0.516062327,0.066775902,0.043373527,0.035045714
Aven,4.042537621,4.468146672,4.56262166,4.754049567,4.487071624,4.310005205
CG2540,2.475120899,2.942493253,2.822609948,2.745989681,2.439757656,2.78689515
Tomosyn,7.049907468,6.83643265,7.06600265,8.656877887,8.896741257,8.907184188
CG15725,1.873983732,3.001051656,2.435089642,0.813914366,1.928998307,2.151371889
CG4004,5.519251714,5.72774918,5.61798845,5.322361343,5.435335596,5.184256345
CG12717,5.919020615,6.068073683,5.826416591,6.08917539,6.725307451,5.576511483
CG3812,3.985182342,4.300235265,4.056839367,2.59014277,2.600850423,2.723855088
CG3775,0.045601845,0.081202514,0,0.033774261,0.166179293,0.876594188
CG4661,0.254209339,0.785544823,0.147321929,0.413175903,0.279346616,1.810692915
CG4407,6.242151987,6.35349508,6.583952614,6.484475364,6.294476171,6.049530176
CG4404,2.788458589,3.116311095,2.865806788,6.086663487,6.02849528,6.207163712
mRpL49,5.758838721,5.871647919,5.998829484,5.254157514,5.037080008,5.554790146
Brms1,5.542301022,5.147720812,5.154565575,4.826896146,4.918331817,5.031024262
CG4645,7.001915575,7.321855024,7.403061436,6.240565091,6.631608786,6.658277689
hec,1.886568446,2.198420619,2.003720007,0.512338969,0.204896494,1.363851994
CG15721,0,0.041172495,0.718149104,0,0.043373527,0.035045714
CG12716,0,0.833207966,0.853067622,1.545288185,1.404968185,0.755742239
CG15719,0.089806327,0.158077041,0.075540634,0.582479838,0,0.229126454
CG12715,0.045601845,0.988623391,0.075540634,0.033774261,0.24260175,0.035045714
CG2200,5.003872791,4.587603944,4.86897408,4.554734711,3.910688135,4.727871013
Fer3HCH,0,0,0.075540634,0,0,0
CG15717,0.535646052,1.14788529,0.569299184,1.344621878,0.043373527,0.691294921
MFS10,1.670717286,1.624980653,1.090089724,1.646993946,1.501435987,1.350002208
CG4318,0,0.231061681,0.075540634,0.161479554,0.960617448,0
CG4332,6.120906863,6.422800616,6.328111708,1.579992895,2.47186085,3.508007651
CG12096,5.710110247,5.817132716,5.98420254,5.525195838,5.301060774,5.642622816
CG12723,1.501045839,0.19503084,0,0,1.190217021,0
CG2453,3.665548527,3.643052825,4.070751556,4.439768459,4.303030224,3.952621587
CG15742,0,0.120151752,0,0,1.577173781,0
CG15743,5.708339134,5.62486249,5.536789283,5.595436121,5.731438703,5.329838116
CG15744,5.625362913,4.923863332,4.86897408,4.237240983,5.785126131,4.729209112
CG1764,6.155765171,6.471149579,6.316481718,5.850649115,5.99436749,5.62043993
CG1622,6.395859291,6.089085293,6.308675977,5.812242471,5.744638468,5.832009447
CG15747,5.699450806,5.733255528,5.305348283,5.277252245,5.475475354,5.200748148
dmrt11E,1.451085688,1.070450879,0.403305984,1.111464636,0.043373527,0.45295311
CG1640,5.497880165,5.492895743,5.347862984,7.212449298,7.100284069,7.076414174
Rbp1-like,7.556788263,7.752629655,7.676474671,7.782494684,8.04987204,8.257877559
Tim9a,6.747181238,6.937002402,7.002098618,5.07718839,5.323226431,5.286867432
CG1662,5.558120862,5.709507481,5.876118542,5.913228178,5.986749791,5.83511982
GstT4,2.040900983,1.778955809,1.861572885,0.438612949,0.279346616,1.377570087
CG1998,6.200550323,6.542781593,6.361506651,7.849071069,7.826974543,8.041069329
Set2,4.499047886,4.689853506,4.679208556,5.279893387,4.565408445,4.525567928
CG11816,0,0,0,0,0.043373527,0
CG11178,5.193059213,4.582383357,4.471174659,4.545984164,4.876972592,4.887395723
Ndc80,1.345654897,0,1.293610521,2.281233543,2.373325261,2.28839032
BthD,0,0,0,0,0.043373527,0
tth,4.931326008,4.252826564,4.047489478,3.709315222,3.703230035,4.123140112
Tango2,5.033881216,5.199786652,5.281619297,3.170903861,3.019938508,2.433355449
CG2691,2.712741488,3.399637283,1.840072658,2.791121807,2.463901775,3.551015097
NFAT,5.720691508,5.737958586,5.676780905,6.891167251,6.997208751,6.823681731
Lig4,4.045346392,4.477550974,3.883767082,3.631489448,3.762831488,4.163291835
CG11164,2.240370452,1.611375695,2.235467704,1.533531916,1.985686517,1.363851994
CG15760,4.861326812,4.750070752,4.48855244,4.636694523,4.627292075,4.670519826
CG11162,0.43642859,0,0,0,0,0
CG12177,6.367522737,5.966871504,6.233367023,5.344397772,5.671362309,5.511119113
CG11158,4.987901396,5.179185245,5.309265445,4.470922064,4.934261125,4.988076138
CG9940,5.782599346,6.1920712,6.134170191,5.055772703,5.309967945,5.062151156
CG9941,6.90666319,6.041054281,6.040663428,6.428047809,6.441040775,6.80413301
CG11134,6.705172547,7.072256289,6.880335983,4.718147587,4.695153985,5.052562758
CG11151,6.435474801,6.706494247,6.5847608,5.215131926,5.13054437,5.664469777
Pdcd4,10.54378155,10.02938645,9.973979645,10.06407232,9.942218353,9.907602788
CtsB1,8.274916994,8.244293146,8.479663915,8.179445469,8.040537158,8.089279891
CG11103,4.685240111,5.099807933,4.978805184,4.881245028,5.25106337,5.083233268
CG10993,0,0,0.215700384,0.306690511,0.937812835,0.669156436
CG10996,0,0,0.343441058,0.033774261,0,0
CG11095,3.028806884,2.73858332,3.136617572,3.72490596,3.149641186,4.006588299
Clic,7.236590139,7.542660046,7.606172582,6.260314709,6.18737819,6.584788469
jub,5.531323373,4.499874294,5.186861119,3.669584935,3.523452951,4.13328329
CG11068,0.797937693,0.430174687,0.215700384,0,0.043373527,1.172521885
CG1368,0.628476965,0.924055416,0.895375166,0,0,0
CG11581,0,0,0.075540634,0,0,0
CG11584,0.174348395,0,0,0.033774261,0.085481031,0.035045714
CG11585,0,0,0,0,0.043373527,0
CG11590,5.074321291,5.329049281,5.1081017,3.136343674,3.542472864,4.108818778
CG11674,1.484583944,2.170859845,1.293610521,1.030134977,2.007752473,2.052217245
mRpL38,6.328277074,6.302021291,6.39230069,6.826097262,6.68222315,6.929619763
CG1434,3.843911495,3.87707874,3.136617572,4.775419162,4.280549641,4.444796154
Fbxl4,3.132824261,3.042194573,2.997881279,4.707723612,4.372700831,4.914703036
mRNA-cap,6.922408935,6.370757611,6.67632402,7.038030433,7.025536179,6.802544897
CG1461,0.089806327,0.266214546,0.147321929,0.066775902,0.126394328,0
CG13404,3.856760107,4.068464519,4.079952371,3.872193034,3.99870807,3.843178231
CG9400,0.089806327,0.081202514,0,0,0.043373527,0
betaNACtes4,0.089806327,0.19503084,0.075540634,0.582479838,0,0
CG9411,0,0.081202514,0,0.066775902,1.048393528,0
CG12540,1.270828368,0.19503084,0.809481815,0,0,0
CG14414,4.931326008,5.326969785,5.322892357,5.622740582,5.387750514,5.433620752
mRpS25,5.057724726,5.243438737,5.447195186,5.654973749,5.499033854,5.708552973
nmdyn-D6,2.22062605,2.515713808,2.268034601,1.905989513,3.10939107,2.62380847
CG9413,4.100403124,4.498027153,4.052171997,6.07758425,5.833030218,6.242264419
CG5321,0.875744677,0.659006168,0.403305984,0,0,1.850585242
CG15890,1.501045839,0.549122661,0.569299184,0.033774261,0.126394328,2.379833935
CG5334,0.214831388,0.736253047,0.403305984,0.033774261,0,0
CG5347,0.132696544,0.685217387,0.516062327,0,0,0
CG14408,5.927418879,5.30177918,4.983715633,7.962880343,7.850440508,7.941982548
CG14411,6.268233106,5.432283022,5.749218891,5.878797664,6.228477205,6.049530176
CG14410,0.366277874,0.081202514,0.075540634,0.099039483,0.450220187,0.426801509
CG14407,4.622675574,4.911426737,4.956498955,6.079606802,5.660086213,5.633361807
CG12539,0.329880465,0.577388071,1.414910112,0.2787941,0.960617448,0.876594188
CG9522,0.366277874,1.357994016,0.670218812,0.033774261,0.166179293,0.198539073
CG9521,1.064789212,1.009519467,2.235467704,0.066775902,1.02694508,0
CG9519,0.045601845,0,0,0,0.714518384,0
CG9518,0.132696544,1.256761209,0,0.438612949,0,0.069260254
CG9514,0.797937693,0.19503084,0.670218812,0.033774261,0.043373527,0.069260254
CG9512,1.755490258,1.826833554,1.443705866,1.423178261,0.602981688,1.661684559
CG9509,0.089806327,0.081202514,0.215700384,0,0.24260175,0
CG14406,0.089806327,0,0.075540634,0.066775902,0.204896494,0
CG12398,1.289901972,1.716783909,1.964515325,2.125490111,1.388243933,2.102646246
Eo,0.132696544,1.185097719,0.460785459,0.066775902,0.204896494,0.069260254
CG9503,0.292540976,0.36680871,0.718149104,0,0.573696073,0
hiw,6.389241765,6.254125129,6.436845807,6.896340042,6.947773314,7.079302627
CG5541,2.406871204,1.803093283,2.299882543,0.926071582,1.532209851,0.669156436
ND-B18,8.055640876,8.219986169,8.366964915,8.001130217,7.701862542,7.905607094
dob,0.687203533,1.166611482,0.670218812,0.161479554,0,0.288421873
Lsd-2,2.415581085,1.741975081,2.732131067,0.733985886,1.547354071,2.077652076
CG9065,4.931326008,4.956512806,5.228827124,6.072007567,5.798637107,6.118039435
CG15027,3.062471748,3.223039606,2.938422218,3.325478108,2.803653393,3.053635929
CG5599,2.483429492,2.719686633,2.150681236,2.447077083,1.532209851,1.908428757
Rab3-GEF,5.719812695,5.205457441,5.33254766,7.872737476,8.152784874,7.886395039
CG9072,0.470264926,0.120151752,0.075540634,0.130597294,0,0
Cyp4s3,0.045601845,0.081202514,0,0.066775902,0.204896494,0.102682134
RpL37a,8.980299283,9.19835554,9.32421903,7.799313966,7.856532847,7.805771996
CG9095,0.214831388,0,0.147321929,0.033774261,0.166179293,0
CG5662,0.045601845,0,0.075540634,0,0,0.035045714
CG9106,0,0,0,0,0,0.503875743
CG5877,3.401885559,3.363572301,3.751823193,3.455768505,3.348620487,2.345345798
CG9114,1.861288273,2.881457062,1.605362592,3.140224834,2.834846043,3.843178231
CG9123,5.439291436,5.413787211,5.649230271,5.938522326,5.509704261,5.917248174
CG12608,5.402522949,5.416723413,5.600512628,5.279013543,6.0067467,5.635504246
CG6227,4.181793591,3.375694412,3.430762155,2.980543238,3.19842432,3.60740443
CG9164,7.331979929,7.220762339,7.243329842,7.139190928,6.997208751,7.207723432
CG11655,2.441399601,1.308265359,1.228908645,1.86904688,1.421500783,1.023432869
CG6294,0.567258051,0.19503084,0.343441058,0,0,0.069260254
CG6299,0.503325831,0.36680871,0.516062327,0.099039483,0.315178801,0.035045714
CG15642,4.633915376,4.538127753,4.941434198,4.855507374,4.374824738,5.218006984
CG15641,0.132696544,0,0.075540634,0,0,0
CG6308,4.726075199,4.768576139,5.010428356,4.053940469,3.857001887,4.182956277
CG6324,0,0.856461751,0,0,0,0
CG6340,8.028217533,7.721503999,7.89096009,7.953398583,7.642058873,7.953906703
CG7860,4.567080115,4.030632259,4.26880771,2.408978507,1.996761682,2.338348121
CG15643,4.965833296,4.720276285,4.933842416,4.014310246,4.391704366,3.894173478
CG9213,2.712741488,2.903951946,2.491340747,2.526326528,1.069527769,1.263989531
cerv,4.525440398,4.800400159,4.988609425,5.652258365,5.710569211,5.320103104
CG7872,4.815992956,4.884814263,4.709165761,4.583525718,3.884094722,4.102637274
CG9215,4.791107973,4.523674352,4.343290455,4.403089868,4.410460832,4.257184561
CG8097,4.470074614,4.342022573,4.460646621,3.788112587,4.042119876,4.37299451
CG8105,0.045601845,0,0,0.670992382,0.085481031,0
CG9220,0.089806327,0.120151752,0.403305984,1.397465162,0.573696073,0.373031704
CG15646,0.089806327,0,0.460785459,0,0.085481031,0.102682134
CG12708,2.029598029,0.945900736,1.703873911,0,0,0
CG15599,0.43642859,0,0,0.033774261,0,0
CG8128,2.684192039,2.799842368,2.948503801,5.120071982,5.233614924,4.953001744
CG9240,6.90240932,7.13629834,7.368749708,6.963594823,6.917860733,6.871122124
Pis,7.844901076,8.160506051,7.855904594,8.877742912,8.878145692,8.799681535
CG8134,5.293342809,5.206588928,5.092275145,6.114056771,6.173414154,6.02195332
CG9281,6.965307571,6.652716045,6.80881405,6.936231066,7.051327601,7.005021306
CG15601,4.60374576,4.5273013,4.164552303,4.2023968,4.241509861,4.405162272
CG8184,6.959363115,7.094736099,6.651852864,7.557544693,7.626099607,7.834186736
CG8191,0.743632778,1.030117199,0.620641262,0.713292167,0.867152957,0.229126454
CG12379,3.06800697,3.379712586,3.500945088,2.309083276,2.211624936,2.393401608
CG11679,5.128303526,5.551954782,5.261542577,3.986553666,3.416173818,3.661672379
CG8206,5.031050012,5.093705373,5.374279706,6.615712671,6.643108778,6.770734819
CG8944,5.681508162,5.217855264,5.071668222,5.544361116,4.861909306,5.613210782
CG8239,1.971715508,1.291300791,2.079071103,1.473269147,0.573696073,1.780032676
CG8260,0.470264926,0.879346663,0.343441058,0.161479554,0.24260175,0
Graf,5.942564314,6.20628202,5.9254417,6.027648651,6.324455159,5.89536336
mRpL3,5.563029197,5.984129283,6.035943346,6.029219235,6.023088795,6.370850989
CG17209,3.37534349,2.385889321,3.073530072,3.768186154,2.636693019,2.827441735
Efhc1.1,0.470264926,0.549122661,0.147321929,0.066775902,0,0
mRpS30,8.388354613,8.536988082,8.533398588,9.239574754,9.05784502,9.113840289
CG8974,6.153163539,6.378308257,6.532939681,6.409675476,6.46266955,6.422634425
CG15602,5.718933346,6.133785342,6.047714723,5.801253794,5.80416388,6.150861873
PGRP-LE,5.242849194,5.573164216,5.504694385,5.412573761,5.663565178,4.875359836
CG8509,0,0.041172495,0.075540634,0.19171458,0,0
CG8565,0.329880465,1.14788529,0.280984078,0.033774261,0,0.691294921
CG8578,0.771040734,0.879346663,0.718149104,0.90797381,0.573696073,1.249141988
CG15914,3.122221596,2.881457062,2.886929673,3.120713775,3.391210526,3.156679885
CG16952,6.735924128,6.490787657,6.805351197,6.513192543,6.808191142,6.874149392
MSBP,6.960851527,7.194484778,7.172520806,6.916564866,6.903220514,6.761936218
CG15916,5.126978298,5.299659973,5.205897028,6.436358019,6.274707226,6.491276619
CG8909,7.168336472,7.403554974,7.459228952,9.301702445,9.581664325,9.556391924
CG8916,3.219933046,2.732311886,3.452177832,2.281233543,2.455898547,1.991065144
CG8924,6.555099143,6.493107817,6.630877473,6.416092424,6.717797232,6.680928244
Rrp47,5.769919125,6.106162107,5.893182694,5.864792039,5.912667516,5.700389326
Or13a,0.973361179,1.030117199,1.053192621,0.692297297,0,0.691294921
CG9170,6.876619284,6.298311257,6.381178759,6.791965038,6.84963222,6.930201651
CG8931,5.910573176,5.765859446,6.140779971,5.921145096,5.665301519,5.92602668
ND-20,7.842278962,8.051855493,8.09816866,8.836401731,8.884867741,9.005780313
eIF5,7.406783432,7.590250846,7.471953138,6.894905015,6.807798172,6.767482331
CG8939,2.138829956,2.654847919,2.800516622,1.859661497,2.373325261,2.914708147
CG12698,0.214831388,0.19503084,0.895375166,0.221328946,0.842809102,0
CG12395,0,0,0,0.099039483,0.126394328,0
dpr18,5.449929734,5.904092497,5.733270981,5.432492905,5.811238762,5.738761708
Nipsnap,7.553585907,7.739009205,7.798538883,7.641233609,7.62297581,7.818714352
CG8958,0.089806327,0.158077041,0.670218812,0.926071582,0.085481031,0.503875743
CG12507,0.366277874,0.924055416,0.147321929,0,0,0
Mfe2,7.009846176,6.778643201,6.948479048,6.720206102,6.38471598,6.560939683
CG9911,5.071568422,5.360903986,5.477102045,5.019357934,5.102622775,4.929912
CG3632,4.724323589,4.93346266,4.876914045,5.02671479,5.011371633,5.533502865
CG9914,1.971715508,1.884529365,2.284046452,2.64580539,3.179108557,3.164614035
CG9915,5.935768537,5.514071032,5.649230271,5.78956311,5.675675909,5.683231896
SWIP,3.982253839,4.2240621,4.181747784,3.226725718,3.557510291,2.646648315
CG9917,6.502926208,6.709689991,6.451984379,4.767913043,5.59598614,5.523511693
CG9919,10.53300283,10.60569685,10.56364863,9.571730162,9.381395449,9.45707723
CG9921,5.669724626,5.806724381,5.46661733,6.262541972,6.239008878,6.283834628
CG9992,6.425807169,6.582981235,6.632441707,5.01302206,4.776126707,4.348824385
CG4239,5.884929969,6.071182884,6.251802928,6.430823201,6.193407605,6.214348062
CG9981,0.628476965,0.041172495,0,0,0.043373527,0
CG4301,0.045601845,1.274134361,1.630628187,0.130597294,0,0.755742239
Traf-like,0,0,0.075540634,0.334057725,0,0
AnxB11,2.885694823,3.149637476,2.284046452,2.56148483,3.036132685,2.565074991
CG9947,8.142641282,8.246770221,8.400171271,7.783115383,7.920450348,8.142725459
rngo,6.544715157,6.650639054,6.611180087,5.240663504,5.504863857,5.942271665
CG9903,0.089806327,0,0.147321929,0,0,0.288421873
CG9902,5.138861751,4.830069724,5.130414072,5.344397772,4.756712838,4.85589109
CG13014,3.743716405,2.614498204,2.755288299,3.636993636,3.030754798,2.24414781
CG9784,4.615133428,4.298113787,4.399491479,4.56487705,4.32296753,4.423463058
CG9782,0.470264926,0.266214546,0.075540634,0,0,0
CG9777,0,0,0,0,0.513278718,0.035045714
mthl1,6.01312799,5.411826418,5.195352547,4.50743955,4.531539246,4.002167381
CG9723,6.025271723,5.897801796,5.728890779,3.918126689,3.633983658,4.334828875
CG13012,0.045601845,0,0,0.943945139,1.265409039,0.988100422
CG13010,0,0,0.075540634,0,0,0
CG9676,0,0,0,0.130597294,0.204896494,1.263989531
spheroide,0.045601845,0,0,0,0.687432158,1.172521885
CG9673,0.366277874,0.041172495,0,0.19171458,0,0
CG4653,0,0,0,0.306690511,0.315178801,0.45295311
CG9672,0,0.041172495,0,0.46360926,0,0
CG4678,0.366277874,0.231061681,1.053192621,6.921365648,7.137974629,7.20748343
CG13008,0,0,0,1.792196519,1.532209851,0.478639091
mRpL22,6.764756273,6.874661119,6.875720626,6.398781733,6.499148439,6.475018129
CG9609,5.486557904,5.451499478,5.519986267,5.286912884,4.849744404,5.152692054
Sap30,7.222388871,7.154881503,7.028476197,5.266639058,5.11665112,5.305824781
Rrp45,5.413434824,5.54481511,5.50980971,4.035303889,4.554206827,4.71712131
CG4768,6.181526664,6.18290226,6.152819805,7.153183223,6.791593561,6.819918723
CG9132,4.449017284,4.306581044,4.320182354,4.639439331,4.309706653,3.872538709
CG4789,5.862012499,6.058705674,6.186219444,6.209962739,5.969285774,6.010993321
CG9125,6.392002757,6.600733482,6.443098587,4.455429351,4.932820252,4.94034814
CG13005,3.073521035,2.579989363,2.463489333,3.189752158,3.531091033,2.729214923
CG4829,4.782716669,4.763971998,4.598277377,5.281651466,5.539357626,6.16921722
CG13004,1.108418423,1.526936274,0.569299184,1.158148923,0.867152957,0.970104318
CG13003,0,0.158077041,0,0.033774261,0.043373527,0.16728912
CG4872,1.565076965,1.555635393,1.324904867,1.896842161,1.704223059,1.124517283
Nprl2,4.825827994,5.048987962,4.847584689,6.064878651,6.45164418,6.126696136
Rcp,4.628306421,4.767043057,4.673141738,3.890742359,4.273736586,4.13328329
DENR,6.493701585,6.77750154,6.480925147,5.667130124,5.478441291,5.430333808
CG4880,3.32074792,3.082196632,3.416306362,1.61388234,1.336875487,2.559067961
wus,2.66970262,2.328839894,1.324904867,2.363220015,2.163293657,1.800545063
CG13001,4.61890943,4.67521569,4.20716272,3.269878422,3.391210526,3.391144274
CG13000,0,0.158077041,0,0,0,0
RhoGAP15B,0.628476965,0.577388071,0.075540634,1.485524763,0.867152957,0.373031704
Ubr1,5.480344468,5.123963266,5.315121318,5.586929714,5.676537083,5.21418949
CG8949,5.491715405,5.687794786,5.602110116,5.175966843,4.925594222,4.77008632
CG4949,4.081371345,4.514566889,4.559336105,1.752179603,3.339949497,2.771391493
CG4955,0,0.081202514,0,0,0,0
CG8945,0,0.231061681,0.147321929,0.774503582,0.085481031,0
CG16700,0,0.659006168,0,0.559476377,0.315178801,0
CG4991,0,0.158077041,0,3.159475542,1.301584745,2.035008104
CG8918,0,0,0.215700384,0,0,0
CG5162,0,0,0,0.099039483,0,0
CG12998,0,0.120151752,0.075540634,0,0,0
CG10597,0,0,0.147321929,0,0,0
CG8915,6.008817445,5.976189799,6.068664151,5.387485845,5.112838716,5.537327275
CG8675,4.197029729,4.376614273,4.327926252,4.11240469,4.227474947,4.112925115
CG8664,1.685196569,0.945900736,1.261622271,0,0,0.102682134
CG5445,6.469333254,6.409596387,6.535450023,7.519684312,7.337918044,7.329175489
CG5613,3.045737509,2.864352688,2.33104259,1.772326804,2.007752473,2.406842873
p-cup,0.254209339,1.030117199,0.147321929,0,0.166179293,0
CG8568,1.713726341,1.778955809,1.471938095,0,0.279346616,0.102682134
ppk23,0.045601845,0.041172495,0.895375166,1.127194515,0,0
CG12992,0.687203533,0.520292387,1.261622271,0.582479838,0.842809102,1.20365991
CG12991,7.144302579,6.84190426,6.645669663,6.310691456,6.432909357,6.248810089
stas,6.960107513,7.21683705,7.210193958,6.717610869,6.710668168,7.035356587
CG8326,2.795148914,2.903951946,2.597662148,2.555684292,3.286799776,3.260275859
ND-24,7.819898971,7.947100232,7.895201296,8.549885947,8.535523654,8.603787877
CG8289,8.010719586,8.115886313,8.140557965,7.213600926,7.039661354,6.998932421
CG5800,3.79134123,3.387715516,2.696682994,2.909551488,3.226921555,2.553035814
IntS2,5.898197017,5.325928911,5.249361055,5.476138275,4.95428369,5.736101955
CG12990,1.796079106,2.76339994,2.115320432,0.066775902,0,0.035045714
CG8188,7.137737611,7.099312172,7.042663251,7.657065639,7.655224713,7.56400465
CG8173,5.445683824,5.358869933,5.344049369,4.710336675,5.103903731,4.86808981
CG12986,0.43642859,0,0,0,0,0
Socs16D,6.821976465,6.21530403,6.065193637,5.381759941,6.095064689,5.867683963
CG6398,1.289901972,1.940006276,2.150681236,0,0,0.713098814
CG8142,2.389292087,3.05229955,2.800516622,2.56148483,1.485799341,1.716685341
Ucp4A,5.330661818,5.299659973,5.477102045,5.355291035,5.680835262,5.828892353
CG15814,6.94062723,7.111142474,7.195983224,6.920519611,6.866333936,6.830866843
Spt7,3.712248809,3.692347652,4.173175662,2.376442634,2.797333108,1.860388321
CG6762,3.863141756,4.226295227,3.650478154,5.267526478,5.103903731,5.210361868
Arp8,5.149343268,4.693086283,4.272825213,4.78660562,4.34912912,4.837397404
CG6769,5.195589948,5.237915576,5.324828594,5.4181789,5.274004474,5.312088943
CG6788,0,0.19503084,0,0.221328946,0.085481031,0
CG12985,0.132696544,0,0.460785459,0,0.126394328,0.035045714
CG7772,2.279066639,2.964063227,2.708596057,3.262775345,3.129656492,2.852216606
CG6847,1.171483865,0.120151752,0.516062327,0.161479554,0.043373527,2.310012975
CG12672,1.848480104,1.597641216,2.268034601,2.651255333,3.0144998,2.750457329
CG6867,7.901026161,7.15370871,7.197569125,6.513192543,6.685649203,6.375131137
CG15373,0.045601845,0.334050524,0.460785459,0.250347622,0.792853288,0.259078775
CG7536,5.64586483,5.906183317,5.823680593,5.539226227,5.586853768,5.643332745
Ada3,5.946325959,5.294348296,5.478842113,5.456038436,4.755083161,4.981353765
CG7206,5.847602555,5.792477592,5.995186627,5.397249117,5.456548151,5.197851495
RhoGAP16F,2.922825604,3.746251762,3.136617572,3.244863128,4.099755227,4.058608865
CG7192,6.068023667,5.999878364,6.074429853,5.123016824,5.430238681,5.453996204
CG7135,2.579570295,2.024557619,1.053192621,1.71102097,0,1.108154106
Frq1,7.999176723,8.228505462,8.125085379,8.570526986,8.832320161,8.790337295
Andorra,0.470264926,0.398839565,0,1.218133808,0,1.532753413
Hesr,0,0.041172495,0.215700384,0,0,0
Him,0,0.430174687,0.147321929,0,0,0
upd2,0,0,0.215700384,0,0,0
CG15059,0,0,0,0.033774261,0,0
CG6023,2.524269513,3.195949561,2.720411553,1.423178261,3.432579226,2.900525407
CG6123,3.79134123,3.679366177,3.593796457,7.539106203,7.399718114,7.437308746
CG6106,0,0.041172495,0,0,0.166179293,0.288421873
CG6179,5.798502605,5.739522871,5.866845862,5.862444492,5.5950755,5.774196546
CG6290,0,0,0,0,0.279346616,0
Hayan,0,0.19503084,0.280984078,0.19171458,0,0
psh,0.045601845,0,0,0,0.315178801,0
CG15046,0,0.685217387,0.569299184,0,0,0
CG15044,0,0.041172495,0.075540634,0,0,0.102682134
CG15043,0.045601845,0.158077041,0.075540634,0.099039483,0,0.259078775
GalNAc-T2,5.583463769,5.135890942,4.860990174,3.909056211,3.203213121,3.99105545
Rad51D,0.089806327,0.120151752,0.147321929,0.066775902,0.204896494,0.259078775
Ggt-1,3.774512266,3.865663658,3.925196531,4.444484603,4.570976807,4.293818583
CG6470,2.138829956,1.873173316,1.727485453,0.627414808,1.532209851,2.143364375
CG6481,0,0.041172495,0.147321929,0.670992382,0.043373527,0
CG15042,0,0,0,0.066775902,0.043373527,0
CG15047,0,0,0.280984078,0,0,0
CG15040,0.567258051,0.266214546,0.215700384,2.94991327,0,1.263989531
wgn,1.231907565,0.490874211,1.090089724,0.649368125,0.714518384,0.577040364
CG6540,6.82402247,6.742824727,6.955369612,4.11240469,4.678055473,4.77008632
CG6617,7.407329376,7.488104932,7.383222988,6.727319012,6.458169351,6.887094744
Ing3,5.309788784,4.663727148,4.552742463,5.030901926,5.023606407,5.268578232
CG6659,7.531218631,6.700081444,6.547936624,6.938740238,6.753739801,6.78463756
CG6696,0.43642859,0.36680871,0.147321929,0.099039483,0,0
Cyp308a1,0.132696544,0,0,0,0,0
CG6873,0,0,0,0.221328946,0,0
CG12609,0,0,0,0,0.126394328,0
CCKLR-17D3,6.655484002,6.659342392,6.578282599,4.896240581,4.646758008,5.309407632
CG6891,3.4106255,3.643052825,3.687065381,0.066775902,0,0.035045714
CG18259,6.709605966,6.501429633,6.505033728,6.403633554,6.297838099,6.39339244
CR6900,0.292540976,0.300531207,0.215700384,0.488179846,0.450220187,0.478639091
CG6961,5.31678007,5.167611612,5.226757565,4.326810764,4.32296753,4.819920087
Atg101,6.034489621,6.027672548,5.9254417,6.90975998,6.814855298,6.940924463
CG7058,6.494215614,6.266113406,6.394146037,7.47908073,7.304604105,6.945248947
CG7101,4.375032266,4.774692225,4.839481196,4.242666574,4.227474947,4.721161841
Pvf1,0.366277874,0.924055416,0.895375166,0.033774261,0.204896494,0
CG7280,6.530251375,5.873073829,5.690361405,5.939079412,5.492202274,5.802439421
CG7322,0.292540976,0.081202514,0.147321929,0.250347622,0.767211364,0.623833477
Usp39,6.408458661,6.186347445,6.342518584,5.017249066,4.715408245,4.418494914
CG7326,4.363824886,4.150713319,4.248550646,4.396614694,4.372700831,4.974599921
CG7332,7.088886314,7.027178672,6.899950533,8.551708428,8.656014718,8.538980409
CG7358,5.193059213,4.431840574,4.670098736,5.402106087,5.679117527,5.83574109
CG7378,6.100120704,5.730111618,6.229237963,7.638663706,7.456223769,7.492130446
CG14190,0,0,0,0,0,0.035045714
CG7406,0.045601845,0,0,0,0,0
CG14191,0.292540976,0.334050524,0,0,0.043373527,0
CG7423,0.132696544,0,0,0,0.085481031,0
tgy,0.045601845,0.158077041,0,0,0,0
Obp18a,1.713726341,2.180105394,2.299882543,1.71102097,2.643755906,1.005874807
Inx5,0,0.081202514,0,0.033774261,0,0
CG7556,5.595012017,5.017098055,5.31901207,5.644081414,5.514528478,5.609582578
CG7453,5.709224963,5.195233918,5.590890377,4.95911219,5.269445344,4.735881051
CG33253,0.503325831,0.36680871,0.280984078,0.53610018,0.043373527,0
Mec2,0.366277874,0.266214546,0,0,0,0
HP1D3csd,0.292540976,0.300531207,0.853067622,0,0,0.035045714
CG7914,2.441399601,2.732311886,3.162832807,2.044969659,3.212743299,3.124499609
CG14194,7.27448905,7.180732558,7.372966607,7.125551125,7.095784446,7.005021306
CG7990,7.265784781,6.953945411,6.955994398,9.136239277,9.179779063,8.994209406
CG14195,1.755490258,1.729434478,2.022929939,1.968446736,3.203213121,2.588856075
Mur18B,0.045601845,0,0,0,0,0
Muc18B,0.214831388,0,0,0,0,0
CG7884,0.045601845,0,0.764538089,0,0,0.135347252
CG14196,0,0.041172495,0,0,0,0.102682134
CG7889,4.212106641,3.941018413,4.549434307,2.209162262,2.593573794,2.588856075
CG7992,1.947896209,2.648200849,2.571807315,0,0.482093952,0
Hs3st-B,9.947260567,9.788792781,9.672601934,6.817033593,6.963735378,6.84913623
rictor,3.72631921,3.839644625,4.485093589,3.685608583,4.607559896,4.017581686
CG8010,5.987069385,5.272903839,5.463105424,5.195682283,5.110291504,5.478072871
CG8028,0.174348395,0,1.053192621,0,0,0
CG8034,1.231907565,0.856461751,1.126066663,0.130597294,0.891092845,0.817433287
CG8051,0.329880465,0,0,0,0,1.350002208
kek5,6.162895561,5.653356252,5.313172,4.989549516,5.17143896,5.280492552
CG12200,0,0.158077041,0.075540634,1.331102989,0,0
NAA15-16,6.783382114,6.041688421,5.724497239,5.624819675,5.590513657,5.966301232
ND-18,8.201743885,8.314718267,8.404068526,8.718288246,8.457631658,8.656344303
CG12204,4.08410559,3.1211194,3.379520185,4.160970624,4.039444575,4.317141373
CG14200,5.878644183,6.001834965,5.673745577,6.571124902,6.320052945,6.639897665
CG12231,0.292540976,0.081202514,0,0.099039483,0,0.102682134
Tao,7.398020113,6.471149579,6.449324384,7.492616131,7.562068194,7.320546068
CG14218,0,0.632309912,0.460785459,0.713292167,0,0.970104318
CG14204,0,0,0,0,0.513278718,0
CG14219,0,0,0,0,0.166179293,0
CG14205,0,0.334050524,0.075540634,0.033774261,0,0
CG14220,5.309788784,5.395051195,5.271615861,5.226129404,4.863422732,5.301333669
CG14207,6.773675881,6.952934422,7.046774997,6.195114423,6.212534125,6.04684975
CG14210,4.731317306,4.844678789,4.890050979,3.290980201,3.067985698,2.629552419
CG14221,0.214831388,0,0,0,0,0
NAA20,8.62923211,8.857959142,9.009218878,7.490907388,7.245475561,7.442824447
MKP-4,6.42148956,6.551267947,6.253836894,6.743674391,6.755370995,6.42635147
CG14212,0.045601845,0,0,0,0,0
Rcd-1,8.477360829,8.741885781,8.764061858,7.985169729,8.306167926,8.077377444
CG12237,6.087912446,5.922801678,6.081318417,7.734041097,8.206987586,8.032152658
Sec61gamma,8.787433235,9.155641263,9.198650781,6.817639612,6.652768451,6.691949997
Arp10,5.743354761,5.529524965,5.650774743,5.039239915,5.878646473,6.057541703
Ranbp21,5.172651909,4.840311581,5.015232518,5.016193475,4.316352328,4.131260352
CG14215,7.307328481,7.539071553,7.389712016,8.075982743,7.880834966,7.75691525
CG14223,3.214952037,3.125911732,2.660341949,2.471928424,2.73916888,3.307621211
Ssu72,6.437079793,6.404182046,6.540457639,5.106249343,5.501951801,5.193010778
et,0,1.357994016,0.075540634,0.033774261,0.417626289,0
Ubqn,4.599929808,4.098031873,3.970425371,4.204251837,4.333925904,4.390014282
CG14227,0.254209339,0.231061681,0.147321929,0,0,0
CG14229,6.731570973,6.797163567,6.851076819,6.446972716,6.672759336,6.688514736
CG14231,3.2831682,2.980031671,3.026716412,2.909551488,2.511010623,2.516303489
CG14232,6.771557161,6.73618003,6.750225923,6.506442585,6.210751747,6.33394772
CG14230,3.694465609,3.629618019,3.334101687,3.325478108,3.169352823,3.027770298
CG12531,4.108483367,3.777044046,4.075359298,7.052519035,6.987525651,6.818347902
CG14234,3.045737509,3.106646141,2.833531017,2.363220015,2.930358577,3.07904598
COX6B,8.467709036,8.63961977,8.760310933,9.416366296,9.29774349,9.365446484
Alr,4.838837943,4.809365271,4.998347489,4.806280977,4.769684401,4.71712131
Pmp70,4.294688311,4.643817123,4.539464079,4.772921459,4.826654994,5.313873719
CG12702,0.401779573,0.300531207,0.460785459,0.19171458,1.454008243,0.102682134
SkpE,0.089806327,0,0,0,0.573696073,0
CG15618,2.947058955,2.668050881,3.136617572,3.060545597,2.847136684,2.182964763
Nup205,5.438223279,5.90060105,5.351666546,3.836756839,3.264062842,3.774847423
CG12655,0.366277874,0.120151752,0.343441058,0.75438697,0.35014255,0.259078775
Nep3,4.774276272,4.360439093,4.439357217,4.767913043,5.247590522,4.795857053
CG17003,0,0.081202514,0.403305984,0,0,0.426801509
CG9570,0.045601845,0.081202514,0,0.488179846,1.228302843,0
CG15322,0,0.120151752,0,0,0,0
CG9572,0.329880465,0.856461751,0.147321929,1.88763644,2.953280391,2.221507141
Rab35,5.331812623,5.512241991,5.736183744,5.051657234,5.306634197,4.663537913
Phf7,1.212046198,2.189292071,1.553463943,1.232748274,1.963277813,0.713098814
CG9577,4.244242598,4.662078434,4.697257421,3.572390984,3.129656492,2.63527359
CG9581,6.493187372,5.868076965,6.175529618,6.5696866,6.513678361,6.14886345
CG9578,6.003049943,5.854426154,6.040663428,5.369413083,5.460553513,5.836362094
obst-A,1.959855016,2.409664977,2.696682994,2.186819595,2.732559025,0.988100422
CG17068,7.621975858,7.033887345,7.286193771,6.609076716,7.03597525,6.546590658
CG17065,6.871484625,6.701687319,6.583952614,7.050973626,7.144524881,7.192282214
CG1504,6.434939406,6.121840173,6.176602172,3.964833044,4.225122463,3.843178231
CG1631,1.713726341,1.37419648,1.903635333,1.247216179,0.842809102,2.035008104
CG12679,0,0,0,0,0.043373527,0
jb,0.401779573,0.300531207,0.075540634,0.130597294,0,0
Syx16,5.779228836,5.58278197,5.574709288,6.24507744,6.145073942,6.19607775
HERC2,4.779346434,4.951122281,4.428593535,6.146256572,5.235953612,5.82075625
CG15459,0.045601845,0.120151752,0,0,0.043373527,0.755742239
Obp19c,0.503325831,0.158077041,0,0,0,0
cactin,4.777658359,4.295989185,3.999808915,4.217170736,4.467301994,3.68943509
CG11710,5.844380705,5.512241991,5.359243717,5.514022019,5.730609694,5.489172604
CG1695,3.555579851,3.491622642,3.813798683,5.646812217,5.405519662,5.827018859
GstT3,2.288580658,0.520292387,1.703873911,0.360915446,0.602981688,0.528678517
RhoGAP19D,6.185351516,6.074905101,6.299843739,8.106432326,8.03718858,8.16897019
CG1812,5.790991331,5.455312244,5.342138774,6.474134018,6.450134171,6.65546519
Cyp6v1,0.366277874,0.833207966,0.075540634,0.161479554,0.166179293,0.400167095
hydra,0.598192202,0,0,0,0,0
CG1324,0.401779573,0.520292387,0.075540634,0,0.126394328,0.102682134
CG15452,0,0.901874222,0,0.627414808,0.204896494,0
CG15450,0.628476965,0.901874222,1.355534777,0,0,0.035045714
CG1314,2.698537383,1.754407614,1.984250833,0,1.917388382,1.616122503
CR11235,0,0.081202514,0.147321929,0.066775902,0,0
CG1304,0,0,0.403305984,0,0,0
r-cup,2.149311703,2.530246779,2.406119653,1.86904688,0.315178801,2.393401608
CG1532,4.434092118,4.643817123,4.758707461,5.175966843,5.04510418,5.051493436
CG1529,2.159717845,1.14788529,1.964515325,1.52167906,1.893884428,2.895766673
Ntf-2,8.205986351,8.393089789,8.535281154,7.865722182,7.800555352,7.948028775
Cbs,6.722386369,6.422800616,6.324245452,5.427737333,5.424098519,5.253778081
CG1518,8.757771387,8.470604804,8.509763243,7.05406279,7.144836057,6.889490418
bves,7.02983861,6.919513075,6.877700444,5.040278783,4.91395676,5.186206371
CG15446,0,0.041172495,0.215700384,0,0,0
CG1503,0.292540976,0.988623391,0.718149104,3.609260261,3.432579226,3.572047406
CG15445,5.288609318,5.365976606,5.414838452,4.97441112,4.885935643,5.306721328
CG14579,0.329880465,0,0,0.360915446,0,0
CG1724,0,0,0,0.033774261,0,0
CG1722,1.289901972,0.659006168,0.569299184,0.692297297,0.417626289,0.069260254
CG1494,0.214831388,0.231061681,0.403305984,0.066775902,0.631684635,0.035045714
CG1718,6.064566683,6.089085293,6.037124815,7.326060384,7.086094879,7.016300654
CG1801,0,0,0,0.033774261,0,0
CG1486,4.881900027,4.053450455,4.098179816,4.446053231,4.433059109,4.384929399
CG1678,0,0,0,0.833223249,1.676941004,1.544962321
CG10918,0.329880465,0.120151752,0.147321929,0.161479554,0.166179293,0.528678517
Cyp6t1,1.517322013,1.291300791,2.133109169,1.142754737,0.81804741,0.817433287
CG14621,2.768199423,3.177602739,2.33104259,3.178472755,3.264062842,3.18035262
CG14615,0.366277874,0.231061681,0,0,0.085481031,0.16728912
Usp2,9.332524868,9.267483085,9.421635086,9.658687811,9.352318848,9.569897651
CG14613,5.799334782,5.958836209,6.01450976,6.793506142,6.703503701,6.666333217
CG14618,3.527730756,3.626239678,3.521351046,3.519733931,2.752298428,2.852216606
CG12576,6.944393923,6.758339634,6.817091142,6.659301755,6.463667691,6.418907778
Cp110,3.273618301,2.864352688,2.545480663,3.455768505,3.286799776,3.931852006
CG17598,5.230561865,4.815311211,4.798266591,4.755315402,4.636172799,5.047208205
CG17600,5.045150794,5.052767811,4.801051166,4.388479643,4.196589314,4.244139676
CG17599,0.535646052,0,0,0,0,0
CG12446,0.771040734,1.090202596,0.215700384,0.334057725,0.914641953,0
CG11023,0,0,0,0.033774261,0.279346616,0.035045714
Ir21a,0.132696544,0,0.215700384,0.813914366,0.74110543,0.623833477
galectin,8.368025095,8.591924938,8.712305172,8.543855376,8.781092852,8.658979577
CG11374,3.949641763,4.342022573,4.417748942,5.29128279,5.387750514,5.653235243
Zir,4.3181039,4.898882001,4.946473283,4.066232437,4.060709353,3.979857269
CG11377,6.439750819,6.395774255,6.675565546,6.032877294,6.050585313,5.824517077
CG13694,0.174348395,0.901874222,0.215700384,0,0,1.04077981
CG4822,3.87266161,3.419290549,3.751823193,1.71102097,0.714518384,1.20365991
CG11454,4.900633763,5.135890942,5.342138774,4.618724839,4.565408445,4.457769124
CG3709,4.451136902,4.881984179,4.636195111,4.162879664,3.933922097,3.353462059
ND-15,7.635086804,8.013417682,7.994941046,8.249726922,8.075888716,8.184661582
CG3436,6.520191188,7.068216032,6.946594078,6.500038496,6.726971093,6.379824681
mRpL10,4.50518146,4.398563119,4.809372787,5.491411353,5.356923992,5.35951943
CG11617,0.658139045,0.460843657,0.215700384,0.334057725,0.166179293,0.259078775
Tbc1d15-17,4.388367201,4.374602266,4.598277377,3.569515471,3.476755259,3.04076108
CG13693,0,0,0.569299184,0.413175903,1.454008243,0.198539073
CG3645,4.174114753,4.591073871,4.18601482,4.269492622,3.0991506,3.053635929
CG17075,3.3663865,3.5815858,3.007557168,3.848665878,4.109991422,4.121102891
CG3345,2.532300595,1.325032758,2.218904359,1.88763644,0.867152957,2.663543995
CG11601,5.129627538,5.440962116,5.307308193,5.20960159,5.438385123,5.406276832
CG3625,10.80231312,11.12864944,11.1105602,10.19370675,10.23574536,10.20163072
CG11562,4.605649958,4.742289565,5.071668222,4.908808509,5.13054437,5.239763677
CG11912,0.132696544,0,0.620641262,0,0.24260175,0.035045714
Ent1,3.3663865,3.632988468,4.129533993,3.600835212,3.682802858,4.253469471
CG4213,1.129748022,1.185097719,0.670218812,0.360915446,1.190217021,0
CG13690,2.052116072,1.906976767,2.218904359,0.360915446,0.279346616,1.140696948
CG11885,4.00551708,4.283175446,4.335628806,2.954328996,2.877412853,2.817411421
BBS8,0,0.041172495,0,0,0,0
CG4164,7.273890439,7.446329522,7.534361645,5.41497863,5.211206235,5.142684891
CG4133,8.092261914,7.449917102,7.386007574,7.646359723,7.732206386,7.586696406
CG4297,4.914526132,5.26206088,5.041373205,6.579010033,6.214907209,6.681619576
Spp,8.624192077,8.668750318,8.627193287,7.656896323,7.551779495,7.422289469
Tspo,5.794334504,5.889371297,6.008499036,4.712945014,5.196871916,5.211319726
CG11835,2.362515142,2.1332735,2.168041848,4.209802679,4.999032213,3.838226195
CG2794,4.503139832,4.020373829,4.335628806,3.266331255,3.568686387,2.175131167
CG2807,6.226150185,5.668216399,5.911336522,5.984583386,5.296586481,5.674923285
Ipk2,4.341145505,4.503561494,4.502305509,3.867518197,3.078448979,3.719369397
cold,4.363824886,4.647154601,4.133958049,3.735206963,3.689644104,3.716673617
CG13689,4.315779369,4.488755811,4.358492756,2.709884029,3.041490599,3.417944243
CG2839,0.292540976,0.158077041,0.280984078,0.334057725,0.204896494,0.259078775
GABA-B-R3,5.262293811,5.198649815,4.941434198,4.693266546,4.596682043,4.317141373
CG12506,0,0,0.147321929,0,0,0
CG13947,0,0,0.516062327,0,0,0
Saf6,5.257457171,4.989754791,5.370535375,4.990624775,3.641059789,4.78174015
Pex12,5.334111484,5.152425732,4.836769886,5.166482992,4.465310049,4.338340501
CG3876,6.556084208,6.818412714,6.867109879,6.518420763,6.681794321,6.627752097
CG3662,9.270262167,9.172821136,9.138412415,12.92689794,12.8842012,12.82816642
CG3862,5.811760178,6.040419862,6.012108475,5.938522326,6.017661972,5.884595448
CG4291,4.325055104,3.836724441,4.288784276,4.756580128,4.368443612,4.406835606
CG13949,0,0.266214546,0,0.387282298,0.891092845,0.623833477
CG13950,0.366277874,0.398839565,0,0,0,0
CG15824,2.475120899,2.700539146,2.299882543,1.09556136,0.166179293,1.156697169
IA-2,7.530216436,7.286175919,7.127195716,11.35457713,11.62199168,11.51448081
CG4375,0.401779573,0.266214546,0.280984078,0,0.043373527,0
CG4415,0.174348395,0,0.343441058,0.099039483,0.315178801,0
Atg4a,6.065950471,5.543024658,5.913911379,5.216051592,4.722096964,5.010260483
CG4629,3.209953772,2.648200849,2.268034601,3.755590909,3.901878019,4.676081129
CG14339,0.045601845,0.120151752,0,0.033774261,0,0
CG14340,0.401779573,0,0,1.802029689,0,2.017591203
CG4552,5.344411265,5.737958586,5.224685032,5.50727595,5.843036868,5.59644497
Iris,0,0,0.516062327,0,0,0.035045714
CG4577,4.60374576,4.780782494,4.373536533,8.086078429,8.141134219,7.886245104
MFS3,3.352845877,3.240821101,3.612938865,3.653381316,3.564970633,4.546971746
Tfb4,6.039428817,6.075524538,5.998829484,5.524453603,5.051757065,5.046134905
Vps29,6.475073484,6.729504588,6.601628957,5.266639058,5.312186171,5.271336436
Tango14,5.399233228,5.540334806,5.664601086,5.579802527,5.555364043,5.304030014
CG5080,2.860399202,1.390218998,3.026716412,1.317456221,1.869991204,1.716685341
IntS14,6.267631893,6.027672548,6.228203849,5.224302303,4.905166643,4.680238083
CG14341,4.258836544,4.498027153,4.526062345,4.237240983,3.904820706,3.988822757
CG5118,5.277901836,5.424524194,5.273622104,4.822071953,4.542917555,4.998101329
CG4887,6.992122601,6.291928917,6.348241291,7.095881366,7.0652037,7.143938499
CG4896,7.283735904,6.99447002,6.963470802,6.938461657,6.920771033,6.567687098
CG5126,6.496783017,6.34015353,6.270006213,4.836496406,4.863422732,4.491278333
Tgt,4.925239573,4.905864761,4.915971336,4.519409488,5.067599923,4.652296093
CG5001,1.019799334,1.128912832,1.195435982,0,0.659827649,0
CG5139,0.089806327,0,0,0,0.043373527,0
CG14342,1.809358867,1.961613188,2.876406888,0.871082608,0.482093952,1.057920648
CG5397,0,0,0.215700384,0,0.315178801,0
CG5440,0.535646052,0,0,0,0,0
CG5556,0,0.081202514,0,0.033774261,0,0
CG5561,0,0.231061681,0,0,0,0.069260254
CG5565,0.045601845,0.231061681,0,0.066775902,0.279346616,0.069260254
CG14346,0.045601845,0,0,0,0,0
CG18131,0,0,0,0.033774261,0,0.069260254
CG7420,0.925378394,1.950850182,1.161168219,3.639737876,3.295795155,3.644754637
CG10869,0,0.158077041,0.516062327,0.360915446,0,0
CG14352,3.31610364,3.930100075,3.409023783,3.20835738,2.924570764,3.489176036
CG17660,7.304107289,7.450394772,7.719425169,7.043739749,7.02486009,7.000041404
mRpL48,5.99508179,6.166133557,6.125309778,7.002492445,6.969368486,6.953286796
Rim2,4.529458269,4.483164271,4.559336105,5.153099983,5.202861867,5.422083535
CG31937,4.762376138,4.52911136,4.986164604,3.706700307,4.09718479,3.311199608
CG17652,3.834199379,3.371665015,3.945473488,3.973560574,3.749797882,3.9730964
CG17650,0.743632778,1.221374389,0.343441058,2.101802308,1.808467373,1.889404113
c-cup,0.045601845,0,0.403305984,0,0,0.259078775
CG7295,0.824342362,1.406065524,1.414910112,0,0,0
CG15358,0,0,0,0,0,0.035045714
CG7337,7.018090908,7.208954285,7.233056398,7.021291877,6.577310692,6.962987219
erm,0.824342362,1.406065524,1.471938095,0.033774261,1.577173781,1.738111668
CG15356,3.551634171,3.780087434,4.019070649,5.195682283,4.899276668,5.457229737
CG15362,1.517322013,1.940006276,2.284046452,3.276946698,2.330195921,2.8765732
CG7289,7.703586644,7.958059115,7.903322584,7.127996281,7.227958991,7.064272133
Npc2a,2.815035725,3.280045822,3.567871627,4.78288643,4.876972592,4.695378585
CG4238,5.378222296,4.532724682,4.626808696,5.833372677,5.657471473,6.16724408
CG12674,0.132696544,0.36680871,0,0.438612949,0.35014255,0.259078775
CG4259,0,0,0,0.46360926,0.126394328,1.074860222
tho2,7.832352548,8.26968677,8.245732851,7.599379288,7.875969693,7.528130767
CG11723,6.472988769,6.473971438,6.579093966,6.349763445,5.895757276,6.268730937
AIF,6.663732868,6.408121762,6.541290555,7.114003052,7.158153533,7.338192131
CG15382,1.611301687,1.940006276,1.727485453,2.526326528,1.79584138,2.127214766
CG10874,4.617022664,4.548873565,4.362268432,3.023202149,3.387007657,2.99699568
CG15385,3.925452123,3.186805314,3.681031582,4.420748185,4.46331535,4.513193075
CG10880,6.889962624,7.157809323,7.130520407,5.153099983,5.430238681,5.294118682
mio,5.717173037,5.784164688,5.3667813,4.09651183,4.85735948,4.17315756
papi,5.443556173,5.200922595,5.624291172,5.387485845,5.675675909,5.740089748
CG15387,6.58291321,7.066970596,6.899300993,3.54337465,3.352936517,3.882194238
CG4271,0,0,0.215700384,0,0,0
CG17237,0,0,0.569299184,0,0,0
CG16995,0.045601845,0.736253047,0.280984078,0.066775902,0.085481031,1.057920648
CG9967,1.451085688,1.766733924,0.670218812,1.61388234,0.35014255,2.143364375
eys,7.031964316,7.195339954,7.008136012,6.683108493,6.630720362,6.485349624
CG3597,0.045601845,0.120151752,0,0.559476377,0.166179293,0.426801509
CG3609,5.194325135,5.593201453,5.353564573,5.44195728,5.651351921,5.816985594
CG15390,3.511572247,3.391700395,3.473280255,3.501745646,3.841727521,3.387759001
Atxn7,5.035294736,4.339961705,4.194511216,4.080441941,4.201384201,4.301035067
CG9870,3.4106255,4.2240621,4.061491685,2.868027938,3.309183927,3.661672379
CG3557,0.089806327,0,0,0,0,0
VGlut,4.075887259,4.390620303,4.019070649,4.11240469,4.32296753,5.144691884
CG18641,0,0,0,0,0.085481031,0.16728912
CG9886,3.840681382,4.176349781,3.528089392,4.381938412,4.412529911,4.262739319
CG3515,0.214831388,0,0.075540634,0,0.573696073,0
Cyp309a1,0.254209339,0.80957322,0.516062327,0.871082608,0,0
insv,3.636039962,3.983883763,3.69307405,5.517756249,5.384591937,5.639067921
Elba2,1.467932039,1.512369747,1.605362592,2.216533582,2.061484493,1.156697169
ND-B17.2,7.760673243,7.972764349,7.956742964,9.008565924,8.868380436,8.977416337
Arpc5,6.366961517,6.41792424,6.410648802,4.689298436,4.518150128,4.534779904
CG15395,0,0,0,0,0,1.091603205
CG9962,0.875744677,0,0.147321929,0,0.126394328,0
Prosbeta4R2,0,0,0,0,0.043373527,0
CG9879,0,0,0,0,0,0.069260254
CG15398,0.045601845,0.120151752,0,0,0,0
CG31689,1.04246964,0.520292387,1.053192621,0.833223249,0.315178801,1.108154106
Hrs,5.880218199,5.410845021,5.697851252,5.373540454,5.357998013,5.236003396
CG9961,1.565076965,1.203350074,1.796086408,0.2787941,2.061484493,0.734578078
Cwc25,3.495230706,3.672831372,3.625560804,3.449526004,3.444762007,3.692182202
Bacc,9.471946858,9.462189036,9.451517196,9.311900417,9.097690958,9.222110144
Trn-SR,4.925239573,5.04393271,4.559336105,4.517918666,4.285073869,4.577008075
CG3077,6.588701092,6.828737364,6.713009075,6.356868854,6.263287859,6.441532828
aph-1,6.677829618,6.969025835,7.176815179,5.159807006,5.226576026,4.984718867
CG2862,8.309062105,8.480694817,8.609829283,5.70102713,5.524128787,5.933011227
CG15399,0.401779573,0.71096088,0.147321929,0.438612949,0,0.713098814
daw,0.535646052,0.334050524,0.403305984,0.033774261,0.767211364,1.108154106
CG2964,0,0,0,0.161479554,0,0.035045714
G6P,6.076286787,6.279078904,6.394146037,4.904251011,4.987974531,4.502277314
CG3123,0,0.266214546,0,0,0,0
CG3119,0.045601845,0.632309912,0,0,0,0
CG2975,0.214831388,0.19503084,0.075540634,0,0,0
CG18558,0.401779573,0.19503084,0.075540634,1.625004195,0,0
CG18557,0.470264926,0,0,0.033774261,0,1.091603205
CG3117,0.214831388,0.334050524,0,0,0,0
CG2983,0,0,0.403305984,0,0,0
CG3104,6.0167103,5.401982278,5.898392854,7.218886609,6.987178621,7.344099293
CG2991,5.88571377,6.147990206,5.207996708,6.559940374,6.104694399,6.731546351
CG8813,0,0.041172495,0.075540634,0.926071582,0,0.102682134
CG8814,7.445572676,7.423155304,7.344618292,7.725347439,7.45672516,7.701411571
Prx6005,4.900633763,5.001536847,4.820394138,4.884719401,4.644999191,5.014656708
CG9641,6.610201169,6.470207731,6.266988238,5.631039038,5.422045977,5.618274987
CG3165,3.491116234,3.761730055,3.75756864,3.252054724,3.067985698,3.311199608
CG9643,3.701605215,4.28745935,3.93029255,3.477406967,3.919444778,3.948031896
CG17265,1.549333635,0.081202514,0.075540634,0.033774261,0.043373527,0.035045714
CG17224,2.46676418,2.6876315,2.696682994,0.713292167,1.170790315,0.93342433
CG17264,0.132696544,0.19503084,0,0.130597294,0.74110543,0.035045714
alpha4GT1,5.925133287,5.976853094,5.979293751,5.911526028,5.684264608,5.735436249
CG3542,7.12119329,6.978992582,6.680110419,6.281995023,6.038578153,5.968569026
CG3605,6.352859582,5.607834748,5.780595383,5.449015038,4.972630494,5.054699027
CG17219,2.190493354,2.216506241,2.097309615,2.238424221,2.834846043,1.672853741
GABPI,8.481903471,8.535187883,8.601267982,8.454916564,8.438848048,8.411216632
CG17258,0.567258051,0.158077041,0.403305984,0.46360926,0.792853288,0.069260254
SerRS,8.22422756,8.032206296,8.029484937,6.065389029,5.97629677,6.344463458
CG17260,4.341145505,4.426023581,4.709165761,4.531280929,4.639709838,4.648057723
CG17221,5.117667462,5.055282219,5.275625562,5.394814486,5.572120654,5.527362644
CG17261,0,0.081202514,0,0,0,0
CG15403,0,0.490874211,0.403305984,0,0,0
ND-B14.5B,6.120240996,6.251934699,6.330040958,6.881925132,6.707301086,6.813940481
CG15404,0,0,0,0,0.043373527,0.345376129
CG3347,0,0,0,0.559476377,0.543803643,0
CG3332,0,0,0.075540634,0,0,0
CG9664,0.045601845,0.71096088,1.195435982,1.275723862,1.090356876,0
CG9663,2.994337654,2.805827604,2.491340747,1.063219023,1.857894544,0.102682134
CG15406,0,0.334050524,0,0,0,0.503875743
CG3277,1.782675972,1.81501225,2.185196033,1.579992895,0.204896494,1.20365991
CG3326,0.045601845,0,0,0.099039483,0.043373527,0
CG8837,1.289901972,1.128912832,0.516062327,0.306690511,0.891092845,1.140696948
CG3285,0,0,0,0,0.279346616,0
CG8838,0.089806327,0.041172495,0.343441058,0,0,0
CG15412,0.43642859,0.081202514,1.090089724,0.360915446,0.279346616,0.135347252
CG9662,7.094321301,7.356418162,7.112139058,5.63448269,5.246431046,5.460456038
pgant2,5.945574414,5.581910273,5.985427132,5.434864826,5.826837602,5.386907756
CG2772,2.934993161,3.347249399,3.205493296,1.485524763,2.061484493,0.426801509
Snx1,5.700342107,5.608690925,5.746332352,5.124976718,4.971227455,5.02885262
CG12795,4.83397295,4.955167061,5.299452525,5.076175772,4.72376431,4.986957916
Cog3,5.215677584,4.5273013,4.876914045,5.159807006,4.93857513,4.788174054
CG3246,2.483429492,2.084870226,2.420677362,1.079480821,0.74110543,0.776600407
CG3238,1.231907565,0.659006168,1.090089724,1.485524763,0.792853288,0.970104318
CG15414,0,0,1.553463943,0,0.166179293,0
CG17593,6.41444577,6.289795181,6.337732259,7.023394848,6.910193145,6.796813171
CG3213,0,0,0,0.033774261,0.043373527,0
CG8851,0.824342362,0,0.460785459,0,0,0.198539073
Sr-CIV,0.045601845,0,0.075540634,0,0,0
CG8852,0,1.291300791,0.280984078,0,0,0.035045714
Spindly,0.996767095,0.231061681,0,1.821497219,0,1.005874807
Che-13,0,0,0.075540634,0,0,0
CG16704,0.292540976,0.460843657,0.403305984,0,0.085481031,0
CG3513,0.535646052,0.632309912,0.936477292,0,0,0
CG16713,0,0,0,0,0.24260175,0
IM33,0,0.120151752,0.343441058,0,0.24260175,0.035045714
CG10031,0,0.081202514,0,0.250347622,0.279346616,0.135347252
CG2816,0,0,0,0.099039483,0,0
CG2818,6.24398698,6.227060437,6.457289703,6.25271619,5.742172694,6.205241828
CG10019,6.560017752,6.83679807,6.498186573,5.768403531,5.566556714,5.738761708
bark,0.973361179,0.785544823,1.195435982,0.130597294,0.631684635,1.457247279
CG3407,3.712248809,3.943735136,4.164552303,4.020640478,2.936123263,3.226563707
CG3964,4.042537621,3.99963551,3.867919088,0.161479554,0.204896494,0.069260254
Cep97,6.771557161,6.091537248,6.387676967,6.460229227,6.345725669,6.681965118
CG15422,0.292540976,0.041172495,0.764538089,0,0.085481031,0.035045714
CG15423,0,0.041172495,0.147321929,0,0,0
CG2955,0,0.041172495,0,0,0,1.769666069
CG3714,4.490829011,4.429904181,4.709165761,6.027124743,5.948759066,5.907825182
CG3702,8.329225502,8.462221167,8.405898893,7.358073767,7.433988233,7.492524482
Art2,1.086768738,0.19503084,0.460785459,0,1.301584745,0.503875743
CG15429,0,0,0,0,0,0.478639091
CG17612,4.273284337,4.770107593,5.148018796,4.200539374,4.922693646,4.924081358
Vps53,6.295621528,6.12543412,6.285996318,5.864205511,5.75282741,5.279579551
CG3652,7.305865194,7.525534645,7.531849407,6.884819659,6.892512678,7.116335565
Dim1,6.646725392,6.964685436,6.909658703,5.611601195,5.691098942,5.838223501
CG15431,3.824421438,3.908012335,4.160221217,5.14829009,5.037080008,4.667731114
CG15432,4.920657837,5.008041094,5.178319416,4.204251837,4.490993247,4.502277314
Elp3,5.040935011,4.473796607,4.787074234,3.685608583,3.492489703,4.656522048
CG15439,7.320141806,7.333554634,6.973379449,6.349763445,6.327199737,6.659330965
CG15440,5.913650698,5.85947044,6.138580074,4.367111295,4.447257688,4.234749152
CG15435,6.617769077,6.375795764,6.626174569,4.325106896,4.431019285,4.785603934
CG15443,4.394988731,4.683366139,4.450041189,4.294088071,4.099755227,3.650415956
CG15436,2.475120899,1.741975081,2.491340747,2.756141763,2.347602683,3.391144274
CG17840,4.025569181,3.535505542,3.364538998,3.795514611,3.139683443,3.850574557
CG15635,0,0,0,0,0.043373527,0.229126454
CG3355,0,0,0,0,0,0.035045714
CG11929,0,0,0,0,0.450220187,0
Elba3,0,0,0,0.066775902,0.279346616,0
CG3251,0,0,0,0,0.513278718,0
Taf12L,0.567258051,0.300531207,0.460785459,0,0,0
CG15631,0.045601845,0,0.403305984,0.46360926,0.384278962,0.198539073
CG15630,6.591586349,6.370757611,6.412470844,8.192003257,8.040369914,8.035942221
CG3294,3.85995446,3.61945917,3.554732394,3.311777775,3.391210526,3.566069398
Clect27,0,0,0,0.559476377,0,0
CG15629,0.329880465,0.833207966,1.015327048,0.130597294,0.279346616,0.229126454
CG3225,4.059308803,3.639705834,4.129533993,3.534554715,3.720034488,3.653238306
CG15628,6.538747721,6.657274926,6.760991804,7.656557631,7.769007839,7.701070656
Fnta,5.457330142,5.866646105,6.110794527,5.01196337,5.270586478,5.36641541
Ir25a,1.129748022,0.856461751,1.293610521,1.063219023,0.085481031,0.035045714
tank,6.332882392,5.899901746,6.114157186,5.123016824,5.623934608,4.979105995
CG12194,7.689291669,7.687870153,7.891939937,8.163682321,8.402874405,8.617762429
mxt,5.903624655,5.662455627,5.779183885,6.028172369,6.189792981,6.380676414
CG11927,5.199377746,5.27829491,5.383598238,5.585507091,5.207635985,4.977980795
mRpS2,6.902796554,7.065724084,7.298562196,6.937067942,6.990991367,6.968379769
Mon1,4.784398839,4.911426737,4.863656388,4.24086031,4.834392596,4.551517255
CG3008,6.406821491,6.307304844,6.305737902,5.757074484,5.801008317,5.795430367
CG15625,0,0,0,0,0,0.035045714
CG3036,3.807976146,3.672831372,3.494078455,1.384434689,2.321413144,0.553062079
CG2837,0.045601845,0,0,0,0,0
hoe2,1.501045839,0.785544823,0.853067622,6.439904936,6.604262671,6.700843582
CG14044,0.797937693,1.109687544,0.764538089,2.036664815,0.914641953,1.350002208
mRpL24,6.224911894,6.545019689,6.37931674,7.501883949,7.431949723,7.625118745
jet,5.181615645,5.140634536,5.516602051,6.195580753,5.521255396,6.175120502
Marcal1,2.449904106,2.852836064,3.054986492,2.886630548,3.236296903,2.640972163
CG3756,5.419942551,5.506740913,5.353564573,4.669292503,4.903696402,5.22276469
CG14043,7.396371048,7.442252783,7.410829912,6.668065371,6.461670718,6.686449646
mRpL28,6.905504287,7.04215033,7.04089748,7.737407867,7.629216655,7.529667456
Gmd,6.687301365,6.535596267,6.554552216,5.006658237,4.492950069,4.628112341
CG3792,8.181779064,8.404104631,8.501227322,7.558088783,7.731792162,7.872081227
CG8891,5.248953837,5.641691601,5.679809861,4.913351655,4.718756481,4.9734712
CG8892,6.089954343,5.790215183,6.079025881,4.860221229,5.440414567,4.607887342
CG3887,8.384616571,8.671006365,8.690320404,7.326486258,7.54236203,7.487986565
CG31650,6.910904555,6.988233164,7.142645807,7.016020999,7.138287221,7.119910596
CG9121,6.643948432,6.439258076,6.575845754,5.817705581,6.157464236,6.176592555
senju,5.24162516,5.294348296,5.171879786,4.866091971,4.533441874,5.362109287
CG14036,0,0,0.075540634,0,0,0.035045714
CG31918,2.200607677,2.393858155,2.505067387,2.421790147,2.924570764,2.497580553
pgant5,5.979012231,5.392070506,5.484049761,4.91448521,4.391704366,4.706290907
CG5828,4.189431773,3.916334916,4.51253495,3.388834904,2.895278196,3.569061498
CG4230,9.174489926,9.35389097,9.312191543,9.611851623,9.641160659,9.566626621
ND-13A,6.539245951,6.615716906,6.764562652,7.265828079,7.195883027,7.216337037
Cyp28d2,1.251499213,1.050424986,1.090089724,2.623797377,2.629595384,2.766186361
Cyp28d1,1.565076965,2.198420619,2.218904359,3.411492904,3.655108773,3.870114696
CG7742,0.973361179,1.69114504,0.853067622,0.692297297,1.02694508,0.229126454
TpnC25D,0.045601845,0.398839565,0.075540634,0.161479554,0,0.035045714
Cyp4ac1,0,0,0.075540634,0.066775902,0,0
Cyp4ac3,0.089806327,0.761109441,0.075540634,0.774503582,1.02694508,1.431174109
Bub1,5.00675778,4.78684716,4.83133193,4.850778066,5.141812894,5.236003396
CG14024,7.374201478,6.780164012,6.90901352,8.783873999,8.728290882,8.791378538
Ncoa6,5.194325135,5.230147454,5.4093744,6.039126755,5.59598614,5.602298682
CG14022,0.132696544,0.430174687,0.670218812,0.161479554,0.085481031,0.069260254
TotM,0.089806327,0.19503084,0.147321929,0,0,0.035045714
fusl,1.064789212,1.050424986,0.569299184,0,0.279346616,0.035045714
CG12512,0.174348395,0,0,0,0.085481031,1.780032676
CG14020,1.923677036,2.044943264,2.202148642,0.221328946,0.24260175,0.691294921
CG7382,6.840286885,7.048158876,7.135493122,6.823685846,6.801890749,6.909694613
Vps52,6.957127613,6.910167464,7.125530493,6.709470547,6.605619751,6.475416865
CG6907,5.873911806,5.779610105,6.315508307,5.01302206,5.091042703,4.86808981
CG7277,5.805974975,5.626554263,6.142976518,6.977491318,6.983007739,6.705269899
tomb,0.329880465,0.041172495,0,0.19171458,0.126394328,0.400167095
CG14015,7.072457412,6.881407604,6.827371172,8.034226696,8.112941733,7.871172411
Oscillin,6.243375575,6.307832137,6.581525335,4.766658218,4.784139344,4.623802218
CG14013,0,0,0,0.066775902,0.384278962,0
CG14017,0,0,0,0,0.085481031,0
CG14011,0.503325831,0.685217387,0.853067622,0,0,0.102682134
CG7251,0.254209339,0.460843657,0.976440789,0.794343545,0.543803643,0.373031704
CG18266,0.329880465,0.460843657,0,0,0,0.317180035
DIP-eta,7.629014393,7.153415362,7.103141876,6.017134169,6.208967165,6.260888098
Cyp6a16,0,0.041172495,0.147321929,0.033774261,0.043373527,0
Hsp60C,0.598192202,0.988623391,0,2.315962511,1.246975234,0.102682134
CG12511,0,0,0,0.306690511,0,0
CG7236,1.596057418,1.993428657,2.720411553,1.762288373,1.591855642,2.052217245
CG14006,2.815035725,3.326582587,2.755288299,2.595806673,3.124616761,2.961001584
CG11147,0.715694033,0.398839565,0.620641262,0.066775902,0.960617448,1.04077981
CG11029,1.641315334,1.009519467,0.895375166,0.099039483,1.131134066,1.091603205
CG11030,8.635070559,8.288509693,8.120355321,7.629373964,7.552483333,7.533119034
obst-E,1.670717286,1.308265359,1.903635333,0.943945139,0.631684635,0.478639091
CG9171,3.676460468,3.111486712,2.844370035,2.886630548,3.775748399,3.263973485
CG14005,4.801113534,5.105884788,4.943955941,4.62704636,4.508509819,4.772684208
CG7239,3.32074792,3.140193948,3.334101687,3.455768505,3.399579709,3.296832454
CG11034,0.715694033,1.239176293,0.215700384,0,0.085481031,0
rau,2.740736918,1.090202596,2.041887442,0.130597294,0.767211364,1.495494259
CG9029,0,0,0,0.066775902,0,0
CG14000,1.345654897,0.520292387,0.075540634,0,1.869991204,1.860388321
CG9016,1.191907582,1.583774727,0.809481815,0.943945139,0.631684635,1.748706671
CG9044,4.275678299,4.017797783,4.194511216,4.191216207,4.520070484,4.524026864
CG13999,5.997984395,6.298311257,6.275022185,6.230587963,6.240756706,6.060202356
CG13992,0.567258051,0.785544823,0.280984078,0,0,0
Ucp4C,0.292540976,0.081202514,0,0,0,0
lid,7.661871967,7.86205278,7.623580389,7.819271906,7.55013587,7.13108908
Tsp26A,5.234259064,5.536740518,5.101340139,4.694586827,4.659010051,4.771385849
CG9098,10.12314812,9.572608165,9.418125181,7.957941113,7.61670785,7.5308189
CG13996,0,0,0,0,0.24260175,1.074860222
CG9107,5.036706874,5.214484592,5.022408899,4.306230321,4.3938005,4.643806865
CG9109,5.063278155,5.013223461,5.1170681,2.06143729,2.050896994,2.760962381
CG9117,2.01820582,2.719686633,2.708596057,2.735765654,2.239865136,3.06215577
CG12393,4.845299185,5.031216534,4.887433145,4.508941235,4.060709353,4.53630953
CG9135,7.993552272,7.924069963,7.922629155,5.410968285,6.04659402,4.944962302
CG13995,6.292078474,6.079853166,6.127529988,6.828805296,6.695878814,6.970927116
ND-51,9.128544335,9.2339577,9.257868579,10.66496908,10.72500911,10.69413525
CG13994,5.685114587,5.857310763,5.903584265,5.110212201,5.01546143,5.341259074
Fbw5,3.511572247,2.393858155,2.361543831,4.200539374,3.633983658,4.255328212
CG9147,6.340334821,6.413031327,6.644894896,6.549398344,6.640904349,6.572540679
CG9150,0,0.081202514,0.280984078,0.46360926,0,0.069260254
CG13993,6.203696687,6.327727775,6.455523429,4.755315402,4.84515599,5.001427638
CG9154,4.086834663,4.167080054,4.509133189,3.311777775,2.90706669,3.332485583
CR9162,0.292540976,0,0,0.130597294,0.204896494,0.069260254
CG9175,6.650419711,6.06246018,6.077878246,5.80553712,5.280816267,5.543425321
Arpc4,7.251261307,7.402074158,7.500499997,5.611601195,5.264871761,5.641912538
WDR79,5.092088033,5.038859682,5.224685032,5.991582284,5.61317998,5.587619627
CG9222,0,0,0,0,0.043373527,0
CG13991,0.214831388,0,0.147321929,0,0,1.470109264
CG13989,0,0.231061681,0.403305984,0.360915446,0,0
AANATL2,0.254209339,0.430174687,0.976440789,2.231164185,1.301584745,1.716685341
CG13983,0.132696544,0,0,0.387282298,0,0
Pez,0.470264926,0.231061681,0.343441058,0,0,0
CG9497,0.045601845,0.041172495,0,0.099039483,0.085481031,0.16728912
ppk7,0,0,0,0,0.043373527,0.069260254
ppk14,0,0,0,0.099039483,0,0
CG9505,0,0.041172495,0,0.033774261,0.279346616,0.16728912
CG9507,0,1.308265359,0,3.65066293,3.823182222,4.662137467
CG13982,4.148219371,4.007447356,3.785957595,4.772921459,4.674611317,5.2160995
CG9527,5.950077822,5.962859451,6.015708906,6.587918406,6.5479645,6.469023821
retm,5.089368889,4.915584192,5.057764912,6.976677572,6.79952099,6.801273146
frj,6.454617858,6.568532458,6.634784883,6.890879329,7.089655281,7.152192257
CG16947,2.415581085,2.586957483,3.222210437,1.850214657,2.103074201,0.069260254
CG9531,8.445155419,8.39928825,8.52920629,8.344763153,8.427382623,8.479000109
CG9536,7.1878515,6.867525307,6.951615203,7.493374923,7.046006162,7.188152707
Daxx,5.623484574,5.793983897,6.247726371,6.29118777,5.849160486,5.748692337
KFase,3.153798654,3.798214159,3.883767082,3.477406967,3.6930526,4.347082353
CG9548,6.243375575,6.349403113,6.69365976,4.759106258,4.167480441,4.350564316
CG9547,0.824342362,0.266214546,1.053192621,1.079480821,1.717673025,2.077652076
CG9550,0,0.081202514,0.460785459,0.161479554,0,0.503875743
Osm6,0,0,0,0,0,0.035045714
COX5B,8.768328801,8.97487902,9.027761998,9.376151801,9.258094171,9.416019389
CG9596,3.461981611,3.792197188,3.681031582,3.200944058,1.577173781,2.446431239
CG13766,4.943422383,5.042666124,4.85296184,5.264862578,5.54502725,5.4764802
CG11319,4.239344958,4.437634207,4.111700845,5.072118176,5.070223567,5.281404975
CG11050,6.816643232,7.031654585,6.976461997,7.433550218,7.56973685,7.621520402
DIP-iota,0.045601845,0.081202514,0.718149104,1.625004195,1.190217021,1.616122503
Tango1,6.689098478,5.939911293,5.996401935,5.371890922,5.353697121,5.386907756
CG13771,0.132696544,0,0.147321929,0,0.166179293,0
Nse1,0.949569261,1.766733924,2.079071103,2.858635902,2.463901775,2.822435295
Tsp,2.074288042,0,0.976440789,0.033774261,1.069527769,0.069260254
Aatf,5.204412724,5.215609025,5.249361055,4.461646415,4.878470306,4.425115312
TTLL3B,0.329880465,0.041172495,0.516062327,0.130597294,0.204896494,0.069260254
TTLL3A,1.713726341,2.003879786,0.460785459,1.485524763,0.631684635,0.817433287
CG11221,5.541306499,5.493822899,5.528412238,7.417648687,7.10924143,6.979948098
CG11322,0,0.520292387,0,0,0,0.669156436
CG11321,0.598192202,0.158077041,0.569299184,0.733985886,1.02694508,0.503875743
CG17378,4.815992956,4.187853805,4.211355353,6.138516301,6.202404743,6.207643784
CG17377,0,0,0,0.066775902,0,0
CG11236,0,0,0,0.387282298,0,0
Nha1,2.180307622,2.377876227,1.414910112,1.782295868,1.190217021,1.336018175
Nlg2,7.578038373,7.4544486,7.375304013,7.421042459,7.163999064,7.320324121
Rat1,6.189166256,5.413787211,5.694859977,4.538651277,5.029010957,4.974599921
CG18304,0.535646052,0.300531207,0.147321929,0.033774261,0.126394328,0.426801509
Fgop2,6.620125929,6.716854637,6.688405682,5.71605726,5.45554507,5.861595781
ihog,1.755490258,0.736253047,0.670218812,1.950876008,0.867152957,1.738111668
Gas41,4.124509339,4.319189475,4.633073087,3.75811877,3.829390514,3.380964529
CG13775,3.4106255,4.192429851,4.772960566,3.398589081,3.078448979,3.431159819
CG3430,4.287588878,5.071519917,5.222609518,4.04154287,4.406313752,3.188157992
Atac1,2.240370452,1.791075026,2.391413548,2.895842669,2.439757656,2.465825364
CG10399,0.045601845,0.158077041,0.075540634,0,0,0
sip2,0,0,0,0.033774261,0.085481031,0
uif,0.535646052,0.266214546,1.499628432,0.033774261,0.983067192,0.035045714
CG3476,3.891514911,4.390620303,4.519314502,4.621504016,4.229823602,4.064981503
Rab30,5.712762847,5.924177939,5.976833078,4.82569161,5.304407411,5.278665971
Caper,6.234173272,6.283374971,6.255867997,6.738243174,6.403562931,6.627393322
Mnn1,3.138096516,3.5815858,3.334101687,5.47997173,5.29434412,5.702434573
Nuf2,2.307422518,2.607662155,2.420677362,2.085791568,1.635025489,1.307636778
Pvf2,0,0.398839565,0.215700384,0,0,0
CG4495,5.146730019,5.29328361,5.249361055,4.523872734,4.664229241,4.562068077
CG4496,0.401779573,0.80957322,1.015327048,0.582479838,0.279346616,0.577040364
CG4497,5.903624655,5.964198042,5.842724506,5.019357934,5.369759778,5.570551981
CG4502,6.710933339,6.74943896,6.505887342,5.813458285,6.180109471,5.8670763
CG13784,6.388688932,5.913823835,5.814063531,6.399591504,5.830711101,5.825142929
Wnt6,0,0,0,0.033774261,0,0.035045714
Wnt10,0.470264926,0.430174687,0.895375166,0,0,0
CG5149,5.512162983,5.522273143,5.587668646,6.204875849,5.726457488,6.008791294
gudu,0,0.266214546,0,0.066775902,0,0.035045714
CG5160,0.715694033,0.158077041,0.809481815,0.943945139,1.43784607,1.604503555
CG5171,1.212046198,1.256761209,1.261622271,1.303679131,0.204896494,0
CG5177,0.658139045,0.833207966,0.936477292,0,0.204896494,0.069260254
CG5181,6.156414846,6.441181963,6.36809387,5.035076944,5.434317652,5.362109287
CG15818,0,0.490874211,0,0,0,0
CG5958,0.658139045,0.659006168,0.215700384,0.033774261,0.085481031,0.035045714
CG5973,2.781737094,2.401783214,2.876406888,3.929385175,4.186951468,4.66073566
CG6055,1.580650349,1.611375695,1.126066663,0.033774261,0,0
CG6441,0.214831388,0.041172495,0.147321929,1.046771834,0.043373527,0.102682134
CG6739,0,0,0.215700384,0,0,0
CG18585,0,0.266214546,0.403305984,0,0,0
CG13794,0,0,0,0.75438697,0,0
CG13795,0,0,0.075540634,0,0,0.035045714
CG13796,2.128271498,1.624980653,2.755288299,2.56148483,3.164450105,2.817411421
CG7214,0,2.530246779,0.280984078,0,0,0
ATPsynGL,0,0,0,0.033774261,0,0
CG7203,0,0,0,0.033774261,0.24260175,0
CG7191,1.533416609,2.486201158,1.796086408,2.288246539,3.444762007,3.049357066
CG7164,0,0,0,0,0.085481031,0
CG7154,5.590211476,6.089698672,6.050057516,5.586929714,5.308857551,5.188153764
CG7149,3.672832317,3.476693289,4.038078599,5.061923978,4.607559896,5.100913982
Herp,6.991030379,6.866451885,6.882309482,6.999557815,7.18986397,6.948124751
r2d2,6.695817785,7.044366917,6.990557495,5.504267541,5.59598614,5.69355082
cdc14,4.983514698,4.989754791,4.806604244,4.621504016,4.835935149,4.986957916
CG14537,0.366277874,0,0,0,0,0
CG14535,8.575716197,7.863667528,7.727863932,7.46696318,7.350923282,7.765092269
TwdlE,0,0.430174687,0.075540634,0.130597294,0.166179293,0.135347252
spz3,0,0,0.280984078,0.066775902,0.043373527,0
CG7102,0.996767095,1.030117199,1.964515325,2.421790147,1.730998758,1.293233921
CG7231,7.467465524,7.522584831,7.725300834,6.630619121,6.613285848,6.620559587
pes,3.771122787,3.730605605,3.580892274,3.068714489,2.964606158,3.434444884
CG7227,0.254209339,0.266214546,0.569299184,0.066775902,0,1.293233921
Sirup,5.470973847,5.416723413,5.650774743,4.78288643,5.239454552,5.373278585
Wwox,6.535754721,6.370252827,6.361506651,4.86139729,5.38248237,5.0069545
Spn28Dc,0.045601845,0,0.516062327,0,0,0
CG12560,0.045601845,0.736253047,0.075540634,0.692297297,0.384278962,0.135347252
Tg,0,0,0.075540634,0.130597294,0,0
CG7367,0,0,0,0,0,0.478639091
baf,5.137546191,5.435181859,5.19111308,4.365454392,4.976831442,5.133618708
CCDC53,3.482851919,3.79520881,3.728609823,3.159475542,2.719247763,2.951860972
RpL36A,7.27359104,7.436959846,7.558423696,6.22967752,5.960120244,6.270110553
CG7466,6.687750853,6.394285427,6.167999331,5.755810191,6.352746715,6.067626185
mon2,3.705161811,3.218559776,3.835691071,3.580983291,3.730024001,4.334828875
CG8673,5.925895553,6.081087535,6.439528889,5.258627615,5.277414391,4.8583391
CG12375,5.826530757,5.980826473,5.812684416,6.571124902,6.595182705,6.570675849
CG8668,5.698558954,5.886550147,6.0904523,5.757706215,5.607772451,5.388602385
PAPLA1,5.569872931,5.680483991,5.663071353,5.783371855,5.78032718,5.383512515
CG8498,7.906636275,8.082532268,8.172358811,6.480653874,6.224949493,6.412258767
CG8475,5.603612941,5.45911496,5.566550174,6.072007567,6.087961825,5.85302893
CG8460,6.684601491,6.874305166,7.029070118,4.898533818,4.598500723,4.27011255
PGAP5,5.445683824,5.542128598,5.400221405,5.497475598,4.745266251,5.259345945
SLC5A11,2.854005383,3.042194573,2.532134963,2.730626341,2.18282089,1.249141988
CG8419,0.598192202,0.685217387,0,1.261540434,1.577173781,0
CG8372,7.056535525,7.070082172,7.231509052,6.336292875,6.173414154,6.129232371
CG8360,6.441884085,6.572487407,6.850404893,7.065588598,7.0453396,6.966111677
CG8353,2.250142238,2.72601307,2.833531017,2.194305663,2.312576572,1.377570087
CG8349,0,0.081202514,0,0,0,0
CG8292,0.174348395,0.231061681,0.215700384,0.221328946,0,0.069260254
Snx6,6.610675328,6.527469766,6.570959682,6.070482905,6.001945177,6.266889396
Pvr,1.959855016,2.508392052,2.505067387,3.486582156,3.594432103,3.215148961
CG8086,3.079014106,2.471215304,3.222210437,1.17338058,1.090356876,0.478639091
Scgalpha,8.075871627,8.294907143,8.352326774,6.384127591,6.442560327,6.244605569
CG7840,5.500952695,5.602686987,5.608482436,2.245647905,2.685422153,3.289594864
Ostgamma,7.46615604,7.753016927,7.802018106,6.038607,5.938744109,5.849341793
CG7818,5.846797767,6.169618971,6.208413521,3.540440658,3.844795359,4.157339854
CG7810,4.886606316,5.454359997,5.603705836,5.145396438,5.124245837,4.9734712
CG7806,3.74717081,4.221825511,4.288784276,4.632567494,4.919787225,4.776572289
CG7787,6.171277201,6.363674508,6.275022185,5.20033699,5.067599923,5.268578232
CG7781,8.57377205,8.863887833,8.820044228,8.982928009,8.925732829,9.111084383
CG14275,2.719791439,2.337129237,2.33104259,0,1.170790315,0
CG14274,3.798018231,3.724299319,2.284046452,2.471928424,1.62077859,1.604503555
CG14273,0.329880465,0.158077041,0,0,0,0
CG7778,0,0.231061681,0,0,0,0
CG7627,5.146730019,5.269659499,5.53845887,4.409536109,4.776126707,5.035357762
CG17292,0.401779573,0,0.764538089,1.261540434,0.983067192,0.857142206
Wdr82,5.148037235,5.30177918,5.291553848,4.597708587,4.453300275,4.715771948
CG13390,5.250171672,5.277218306,5.513209878,5.098290821,4.591212203,4.994767333
CG17294,7.033379716,7.303729297,7.338881167,7.253339486,7.444896145,7.337972882
CG13392,4.150829926,4.611719971,4.498879513,5.258627615,5.034395336,4.882593411
Rcd4,6.244598126,6.401220182,6.522010775,5.054744936,5.279683199,5.193980222
CG13384,4.840455968,5.251135811,5.11034853,5.428531018,5.801008317,5.811942673
CG13385,0,0.041172495,0,0.033774261,0,0
CG13386,0.132696544,0.081202514,0.215700384,0,0,0
CG13398,6.759634484,6.420364488,6.711529845,6.791965038,6.985442219,6.986677009
CG13088,2.279066639,2.565951338,2.958515421,3.039918684,1.940515547,1.672853741
Dh31,4.61890943,4.481295597,4.951494828,5.482266923,5.761781884,6.642385581
Bace,0,0,0.147321929,0.334057725,0,0.035045714
CG13096,5.989259003,5.594930741,5.448971679,4.153309103,4.028693481,3.843178231
CG13097,4.637642601,4.38062989,4.44292734,4.024845254,3.291304476,3.795433142
PIG-U,6.679186537,7.000027602,6.972144584,5.811025632,5.914128647,5.515003242
mRpL51,4.567080115,4.759353116,4.978805184,4.614546009,4.578368013,4.892182103
CG13090,6.141397787,6.32928686,6.19894355,5.913228178,5.213581502,5.443436889
CG13091,0.687203533,0.659006168,0.853067622,0.387282298,0.204896494,0.478639091
CG9287,0,0.041172495,0.215700384,0,0,0
CG9289,0.366277874,0.19503084,0.936477292,1.09556136,0,0.069260254
PrBP,6.661446243,6.884238818,6.952867759,7.611137519,7.656098179,7.51945626
CG9314,0.045601845,0.081202514,0.280984078,0.033774261,0,0
LManIII,0,0,0,0.250347622,0,0
LManIV,0,0,0,0.066775902,0,0
LManV,0,0,0,0.033774261,0,0
LManVI,0,0.041172495,0,0,0,0
Tsp29Fa,0,0,0,0.033774261,0,0
Tsp29Fb,2.740736918,2.799842368,2.168041848,4.510441358,3.094002977,3.952621587
CG9510,1.796079106,1.291300791,1.964515325,2.15648072,2.797333108,1.58098111
CG9515,4.819278757,5.390079954,5.205897028,3.890742359,4.229823602,4.896952655
C1GalTA,6.631385535,6.605888205,6.72405522,5.727066705,5.749557409,5.63835589
CG31886,2.617812027,3.284339015,2.822609948,2.245647905,2.719247763,2.086031671
CG9525,0,0,0,0.066775902,0.126394328,0
CG18088,0,0,0,0.066775902,0,0
CG9541,2.719791439,2.858605868,2.672557627,3.322065203,2.381798538,0.623833477
CG13101,0.366277874,0.158077041,0.147321929,0,0.384278962,0.623833477
CG9555,0.535646052,0.120151752,0.075540634,0.033774261,0.35014255,0
CG9568,0,0.041172495,0,0.130597294,0,0
CG9582,0,0,0,0.099039483,0,0.135347252
CG12439,0,0,0,0.53610018,0,0
Toll-4,0,0.120151752,0,0,0.085481031,0
Or30a,0,0.158077041,0,0.627414808,0,0.623833477
CG13108,5.128303526,5.318621693,5.186861119,4.63118919,4.621937281,4.762264471
CG9586,4.617022664,5.004142065,4.729771725,3.800428278,4.039444575,3.554038551
aust,0,0.231061681,0.403305984,0,0,0
borr,0.628476965,1.203350074,0.569299184,1.384434689,0.937812835,0.345376129
CG17005,0.401779573,1.166611482,0.343441058,0,1.246975234,0.426801509
CG3748,0.089806327,0.120151752,0,0,0,0.478639091
CG4438,0.089806327,0,0,0,0.24260175,0
Mco1,0.089806327,0.231061681,0,0.099039483,0,0.45295311
FucTB,3.37534349,3.653047458,3.940430904,3.262775345,3.399579709,3.249125776
CG33298,3.632308589,3.200500041,3.459246325,4.233612554,3.144670905,4.310005205
CG31883,0.174348395,0.041172495,0.280984078,0.033774261,0.842809102,0.669156436
Oatp30B,5.189254767,5.157115359,4.983715633,4.523872734,4.632627067,4.955290523
CG17855,0,0.158077041,0.147321929,0.488179846,0.043373527,0.102682134
Cpr30B,0.132696544,0,0.460785459,0.387282298,0.085481031,0
CG13113,0,0.736253047,0.147321929,0,0,0
CG13114,0.254209339,0.266214546,1.053192621,0.979041354,0.043373527,0
jp,2.662402971,1.729434478,1.903635333,5.922835941,5.80416388,5.941694626
CG3838,4.463789624,4.312899033,4.453585002,5.122035878,5.390902191,5.548740049
CG3841,0,0,0,0,0,0.229126454
CG4382,0,0,0.853067622,0,0,0
GlcAT-S,7.20616511,7.080611613,6.976461997,7.464836941,7.554358557,7.617913062
Apoltp,3.15899495,3.854157537,4.075359298,2.141068628,2.321413144,0.755742239
CG4364,6.660530578,6.286053532,6.227168994,6.980471132,6.846192011,7.023680648
CG13116,0.503325831,0.80957322,0.403305984,1.61388234,1.547354071,0.857142206
CG13117,0.996767095,1.239176293,1.161168219,0.387282298,0.35014255,0.914728587
CG4017,1.467932039,1.221374389,1.750716776,0,0.043373527,0.317180035
CG17633,0,0.785544823,0,0,0,0
IP3K1,1.611301687,0.945900736,1.579646626,1.188453103,0.891092845,1.091603205
CG4036,5.0239476,5.08018818,4.983715633,3.872193034,4.177248803,4.230975762
CG13123,2.964970524,3.062334242,2.968458044,2.447077083,2.133498108,2.094362876
nAChRalpha6,7.247302575,7.377920955,7.194924988,7.942882276,7.990339648,7.933591118
CG4537,2.230532028,2.0749916,2.315546691,2.171729907,2.455898547,1.830776958
mtDNA-helicase,2.788458589,2.044943264,3.026716412,4.265944505,2.91292501,3.237888846
CG13124,2.483429492,2.713332332,2.003720007,3.362496673,3.619726415,3.431159819
Etl1,6.691789957,6.447895435,6.694408783,5.839353469,6.414444346,6.309108753
CG4598,4.343429554,4.374602266,4.874272243,2.402529768,3.124616761,2.914708147
CG4594,0.132696544,0,0.147321929,0,0.126394328,1.218980474
CG4592,0.875744677,0.460843657,0.075540634,0,0,0.528678517
TbCMF46,0,0,0,0.066775902,0.81804741,1.457247279
CG4619,5.864400225,5.987424549,6.208413521,6.837496766,6.434946513,6.821801454
CG5853,0,0,0.460785459,0,0.74110543,1.321897267
CG13126,4.541445179,4.90447091,4.836769886,5.279013543,4.93857513,5.108131761
CG4709,4.643215445,4.368549352,4.709165761,4.290600003,4.314140502,4.560565533
CG4658,5.778384977,5.503982488,5.584439703,6.512069741,6.201806676,6.137822369
CG5846,4.008398786,3.749360734,4.450041189,4.053940469,4.117621186,4.28292572
CG5850,4.329670702,4.584125653,4.51253495,4.06214674,4.431019285,4.568062655
CG13131,0,0,0,1.247216179,0.043373527,0.102682134
CG13127,0.089806327,0,0.516062327,0,0,0
Spn31A,0,0.158077041,1.499628432,0.033774261,0.085481031,0
CG13133,0.401779573,0,0,0.794343545,0,0.035045714
CG13135,0.174348395,0.041172495,0.403305984,0.130597294,0.126394328,0.288421873
CG4839,2.085247541,2.303682208,2.079071103,1.905989513,3.19361957,1.544962321
CG13137,0.925378394,0.879346663,1.499628432,1.232748274,2.455898547,1.982113624
Ripalpha,4.50109531,4.846131591,4.685249968,4.720741855,5.129286862,5.455613877
CG5734,6.950400251,6.456956893,6.535450023,8.768205695,8.807081332,8.726362348
CG5731,0.254209339,0.460843657,0.620641262,0.979041354,0.085481031,0
CG5727,5.184166516,5.358869933,5.374279706,4.946976743,4.796867714,4.569557415
CG4901,4.743475319,5.197512081,5.660007012,6.399996219,5.582265812,5.931268258
CG4908,4.268484464,3.773994225,4.256687635,6.152515108,6.322805903,6.12872548
CG5708,6.040836916,6.358593772,6.223022132,6.061300939,6.142583062,5.981540108
CG5694,5.44249117,5.715878614,5.531768895,4.514932392,4.496855767,4.400130594
eEF1delta,6.413902513,6.868597932,6.775930331,6.212729865,6.348430116,6.259036512
CG5676,7.192926794,7.493213842,7.455698992,7.770180825,7.559736288,7.623680484
REPTOR-BP,4.465887664,4.911426737,4.598277377,5.555303288,5.340716977,5.374134191
CG4953,4.797786051,4.948419446,4.956498955,4.775419162,4.54669047,4.311792559
CG4957,4.434092118,4.344080501,4.54279515,6.223288285,6.198812618,6.021407293
CG5604,6.842710809,7.144882237,7.242305784,7.309352465,7.155685153,7.159654917
Hand,0.174348395,0.081202514,0.147321929,0.033774261,0,0.035045714
CYLD,4.241795856,4.608299408,4.951494828,4.654443133,5.33854222,5.483633412
CG13138,0.43642859,0.520292387,1.355534777,0.221328946,0,0
CG5390,3.017408402,1.437245771,2.505067387,0.90797381,1.74420253,0.734578078
CG4968,6.917051638,7.187911528,7.173595598,6.819758677,6.702235682,6.833046532
Usp14,6.774522498,6.829472019,6.972144584,5.814065807,6.278682745,6.144858281
CG4972,7.214611754,7.583951847,7.397092484,6.447755892,6.233167443,6.593631096
CG5381,0,0.36680871,0.280984078,0,1.319338022,0
CG4995,1.549333635,0.988623391,0.809481815,0.387282298,0,0
CG5375,6.650880836,6.876794998,7.030257227,6.853247135,6.942771103,6.825872295
CG5037,6.280205055,6.328247657,6.145169727,7.664159033,7.914075004,7.793192358
GATAd,5.328357449,5.433249949,5.454288073,5.927335196,6.107251503,5.818243575
Sps2,3.715779295,3.375694412,3.722747647,3.666896939,4.45530886,3.482843807
CG5022,7.182120371,7.428499036,7.361222429,6.270974351,6.092485874,5.881590042
CG5367,0,0,0,0,0,0.035045714
CG5045,7.331692347,7.39116815,7.584921321,6.598536349,6.251199441,6.621640752
lft,0.771040734,0.833207966,0.569299184,0,0.043373527,0.135347252
CG5056,5.159749183,5.153599569,5.275625562,5.075162442,5.190856992,5.38096083
dpr19,8.793188687,8.820018998,8.790749403,8.727508214,8.926094957,8.792579039
gny,4.05652711,4.420183038,4.061491685,3.458879655,2.593573794,3.116341119
CG5096,0.254209339,0.120151752,0.853067622,0,0,1.124517283
mRpS7,5.977542448,6.36164436,6.151729417,6.615015585,6.575003313,6.698112929
CG5355,8.53607699,8.689131242,8.857142246,6.764882881,7.222072552,7.103236802
Klp31E,2.040900983,2.25201121,2.938422218,2.796050433,2.578909496,1.683937117
RfC3,3.482851919,3.662973327,3.999808915,2.578747814,2.964606158,2.919404911
CG5168,7.720819285,7.800063164,7.978738041,6.673432025,6.612386065,6.862916627
CG5188,4.965833296,4.995003143,4.850275769,4.834102324,4.696852743,4.556048488
Bug22,6.184714745,6.39527815,6.558671609,5.431701398,5.133056104,5.41877017
TBC1D16,6.783802646,6.888475248,7.06252572,7.826967732,7.966420077,7.851646691
holn1,5.102913648,5.45054471,5.273622104,4.003697741,4.150225023,3.511122493
Nse4,4.699575089,5.018387278,4.703223878,4.832903791,4.932820252,4.410176463
loh,0.771040734,0.901874222,0.976440789,2.555684292,1.501435987,2.713075308
LManI,0,0.158077041,0,0.306690511,0,0
RluA-2,4.127163112,4.314998896,4.56262166,4.253456924,4.220405955,3.999951831
CG7456,5.352371676,5.182639307,5.400221405,4.760367667,4.968417277,4.905263352
CG6144,7.234745708,7.376162197,7.51964487,8.607706147,8.581191004,8.567499689
CG13144,0.598192202,0.736253047,0.976440789,1.261540434,1.577173781,1.336018175
CG6094,5.96795218,6.023184245,6.211556415,6.179168825,6.106612652,6.126696136
CG7384,1.782675972,0.659006168,0.718149104,0.413175903,1.336875487,1.249141988
Lip4,3.028806884,2.369818376,2.997881279,0.334057725,0.166179293,0
CG18301,0,0,0,0.033774261,0,0
CG6138,0.089806327,0,0.075540634,0,0.279346616,0
w-cup,0.503325831,0.659006168,0.280984078,0,0,0
CG7329,0.567258051,0.120151752,0,0,0,1.336018175
CG17098,0.045601845,0,0,0,0,0.135347252
CG17105,0,0,0.075540634,0,0,0
CG7299,0,0,0,0,0,0.069260254
CG7294,0,0,0.075540634,0,0,0
CG17108,0,0,0,1.079480821,0.914641953,1.124517283
CG6415,0,0.041172495,0,0.871082608,0.24260175,0
CG6431,0.292540976,0.398839565,0.718149104,1.959688121,1.048393528,2.594740597
CG6443,6.468287117,6.818412714,6.886903841,6.947626562,6.916767855,7.064272133
CG17118,0.214831388,0.924055416,1.228908645,0.871082608,0,0.623833477
EMC3,7.873631673,8.070153249,8.075922903,6.500038496,6.601998031,6.321138082
Dpy-30L1,5.409079973,5.673135961,5.576335588,5.064989808,4.863422732,5.309407632
Vha16-5,0,0,0.460785459,0,0.543803643,0
CG12299,6.971965937,5.99464775,6.160429532,6.495500785,6.57176677,6.945536785
CG6729,4.574877017,4.663727148,4.778622612,4.838886523,5.429217134,4.626677064
CG17124,9.534882102,9.621677658,9.555869807,7.604656019,7.435006408,7.656930463
CG6724,5.631917907,5.507659217,5.525047752,5.006658237,4.194185882,4.443166299
CG17127,0.089806327,0,0,0,0,0
CG6508,0.535646052,0.632309912,0.075540634,0.033774261,0,0
CG17134,0.628476965,1.185097719,0.343441058,0,0,0
CG6700,5.337552921,5.135890942,5.422091812,6.133170672,6.108528357,6.226243043
CG12517,0,0,0.075540634,0,0,0
CG14071,0,0,0.280984078,0.066775902,0,0.553062079
CG7309,0,0.081202514,0,0.75438697,0.043373527,0.102682134
CG14072,0.132696544,0.120151752,0.280984078,0.033774261,0.204896494,0.035045714
YL-1,5.045150794,5.501218779,5.357353152,4.714247417,5.075456584,5.027765573
CG16743,0,0,0,3.193492447,3.183961797,3.954910969
Art8,1.873983732,2.286663342,2.150681236,2.019910315,1.940515547,1.889404113
Samuel,0.503325831,0.430174687,0,0.582479838,0,0.035045714
CG14913,0,0,0.215700384,0,0.043373527,0.035045714
AstC,0.996767095,1.512369747,2.115320432,3.906779653,5.55067468,3.613213931
AstCC,1.611301687,1.308265359,2.251843045,1.86904688,1.893884428,2.229093578
CG16854,7.741966392,7.781390396,7.824430813,7.508655219,6.781222349,6.275157885
CG4705,5.259877517,4.776217204,5.176176065,4.00156584,3.531091033,3.920182827
Ge-1,5.64030223,5.825994767,5.815441328,5.494446662,5.119187137,5.178390404
Reps,4.499047886,3.910791867,3.920082447,4.703795121,4.506574003,4.843588344
CG6201,6.013845164,6.279078904,6.319398016,4.818443193,5.088456682,5.459650139
CG14921,0.658139045,0.266214546,0.620641262,0.53610018,0,0
Csl4,5.145421618,5.663280004,5.33639176,4.955812633,4.831302533,4.406835606
CG4751,5.621603786,5.16178979,5.158913647,4.38029846,4.834392596,4.664937002
CG6287,1.434040296,1.826833554,2.251843045,1.896842161,1.388243933,1.592790272
CG4788,5.429649431,6.016748064,5.691862488,4.168591673,4.800032337,4.067099475
Ppt2,5.565966202,5.744205575,5.712715293,5.44117095,5.673952016,5.469291345
Osi21,0.824342362,0,0,0.033774261,0,0
CG14926,0,0,0,0,0.126394328,0
CG6488,5.482418588,5.432283022,5.237075801,5.198476909,5.235953612,4.915878666
spz4,0.535646052,0,0.147321929,0.066775902,0.043373527,0
Dlg5,3.551634171,1.895796724,3.263174958,4.078420561,3.890046877,3.215148961
CG4970,0,0,0,0.033774261,0.166179293,0
spag4,1.191907582,0.761109441,1.355534777,0.649368125,0.543803643,0.45295311
CG6614,0,0.19503084,0.895375166,0.033774261,0,0.069260254
CG4983,0.045601845,0,0,0,0,0
Vha100-5,0.598192202,0,0,1.410378996,0.937812835,0.069260254
CG14931,0.598192202,0.266214546,0,0,0,0
CG14932,0,0.334050524,0,0,0,0
Tsp33B,0.045601845,0,0.075540634,0,0,0
CG14937,0.771040734,1.611375695,0.764538089,1.247216179,1.676941004,2.119071659
CycY,8.662770846,8.381489333,8.09816866,7.503956322,7.736548578,7.798938458
Mal-B1,0.329880465,0,0,0.033774261,0.126394328,0
Mal-B2,0,0,0,0,0.513278718,1.278685825
CG16964,0,0.120151752,0,0,0,0
CG16965,0,0,0.343441058,0,0,0.035045714
CG6686,6.240314658,5.712696565,5.511510796,5.965569672,6.113624504,5.85118654
dgt2,0.900774972,1.390218998,1.090089724,2.421790147,1.79584138,1.482857594
escl,4.287588878,4.43570558,4.288784276,3.711925407,3.531091033,2.847295551
CG12264,6.415531671,6.539642416,6.339648695,8.348437416,8.155875891,8.173646411
CG6746,6.40408874,6.42474656,6.77946444,5.937407509,5.751193336,6.037698869
CG6734,8.226085478,7.904854617,7.80756747,8.121235379,8.505305938,8.326451943
Tom70,6.11957482,6.121840173,6.131960184,6.096185541,6.169749024,6.157834632
CG6766,8.132936251,8.118593752,8.286292488,7.875504967,7.630994807,7.858694205
CG6785,1.670717286,1.624980653,2.115320432,0.794343545,1.319338022,0.198539073
CG6770,7.545672768,7.851603048,7.743147622,8.069891246,8.092277135,8.094740383
Plzf,3.973432496,3.347249399,3.999808915,3.865175085,4.065976932,3.797985826
CG14945,3.224896917,2.706949919,2.55870404,4.137862909,4.353443631,4.506965614
RpL7-like,0.329880465,0.430174687,0.147321929,0.413175903,0.417626289,0.102682134
CG14946,2.170049465,0.632309912,1.924215439,7.627992604,7.412438853,7.414408894
CG14947,0,0.158077041,1.161168219,2.336405564,2.390222339,1.727438281
Pex19,6.871880248,6.765267276,6.795610754,8.0003297,7.928606038,8.064713659
CG6712,4.850126197,4.707544799,5.112591866,4.022744398,4.351287989,4.037161117
Ced-12,7.736328434,7.782149555,7.691184235,6.56572386,6.557345583,6.68748256
CG17211,1.611301687,3.032018319,0.343441058,0.559476377,0,0.135347252
Gr33a,0,0,0.075540634,0.033774261,0,0
CG17217,0,0.120151752,0.075540634,0.033774261,0,0.198539073
CG6583,3.988104911,4.261563014,4.312396664,3.737770762,3.982085846,3.740756192
crok,3.850350105,3.899641464,3.999808915,2.363220015,2.192486278,2.420160063
atilla,0,0,0.460785459,0.713292167,0.24260175,0.288421873
CG17010,0.045601845,0,0,0.387282298,0,0
CG6405,2.371496125,1.638458511,2.463489333,3.039918684,2.22109989,3.252852054
CG5446,8.124826217,8.446863124,8.517825854,5.66308937,5.551613773,5.524282706
CG6388,4.706689516,4.697921906,4.682232424,5.066010305,4.402154716,4.735881051
CG5435,0,0,0.075540634,0.066775902,0.867152957,0.035045714
Oatp33Ea,1.171483865,0.901874222,0.853067622,1.68999278,1.069527769,0.503875743
CG5421,0.045601845,0,0.280984078,0.066775902,0.24260175,0
Oatp33Eb,1.399333176,0.334050524,0.075540634,1.545288185,1.388243933,0
CG5418,0.089806327,0.300531207,0.460785459,0.46360926,0,1.005874807
CR17024,0.567258051,0.120151752,0.147321929,0,0,0
CG5525,9.032369775,8.976786904,9.007411669,6.516555716,6.679218665,6.696061542
CG6153,5.361415828,5.503982488,5.389160603,4.611753383,4.535341995,4.848522039
CG5780,2.326021468,3.106646141,2.938422218,2.356562981,2.53400048,2.373001949
PICK1,5.567920889,5.624015859,5.889262689,5.939079412,6.304538543,6.443979686
CG5781,0.174348395,0.632309912,0.280984078,0.813914366,0.767211364,0.426801509
CG17036,0.366277874,0.158077041,0.075540634,0.559476377,1.951941571,0.600626626
CG5776,2.698537383,2.034786448,2.897376261,2.028311887,2.406923805,3.207488644
spict,6.342620153,6.252482619,6.346336243,5.482266923,5.304407411,5.356059039
CG15484,0.214831388,0.334050524,0.403305984,0.46360926,0.659827649,1.005874807
CG6180,7.713332915,7.952505778,7.933773148,7.445362392,7.463975823,7.160399064
CG5787,6.289119268,5.651695636,5.586055078,5.357793227,5.489264521,5.276837076
Pih1D1,5.959787246,5.908966371,5.756410069,5.422966032,5.35584917,5.40878417
MRP,5.141489278,5.306008277,5.345957437,5.590480148,5.38248237,5.690806316
CG16800,0.366277874,0.460843657,0.516062327,0.221328946,0,0
Vha68-3,0.174348395,0.158077041,0.403305984,0.871082608,0.842809102,1.04077981
CG12404,6.599252276,6.819152644,6.93206023,6.385354471,6.382078766,6.638830101
CG9934,5.748534568,5.45054471,5.340225645,4.754049567,4.160110519,5.066392296
CG5142,0.214831388,0,0.853067622,0.066775902,0,0
CG5122,0,0.041172495,0,0.2787941,0,0
CG9928,0,0,0.075540634,0,0.543803643,0.478639091
CG5204,0.254209339,0.945900736,1.293610521,1.09556136,0.792853288,0.876594188
DnaJ-H,6.30795414,6.376298612,6.137478866,7.971211183,8.096948524,7.888043291
Sfmbt,2.898178234,3.786155017,2.766729001,1.994407988,3.277747957,3.421259504
CG5439,5.00675778,5.412807148,5.1170681,5.830372958,5.649598699,5.697657812
CG5287,5.553195771,5.735608974,5.826416591,6.083643419,5.756904517,5.565317147
CG5458,0.132696544,0.300531207,0.403305984,0.438612949,0.24260175,0.755742239
CG16974,8.51203915,8.60399728,8.763705047,8.804809519,8.564888884,8.972693158
Edem2,5.237946813,4.90447091,5.04842104,5.324068455,5.001783441,5.508783607
CG16972,6.401350803,5.160622601,5.521675403,6.479888359,6.724891241,6.600958773
Pect,7.344292035,7.445610934,7.628291743,7.628338068,7.786065287,7.885945188
CG15482,0.174348395,0.430174687,0.280984078,0,0.043373527,0.317180035
kek4,4.82419347,5.188377764,5.145829918,6.709470547,6.640463059,6.966395384
CG9426,6.821976465,6.606316935,6.370907783,5.585507091,6.227889852,6.061265244
CG5705,3.958609326,3.951854743,3.548117629,4.343739671,4.225122463,4.584420454
Ski6,3.297375554,3.172979344,2.660341949,1.591378059,1.820983826,1.898947794
CG16812,5.774158261,5.326969785,5.385454744,5.138621927,5.254527878,5.528900151
CG16813,0,0,0,0,0.043373527,0
Prosalpha6T,0,0,0,0,0,0.035045714
Mabi,0,0,0,0.360915446,0.417626289,0
CG16820,0,0,0,0.033774261,0,0.503875743
Uvrag,4.449017284,3.755558651,3.851895069,4.084476226,3.775748399,4.560565533
CG16825,0.850272436,0.36680871,1.750716776,1.303679131,2.303685542,1.336018175
CG16826,0,0,0,3.625964179,4.327360873,5.195917157
CG9395,6.292669588,6.224828495,6.157173134,5.576225686,6.029169669,6.058606553
CG9377,0.366277874,0.577388071,0.516062327,4.682660569,5.268303307,5.381811893
CG6523,7.441846939,7.767081694,7.81997604,6.013435921,5.762593178,5.815096564
ND-B22,8.086478293,8.298493281,8.297428072,8.836326972,8.757987872,8.772682446
CG9305,5.389318815,5.35785183,5.080863212,4.685319382,5.121718705,4.958716898
CG6565,6.984825448,7.170911475,7.167674307,7.237348711,7.372075724,7.196883599
CG9302,4.304100201,4.265911479,4.354707172,2.786176286,2.636693019,2.588856075
loqs,6.233557693,6.049906973,6.048886595,6.203949029,6.344642469,6.390435376
CG9293,5.419942551,5.364963508,5.516602051,5.298247223,4.875473321,5.294118682
CG7099,3.991021572,4.348187571,4.173175662,2.963120107,3.391210526,2.852216606
RpL24,9.159174667,9.313042061,9.440955776,8.158190071,8.179913034,8.093701881
CG16957,0.43642859,0.231061681,0.280984078,0.033774261,0,0
CG10859,0,0.300531207,0,0.161479554,0.043373527,0
CG7110,2.424238697,2.463663595,1.840072658,2.672851532,1.283610278,1.810692915
CG16848,0,0,0,0.033774261,0,0
CG16956,0.045601845,0,0,0.19171458,0,0
CG9267,8.644363208,8.953639837,8.980028309,6.766139251,6.658446185,6.679198463
Hsp60D,0.470264926,0,0.403305984,2.133300397,0.960617448,1.249141988
CG9263,0.174348395,0.041172495,0,0,0.043373527,0.102682134
Ance-3,0.254209339,0.041172495,0.343441058,0.066775902,0.085481031,0.229126454
CG16885,0,0.041172495,0,0.066775902,0,0.035045714
CG4650,0,0.19503084,0,0,0,0
CG18636,0.401779573,0.967420201,0.280984078,0.360915446,0.043373527,0
CG15278,0,0.041172495,0,0,0,0
CG13258,0.214831388,0,0.718149104,0,0.204896494,0
CG4580,0.045601845,0.549122661,0,0,0,0
Tpr2,8.132275913,8.032525351,7.945146437,6.736962264,7.146701706,6.986397264
CG5953,1.363770477,1.624980653,1.414910112,1.410378996,0.687432158,1.482857594
CG5968,0.535646052,0.833207966,1.090089724,0.559476377,0.24260175,1.023432869
CG4631,0.366277874,1.704021429,0.764538089,0.438612949,1.388243933,0.951880893
Trpgamma,5.71805346,5.53763993,5.440067254,0,0,0.035045714
Prosbeta4,7.215235468,7.576312797,7.69941625,5.498231839,5.724793254,5.906642969
CG17904,5.457330142,5.86378012,5.866845862,5.515516871,5.37082429,5.428687524
ChLD3,3.234773714,2.170859845,3.409023783,2.958731248,2.092788633,2.345345798
BuGZ,7.766642607,7.613256906,7.503494826,7.649426672,7.464973061,7.667264035
yellow-b,0.214831388,0.19503084,0.147321929,0.19171458,0.24260175,0
ppk17,0.174348395,0.041172495,1.090089724,0,0,0
CG17928,0.715694033,0,0,0,0,0.135347252
CG13282,0.254209339,0.231061681,0.215700384,0.221328946,0,0.288421873
CG13283,0,0.041172495,0,0,0,1.057920648
CG13284,6.185988007,6.168458102,6.114157186,5.319796882,5.057057372,5.302233011
CG12288,4.019868392,4.281028714,4.569170407,2.932113957,2.39859724,2.433355449
CG6304,0,0.158077041,0,0.033774261,0,0
CG12620,0,0.081202514,0,0,0,0
beat-IIIc,6.028114277,5.618075491,5.582822518,6.093185361,6.08666663,5.970267534
CG6380,0,0.334050524,0,0,0.043373527,0
Lrch,4.687039792,4.283175446,4.670098736,4.24447058,3.844795359,4.313577701
Rpb11,6.867919126,7.112652188,7.219590607,6.023452049,5.665301519,5.803710144
CG15141,7.247302575,7.367589023,7.239229239,6.818850888,6.835821886,6.475815491
CG5050,0.132696544,0.460843657,0.147321929,1.668653552,1.635025489,1.716685341
SPH93,0,0,0,0,0.279346616,0
CG18563,0.401779573,0,0.718149104,0,0.279346616,0.400167095
Sgt,7.586017581,7.630853441,7.720160937,6.823685846,7.084473606,7.113520383
CG5110,4.987901396,4.934828794,5.249361055,4.716848701,4.849744404,4.596201612
GCS2beta,7.787552701,7.492982011,7.392484118,5.612998331,6.156847242,5.707195569
CG5131,5.720691508,5.931723997,5.890570541,4.870771425,5.249906682,5.091580602
CG6412,6.900471588,6.970691748,6.856440995,7.577361705,7.618725523,7.362539541
CG15143,0.43642859,0.266214546,0.403305984,0.979041354,2.67856081,0.198539073
CG15144,0,0,0,0.794343545,0.043373527,0.035045714
CG15145,1.108418423,0,0,1.61388234,3.183961797,2.198505493
CG7094,0.089806327,0,0.075540634,0.19171458,0.417626289,0
Oli,8.003877155,7.965430468,8.272564561,7.570366778,7.464474528,7.570364539
CG6870,0,0.081202514,0,0,0.126394328,0
CG15147,0,0.081202514,0,0,0,0
CG5674,6.976019863,6.794156027,6.783693975,7.83806173,7.561602114,7.640134537
CG5681,0.366277874,0.549122661,0,0,0.867152957,0
elfless,0,0.36680871,0,0,0,0
CG15153,0,0.856461751,0,0,0.126394328,0.198539073
CG5755,0,0,0,0,0,0.198539073
CG15152,0.292540976,0,0,0.099039483,0.35014255,0.102682134
CG5758,8.594775266,8.460087974,8.38401189,7.560806161,7.75521517,7.819813827
CG17681,0,0.120151752,0.280984078,0,0,0
CG15155,0.254209339,0,0,0,0,0
CG5783,0.743632778,0.856461751,0.853067622,0.161479554,0.126394328,1.023432869
CG7200,4.449017284,4.726600143,5.083152831,3.836756839,3.709975323,4.413509601
CG5790,0,0,0.075540634,0,0.085481031,0
bsf,6.423110178,6.231513989,6.207364367,7.452013276,7.071109985,7.356274616
Ntf-2r,0.366277874,0,0,0,0,0
CG10283,5.493773253,5.225689676,5.103597516,5.024616657,5.242947016,5.057897511
grnd,0,0.081202514,0.215700384,0.066775902,0,0
kon,2.288580658,2.448440547,1.126066663,0.53610018,1.209385607,0.198539073
CG10178,1.416791103,1.050424986,1.053192621,0.774503582,0.043373527,0
CG10211,0,0.19503084,0,0.130597294,0,0
CG15160,3.278401152,3.616056928,3.75756864,2.877359226,2.953280391,3.07904598
CG10413,6.091993355,6.014811597,5.880074376,4.702483243,5.114110637,4.898142833
CG10333,5.813408841,5.694262314,5.632131051,4.750245383,5.337453611,4.683002747
Atac2,4.436233762,4.358404384,4.8258734,3.732638599,3.480704987,3.751331862
CG15161,0.045601845,0,0,0,0,0
Cyp310a1,0.503325831,0.300531207,0.215700384,0,0.35014255,0.035045714
MESR3,3.90703995,3.941018413,4.10270092,3.612057712,4.071225348,3.005855618
CG10336,2.441399601,3.149637476,2.315546691,4.088499261,3.54624694,1.999961465
CG10383,5.745083431,5.62486249,5.790437385,5.08123177,5.711409813,5.456422033
CG10338,6.714025802,6.853869251,6.753104689,6.272301285,6.325553617,6.33877695
CG10341,5.5273107,5.657499448,5.528412238,5.283407405,5.053083968,4.908810476
CG10376,4.280454337,4.751621966,4.320182354,5.019357934,5.493180197,5.024499506
CG10343,3.736782681,2.953318552,3.326390953,3.492666691,3.139683443,2.938040541
Jwa,7.671221433,8.020351371,7.994332904,7.644311463,7.768402111,7.567188099
Grip71,4.624554966,4.668662015,4.384717307,4.132027683,4.020577254,3.805616888
Irk3,1.517322013,0.924055416,0.718149104,0.2787941,1.336875487,0.857142206
CG10348,0,0,0.403305984,0.066775902,0,0.069260254
CG17323,0.292540976,0.041172495,1.355534777,0.833223249,0.315178801,0.135347252
CG17597,1.501045839,1.341607518,1.679869498,2.171729907,1.069527769,2.439908158
CG10600,6.716230653,6.238721816,6.452869956,6.647078957,6.73443383,6.476612413
CG17321,6.31786104,6.459332058,6.328111708,7.423632319,7.57920814,7.608127948
mRpL13,4.73306045,4.898882001,5.089999968,4.492336102,4.750183056,4.819920087
CG10602,6.58291321,6.951922725,7.042663251,6.165903519,5.95160776,6.226716808
ssp3,4.539454264,4.947066128,5.103597516,4.903109384,4.826654994,4.626677064
CG10428,6.022423556,6.259041471,6.194714638,3.112834863,3.527277047,4.738541211
Nedd8,6.719311794,6.872167598,6.909658703,5.431701398,5.315507129,5.632646953
CG10621,0.658139045,1.185097719,1.499628432,0.605122262,1.43784607,1.321897267
CG10623,3.705161811,3.669552836,3.791568961,3.956052396,3.472794688,2.905268495
Tango6,4.697790987,4.686613469,4.983715633,3.525680528,3.538688888,3.278669942
CG10639,6.106858694,5.91935527,6.053564589,6.683108493,6.739799677,6.389166206
CG10431,2.096124414,1.437245771,1.553463943,1.397465162,1.783103912,1.683937117
Swip-1,6.895032052,6.649391423,6.573404786,5.404528454,5.45152576,5.221814403
CG15168,5.394835231,5.428408824,5.734728097,4.47553762,4.688338878,4.650884686
CG15170,1.108418423,1.256761209,0.147321929,0.306690511,1.547354071,0
CG15169,0.535646052,1.185097719,0.809481815,0,0,1.263989531
CG15172,0,0,0.075540634,0,0,0.035045714
Sidpn,6.996120359,6.396765954,6.571775177,5.306905752,6.108528357,6.222447309
Ttc19,4.08410559,4.510907744,4.56262166,4.834102324,5.155467069,5.218959781
CG10470,7.103109718,7.293915084,7.432092287,6.391066155,6.193407605,6.318917983
CG10492,6.189166256,5.760476371,5.955746158,6.949286671,6.944202077,6.876566641
Phlpp,0.132696544,0.605110328,0.215700384,0,0,0
CG10495,4.375032266,4.331688668,4.36979027,4.438192979,4.285073869,3.144696241
CG10702,1.822517503,2.09468167,0.895375166,1.063219023,1.577173781,0.646672929
CG17572,0,0.081202514,0,0,0,0
CG10700,0.045601845,0,0.280984078,0,0,0
CG17568,4.999534461,5.451499478,5.33447099,4.78660562,5.122982824,4.327779875
CG17564,0.567258051,0.659006168,0.516062327,0,0.602981688,0.528678517
CG10750,0.771040734,0.041172495,0.976440789,0.387282298,0.450220187,0.45295311
CG13086,0,0.158077041,0.075540634,0.438612949,0,0
CG17349,0,0.577388071,0.215700384,0,0,0
CG17350,0,0.19503084,0,0,0,0
fon,2.040900983,1.624980653,2.391413548,0,0.24260175,0
CG17549,1.861288273,1.597641216,1.840072658,1.397465162,1.974525672,0.317180035
CG17544,5.155855755,4.52911136,4.460646621,7.319657139,7.302095198,7.470491108
CG16771,2.499904491,2.565951338,2.997881279,4.206104492,3.686227537,3.384365765
CG13085,0.214831388,1.778955809,0.895375166,0.066775902,1.421500783,0
RtcB,7.297054169,7.089838903,7.010543913,6.891455115,6.968313953,6.795855666
Rab9,2.8084372,3.140193948,3.295129178,5.418977859,5.54313985,5.289590923
CG10237,0.973361179,0.785544823,2.079071103,1.142754737,0.043373527,1.172521885
CG10026,0.401779573,0.430174687,1.861572885,0,0,0
CG10195,1.886568446,2.440768359,3.188580174,3.405055419,3.699845528,3.678394033
CG13084,0,0,0,0,1.02694508,0
CG13083,0.174348395,0.081202514,0.280984078,0,0,0.528678517
CG10194,5.234259064,5.266407848,5.622718071,4.808721637,4.915416587,4.779158534
CG18094,2.230532028,1.555635393,1.882757398,1.859661497,0.417626289,1.769666069
CG10189,3.148583574,2.024557619,2.918045209,2.756141763,1.940515547,3.005855618
CG10188,2.138829956,1.678152691,2.463489333,4.556187989,4.627292075,3.901313567
Hasp,7.873631673,7.67505252,7.576413652,10.66433751,10.70008095,10.7475226
CG10132,6.487002483,5.745763105,5.864185542,6.550492478,6.862176599,6.936297348
CG10166,4.87085861,5.187231897,5.203794289,4.64491333,4.076454739,4.229085359
CG10137,8.011976502,7.525987927,7.554716134,7.860585271,8.124032417,7.970408372
CG10165,0.797937693,0.632309912,0.809481815,0.46360926,0.417626289,0.288421873
CG13082,2.83465213,3.067325535,3.521351046,0.066775902,0,0.035045714
CG13081,1.345654897,1.873173316,1.090089724,0,0,0
CG10337,1.212046198,2.104426839,1.903635333,0.996274402,0.573696073,0.102682134
CG13078,0,0.490874211,0,0,0,0
CG13077,0.045601845,0.398839565,0.460785459,0,0.085481031,0
CG10268,4.014144987,4.331688668,4.522692369,5.351948014,5.458552222,5.653939971
Hakai,5.80431779,4.701136674,5.394701604,5.114164203,4.979625294,4.844823351
CG10262,3.393092348,3.83086628,3.600205523,3.031584628,3.576089308,3.074841929
CG10366,6.766033884,6.467378494,6.783693975,6.994206783,7.097714575,6.893673299
CG10462,0.715694033,0.632309912,0.895375166,1.545288185,0.126394328,1.482857594
Nf-YB,4.781032535,4.919729701,4.973877964,4.311403021,4.353443631,4.304629818
CG10631,6.46041682,6.381818414,6.482660613,6.914583421,6.758221154,6.946687565
CG10628,4.440507534,4.728176785,4.836769886,4.604748076,4.583886674,4.60059486
CG10463,3.478701941,3.375694412,3.326390953,2.796050433,2.338925554,2.528651805
fbp,1.533416609,0.785544823,0.280984078,0.130597294,0.482093952,0
CdGAPr,5.308620268,4.901679162,5.099079225,4.949190794,4.983805952,4.760956696
CG10466,3.72631921,4.020373829,3.999808915,3.269878422,2.758818664,3.447510848
CG13962,0,0,0.343441058,0,0,0
CG10481,0,0.120151752,0,0.066775902,0,0
COX4,9.585148165,9.762971443,9.80489882,10.35696614,10.22592528,10.44382633
CG13965,0.132696544,0.120151752,0.075540634,0,0,0
CG16772,0.598192202,0.334050524,0.569299184,0,0,0
CG10680,0.254209339,0,0,0.033774261,0.792853288,0.577040364
CG10659,0,0,0,0.033774261,0,0
sNPF,1.501045839,1.406065524,0.670218812,2.877359226,2.503265198,2.750457329
CG10730,0.797937693,0.833207966,0.569299184,1.792196519,0,0.734578078
CG10747,3.127532669,3.258386101,3.541472396,4.325106896,3.733338526,4.317141373
CG10721,5.233027717,5.703108088,5.416655214,6.002283954,5.592340125,5.74075331
Taf13,4.690632433,5.064048298,5.150204358,3.995151169,3.898929317,3.805616888
nesd,2.873102452,2.393858155,3.17146642,2.618242513,4.109991422,4.266430645
mRpS18B,5.170080579,5.49196799,5.436490039,4.95911219,4.931377939,4.977980795
Kua,2.432844665,2.870076708,2.844370035,3.661505874,3.277747957,2.852216606
CG13970,0.214831388,0.081202514,0.075540634,0.670992382,1.005172941,0.259078775
CG10651,0,0.231061681,0,0,0,0.317180035
CG16798,1.670717286,0.460843657,1.161168219,0,0,0.876594188
CG10947,6.25008682,6.069940008,5.566550174,5.108232133,5.441428219,5.277751813
CG10949,4.690632433,4.941640124,5.022408899,4.891643144,4.194185882,4.489700182
Arpc2,7.218350002,7.504298153,7.429395326,5.726421411,5.557235529,5.504101221
CG15130,0.598192202,0.120151752,1.579646626,0,0,0.229126454
Cdc23,4.345709993,4.486894371,4.15587709,3.276946698,3.0144998,3.053635929
CG2493,3.784633183,3.423189278,3.295129178,0.979041354,1.170790315,2.45938958
CG15475,1.363770477,1.421739881,1.195435982,0.161479554,0,0.857142206
CG17470,0.045601845,0,0.215700384,0,0,0.102682134
CG2608,4.525440398,4.5273013,4.648616082,4.390110327,4.29183372,4.607887342
CG2611,4.386153254,4.967233805,4.951494828,3.997292564,3.382792509,3.53580205
CG2614,3.897744989,4.004848104,3.980286531,4.133975382,3.844795359,3.860377708
Cen,7.991551217,8.171267552,8.035704606,7.541492729,7.73758051,7.775005874
CG2617,4.266078526,4.686613469,4.629944292,3.186002147,3.6930526,3.977607164
CarT,0.132696544,0.041172495,0.809481815,0,0,0.797161305
TM9SF2,8.625483065,8.593655755,8.661881171,8.692914283,8.782393455,8.801193279
CG9319,3.937597641,4.012631852,4.688261213,4.64491333,4.803190033,4.839876969
Ns4,6.847144121,6.661406899,6.81571492,6.395538096,5.897974232,6.081312757
CG9323,6.087912446,6.227617884,6.189411007,5.26219375,5.292098268,5.350852841
Pomp,8.946046447,9.232569795,9.198122737,7.735484961,7.719518727,7.898339593
CG9328,4.78607905,5.22121808,5.156741249,9.525600823,9.618597045,9.544374785
CheB38c,0,0,0.075540634,0.033774261,0.573696073,0.069260254
CG9331,1.911413256,2.45607215,2.635595844,4.82569161,4.461317889,5.22086349
Oseg5,0,0,0,0.438612949,1.301584745,0.691294921
CG14402,0.174348395,0.041172495,0,0,0,0
twit,1.796079106,2.799842368,2.833531017,3.252054724,3.259472137,3.898937461
CG14400,0.045601845,0.231061681,0,0.033774261,0.043373527,0.035045714
CG9336,3.964556883,3.240821101,3.681031582,2.148795255,1.917388382,1.999961465
CR9337,0,0,0,0,0.043373527,0
CG9338,0.850272436,0.430174687,0.569299184,0.19171458,0,0.229126454
CG14401,3.138096516,3.1211194,3.100906056,0.670992382,0.043373527,0.035045714
sky,3.37534349,3.616056928,3.710951346,4.283598466,4.66075188,4.575521018
RPA2,3.807976146,4.319189475,4.29669809,4.502925095,4.280549641,3.993284694
CG9272,3.903948279,4.300235265,3.534796412,4.496883762,4.596682043,4.680238083
CG9270,0,0.19503084,0.343441058,0.692297297,0.043373527,0
CG9265,4.263668569,4.653806482,4.522692369,5.215131926,4.947164632,4.925249373
tadr,5.572796051,5.565247173,5.363017431,6.168756371,5.788316587,5.964029869
CG14397,0,0,0.280984078,0,0,0.135347252
CG12050,4.43837223,4.319189475,4.052171997,3.427462054,3.594432103,3.68943509
CG9257,5.920551213,6.114022437,5.900990894,5.683180909,5.746279979,5.793512882
CG9253,5.397035906,5.051508961,5.055434612,4.541588906,4.389605181,4.562068077
Mpp6,3.712248809,4.058472524,4.236258459,3.501745646,3.682802858,3.363837022
CG9249,5.218168986,5.744205575,5.391009969,5.486084149,5.615876162,5.452376716
CG9248,6.552139909,6.43395412,6.991776707,6.544281385,6.808584004,6.614417634
Nbr,5.093445685,4.880567053,5.171879786,5.761490802,5.639034389,6.029032929
CG9246,5.801828437,5.805978047,5.675264039,5.713454547,4.801612049,4.499143295
Mcm10,0.598192202,0.158077041,0,0.413175903,0.74110543,0
CG8679,5.714528541,5.37908255,5.087721198,5.571921738,5.693653494,5.473289575
Atg18b,4.545418785,4.680111483,4.723914277,5.500498187,5.386698423,5.466084763
CG8671,6.410093975,6.506032207,6.526224004,6.288130025,6.082774053,6.296978277
Mondo,4.397189171,4.723441679,4.679208556,5.240663504,5.249906682,5.719366471
Tsp39D,4.527450732,4.655464671,4.679208556,3.151806056,3.046828689,2.852216606
CG8665,0.214831388,0.430174687,0.620641262,0.033774261,0,0.988100422
nrv3,12.05270934,12.16575922,11.99575708,13.00098536,13.17868976,13.14325211
Lamp1,8.015382621,8.225578265,8.110848424,8.191068129,8.345685896,8.251838578
CG2201,4.632048146,4.473796607,4.747202715,5.340186056,5.248749067,5.31743666
Cul2,6.052052501,6.04738317,6.170154855,5.963928205,6.126286665,6.019767971
CG2225,7.369726388,6.429599969,6.405168828,6.187632561,6.366153439,5.907234197
CG1416,6.073537669,6.446938278,6.377452314,5.302582983,5.217137087,4.878981157
CG11630,0,0,0,0,0.204896494,0.135347252
CG11634,0,0.36680871,0,0,0,0
CG2528,0,0.041172495,0,0.099039483,0,0
ttm3,0,0,0.403305984,0,0,0
CG10834,0,0,0,0,0.043373527,0
CG3651,6.83866867,6.558375835,6.886248399,6.530300309,6.577310692,6.620559587
Clamp,4.645068287,5.011929613,4.614197718,3.9604494,4.179680593,4.175122635
CG3635,0,0,0,0,0,0.035045714
CG3262,6.150557207,6.591668159,6.486125295,6.744630723,6.681794321,6.752096644
RpL21,8.25427796,8.520704852,8.508699011,7.196928123,7.35684506,7.308511781
Tif-IA,7.034793728,7.484377964,7.203895351,6.787331822,6.746376517,6.620920066
CG17486,6.27662389,6.770632537,6.664140326,6.721825754,6.763094079,6.614417634
CG14464,7.185307142,7.373897781,7.344618292,6.588983724,6.805044385,6.666682439
CG3107,5.054939974,5.324887286,5.363017431,4.754049567,5.157935821,5.24257747
Atf6,5.655088432,6.034060284,5.573081152,5.667802484,5.65834358,5.372422471
d4,6.50547817,6.783959039,6.683886907,6.43121925,6.474106687,6.262275231
CG10465,5.893528448,6.185773818,5.63056648,5.746292518,5.622147728,5.857318714
CG10395,5.287423515,5.48078817,5.919047346,6.265654375,6.06315205,5.973658564
COX4L,0.470264926,0.736253047,0.280984078,0.387282298,0.085481031,0.345376129
CG10417,5.458384251,5.472346082,5.555049333,4.419151785,4.068603526,4.860782963
TpnC4,0,0.334050524,0,0,0,0
CG11665,7.458800883,7.31819571,7.378103912,7.411037901,7.264787629,7.163866685
Not3,8.066742402,8.053585712,7.93852292,7.402580122,7.441860363,7.42683231
CG8245,7.646461949,7.854493301,7.895527027,7.912993785,7.908221361,7.873140789
kune,4.914526132,5.3165271,5.163248654,4.953608729,4.952862686,4.865658303
scaf,0.470264926,0.736253047,0.280984078,0.559476377,0.543803643,1.470109264
CG7791,6.065258743,5.704710599,6.221983551,5.263083908,5.384591937,5.790311399
Or42b,0,0,0,0.360915446,0,0
CG7882,0,0,0,0,0,0.035045714
CG7881,0.743632778,0.945900736,0,0,1.131134066,1.124517283
Pngl,4.982049497,5.143000498,5.33447099,4.780401633,4.922693646,4.917053338
Strica,0.292540976,0.685217387,0.075540634,0.438612949,0.166179293,0.135347252
SCAP,4.965833296,5.02993873,5.067048657,6.582223388,6.039247846,6.11343536
CG14591,6.243375575,6.284446992,6.507593056,7.646359723,7.779867674,7.960188196
Tbce,5.969431762,6.248642806,6.1484533,5.583370522,5.822175634,5.905459786
CG7856,0,0,0,0.033774261,0,0
CCHa2-R,4.845299185,4.536328977,4.453585002,3.9427804,3.236296903,4.15335818
CG7845,4.630178497,4.663727148,5.027173397,4.496883762,4.812621865,4.064981503
CG7849,4.39938626,4.702741376,4.764425611,5.415779363,5.67997665,5.701071397
SmydA-5,0.329880465,0.158077041,0.215700384,0,0.204896494,0.988100422
Ars2,8.465482581,8.214512926,8.15532243,7.859114217,7.825616487,7.633182351
CG14589,0.715694033,0.988623391,0.620641262,0.649368125,0.513278718,0.734578078
Cyp6w1,0,0,0.075540634,1.473269147,0.867152957,0.478639091
CG8335,0.132696544,0.120151752,0,0,0.315178801,0.135347252
CG17994,0,0,0,0.488179846,0,0
tomboy40,0.598192202,0.19503084,0.343441058,0.130597294,0,0
Pld,0.366277874,1.009519467,0.075540634,0.813914366,0.085481031,0.135347252
CG15233,0,0,0,0,0.204896494,0
Fmo-2,0.366277874,0.334050524,0.075540634,0.733985886,0.204896494,1.249141988
geminin,6.223052463,6.369747866,6.400586229,6.069974326,5.969285774,6.024135364
CG15908,3.436532061,3.910791867,3.867919088,4.756580128,4.172372889,4.494429465
CG9410,4.864511081,5.213359282,5.541792261,6.335446774,6.241338846,6.360526524
Hsepi,6.554113406,6.440701232,5.998829484,6.426062112,6.261567131,6.627752097
PGAP3,6.353992824,6.581673673,6.701877701,6.52511504,6.58787736,6.713067962
CG17266,2.934993161,3.1211194,2.907747749,2.428153554,2.258389431,2.110882328
CG15909,0.687203533,0.081202514,0.147321929,0.033774261,0.279346616,0.553062079
CG9422,5.652327538,5.894295073,5.86018584,4.601936401,5.030358937,4.892182103
CG3270,3.594454255,2.471215304,2.948503801,4.068270955,4.179680593,3.825771228
Zip42C.1,0.045601845,0,0,0,0,0
Zip42C.2,0,0,0,0.033774261,0.450220187,0
CG3420,5.200638139,5.446719307,5.624291172,5.335962009,5.270586478,5.558558613
CG9436,0.567258051,0.80957322,1.261622271,1.52167906,1.371323531,2.528651805
CG15237,5.821624014,6.205150292,6.018104211,5.139591664,5.031705658,5.090539823
CG15236,6.206208847,6.083553109,5.978063939,4.679996847,4.97403217,4.749133071
CG9447,0,0,0,0,0,0.16728912
Spn42Db,0,0,0.075540634,0.53610018,0.043373527,0.876594188
Spn42Dc,0.900774972,0,0.215700384,0.033774261,0.166179293,2.151371889
Spn42De,0.214831388,0,0,0,0,0.600626626
CG3358,5.122995295,4.90447091,4.839481196,4.516426301,4.681491425,3.860377708
Cyp6u1,4.667118737,4.587603944,4.99105011,5.311215607,5.311077484,5.221814403
CG17002,5.830607,5.436146845,5.359243717,5.575509252,5.371888017,5.793512882
Tsp42Ec,0.089806327,0,0,0,0,0
Tsp42Ef,4.436233762,4.543510664,4.248550646,3.436959381,3.598072841,3.321881853
Tsp42Eg,0,0,0.075540634,0,0,0
Tsp42Eh,0,0,0,0.582479838,0,0
Tsp42Ei,0.045601845,0,0,0,1.069527769,0.069260254
CR12842,5.153254287,5.635823717,5.496128331,5.312076035,5.064971499,5.346499945
Tsp42Ej,10.45636359,10.60682215,10.6661444,10.24914712,10.19376597,10.28417544
Tsp42Ek,6.311458466,6.221474094,6.269000923,6.621624341,6.610584815,6.522482475
Tsp42El,0.628476965,0.605110328,0.670218812,0,0.714518384,1.04077981
Tsp42En,0.503325831,0.158077041,0.215700384,1.802029689,1.974525672,2.886201855
Tsp42Ep,2.66970262,1.583774727,1.679869498,0.852277114,1.069527769,1.350002208
CG12836,0.470264926,0.041172495,0.460785459,0.943945139,0.602981688,0.93342433
CG12831,0,0,0.403305984,0,0,0.035045714
CG11060,0,0,0,0.130597294,0,0
Gadd45,5.016810049,5.014516149,5.207996708,2.15648072,2.549126013,3.968571487
CG1850,0.797937693,0.833207966,0.215700384,0.733985886,0.085481031,0.035045714
Br140,2.415581085,2.1332735,1.984250833,2.465755606,2.463901775,2.008803263
CG12164,0,0.266214546,0,0.033774261,0,0
Dscam1,8.708784794,8.483498086,8.441134587,7.047102846,6.802679804,7.091059176
Dhx15,7.684344874,7.726639878,7.612923248,6.880765693,7.194981768,6.954431414
CG11112,0,0,0,0,0,0.259078775
CG11113,0,0,0,0,0,0.102682134
Eaf,4.379490953,4.433774371,4.084530868,4.599119235,4.818875669,4.473822992
CG11123,4.681634,5.307063618,4.913400157,5.060900585,4.457314652,4.0153897
sPLA2,4.236889889,4.676849468,4.620516987,5.606700536,5.365493859,5.680467673
CG11125,1.129748022,0.605110328,0.809481815,2.815598269,3.41204315,2.484962228
CG11141,6.059712947,5.6591534,5.563273564,6.633375501,6.141336008,6.347951739
CG11127,6.868712221,7.179004277,7.293627543,6.086160581,5.987443974,5.901904404
p47,7.393342858,7.435995403,7.404435387,6.363109402,6.540415465,6.181488582
CG1620,7.036206355,6.462177104,6.717437687,6.669073141,6.73897546,6.319362276
CG12736,5.99943351,6.086629163,5.943196568,6.630619121,6.580074684,6.80825394
CG1603,2.240370452,3.195949561,3.045624549,2.369846473,2.26756314,2.553035814
CG1602,4.282836439,4.795896624,5.165411283,2.967495656,4.201384201,3.492331758
CG2144,6.356822038,6.429115362,6.493029796,6.295544766,6.135710885,5.463675141
Drat,8.744113921,8.605284774,8.581969047,8.817968779,8.880389857,8.916904962
CG2137,1.685196569,0.988623391,2.33104259,0.387282298,2.556629725,0.93342433
CG1598,7.254905905,7.42510077,7.501784256,7.407821734,7.359528763,7.4440473
Corin,6.053448338,6.140905256,5.705302415,7.23689569,7.171960023,6.650530084
Vps13,4.150829926,4.31079611,4.51253495,5.40694676,4.982413745,4.989193495
CG1360,4.25398828,4.451062885,3.638073273,3.566634217,3.448800179,3.711266898
CG1358,5.622544487,5.364963508,4.993486673,7.585924547,7.550605668,7.773709604
CG17985,5.063278155,5.564364813,5.235018049,5.452921146,5.397184965,5.599374795
CG1339,0,0,0,0,0,0.069260254
CG2070,0.214831388,0.041172495,0.215700384,0,0,0
CG2065,0.687203533,1.203350074,1.355534777,0.221328946,0.085481031,0.669156436
CG2064,3.976378941,4.486894371,4.971408029,5.596848992,5.217137087,5.466084763
DCTN4-p62,7.212114196,7.16277302,7.012347205,6.75574133,7.078947607,7.093918486
CG12826,0.132696544,0.577388071,0.280984078,0,0,0
mRpL52,7.200821369,7.487174092,7.410829912,6.521027786,6.370949523,6.686794033
CG12107,5.717173037,6.131404207,6.058227463,4.689298436,4.220405955,4.459382574
U2A,5.46678951,5.108308381,5.546777949,3.773193624,3.633983658,3.434444884
LRR,6.602593353,7.043733954,6.776637846,5.762120602,6.104054414,5.405440084
CG1941,0.174348395,0.081202514,0.403305984,0.161479554,0,0.069260254
CG1942,0.366277874,0.19503084,0.403305984,0,0.602981688,0
CG1946,0,0.334050524,0.147321929,0,0,0
CG12825,0.567258051,0.833207966,0.718149104,0.19171458,0.714518384,1.321897267
CG12824,0.174348395,0,0,0,0,0.035045714
Nop17l,6.957127613,6.755636542,6.305737902,5.672500252,5.646085851,5.867683963
CG1550,6.435474801,6.588199663,6.635565097,5.751376423,5.922138524,5.967435574
CG1882,5.996533823,5.216732582,5.749218891,6.785784104,6.873111116,6.837706235
CG12822,7.292037264,7.277049227,7.273217126,8.410815235,8.298216687,8.394341181
CG12159,5.295703744,5.421603842,5.502985239,5.164578718,4.962780447,5.043985907
Kdm4A,6.247040124,5.946698726,5.934346447,6.055147001,5.443453389,5.734103917
MFS12,5.363668034,5.271823203,5.017628614,5.049595089,5.491223687,4.926416443
CG8728,8.085966858,7.880248276,8.001008404,7.466576824,7.522622443,7.634789677
CG14764,5.059115088,5.115554827,5.228827124,5.299983091,5.042434412,5.640490931
azot,0,0.081202514,0,0,0.126394328,0
CG2906,3.973432496,4.637118917,4.803830377,4.505936301,4.276011181,4.400130594
CG2915,7.726736793,7.739595584,7.749648533,6.24146869,6.288292214,6.466619107
CG14763,0,0.041172495,0.280984078,0.130597294,0,0
CG8726,7.978384411,7.870822399,7.660080677,7.892574684,8.005668804,8.105986079
ACC,5.122995295,4.996312253,5.134835433,6.262987012,6.692476997,6.651941838
Nup44A,5.460490161,5.817132716,5.63056648,5.149253352,4.975432485,4.989193495
Dic3,0,0.041172495,0,0,0.085481031,0
CG11191,7.791322188,7.781200544,7.851546099,8.587505092,8.723402947,8.59858096
CG14762,8.895866973,8.568023249,8.431956968,10.7900312,10.89039241,10.92320306
CG12769,2.828142919,2.835386896,2.708596057,5.539960903,5.663565178,5.813835835
CG8713,0.875744677,1.526936274,0.280984078,0.19171458,0.983067192,0.135347252
CG8712,4.949432748,5.154772451,5.33447099,4.290600003,4.567266954,4.219596009
CG11210,5.320263049,5.123963266,5.359243717,5.784612233,5.269445344,5.894170887
Cul4,5.620662472,5.908966371,5.827782647,4.885875668,4.580209914,4.806037818
udd,4.401580008,4.697921906,4.403161502,4.897387655,5.22068393,5.557052407
Nup50,6.624358586,6.485670132,6.54212299,5.725775828,5.65921516,5.580965009
coil,4.304100201,4.473796607,4.519314502,3.918126689,3.762831488,3.554038551
Socs44A,7.740017283,7.866354765,7.774654999,7.812295184,7.832973473,7.620258859
Obp44a,7.817436382,7.803806274,7.760060994,4.04154287,3.904820706,3.683925124
CG8708,0.132696544,0.041172495,0,0,0.085481031,0.259078775
RagC-D,6.114902962,6.381818414,6.537956004,6.669744596,6.437488918,6.168230988
Gasz,3.64347388,4.100468683,4.244464876,6.51169528,6.576849511,6.714082
CG14757,5.985607791,6.288192805,6.294913475,8.723471621,8.599923465,8.675992514
CG14756,0.132696544,0.120151752,0,0,0,0
CG14760,0,0.36680871,0.895375166,0.130597294,0,0.135347252
CG14759,0,0,0.075540634,0,0,0
CG11635,2.117635196,1.861727169,1.579646626,2.508420766,2.02948601,1.124517283
CG18449,0,0.398839565,0,0,0.085481031,0
CG2127,0.132696544,0.520292387,0.853067622,0,0.085481031,0.035045714
CG8701,0.174348395,1.050424986,0.147321929,0.130597294,0.81804741,0
CG2121,0.045601845,0.19503084,0.075540634,0,0,0
Mal-A4,0,0,0,0,0.767211364,0
Mal-A7,0,0,0,0,0,0.135347252
Mal-A8,0,0,0.075540634,0.066775902,0,0
CG12780,0.045601845,0.266214546,0.343441058,0,0,0.135347252
Cyp6a14,0.045601845,0,0,0,0.166179293,0.035045714
Cyp6a15Psi,0,0,0,0.2787941,1.005172941,0.734578078
Cyp6a13,0.174348395,0.632309912,1.161168219,1.782295868,1.469991358,2.182964763
CG14752,0.254209339,0.36680871,0.215700384,0,0,0.102682134
CG8736,0,0.081202514,0,0.627414808,0.043373527,0.426801509
CG8735,6.444546239,6.464543697,6.438635083,5.892093326,5.762593178,5.734770237
CG8642,0.089806327,0.577388071,0,0.926071582,0.384278962,0
Cirl,9.148601338,9.243635826,9.134829995,7.64499454,7.811965146,7.705496278
beta3GalTII,4.357058428,5.308118187,5.205897028,4.394991349,4.3938005,4.684383094
CG14749,4.652455947,3.819078109,4.399491479,5.699055083,5.772293283,5.507224499
CG8635,6.782119781,7.029418364,6.952867759,6.744630723,6.53282672,6.55566979
CG8586,0.824342362,1.109687544,0.147321929,0.19171458,0,0.035045714
CG8738,0,0,0.895375166,0,0,0.503875743
CG12376,0,0.081202514,0,0,0,0.035045714
CG14744,0,0,0.764538089,0,0.960617448,0
CG14743,0,0.158077041,0.215700384,0,2.007752473,0
PGRP-SC1b,0.329880465,0.685217387,0.403305984,0,0,0
CG8272,5.370403635,4.584125653,4.839481196,4.903109384,4.942876274,4.68851623
Sec31,6.945146083,6.559261863,6.601628957,6.474134018,6.014259813,5.863424935
CG13751,5.42318544,5.098589484,5.342138774,4.358807683,4.060709353,4.092275544
MrgBP,4.814347245,5.147720812,5.342138774,5.826162845,5.424098519,5.794152327
CG8258,8.277606879,8.186257411,8.224369125,7.203898555,7.250400167,7.212754283
CG8252,0.292540976,0,0,0.099039483,0.043373527,0
CG8248,7.865112154,7.96057631,8.15341702,7.989613469,7.797787691,8.034860504
Spt,2.149311703,1.791075026,1.964515325,2.471928424,2.230513023,1.336018175
CG8243,6.370325569,5.945343792,6.046541898,5.38257932,5.257984086,5.49861916
CG8237,5.919786117,5.69506872,6.102917708,6.225573404,6.236675141,6.251140649
AIMP1,5.628175844,5.747318955,5.764992434,5.191947675,5.018181535,5.155680717
PAN2,5.771616274,5.686984302,5.753537898,5.617181639,5.37825396,5.427039359
CG13749,0,0,0.075540634,0,0,0
FANCI,0.687203533,0.659006168,0,3.440111314,2.423434135,3.924861831
CG13748,1.327308948,0.231061681,0.569299184,0,0,0.035045714
CG8229,4.590345535,4.82270934,4.887433145,5.797572223,6.111078681,5.964598045
Tom7,6.923172641,6.833139695,7.058458682,6.928677258,6.73443383,6.775599844
CG8216,5.436084589,5.567010274,5.33447099,8.989934923,9.091166292,9.244624469
CG8213,3.866322026,2.75104499,3.57439664,0.066775902,0.085481031,0.16728912
CG8172,0,0,0,0,0.043373527,0
CG13744,0.925378394,0,0,0.099039483,0.085481031,0
CG13747,0.045601845,0,0,0,0,0
CG8170,0,0,0,0,0.043373527,0.035045714
Ance-4,2.138829956,1.803093283,1.944506093,1.09556136,0.204896494,0.373031704
PPO2,0.503325831,1.221374389,1.553463943,4.331910327,4.576523759,4.27011255
CG13743,3.85995446,3.292887264,3.681031582,7.927804939,8.005326112,7.880837058
CG8197,0,0,0.215700384,0.360915446,1.048393528,1.336018175
CG8080,5.514191892,5.5113266,5.545117967,4.577813298,4.076454739,3.825771228
CG13741,2.733788825,2.75104499,2.789341774,1.792196519,1.69064652,1.769666069
CG8078,5.072945513,5.107097093,5.359243717,4.881245028,4.632627067,4.77008632
CG8777,3.445065223,4.29386145,3.318638787,4.490817024,4.050116143,3.099884411
Pmm45A,7.925244182,7.812007088,7.785240778,7.304604778,7.097071485,7.026676523
tsu,6.755781175,7.036116654,7.107085049,5.857737908,5.63283596,6.025225149
Mys45A,5.865195256,5.349681039,5.351666546,5.138621927,4.9921311,5.115313609
Phax,6.008097767,5.668216399,6.199998844,4.987396589,5.128028256,5.467688945
GstE13,4.908368256,5.410845021,5.407548441,7.210374047,6.94634588,7.064802178
Hydr1,5.245294152,4.645486827,4.750087514,4.574948584,5.452531638,5.445066438
CG8008,0,0.081202514,0.215700384,0.066775902,0,0
CG8046,1.019799334,0.300531207,0,0.306690511,0,0
Rad51C,2.371496125,2.909521287,2.684670739,3.064635825,3.313619381,2.895766673
CG8026,0,0,0,0,0.043373527,0
CG8027,7.451937354,7.540418284,7.20178969,6.089677247,6.006061746,6.175611353
Cyp4p2,1.212046198,1.090202596,0.809481815,0.130597294,0.24260175,0.914728587
Cyp4p3,1.345654897,1.729434478,0.936477292,0.75438697,1.469991358,1.520440304
CG2063,5.692300504,5.606120867,5.794634919,5.288662435,5.325424381,5.385211134
CG1968,6.003772143,5.868791863,6.188347937,5.298247223,6.019699424,5.221814403
Myd88,1.670717286,1.873173316,2.218904359,2.238424221,0.914641953,0.713098814
CG13739,3.419312812,4.215094864,4.070751556,4.716848701,4.990746908,5.484426029
Or45a,3.01167521,3.387715516,2.907747749,4.110427631,5.047769017,4.355771553
CG13954,0.174348395,1.482787903,0.569299184,4.398236214,3.403746164,3.332485583
CG8800,0.598192202,0.605110328,0.147321929,0.221328946,0.043373527,0
CG13955,0,0,0.620641262,0.130597294,0.085481031,0
prel,6.89853125,7.119276223,7.072931472,8.01519994,8.173979305,8.204159119
CG1888,5.45521961,5.555511412,5.734728097,4.599119235,4.795282796,4.711716272
CG1814,6.447203489,6.259041471,6.311608081,8.869948761,9.015336417,8.991563494
Smyd4-1,3.507504182,4.085785699,4.288784276,4.174281156,3.88110941,3.70039229
Updo,7.089226601,7.177273923,7.441938232,6.437541294,6.527586206,6.743845423
CG12929,4.580697164,4.699530186,4.884810552,3.408277752,3.623303957,4.266430645
CG1827,4.470074614,3.932837416,3.687065381,6.066919081,5.962240541,5.258419459
CG1902,7.564640833,7.504758156,7.67419829,8.561962413,8.75391383,8.680409152
CG12926,1.611301687,1.651811622,0.718149104,1.127194515,1.319338022,1.278685825
Mmp2,6.515134665,6.595560274,6.721852747,5.921708931,6.139463403,5.980416806
CG1773,0.045601845,0.659006168,0.670218812,0,0,0
CG1690,0.503325831,0,0.569299184,0.360915446,0,0
CG1698,0.771040734,0.945900736,0.670218812,0.438612949,1.547354071,0.102682134
CG1648,4.937386874,4.635439495,4.377273094,6.520283403,6.68222315,6.668775998
dila,1.741702851,1.308265359,1.499628432,0.979041354,0.35014255,0.035045714
hebe,0.045601845,0.081202514,0,0,0.384278962,0.229126454
CG1663,3.647176523,3.792197188,4.272825213,2.694129212,2.986994398,2.008803263
Lsm11,1.685196569,1.009519467,1.355534777,1.68999278,1.808467373,2.373001949
CG1665,3.153798654,2.858605868,3.188580174,2.402529768,3.124616761,3.06215577
CG1667,3.555579851,4.124613047,4.151519842,3.606457374,2.725918746,3.005855618
CG1671,4.449017284,4.623628479,4.33178267,4.776666394,4.428976573,5.095736227
Ntmt,5.41560733,5.588869143,5.837308991,6.520283403,6.340301517,6.351866001
CG18446,0.628476965,0.041172495,0,0,0,0
CG12744,1.04246964,1.421739881,1.228908645,0.130597294,1.532209851,0.895787384
Sec24AB,6.242151987,5.993992587,5.801603783,5.740551628,5.784327414,5.657458452
CG12923,0.045601845,0.490874211,0.215700384,2.756141763,2.26756314,2.439908158
CG1513,6.197397083,5.805231327,5.776356741,7.964386185,8.036182489,8.188679498
CG1441,0.045601845,0,0.075540634,0.066775902,0,0
Etf-QO,5.13622943,4.408430537,4.871625593,4.189344322,4.691750456,4.284746918
CG15863,3.06800697,3.679366177,3.409023783,2.322809099,2.692251019,2.426772842
CG1418,5.757982847,5.781889194,6.055897909,4.952505513,5.154231106,5.43526142
CG12133,0.174348395,0,0,0,0,0
CG12134,3.499333477,3.935569573,3.416306362,3.128549891,3.352936517,2.439908158
CG12128,4.45325341,4.821232746,4.795476632,4.137862909,4.262309503,4.703570555
CG1407,5.060504112,5.266407848,5.441852542,5.290409867,5.057057372,4.912348899
CG12129,6.315536118,6.766418655,6.828736324,5.98242303,6.011532297,5.762481371
oys,6.946649227,6.878570823,6.907076238,7.356614966,7.587244481,7.384361152
CG2292,2.029598029,1.741975081,2.597662148,3.252054724,2.847136684,1.188174903
mRpL42,5.011074474,5.054025563,5.418469691,4.967874291,4.84362327,5.179369719
CG12920,0,0.300531207,0,0,0,0
CG1371,7.151815545,6.802037488,6.854431766,5.60248668,5.837657298,5.55101181
egr,0.045601845,0.761109441,0.215700384,0.161479554,0.204896494,0
CG2269,7.315204685,6.609314484,6.475706188,7.159650873,7.552952367,7.801007827
RpLP0-like,4.266078526,4.462474524,4.42498772,3.068714489,3.511919468,3.152696387
dmpd,4.83397295,4.479424501,4.347106074,4.574948584,4.641475111,4.959857217
CG12917,0,0,0,0,0.043373527,0
CG18011,4.148219371,4.485030526,4.308488006,4.844844546,5.325424381,5.073784423
KCNQ,2.149311703,2.433055153,1.727485453,4.7654023,4.609364925,5.28504891
CG12209,0.045601845,0,0,0,0.24260175,0
CG12914,0.132696544,0.041172495,0,0,0,0
CG12913,7.229506979,7.227187933,7.076383444,7.509593165,7.688263666,7.251217932
CG12911,0.797937693,0,0.075540634,0,0,0
CG12910,0.658139045,0.71096088,1.443705866,1.435864971,0,1.672853741
CAP,5.168793193,4.642145485,4.107207901,4.831704262,4.855839677,4.524026864
CG12909,4.039723371,4.406462445,4.414115886,3.339049561,3.387007657,2.734554919
Obp46a,0.045601845,0,0,0,0,0.102682134
Ir47a,0.797937693,1.090202596,1.499628432,0.774503582,0.279346616,3.759213048
Prx2540-2,0,0,0,0.099039483,0,0.198539073
CG11825,0,0.120151752,0.075540634,0.066775902,0,0.970104318
Prx2540-1,0.045601845,0,0,0,0,0
CG12896,0,0.041172495,0,0,0.085481031,0
CG12895,4.59226749,5.027379722,4.85296184,4.866091971,4.965601615,4.933399108
Cyp49a1,1.327308948,1.030117199,0.764538089,1.636040967,1.857894544,1.457247279
Caf1-105,4.224551481,4.5273013,4.607850648,3.805325267,4.076454739,4.062860416
CG11777,4.059308803,4.503561494,4.33178267,3.335668648,3.348620487,3.650415956
trsn,6.087912446,6.288727128,6.23130397,4.407927247,5.136815524,5.433620752
CG17765,4.715533495,4.676849468,4.761569369,5.97102778,5.724793254,5.744066549
CG11883,3.722814454,3.343139653,2.918045209,4.724624531,4.894843354,4.948413264
Git,6.989937328,6.88777004,7.043251361,4.897387655,4.776126707,4.378121557
Elp2,4.999534461,4.653806482,4.82313637,4.439768459,4.406313752,3.993284694
CG12934,0.470264926,0.266214546,0.215700384,0.033774261,0,0
CG12309,2.128271498,2.29519787,2.376555991,2.868027938,3.046828689,3.360386984
CG12338,4.652455947,4.640471907,4.94898624,4.830503734,5.322126199,5.070621005
CG7220,7.693997838,7.921315921,8.011565265,7.648234744,7.479602807,7.7191974
CG12935,5.698558954,6.127227742,6.072126337,5.632417486,5.231272439,5.577254693
CG7637,3.507504182,3.322413459,3.473280255,3.283980513,2.657778787,2.871734667
mms4,1.251499213,1.357994016,0,0.306690511,0.659827649,0.198539073
CG12341,6.634186759,6.863944122,7.126085781,5.855378845,5.673952016,6.116506375
CG7222,6.794693683,7.049735922,6.910948204,6.305948181,6.351129504,5.974222962
Lsm10,1.086768738,1.482787903,0.976440789,3.522710293,3.124616761,3.057902139
RpS15Ab,3.449312952,4.004848104,3.93029255,4.070306597,3.772529997,3.271340427
CG12343,5.61405602,5.784922389,5.723029747,5.431701398,5.400316122,5.312981607
CG12325,3.705161811,3.367624332,3.631830603,3.124637153,3.538688888,3.746053718
CG12344,0.254209339,0.300531207,0.280984078,0.53610018,1.209385607,0
Pex6,4.287588878,5.064048298,4.598277377,5.353620493,5.756090017,4.97572776
CG18004,6.034489621,5.960849233,5.976833078,5.089284691,5.293221631,5.24257747
CG12942,5.433942724,5.645868383,5.68283247,4.100501489,4.637942403,3.686682738
ND-B14,7.875803028,8.120696031,8.161023606,8.344763153,8.269252359,8.418285283
Rpb5,5.701232858,5.820092786,5.780595383,4.141739989,3.835572205,4.338340501
polyph,0,0.081202514,0,0.2787941,0.166179293,0
Spn47C,0.797937693,0.041172495,0.670218812,0,0.867152957,0.16728912
BBS4,0.132696544,1.482787903,0.718149104,0.871082608,0.767211364,0.646672929
CG13229,2.424238697,3.595473243,3.401704256,3.311777775,3.534894962,2.734554919
CG13231,0.214831388,0,0,0,0,0
CG12391,5.956060581,5.438074883,5.754974698,5.339342235,5.302177182,5.246320677
CG9084,1.108418423,1.497654644,1.840072658,0.871082608,1.319338022,0.988100422
CG7737,5.229327357,5.214484592,5.101340139,5.237043683,5.312186171,5.493116189
CG13218,0,0,0,0.033774261,0,0
Listericin,0,0,0,0,0,0.102682134
CG13226,0,0,0,0,0,0.069260254
Cpr47Eb,0,0,0,0.066775902,0,0
CG13223,0,0,0,0.099039483,0,0
Cpr47Ec,0.045601845,0,0,0,0,0
Cpr47Ed,0,0,0,0,0.043373527,0
Cpr47Ee,0,0,0,0,0.714518384,0
Cpr47Ef,0,0,0.147321929,0,0,0
CG9067,4.377263332,4.686613469,4.626808696,3.745434936,4.344801668,4.121102891
CG9062,7.165434727,7.469608716,7.449500703,6.654221501,6.815246351,6.752096644
CG13220,8.308623802,8.428190775,8.526474748,7.948426729,7.79501471,7.768512844
Fbl6,7.282843633,7.569732691,7.682904979,7.270704886,7.134218232,7.521388441
CG18335,1.251499213,2.20749177,1.053192621,0.387282298,0.384278962,1.604503555
CG7741,5.378222296,5.166449125,5.440067254,4.936971249,4.911032668,5.375843881
CG7745,5.979012231,5.846463612,6.134170191,5.874726716,6.02849528,6.025225149
CG13202,0.089806327,0.120151752,0.215700384,0,0,0
CG12384,7.60065184,7.901714356,7.838052159,7.314943298,6.963029691,7.298405952
CG13204,5.762257149,5.385091524,5.457821483,5.089284691,5.359071236,5.079041419
CG13203,0.628476965,0.924055416,1.324904867,1.68999278,0.573696073,1.532753413
Tsp47F,0,0,0.215700384,0,0,0
Sod3,1.345654897,1.541357195,1.924215439,3.592360673,3.86003745,4.295626091
Smyd4-3,0.900774972,0,1.385527878,0,0,0.035045714
CG7777,1.699531977,2.409664977,2.079071103,0.387282298,0.166179293,0.259078775
tou,6.514628037,6.455529915,6.689157437,7.172973531,6.691625288,6.783993883
CG9005,4.66163764,4.285318988,4.28481103,5.048562909,5.188443983,5.021226029
CG9003,7.485416068,7.586127024,7.717952506,6.977491318,7.167066173,7.307840257
CG13198,0,0.081202514,0,0.066775902,0,0
Tret1-2,0.996767095,1.090202596,0.718149104,0.582479838,0.714518384,1.172521885
CG13196,0,0.736253047,0,0.221328946,0,0.035045714
Ir48b,0.535646052,0.300531207,1.773579932,0,0,0.069260254
pyr,1.983479289,1.929080246,1.903635333,2.402529768,2.692251019,1.650428231
CG13193,0,0,0,0.413175903,0.085481031,0
Ir48c,0,0,1.015327048,0.649368125,0.043373527,0.373031704
ths,3.511572247,3.975942924,3.625560804,4.740051577,4.218041906,4.410176463
CG13192,5.067429243,4.912813887,5.000771769,4.258821986,3.922351887,4.075540408
Sobp,0.900774972,0.901874222,0.280984078,0.130597294,0,0.857142206
S2P,7.359324264,7.621339797,7.715371723,5.849464256,5.916317573,6.122628864
Sln,6.577102013,5.827466497,5.889262689,6.476438509,6.135084516,5.858542028
Twdlbeta,0,0.300531207,0.280984078,0,0,0
Damm,0,0.632309912,0.569299184,1.44844109,0.74110543,0.135347252
CG13185,4.09227737,3.827928255,3.867919088,3.362496673,3.0991506,1.639083386
ERp60,10.60874539,10.72148425,10.74250414,8.84831369,8.558713186,8.529315304
Zip48C,4.792780393,4.704344295,4.700243734,3.440111314,3.762831488,4.186857205
reb,0,0.398839565,0.718149104,0,0,0
exp,1.713726341,2.014255748,2.060599064,1.646993946,1.79584138,1.748706671
PI31,6.951149287,7.107512703,7.064265232,7.011790388,7.126675967,6.945248947
rho-7,6.213094816,5.9880827,6.263963936,5.586929714,5.642564428,6.20908304
CG8298,5.082548522,5.270741757,4.879551019,4.430289667,4.338286053,4.754399982
CG8321,5.5273107,5.800742872,5.814063531,5.612299932,5.616773771,5.681159225
CG8888,0.045601845,0.632309912,0.718149104,1.275723862,0.166179293,0.553062079
CG13186,0,0,0.215700384,0.066775902,0,0
CG18343,0.797937693,0.300531207,0.936477292,0.46360926,1.048393528,1.140696948
OSCP1,2.866764809,2.401783214,2.833531017,2.839666387,2.608090535,3.04076108
Hen1,2.602636757,2.870076708,3.026716412,2.954328996,3.250246669,3.952621587
CG8407,2.06324465,1.861727169,2.133109169,3.006289647,2.202087344,2.534786553
Prp8,9.063616652,8.977118452,8.89705655,8.03696161,7.986351553,8.05287314
EndoG,4.280454337,4.396581511,4.691266186,5.185388757,4.605752607,5.152692054
CG8860,6.025982887,6.041688421,6.186219444,4.253456924,3.6930526,4.067099475
wash,3.414975695,3.991781134,3.154147217,4.851961847,4.298562044,4.76878562
Cyp6g2,0.045601845,0.520292387,0.075540634,0.46360926,2.133498108,0.837424361
CG8858,3.916275409,4.169403076,4.676178336,3.664203924,4.09718479,3.241644223
RpS11,7.878364968,8.122945078,8.171821054,6.402422128,6.358124364,6.393814383
CG13171,0,0,0.075540634,0,0,0
CG8854,0.715694033,0.158077041,1.195435982,2.709884029,0,2.094362876
CG13170,0,0,0.280984078,0,0,0
CG13168,2.085247541,2.09468167,2.041887442,0.926071582,1.404968185,2.895766673
Vha36-2,0.045601845,0,0,0,0,0.069260254
CG17739,3.089937898,2.515713808,1.861572885,2.618242513,2.415202588,2.413516834
CG13163,4.478412236,4.643817123,4.83133193,3.848665878,4.250791187,3.889393712
CG8841,5.879431406,5.799243611,5.956995134,5.50727595,5.585937343,5.632646953
CG8490,4.191968874,4.547088146,4.414115886,4.110427631,3.945400252,3.787747878
Den1,7.403503422,7.478066791,7.62515255,6.412085177,6.63825458,6.235218087
CG8839,6.951897934,6.726352484,6.927607665,6.294674419,5.891313116,6.350562427
CG13159,0,0,0,0,0,0.259078775
CG13155,0,0,0,0.066775902,0,0
CG8501,0.503325831,0.19503084,0.569299184,0.033774261,0,0
Cpr49Ac,0.743632778,1.341607518,1.053192621,0,1.005172941,0.035045714
Cpr49Ae,0.089806327,0,0,0,0,0
Cpr49Af,0,0,0,0.130597294,0,0
Cpr49Ah,1.04246964,1.325032758,1.015327048,0,0,0
CG13157,0.366277874,0.549122661,0,0.130597294,0,0
CG8834,0,0,0,0,0.043373527,0
CG8520,5.067429243,5.127551934,5.017628614,6.455953671,6.518008954,6.330866136
CG8525,2.138829956,2.501032948,2.571807315,1.09556136,1.421500783,2.78689515
CG13154,0.329880465,0.300531207,0.075540634,0.733985886,0.573696073,1.532753413
Nup54,3.613505574,3.101789275,3.31084474,3.108879213,3.094002977,3.172504789
DUBAI,6.115571297,6.185773818,5.849465437,5.47843957,5.891313116,5.91489819
Dyb,6.583879471,6.135568617,6.04184104,6.758268928,7.022829919,7.049886802
dgt5,0.743632778,0.659006168,0.569299184,0.605122262,0.714518384,0.817433287
CG8545,5.372641865,4.757810197,4.887433145,4.433456189,3.829390514,3.805616888
CG8550,1.565076965,0.19503084,1.053192621,0.033774261,0,0
Dh44-R2,4.442639682,4.573640176,4.604666611,2.786176286,1.547354071,3.380964529
vis,0.089806327,0.041172495,0,0.033774261,0.126394328,0.035045714
achi,0.850272436,0.785544823,1.053192621,1.218133808,0.714518384,0.970104318
CG13151,4.202072893,4.030632259,4.639310394,4.258821986,4.325165874,4.539363927
CG8818,7.348562355,7.259438787,7.426242486,8.897655189,8.728187056,8.945824254
CG8569,4.234430635,3.991781134,4.399491479,4.242666574,4.169928739,4.182956277
Cyp301a1,0.503325831,0.460843657,0.936477292,0.334057725,0.384278962,0.229126454
Ak6,4.366073338,4.449152138,4.639310394,4.074369283,3.726701843,4.039320298
ClC-b,7.118861871,7.124673357,7.244353175,6.679112306,6.247726922,6.512802957
CG17760,1.399333176,0.967420201,1.553463943,1.37128545,1.869991204,0.93342433
muskelin,5.380448438,5.633301584,5.454288073,5.121054264,4.961367791,5.249121723
CG8785,0.628476965,0,0,0.066775902,0,0.713098814
CG8778,6.493701585,6.538744252,6.39966796,5.88921337,5.858297451,5.851800931
ZnT49B,7.234130374,7.059788399,7.097490009,8.530886803,8.50675932,8.258688571
CG8646,1.04246964,1.14788529,0.215700384,0,0,0.069260254
CG8771,3.169331729,3.231957748,3.401704256,2.329623349,2.901184484,0.198539073
CG13148,7.518640871,7.75669084,7.970413181,7.075250303,6.921860883,7.05229434
CG8768,5.650484002,5.669858117,5.985427132,6.630963957,6.5479645,6.725524894
wuc,0,0,0,0.099039483,0,0
Mos,0,0,0,0,0.384278962,0.198539073
CG12374,0.089806327,0.081202514,0.620641262,0.099039483,0,0
Cyp9h1,0.503325831,0.36680871,1.414910112,2.194305663,0.631684635,0.951880893
CG17574,5.706565844,5.775803606,6.154998112,5.847091614,5.892796024,5.952619098
CG3790,0,0.120151752,0.215700384,0.334057725,0.513278718,0
CG13319,4.113845162,4.274569286,4.636195111,2.740886725,2.803653393,2.702214374
sug,0.43642859,0.879346663,1.471938095,0.692297297,0,0.988100422
CG17019,4.956910663,4.697921906,4.578938125,6.340094203,6.021056128,6.114459758
CG13322,6.711817577,6.943803502,7.259616687,6.140455265,6.51848933,6.30866129
Sans,1.670717286,2.463663595,1.944506093,2.465755606,1.069527769,1.748706671
CG13321,0,0.398839565,0.280984078,0,1.371323531,0.817433287
CG13323,0.567258051,0.967420201,0.343441058,0.066775902,0.166179293,0.16728912
CG13324,0.089806327,0,0,0,0,0
Drl-2,6.845936387,6.861431992,7.123863346,5.299983091,5.432279608,5.881590042
CG13325,2.279066639,2.73858332,2.623061777,1.460908527,1.131134066,2.077652076
CG3955,8.601947433,8.688321509,8.856640445,9.145863042,9.152416245,9.151256434
CG13326,0.089806327,0.36680871,0,0,0,0
CG15870,0.254209339,0.158077041,0.075540634,0,0,0
GLaz,2.579570295,2.920595882,2.997881279,1.81179629,1.228302843,0.951880893
CG17724,1.019799334,0.736253047,1.090089724,1.275723862,1.421500783,1.023432869
FLASH,3.179594973,3.314038884,3.326390953,2.715097632,3.149641186,3.199787437
AQP,0.045601845,0,0,0.033774261,0,0
CG4627,5.133592297,5.353772219,5.31901207,5.968847014,5.9155883,5.44994407
CG4630,1.995147922,1.665042273,2.299882543,1.247216179,2.092788633,0.259078775
CG4646,5.698558954,5.718260554,5.998829484,4.972235467,5.004529433,5.093659911
Pex13,6.937606779,6.796036474,6.682377498,6.368909659,6.416507724,6.340966722
fsd,3.708709662,4.263738885,4.125096329,4.098508039,4.400070693,4.151363215
CG4670,6.819517422,6.581673673,6.72552167,6.824892058,6.346266964,6.565815979
CG4676,6.346610794,6.459806622,6.636344889,4.989549516,4.565408445,5.173483835
CG4679,6.268834069,6.373278886,6.262954424,7.096880252,6.965850372,6.792339366
GstE14,0,0,0.670218812,0,0.043373527,0
CG4712,0.470264926,0.120151752,0.516062327,0,0,0
CG4714,0,0,0,0.033774261,0,0
CG4716,0,0.158077041,0,3.492666691,3.587122947,1.738111668
CG10799,0,0,0,0.852277114,0.450220187,0
CG4734,0.174348395,0.041172495,0.075540634,0,0,0.734578078
CG17047,0,0.120151752,0.075540634,0,0,0
CG17048,0.658139045,1.239176293,0.403305984,0.066775902,0.417626289,0
CG10814,0,1.239176293,0.075540634,0,0.043373527,0.035045714
CG4744,0.329880465,0.36680871,0.809481815,0,1.048393528,0
CG18278,0.214831388,0.081202514,0.215700384,0,0,0.229126454
cbc,4.811050181,4.957857296,4.860990174,5.083249218,4.220405955,4.568062655
bbc,7.816820077,7.805674193,7.497928044,8.756005886,8.586126138,8.491177607
mars,3.229843768,2.864352688,2.978332615,3.424282333,3.144670905,2.734554919
mip120,4.341145505,4.043353564,4.173175662,4.63118919,4.46331535,4.079742427
CG13332,0.089806327,0.081202514,0,0.066775902,0,0
CG6145,6.515134665,6.516106478,6.596829574,7.20250716,7.03798702,6.651236134
link,2.66970262,2.328839894,2.346373815,3.65066293,3.644584881,2.847295551
CG13334,0.43642859,0.460843657,0.215700384,0,0,1.336018175
fand,5.543294861,5.198649815,4.855642918,5.305178198,5.119187137,5.027765573
S-Lap5,0,0,0,0,0.166179293,0.102682134
CG12464,0,0.041172495,0,0,0,0
CG6209,0.089806327,0,0.075540634,0,0,0
CG13337,1.699531977,1.325032758,1.984250833,0.130597294,1.388243933,0.895787384
CG18368,1.129748022,0.736253047,1.293610521,0.306690511,1.246975234,0.713098814
CG6220,0.598192202,0.19503084,0.343441058,0.130597294,0.043373527,1.748706671
CG6280,1.289901972,0.460843657,0.343441058,0,0,0.135347252
Cpr50Ca,0.43642859,0.041172495,0.215700384,0,0,0
S-Lap7,0.687203533,0,1.015327048,0,0.24260175,0
Cpr50Cb,0.254209339,0.36680871,0.764538089,0.066775902,0,0.45295311
CG13339,2.415581085,3.1211194,2.346373815,4.164786181,3.99870807,4.135303396
CG6329,7.954675871,8.102880174,7.798538883,10.00397335,10.0816583,10.07698324
CG6337,0.292540976,0.430174687,0,0.161479554,1.404968185,0
CG6347,0.089806327,0.081202514,0.215700384,0.889646124,0.983067192,1.108154106
CG6357,3.523708064,2.985315449,2.918045209,4.102492188,4.906635386,4.379826532
Syngr,0.174348395,0.19503084,0,4.766658218,4.77290915,4.935719173
CG6543,5.606468559,5.329049281,5.530091543,4.452310744,4.063345547,3.906054069
CG6553,0.174348395,0,0,0,0,0
CG16935,5.355769881,5.311277276,5.355460106,7.03020841,7.224724422,6.779802968
CG13344,7.522929624,7.274893353,7.047361434,6.794122124,6.953824202,6.874149392
DJ-1alpha,0.715694033,1.030117199,0.764538089,1.473269147,1.757286554,1.908428757
Rpn13,6.966789866,7.084309614,7.131626937,5.919452267,5.666168906,5.713293855
St4,0.045601845,0,0.075540634,0,0,0
CG18568,0.174348395,0.520292387,0,0,0.043373527,0.035045714
CG6701,1.533416609,1.766733924,2.060599064,0.2787941,1.228302843,0.776600407
Ctf4,1.467932039,2.448440547,1.355534777,1.915079231,0.891092845,2.446431239
CG8067,5.128303526,5.041398426,5.04842104,4.992772894,5.233614924,5.274089378
CG18371,0,0.120151752,0,0,0,0
Rcd1,6.319602276,6.287658284,6.235427129,6.060789112,5.931547763,6.476612413
CG13016,6.094029488,6.045487417,6.065193637,4.248071837,4.303030224,3.894173478
CysRS-m,4.578759723,4.627012934,4.248550646,4.832903791,4.155176238,4.230975762
O-fut1,7.326506044,7.469608716,7.661996555,5.794497055,5.376135098,5.649706434
Tango7,8.093958576,8.383866913,8.356591879,8.044488359,7.878965649,7.87253542
CG8323,4.135095266,4.475675012,4.256687635,5.367758822,5.600530739,5.875560384
CG18327,1.231907565,1.14788529,1.126066663,1.317456221,1.421500783,1.820769885
CG18324,1.434040296,1.678152691,1.526797288,2.028311887,1.963277813,2.102646246
CG8331,7.359042082,7.711974073,7.689682446,7.217050306,7.217937707,7.410452405
mRpS16,4.517370929,4.627012934,4.836769886,4.666603962,4.603943051,4.010995711
VGAT,4.073137379,4.366526057,3.797158585,4.922395252,5.181180646,5.380109265
RpS23,6.993213998,7.232752237,7.320561612,5.714756491,5.546912184,5.765092977
CG8468,1.835557205,0.231061681,0.718149104,0.033774261,0.043373527,0.035045714
CG8485,6.698050618,6.620818465,6.373716218,7.184765681,6.82382279,7.240466621
Usp20-33,3.903948279,3.879918453,3.75756864,3.680287117,4.232168439,3.884598057
SmydA-1,0.925378394,0.460843657,0.280984078,2.484195386,0.166179293,0.229126454
CG8531,7.080695249,7.017218027,7.266181053,7.290703819,7.194681223,7.605215863
CG8547,1.327308948,0.988623391,2.284046452,3.507766696,2.593573794,2.965550264
tej,3.830947423,3.839644625,3.452177832,2.22386743,1.110889535,0.400167095
CG8613,3.617285833,3.666266832,4.160221217,8.589546845,8.704211844,8.46691948
CG8617,6.686401968,6.831307023,6.724788631,6.885975846,6.857247887,6.93426831
Arc1,0.996767095,1.555635393,1.443705866,0.438612949,1.190217021,0.755742239
Arc2,1.191907582,2.024557619,2.202148642,0.852277114,0.891092845,0.895787384
Tfb1,6.218704447,6.184051569,6.338690795,5.265751091,5.540304112,5.389448953
Obp50e,0,0.041172495,0,0.512338969,0,0
Dh44-R1,6.652263329,6.601163746,6.449324384,7.781097132,7.671514832,7.828735644
CG10104,0,0,0.764538089,0,0,0
CG17385,8.931886661,9.026968289,9.121385759,8.838418785,8.601398003,8.719477833
Sin1,5.884929969,6.034060284,6.210509544,6.095186174,6.208967165,6.21911783
CG17386,0.174348395,0.158077041,0,0.033774261,0.513278718,0.45295311
Cpr51A,0,0.120151752,0.147321929,0,0,0
CG12869,1.611301687,0,0.215700384,1.013304027,0,1.023432869
CG12868,4.059308803,4.155408506,4.240367503,4.269492622,4.327360873,3.995510498
CG12863,3.996837264,4.408430537,4.228005095,2.745989681,2.986994398,3.58983423
CG10131,0.567258051,0.924055416,1.414910112,0,0,0
CG10139,5.240400086,5.392070506,5.608482436,5.541429132,5.496109994,5.557052407
Adgf-E,0,1.221374389,0.280984078,0,0,0
CG12861,0.329880465,0.081202514,0.075540634,0,0,0
CG12860,0.598192202,0.71096088,0.516062327,0.582479838,0.204896494,0.400167095
CG12866,1.580650349,1.873173316,1.471938095,0.306690511,1.469991358,1.482857594
CG12858,5.402522949,5.115554827,4.694264914,5.827366989,5.932269015,6.02195332
CG10151,6.518170705,6.14975602,6.315508307,5.312076035,5.089750272,5.521196178
ND-B15,6.267030429,6.316242713,6.575845754,6.717286137,6.452649975,6.740863393
CG12857,0.292540976,0,0.343441058,0,0,0.713098814
hui,0.658139045,0.266214546,0.764538089,0.46360926,0,0
CG10202,1.270828368,0.36680871,1.443705866,1.721421233,1.635025489,1.879796878
CG10205,0.045601845,0.041172495,0.403305984,0.099039483,0.126394328,0
CG10209,5.981214103,6.193783908,6.001252954,6.406456267,6.126286665,5.965733726
Ciao1,5.64956135,5.685361968,5.856175018,5.255947216,5.292098268,5.785174204
HPS1,7.100748867,7.187338523,7.219070173,7.610962726,7.471190228,7.149945911
Cyp6a23,0.797937693,0.041172495,0.403305984,1.384434689,0.687432158,0.069260254
Cyp6a19,0.214831388,0.266214546,0,0,0.204896494,0
Cyp6a20,0,0.120151752,0.853067622,0.559476377,1.74420253,0.069260254
Cyp6a21,0,0.041172495,0,0.221328946,0,0.259078775
Cyp317a1,0.089806327,0.685217387,0,0.099039483,0.482093952,0.669156436
ADPS,8.662427854,8.309330188,8.287285805,7.506213703,7.397630566,7.552145529
Lap1,4.652455947,5.432283022,4.784262524,3.940556482,5.027661716,4.219596009
CG10257,0.43642859,0.19503084,0.075540634,2.281233543,1.928998307,2.167254804
ckn,5.078440771,4.67521569,4.976343677,4.640809779,4.404235732,4.293818583
pcs,4.940407785,5.085118189,4.847584689,5.569764939,5.55067468,5.621881423
CG7639,5.089368889,5.351728079,5.480580086,7.087111488,6.928382754,6.802544897
CG10265,5.141489278,5.558173142,5.363017431,4.635320158,4.370573792,4.079742427
CG8089,0.214831388,0.605110328,0.670218812,1.410378996,1.151098443,1.716685341
CG7544,2.67696552,3.375694412,2.505067387,2.396052074,2.431618982,3.045065475
GPHR,7.042897512,7.430679416,7.40489308,6.342201732,6.193407605,5.724072008
CG11807,6.697604327,7.112652188,7.080973263,6.380850802,6.256968465,6.210999817
Ir51a,2.39810842,1.884529365,1.818247164,0.996274402,0.043373527,0.817433287
row,8.232415374,7.9684352,7.750729175,7.45649508,7.642499675,7.627811624
CG8093,0,0,0,0,0,0.102682134
CG11808,5.109638637,5.406912745,5.295508592,3.586683197,4.0096841,3.81068193
mRpL41,5.144112028,5.27829491,5.624291172,5.638604252,5.75282741,6.035537259
CG8079,4.427648047,4.725021775,5.010428356,4.066232437,4.636172799,4.247878837
ItgaPS4,0.174348395,0,0,0.033774261,0.24260175,0.069260254
ND-51L2,0,0,0,0,0.417626289,0.16728912
CG8152,3.357373553,3.116311095,3.17146642,2.629330934,3.644584881,2.956438517
CG8155,7.606131364,7.316100498,7.283209504,8.433627531,8.097913132,7.786138124
CG8157,0.089806327,0.231061681,0.075540634,0,0.166179293,0.069260254
CG8160,0,0.041172495,0,0.066775902,0.085481031,0.069260254
Hr51,1.769147149,1.166611482,0.403305984,1.046771834,0.513278718,1.694935995
unc-5,4.480489134,3.502719138,2.545480663,4.228152741,4.160110519,4.275617849
CG8180,0.628476965,0.490874211,0.215700384,1.602674079,0.714518384,0.317180035
CG12964,1.641315334,0.833207966,0.853067622,0.438612949,0.126394328,0
GalNAc-T1,4.423335953,4.239621884,3.925196531,4.014310246,3.619726415,4.064981503
CG8187,6.030242524,6.284446992,6.54212299,7.499430937,7.364079632,7.427450681
eIF2B-gamma,6.047856867,6.32356196,6.298859034,5.757706215,5.981881138,5.665169039
CG8192,0.366277874,0.19503084,0.620641262,0.099039483,0.043373527,0.135347252
CG12963,0.214831388,0.460843657,0,0.130597294,0.279346616,0.069260254
CG8195,7.354802715,7.622399972,7.731517619,6.999023604,7.250110949,7.148446402
CG8204,3.507504182,3.653047458,3.638073273,3.328882959,2.91292501,2.510089469
CG8207,6.474031503,6.547700828,6.692160546,5.989432391,5.728119805,5.484426029
CG8249,0.045601845,0.266214546,0.853067622,1.344621878,0,0.503875743
tun,7.106139431,6.709689991,6.782989913,6.789495841,6.569450501,7.127795351
CG12970,0,0,0,0,0.767211364,0
bdg,5.244072191,3.970624645,4.481626426,4.420748185,4.036764303,4.071326115
CG8297,5.666079474,5.823784352,5.774941089,5.924524806,6.014940887,6.277446303
Mlf,9.305980979,9.399192832,9.289815348,9.26806607,9.404969674,9.362593197
CG8366,6.142053963,6.30624968,6.313559512,5.238854729,5.05573412,5.154685184
CG8314,6.010255725,6.197772337,6.121973044,6.277156296,6.445594638,6.628110783
Pex11,4.607551646,5.157115359,4.943955941,4.989549516,4.583886674,5.035357762
CG8320,5.427497984,5.820831855,5.869501286,5.07718839,4.867953507,5.133618708
CG8370,4.014144987,3.698794847,4.42498772,3.625964179,3.500293038,3.057902139
CG8386,5.656926097,5.65667176,5.941935584,4.88933892,5.061019862,4.85589109
CG8388,5.016810049,5.429378349,5.083152831,5.094295036,4.634401022,5.331601082
CG8389,5.081180571,5.360903986,5.50980971,3.266331255,3.488572151,2.565074991
Rrp42,3.807976146,3.391700395,4.06612905,3.510767824,3.878117908,3.785176999
CG8397,6.980062429,7.044683295,7.227374664,6.25942284,6.38892552,6.308213688
CG8399,2.269489461,1.972296492,1.630628187,0.161479554,0,0.135347252
casp,7.197037364,6.942445844,6.797703535,6.108124258,5.791500002,5.909596688
CG8401,0.214831388,1.256761209,0,1.831133353,2.650784384,2.503848568
SP2353,8.539816436,7.998306609,7.930280017,8.371320947,8.389806147,8.349257201
CG8405,5.449929734,5.289016991,5.4093744,6.027648651,6.19821306,6.043088767
Dg,6.051354075,6.630546316,6.556201385,5.316370495,5.883129762,5.854255885
CG8414,4.361572924,4.512738477,4.569170407,2.573016407,3.863066639,2.905268495
Asph,0.715694033,0.967420201,0.215700384,3.722319176,3.857001887,3.397891084
Jhedup,0,0.19503084,0,0,0.043373527,0
CG10731,4.545418785,4.520038263,4.973877964,4.824486066,4.541027391,4.664937002
CG10734,0.089806327,0.300531207,0.147321929,0,0.126394328,0.317180035
lbk,4.937386874,4.466258433,4.83133193,4.262387641,4.260013185,4.469025561
CG8435,3.878973459,4.28745935,4.460646621,3.714530878,3.857001887,4.13328329
Ptp52F,0.045601845,0.300531207,0.075540634,0.033774261,0,0.035045714
CG8441,4.275678299,4.505401567,4.48855244,3.322065203,3.370072664,3.260275859
clu,5.078440771,5.308118187,4.946473283,4.100501489,4.437130125,3.860377708
mrj,5.706565844,6.139721041,6.072126337,4.736210253,4.598500723,4.84235228
CG15706,3.306769987,2.565951338,3.473280255,3.997292564,3.062725462,2.781745754
Tsf3,0.045601845,0,0,0,0,1.218980474
CG15701,3.575147986,2.393858155,1.964515325,4.24086031,5.078065992,5.41378581
CG7786,0,0,0.075540634,0,0,0
krimp,1.108418423,0.901874222,0.075540634,0.306690511,2.53400048,1.879796878
CG15708,0,0,0,0,0.043373527,0
CG15704,7.338578541,7.448722233,7.509891457,6.607675776,6.466657977,6.451295459
CG15705,0.089806327,0.266214546,0.460785459,0.033774261,0,0
CG7755,0,0.231061681,0.075540634,0,0.043373527,0
CG7747,4.148219371,3.983883763,4.575689561,4.495369468,5.000408483,3.800534001
Atg9,5.666079474,4.886227226,5.19111308,5.353620493,4.659010051,5.187180396
CG8060,5.199377746,4.980523981,4.988609425,5.044426792,5.027661716,4.821175513
CG4282,5.177780861,5.206588928,5.195352547,4.287103482,4.510443041,4.757026245
CG7997,4.431947291,4.31079611,4.673141738,2.028311887,2.503265198,2.553035814
Nup62,6.848752863,7.108723642,7.09295252,6.746541485,6.611035339,6.71610794
CG6262,0,0,0,0.692297297,0.687432158,0.669156436
CG15711,0,0,0,0.066775902,0,0.259078775
CG4398,0.045601845,0.231061681,0,0,0,0.229126454
CG7848,0.470264926,1.030117199,0.809481815,0,1.048393528,1.249141988
CG4409,4.986440645,4.889049006,5.212186921,3.474335557,3.982085846,4.454536802
CG15925,0.401779573,0.120151752,0,0.066775902,1.110889535,0
CG15712,0,0,0,0,0,0.035045714
S-Lap8,0.174348395,0.460843657,0.147321929,0.334057725,0.043373527,0
CG7813,0.949569261,0.520292387,0.280984078,0,0,0.069260254
Syn2,6.322499675,6.991190825,6.940292996,4.847220884,5.54502725,5.665867962
DAT,2.64027977,2.034786448,1.964515325,4.431873797,3.936800208,2.266438654
CG4945,0.045601845,0.398839565,0,0,1.02694508,0.069260254
RpS15,8.583104314,8.889477116,8.951488653,7.170840669,7.318739417,7.394938657
CG4927,0,0.266214546,0.075540634,0,0,0
Lst,0,0,0,0.066775902,0.166179293,0.035045714
CG8311,5.71805346,5.477979626,5.876118542,5.434074619,5.337453611,5.287775834
CG8306,1.947896209,2.225464736,1.553463943,0,0,0
CG8303,0.045601845,0,0,0,0,0.426801509
CG5089,0,0,0,0.033774261,0,0
CG5065,8.25382269,8.415525371,8.285298486,8.749430423,8.799393124,8.695975633
CG15617,0.045601845,0.605110328,0.460785459,0,0,0
Acp53C14a,0,0,0,0,0.126394328,0.035045714
Acp53C14b,0,0.041172495,0,0,0,0.035045714
CG5267,0.503325831,0.231061681,0.147321929,0.488179846,0.384278962,1.759224431
CG5348,0.132696544,0.549122661,0.343441058,0.334057725,0.631684635,0.600626626
resilin,0,0.081202514,0,0,0.043373527,0
CG5522,7.657059648,7.436959846,7.684790805,7.959726675,8.179913034,8.082359643
CG15615,0,0.120151752,0.075540634,0.033774261,0,0
CG6426,0.132696544,0,0.764538089,0.033774261,0.166179293,0
CG6435,0.535646052,0.430174687,0.460785459,0.221328946,0.043373527,0.229126454
CG6472,0.567258051,0.266214546,0.280984078,0.130597294,0.767211364,0.478639091
CG15614,0.292540976,0,0.147321929,0,0,0
CG6665,5.895086317,5.997265427,6.104045605,5.713454547,5.261432034,5.558558613
CG9010,0.132696544,0.430174687,0,0.130597294,0,0.035045714
ste24b,1.670717286,2.065044865,1.293610521,0.413175903,2.02948601,0.345376129
ste24a,8.096838329,8.187977031,8.328399358,6.686430213,6.78242284,6.355336451
AsnRS-m,5.137546191,5.342493438,5.508106616,4.79401536,5.160400357,4.928747755
CG6805,3.996837264,4.762434013,4.863656388,6.735038763,6.559681353,6.476612413
Ehbp1,6.681896555,6.464070689,6.556201385,6.292496251,6.357587501,5.941117356
CG8963,7.918557632,7.554483575,7.412651726,6.968514767,6.963382578,7.115824122
SmydA-7,0.628476965,1.390218998,1.161168219,1.878371602,0.513278718,1.520440304
SmydA-6,0.132696544,0,0,0,0.043373527,0.102682134
CG9646,8.498908166,8.36511571,8.36178772,8.605514496,8.690422047,8.65678385
CG8950,3.781267427,3.592013895,3.534796412,3.61484975,3.304734795,3.81068193
CG6967,0,0,0,0.066775902,0,0.198539073
CG6984,2.190493354,2.25201121,2.168041848,2.825273752,2.732559025,2.842357653
CG15611,0,0,0,1.013304027,1.388243933,0.553062079
CG15605,0,0,0.075540634,0,0,0
Cda9,0.174348395,0,0,0.130597294,0.543803643,1.350002208
CG11400,0.045601845,0,0,0,0.166179293,0.503875743
Gbp,0,0,0.215700384,0,0,0.713098814
CG11395,0.254209339,0.19503084,0.075540634,0,1.336875487,1.057920648
CG17290,0.132696544,0,0,0,0.043373527,0
CG10953,0,0,0,0.099039483,0,0.288421873
CG18469,0.089806327,0.19503084,0.075540634,0.582479838,0.543803643,0.288421873
CG6568,5.564008863,5.86234499,5.841372532,5.821940411,5.616773771,5.34824268
CG6550,4.787757306,5.056537782,5.265580335,4.673315945,4.648514683,4.788174054
Mtap,6.593026817,6.861791136,7.091247275,6.246878435,5.798637107,5.888193689
Lhr,1.685196569,1.803093283,1.944506093,1.568517169,2.18282089,1.830776958
CG18467,4.383935904,4.148359983,4.439357217,5.884593448,5.822953676,6.026858285
mthl4,0.045601845,0,0,0.53610018,0,0
CG10764,0.089806327,0,0.403305984,0,0,0
Tes,3.973432496,4.136535374,2.92826969,2.629330934,3.788550686,2.094362876
insb,0.875744677,1.070450879,0.569299184,0,0,0
CG4847,0,0,0,0,0.043373527,0
CG4853,7.25460254,7.244092405,7.235631626,6.873789422,6.833507255,6.978823555
APC10,5.417776569,5.730898238,5.53511776,5.59614273,5.068912341,5.111214075
CG4866,5.711879189,5.939230791,5.963223845,4.897387655,4.620147924,5.024499506
eIF3-S9,8.105947839,8.200241351,8.274819907,7.060221345,6.525675835,6.660734137
MESR4,6.771981154,6.726746874,6.664140326,6.964689595,7.36301013,7.341258123
CG14480,6.64811187,6.83350595,6.838256394,6.455564355,6.293353784,6.460992471
Ns2,5.856425722,5.907575515,6.053564589,5.554576387,5.621253458,5.889391111
UQCR-6.4,5.694091404,5.354793204,5.730352325,7.175339684,6.651455025,6.790417766
Dcr-2,5.85242188,6.361136376,6.227168994,5.526679163,4.84362327,4.92758257
CG6484,0.132696544,0.041172495,0,0.943945139,0.513278718,0.837424361
CG14483,4.379490953,4.39261011,4.633073087,5.293027053,5.085866017,4.919399818
RhoGAP54D,1.782675972,2.417503913,2.284046452,2.709884029,3.572392596,3.195921362
ND-51L1,0.329880465,0.120151752,0.280984078,0.387282298,0.043373527,0.102682134
CG10936,3.798018231,3.301385161,2.299882543,3.234008068,3.655108773,2.707655061
eIF3-S8,7.203652873,7.04405047,7.06252572,5.812242471,5.870390747,6.440716286
P32,8.398962064,8.597003317,8.659389834,8.516867973,8.446819972,8.323465034
HPS4,6.248259574,6.610597243,6.291947209,7.203203026,7.604089639,6.989471486
swi2,0.567258051,0.967420201,0.718149104,0.670992382,0.914641953,0.503875743
CG10934,0.174348395,0.266214546,0,0.033774261,0,0.577040364
CG10933,0.292540976,0.334050524,1.161168219,0,0.085481031,0
Snx16,4.388367201,4.713924586,4.897876102,4.496883762,4.338286053,4.497573729
CG4975,3.056915208,2.694099758,3.548117629,1.625004195,2.082429209,1.444269594
CG4984,0.470264926,0.266214546,0.620641262,0.250347622,0.482093952,0.259078775
CG6406,4.584564259,4.398563119,4.219704242,5.206828451,5.32981026,5.491540048
CG6401,5.694986022,5.793230941,5.906172982,4.611753383,4.70868837,4.766180696
Vps54L,5.475146083,5.37908255,5.347862984,5.731575698,5.781128115,5.509562529
Ir54a,0.132696544,0.081202514,0.403305984,0,0,0
CG10931,0,0,0,0,0.085481031,0
CG5002,0,0,0,0,0,0.069260254
Sardh,0.567258051,0.460843657,0.670218812,0,0,0
OstDelta,9.183203212,9.21545871,9.319007283,6.635439336,7.096428109,6.870819047
CG18635,0.401779573,0.632309912,0.516062327,2.415398548,1.770252983,1.982113624
CG14490,0,0.041172495,0.764538089,0,0,0
Mapmodulin,8.243464519,8.334261025,8.388878737,8.215416585,8.28260579,8.245072835
CG14491,0,0.041172495,0,0,0,0
dpr13,5.801828437,5.906879584,5.845424659,5.916060638,5.853736202,5.895959227
CG5084,0.43642859,0,0,0,0,0
CG10910,0,0,0,0,0.085481031,0
CG5773,0.366277874,0.19503084,0.569299184,0.130597294,0,0.198539073
Muc55B,0,0,0,0,0,0.035045714
CG10912,0,0.120151752,0,0,0,0
CG5757,3.361887065,3.502719138,3.662777281,4.209802679,4.127731841,4.102637274
CG5098,7.684795284,7.583951847,7.518376419,8.740909159,8.523129459,8.577841854
CG5756,0.254209339,0,0,0,1.730998758,0.035045714
CG5742,5.675175143,5.348656429,5.034290771,4.79401536,5.003157091,5.41378581
CG10914,4.964350018,4.354326337,4.758707461,4.761627973,4.570976807,4.562068077
CG10915,6.738095789,6.244792746,6.313559512,6.643323463,6.687786362,6.803815527
Nup75,4.648766846,4.941640124,5.105851366,3.951641949,3.662082293,4.24974479
CG10916,5.460490161,5.606120867,5.550092195,4.711641434,4.629072598,5.151694455
CG5726,4.397189171,3.824984234,3.295129178,4.007952115,3.893013771,4.167246225
nopo,2.821604207,2.303682208,2.268034601,2.06143729,2.671666678,3.759213048
CG5721,7.980770658,7.907640233,7.966387718,6.147221193,5.974897294,5.804345086
CG14499,0.214831388,0,0,0,0,0
CG14500,0.254209339,0.041172495,0.075540634,0.033774261,0,0.288421873
CG14502,3.401885559,3.773994225,3.808273282,2.267104443,2.752298428,2.54697834
CG18536,0.132696544,0.398839565,0,0,0.043373527,0
CG18537,0.292540976,0.19503084,0.147321929,0.221328946,0.043373527,0.102682134
CG18538,0,0.041172495,0,0.033774261,0,0
CG18540,0.089806327,0.120151752,0,0.099039483,0.043373527,0
CG14505,1.150766861,1.256761209,1.526797288,0.961599966,1.547354071,0.426801509
IM23,0,0,0,0.19171458,0,0
CG18107,0,0,0,0,0.166179293,0
CG15067,0,0,0.075540634,0.438612949,0.24260175,0.426801509
GstE1,0.43642859,0.120151752,0.215700384,1.232748274,1.090356876,0.797161305
CG5174,8.176023713,8.495004335,8.344474515,7.80879413,7.923355434,7.948603287
CG12263,8.224537379,8.270363263,8.422042432,6.924744842,6.883963381,6.823681731
CG5190,4.989360669,5.141818002,5.61798845,5.770909062,5.31882046,6.071851284
CG17669,3.719301163,2.985315449,3.007557168,1.67936262,0.513278718,1.074860222
GstE11,4.241795856,4.509074686,4.526062345,3.800428278,4.309706653,4.359232632
CG10924,1.713726341,1.14788529,2.115320432,1.030134977,0.043373527,0.102682134
CG10927,2.982662438,2.817724095,2.623061777,2.76119114,2.622462659,2.974604824
mRpS28,5.251388479,5.314429462,5.492687618,5.967209273,5.906808148,5.950326074
CG5323,6.079030676,6.548593435,6.235427129,5.978634605,5.729780208,5.967435574
CG5327,0.254209339,0.833207966,0.670218812,0,0.085481031,0
CG5493,0,0,0.215700384,0,0,0
CG5335,2.964970524,3.077256612,3.188580174,5.753278278,5.685976229,5.475683205
Atg7,4.717295803,4.187853805,4.48855244,4.088499261,3.696453062,4.499143295
CG5482,8.260938796,8.497433302,8.38401189,7.708781762,7.863923268,8.055142333
SP2637,4.599929808,4.219585449,4.335628806,4.866091971,4.755083161,4.848522039
CG15071,0.366277874,0.833207966,1.126066663,0.438612949,0.279346616,0
CG15073,4.132456058,4.060977018,4.509133189,4.474000741,4.222766136,4.310005205
Vps51,5.436084589,5.298599201,5.1081017,5.263973517,5.398229439,5.398728567
List,1.580650349,1.341607518,0.075540634,2.109741535,2.80994611,2.338348121
CG17821,0,0,0.147321929,0,0,0
Cyp12b2,1.212046198,2.09468167,2.391413548,4.864919733,5.221864276,5.604487715
Mctp,2.941038672,2.713332332,1.773579932,2.997758461,3.590782154,3.032113569
CG15093,0.254209339,0.231061681,0.516062327,1.636040967,1.783103912,1.639083386
CG15080,1.064789212,1.357994016,0.569299184,4.104480145,3.179108557,2.702214374
MFS15,3.25432674,3.54269132,3.416306362,5.646812217,5.892796024,5.635504246
CG15096,0.329880465,0.761109441,0.620641262,0.961599966,0.74110543,1.263989531
CG15097,8.294379762,7.680966849,7.508614398,4.864919733,4.662491608,4.841115155
CG15082,1.363770477,0.460843657,0.147321929,0.413175903,2.202087344,1.431174109
CG15098,4.100403124,4.178657936,4.410473659,3.730065655,3.92525315,3.633364912
CG15083,0.503325831,0.430174687,0,0.19171458,0.914641953,0.069260254
CG15099,7.398843939,7.765355074,8.042485998,8.154476944,8.370910439,8.016346127
MetRS,5.930460712,5.461012565,5.687354544,5.870060095,5.859814668,6.004929642
CG15084,2.406871204,2.225464736,1.818247164,2.408978507,1.963277813,2.919404911
CG18190,0.401779573,0.19503084,0.147321929,0,0,0
Jheh2,0,1.239176293,0.215700384,0.512338969,0.204896494,0.503875743
Jheh3,0,0,0.147321929,0.53610018,1.170790315,0.646672929
DptB,0.174348395,0,0,0,0,0
sano,6.90666319,6.320952204,6.227168994,4.709030735,4.300797864,4.659332489
CG18605,0.174348395,0,0.343441058,0,0.126394328,0.035045714
CG15109,0,0,0.403305984,0.033774261,0.043373527,0
CG15117,2.662402971,3.125911732,2.597662148,2.877359226,3.523452951,3.06215577
CG15118,7.613484035,7.510037678,7.335043703,6.164951313,6.116800478,6.062327351
CG15111,7.319851855,7.287245862,7.324921524,6.816427319,6.931993317,6.973752237
CG10737,6.513614246,6.575993837,6.383038379,8.085072033,7.98043584,7.859610913
CG7137,4.877178335,4.866318697,5.099079225,4.239051782,4.042119876,3.913135744
tbrd-2,0,0,0,0.099039483,0.204896494,0.035045714
CG11906,4.909910191,4.936193635,5.020020736,4.441342221,4.565408445,3.891785574
CG10476,0,0.041172495,0,0,0,0
CG18606,0,0,0.147321929,0.033774261,0,0
mip40,5.623484574,5.594066356,5.541792261,5.123016824,5.075456584,5.183280343
CG7461,6.190435597,6.115830294,6.339648695,3.9427804,3.726701843,3.886997877
EndoB,7.743048093,7.564446913,7.551412506,7.813207107,7.756030164,7.805454873
fest,0.875744677,1.166611482,1.579646626,0.334057725,0.842809102,0.069260254
CG11961,6.036608491,6.007039633,6.258909301,2.125490111,3.572392596,4.127205945
CG10051,0,0,0.215700384,0,0,0.426801509
CG9416,2.01820582,0.158077041,1.655458917,0,0,0.478639091
CG10062,0.045601845,0.736253047,0,0,0.126394328,0.102682134
CG10073,0,0,0,0.033774261,0,0
CG10081,0.174348395,0,0,0.19171458,0.085481031,0
CG11257,3.334591723,3.469170275,3.318638787,2.363220015,3.009040512,3.014661476
cer,3.457771073,3.510069667,3.808273282,2.756141763,2.998059566,3.148701859
Arl6,0.366277874,0.158077041,0.075540634,0.605122262,0.384278962,0.553062079
CG7744,3.72631921,3.749360734,4.236258459,1.782295868,2.447850675,2.938040541
TBCB,6.0266937,6.322518624,6.335813275,4.258821986,4.61296822,4.159326577
Oseg6,4.967315051,4.148359983,4.474667002,3.507766696,3.149641186,4.100570873
CG15120,0.214831388,0.334050524,0,0,0,0
CG11007,8.029281972,8.133691968,8.141931411,6.547572941,6.456666159,6.437854742
Ir56b,0.567258051,0,0,0.033774261,0.043373527,0.16728912
Ir56c,1.741702851,1.791075026,2.635595844,0.852277114,1.562340969,2.043638334
Ir56d,0.598192202,0.80957322,1.228908645,0,0,0.988100422
CG16716,1.741702851,2.694099758,2.361543831,1.731747058,1.404968185,1.91784782
CG18367,0.174348395,0,0.075540634,0.161479554,0.166179293,0.069260254
CG15124,1.451085688,0.945900736,0.853067622,1.013304027,0.204896494,0.837424361
CG15905,0,0,0,0,0,1.023432869
CG15125,0,0,0,0.19171458,0,0
CG11018,0.366277874,0.36680871,0.403305984,0.413175903,0,0
CG15128,0,0,0,0,0,0.035045714
Obp56a,1.565076965,2.45607215,0.620641262,0.488179846,0.166179293,0.797161305
Obp56d,0.089806327,0,0,0.033774261,0,0.553062079
CG8517,0,0.266214546,0,0,0,0
Obp56h,0,0.19503084,0,0,0,0.16728912
Toll-7,8.359727773,7.828086397,7.80097522,7.286551055,7.091270746,7.100912859
CG13872,0,0,0.403305984,0,0.204896494,0
CG10822,0.089806327,0,0,0,0,0
CG8654,0.925378394,0.659006168,0.670218812,1.636040967,1.190217021,1.263989531
CG16898,0.292540976,0.081202514,0.569299184,0.438612949,0.687432158,0.528678517
CG11041,0,0.081202514,0,0,0,0
CG16894,0,0,0,0.19171458,0,0
CG11044,0,0.041172495,0,0,0,0.259078775
CG11099,0.045601845,0,0,6.250473694,6.353285383,6.597665923
Efhc1.2,0.535646052,1.37419648,0.343441058,0.306690511,1.808467373,0.373031704
CG11208,5.837915339,5.980165003,5.874797517,5.861857008,5.948759066,5.815096564
ppk6,0.771040734,0.945900736,0.280984078,0.033774261,0,0.035045714
CG9864,0.254209339,0.266214546,0,0.033774261,0,0.797161305
Hsl,6.969380223,6.640209012,6.685394739,6.170180684,6.365085474,6.062327351
CG8908,1.727782409,1.050424986,1.750716776,0.961599966,1.005172941,0.857142206
CG10444,4.017009528,4.212844319,4.350911629,4.7438827,4.705316659,4.656522048
CG11788,5.34327047,5.669037492,5.464862445,6.183877029,5.941612626,5.683922126
CG9143,4.720813975,4.460578842,4.335628806,4.306230321,4.84208892,5.195917157
CG9090,0.089806327,0.041172495,0,0.099039483,0,0.102682134
CG16868,7.480495406,7.587213384,7.560890121,7.081066897,7.305717776,6.80667036
Cpr56F,0,0.158077041,0,0.130597294,0,0
CG11200,3.073521035,2.607662155,2.865806788,1.568517169,0.792853288,1.58098111
CG13868,6.073537669,6.014811597,5.966948204,6.782683678,7.151974646,7.12906306
CG13871,0.797937693,0.632309912,1.553463943,0.250347622,0.937812835,0.16728912
MED8,4.541445179,4.816793875,4.953999061,3.79058415,4.19898875,3.774847423
CG8929,9.235636078,8.91652319,8.910173371,8.8594661,8.923286087,8.929983154
CG16739,0.292540976,0.300531207,0,0.099039483,0.659827649,0
CG13870,0,0.041172495,0,0,0.166179293,0.288421873
CG11192,0,0,0,0,0.450220187,0
CG13426,0.132696544,0,0,0,0,0
GNBP-like3,0,0,0,0.306690511,0,0
CG18067,0.875744677,0.19503084,1.443705866,0.605122262,3.601704415,2.359240143
CG13423,0,0,0,0,0.043373527,0
lms,0,0.081202514,0,0,0,0
Mgat1,5.650484002,5.58278197,5.641483013,5.438021334,5.475475354,5.31743666
Nnf1a,4.140359244,4.187853805,4.549434307,3.817495508,3.648101382,4.175122635
CG9945,6.754923484,7.119576594,7.118850314,6.16209092,6.194009163,5.493903614
CG11180,4.338857834,4.72185985,4.343290455,4.064191035,3.739944819,3.616109932
FAM21,4.329670702,4.356366801,4.539464079,5.10227557,4.821992434,4.517846093
Rcd6,0.658139045,1.128912832,0.718149104,0.19171458,0.74110543,0.135347252
CG13436,0.089806327,0.71096088,0.809481815,1.44844109,2.061484493,0.857142206
maf-S,5.974598381,6.232625232,6.224059965,6.803024422,6.583292663,6.807937363
CG11110,5.353505301,5.191809914,5.307308193,5.400488913,5.40239979,5.333361896
DMAP1,5.067429243,5.28151991,5.212186921,5.035076944,4.45530886,4.677468112
CG16799,0.045601845,0.605110328,0.075540634,0.306690511,0.573696073,0.857142206
CG11159,1.171483865,0.71096088,1.015327048,0.19171458,0,0
Lrt,0.43642859,0,0.620641262,0.066775902,0.043373527,0.069260254
CG13437,0.366277874,0.605110328,0.075540634,0.130597294,0.573696073,0.373031704
Fem-1,8.567923841,8.690446089,8.766022744,8.609981938,8.555205755,8.402226981
galla-1,5.149343268,5.183788826,5.287588233,6.321841227,6.210157132,6.210041747
CG13442,0.174348395,0,0,0.033774261,0,0.426801509
CG13443,0.214831388,0.041172495,0,0,0,0
CG15225,0.045601845,0,0,0,0,0
CG17999,0.045601845,0.041172495,0.215700384,0.605122262,0,0
CG9993,0.401779573,0.266214546,1.053192621,0,0,0.069260254
CG15227,0.715694033,1.050424986,0.343441058,0,0,0
Cib2,1.363770477,1.090202596,1.053192621,0.605122262,0.767211364,0.198539073
CG9235,0,0,0.075540634,0,0.085481031,0
CG15649,0,0,0.280984078,0,0,0
CG9344,6.470378632,6.711285212,6.924418828,4.667948859,4.531539246,4.386626352
CG15650,1.019799334,2.104426839,1.579646626,0.794343545,1.090356876,0.45295311
CG9313,0.949569261,0.460843657,0.147321929,1.397465162,1.591855642,0.623833477
CG15651,8.337413155,8.079601854,7.99828125,7.649426672,7.781269464,7.905459143
CG3216,1.171483865,0.36680871,0.976440789,0.75438697,0,0
dgt3,0.567258051,0.736253047,1.015327048,1.158148923,1.301584745,0.837424361
CG10543,5.276707195,5.245642095,5.193234371,5.40694676,5.837657298,5.614659512
CG9346,5.64956135,5.282593309,5.721560761,5.423762346,5.13054437,5.218006984
CG3295,7.76642984,7.702781774,7.802365568,7.493185263,7.436786489,7.245150952
ND-B14.7,6.845936387,7.029098621,6.845692625,7.642773357,7.722857448,7.759864319
cpa,7.977649387,8.029171746,7.93345594,6.029742383,6.358661028,6.351866001
CG15653,4.045346392,3.946446752,4.29669809,2.555684292,2.981429825,2.406842873
mRpL54,5.680605145,5.948728744,5.669180576,6.274510134,6.311762412,6.335266387
Cht8,0.996767095,0.520292387,0.936477292,0.53610018,2.061484493,0
Cht9,0,0,0,0.488179846,0.384278962,0
CG10527,4.124509339,4.134158778,4.215535837,6.299888643,6.435455352,6.2911011
Rbpn-5,5.526305785,5.325928911,5.4130194,5.541429132,5.081971276,5.415449177
CG9394,0,0,0.075540634,6.053089842,6.258119506,6.124663934
Magi,3.771122787,4.100468683,3.970425371,2.267104443,2.692251019,2.807310882
CG9406,0,0.041172495,0.620641262,0.033774261,0,0
CG15657,0.949569261,1.624980653,1.840072658,1.013304027,0.891092845,1.431174109
CG4266,5.218168986,4.765508344,4.83133193,5.244274265,5.37401312,5.089498292
hng1,4.586493926,4.889049006,4.735605487,4.423935696,4.397983655,4.642387124
CG4286,0,0,0.075540634,0.033774261,0,0.069260254
Lapsyn,1.064789212,0.856461751,0.853067622,0.033774261,1.090356876,0.797161305
CG15661,0,0,0,1.44844109,0.166179293,1.023432869
ASPP,3.665548527,3.087119794,2.202148642,2.834884778,3.913612926,3.785176999
MFS16,6.26341637,6.180024974,6.42516111,5.465350094,5.589599554,4.771385849
CG10505,0.366277874,0.945900736,0.569299184,0.099039483,0.126394328,0
CG9752,1.741702851,2.522998593,2.696682994,3.035757674,2.930358577,2.685768111
Panx,4.137729656,4.850481243,4.588640156,3.911329183,4.081665244,3.865254417
CG9485,1.713726341,1.030117199,1.882757398,3.929385175,3.456842771,3.551015097
CG15666,1.04246964,1.166611482,0.569299184,1.802029689,1.730998758,0.776600407
CG9822,0,0,0,0,0,0.035045714
CG17974,0,0.081202514,0,0,0,0.259078775
CG10795,5.203155626,5.275062685,5.584439703,5.015137111,4.563547538,4.933399108
EfSec,4.461688528,4.486894371,4.720976611,4.053940469,4.713731208,4.391705267
Acox57D-p,0.628476965,1.512369747,0.620641262,0,0,0.45295311
Acox57D-d,0.045601845,0.158077041,0.403305984,0,0.24260175,0
TAF1C-like,3.357373553,3.746251762,3.188580174,2.94991327,3.399579709,2.338348121
CG10494,2.46676418,2.440768359,2.406119653,2.085791568,1.845695598,2.652302222
twz,8.099205583,7.91527306,7.768977329,3.255637123,4.287330674,4.84235228
CG10433,3.397495653,3.487904762,3.188580174,5.800027648,5.973496459,6.054876134
CG15673,0.045601845,0.266214546,1.195435982,2.315962511,0.659827649,0.069260254
mahj,2.532300595,1.950850182,2.235467704,2.496358924,2.321413144,1.417958665
CG15674,2.655066201,2.781736218,2.597662148,3.507766696,3.286799776,3.296832454
CG10321,3.100779598,2.835386896,1.984250833,2.796050433,2.26756314,3.203643179
CG10082,7.440247244,7.683203888,7.677990265,7.321153774,7.438056631,7.471490874
ND-B12,8.209277443,8.317993833,8.377730293,8.355757987,8.352841825,8.47770703
Rae1,6.43333203,6.500507354,6.760276573,5.527420254,6.019699424,5.38096083
pirk,0.875744677,0.967420201,0.764538089,0.605122262,0.35014255,0.93342433
NC2alpha,6.688200201,6.857475501,6.964713111,5.290409867,5.054409653,5.324536254
CG15676,0.43642859,0.158077041,1.984250833,0,0,0
CG10306,7.374480711,7.587213384,7.729326517,6.378388317,6.128805816,6.301482947
CG10307,1.467932039,1.884529365,1.293610521,1.859661497,1.808467373,2.707655061
LBR,5.5600862,5.317574777,5.693362011,4.731072526,4.338286053,5.728093146
Grx-1,0,0.158077041,0,0,0,0
CG4021,0,0,0,0,0,0.035045714
lox2,0,0,0,0,0,0.102682134
CG4386,1.231907565,2.014255748,0.895375166,0,0,0
CG13492,0,0,0.215700384,0,0.450220187,0.035045714
CG4377,0,0,0,0.033774261,0.126394328,0
CG4372,0,0,0,0,0.085481031,0
CG9294,0.628476965,0,0.280984078,0,0,0
comr,0,0,0,0,0,0.035045714
CG13494,0,0,0,0.033774261,0.35014255,0
CG9304,5.785122071,5.888666526,5.759276534,5.022515467,5.061019862,5.289590923
CG9308,0.797937693,0.430174687,1.161168219,0.130597294,1.516904971,0.198539073
CG13500,0.503325831,1.203350074,0.075540634,0.852277114,0.126394328,2.043638334
CG13501,0.401779573,0.158077041,0,0,0,0.970104318
CG11475,0.658139045,1.291300791,0.280984078,1.046771834,0.767211364,0.797161305
CG11474,3.754054905,3.973286235,4.264778988,6.513566617,6.465163608,6.544691959
CG2921,6.245819641,6.05116722,6.211556415,6.656594513,6.677499003,6.141344614
Synj,6.240927361,5.931723997,5.749218891,7.474092164,7.581278907,7.558745961
CG13502,2.524269513,2.034786448,2.315546691,2.980543238,2.163293657,2.452924959
CG11073,0.628476965,1.482787903,1.630628187,0.161479554,0,0
CG6613,5.512162983,4.907257267,5.3667813,5.59967059,5.803375636,5.964598045
GM130,6.515134665,6.543677248,6.600830167,6.719233437,7.005114392,6.678852258
CG11269,0,0,0,0,0.085481031,0.16728912
CG3045,3.234773714,3.163687866,3.118872309,2.918618862,2.924570764,3.18035262
CG6758,5.326049394,5.072761434,5.103597516,5.586929714,5.608675115,5.694236131
CG11170,5.219413075,5.401982278,5.376148234,4.231794911,4.273736586,3.514230625
CG11275,0.045601845,0.120151752,1.443705866,2.927629603,2.447850675,3.005855618
MED16,5.379335796,5.290084829,5.273622104,4.640809779,4.276011181,4.46260407
Vps35,7.13015078,7.151066433,7.226857032,6.9920608,7.023168479,6.908513932
Swim,1.150766861,0.761109441,1.750716776,1.410378996,0,0
CG3292,0.949569261,0,0,0.033774261,0,0
CG3264,0,0,0.075540634,0,0.043373527,0
CG11291,0,0,0,0.033774261,0.043373527,0
Oatp58Db,0,0.605110328,0.215700384,0,1.170790315,0
Oatp58Dc,1.434040296,1.37419648,0.670218812,2.815598269,2.90706669,1.954920908
CG5819,0.401779573,0,0,0.161479554,0.085481031,0.035045714
wdp,0,0.19503084,0.147321929,0.19171458,0.085481031,1.694935995
Liprin-gamma,7.236282898,6.630124727,6.879018815,7.1610842,7.2460558,7.015478319
CG11298,0.045601845,0.041172495,0.215700384,0,0,0
Rtf1,2.625340219,2.014255748,2.150681236,1.896842161,1.485799341,2.094362876
CG13506,2.922825604,3.200500041,2.876406888,3.693554158,4.309706653,4.514745749
babos,0.628476965,1.009519467,1.630628187,0.334057725,0.513278718,0.478639091
CG6044,9.5198772,9.658887881,9.786663234,10.77532715,10.93427978,11.00474472
Mes4,2.774984138,2.875778106,3.364538998,3.379014329,3.901878019,3.544949115
mRpS29,6.15771332,6.229845518,6.365274458,6.276274781,6.0305175,6.421807113
rad50,3.01167521,2.337129237,2.491340747,3.501745646,2.970235874,3.414621347
CG10344,0,0.081202514,0,0.19171458,0.842809102,1.604503555
ppk12,0.567258051,0.36680871,0.809481815,0,0,0.623833477
CG10384,5.850817226,5.292218138,5.448971679,5.740551628,5.745459457,5.856094363
CG4752,0.045601845,0.398839565,0,1.423178261,0,0
CG4554,4.075887259,4.323367916,4.700243734,3.096946768,3.746520999,3.184260585
CG4610,5.378222296,5.333199305,5.289572403,6.307243349,6.217868085,6.025225149
CG6018,1.517322013,1.803093283,1.773579932,1.317456221,1.301584745,0.288421873
CG11362,0,0,0,0.334057725,0,0
CG3927,0.535646052,0.081202514,0.147321929,0,0,0.035045714
nsr,0.089806327,0,0,0,0.085481031,0.035045714
CG4269,0,0.785544823,0.853067622,0.099039483,0.937812835,0
CG4294,5.173935858,5.258792038,4.636195111,5.954591114,5.668767945,5.100913982
RpS16,6.950400251,7.225514448,7.199153284,5.640660625,5.69620353,5.885195778
Vps20,5.85402475,5.72774918,5.723029747,5.353620493,4.878470306,5.288683664
CG4329,2.01820582,1.982901267,0.403305984,0.926071582,1.388243933,1.91784782
CG17807,4.451136902,4.840311581,4.682232424,3.504759312,3.736645454,3.735439142
CG3732,6.203696687,6.037243577,6.15390937,5.296509264,5.194468955,5.40376513
CG2852,11.32807307,11.5364989,11.63878677,8.773213097,8.659830144,8.691692263
Cyp6d2,0,0,0,0.2787941,0,0
CG4250,0.470264926,0.856461751,0.620641262,1.013304027,2.113286957,1.508021199
RYBP,8.489657733,8.47354523,8.347334829,7.396913931,6.946702871,6.796494074
Obp58b,0.401779573,0.460843657,0,0,0.513278718,0
CG13526,0.254209339,0.158077041,0,0.130597294,0.573696073,0
CG13527,0.174348395,0.398839565,0,0.813914366,0.384278962,0.817433287
CG12490,0,0,0,0.033774261,0.085481031,0
CG9826,0,0,0,0.19171458,0,0.198539073
CG3649,0,0,0.215700384,0,0,0
CG13531,2.815035725,2.25201121,3.064288076,3.566634217,1.951941571,2.491285186
CG13532,8.256097603,8.440144835,8.406584682,6.989642748,7.070127282,7.071938793
PIP5K59B,9.898435339,9.230346367,9.212181767,10.33467251,10.40825365,10.34151305
EMC8-9,6.715349117,6.91051468,6.922502136,6.4156922,6.279816599,6.38025061
CG3499,6.465668452,5.987424549,6.254852803,6.611874524,6.452147165,6.507743825
asrij,6.61871228,6.904949179,6.890830252,6.487525285,6.854967405,6.7517675
MED23,4.854937112,5.541231981,5.45605586,4.278324924,3.424399841,1.927205787
CG3700,1.65609121,1.918070837,2.079071103,1.013304027,1.371323531,1.672853741
nahoda,0.875744677,0.988623391,0.670218812,0.099039483,0,0.373031704
CG3788,0.567258051,0.266214546,0.147321929,0.53610018,0.513278718,1.156697169
CG3800,8.395113827,8.450926874,8.331532455,7.59955549,7.598420679,7.630499487
CG9849,5.580562206,5.8537041,6.131960184,5.421372086,5.011371633,5.700389326
CG3831,3.547677671,4.110174971,3.93029255,2.936584415,3.984869551,3.727426644
CG9896,5.636581879,5.874498331,5.780595383,5.431701398,6.102773592,5.76835085
CG9890,4.624554966,4.940280428,4.414115886,4.587795238,4.248476448,3.898937461
CG3085,0.535646052,0.398839565,0.215700384,0.066775902,0.043373527,0.553062079
Art7,5.097510994,5.086348063,4.910824387,5.15406004,5.161631047,5.437718929
CG13538,0,0,0,0,0,0.135347252
CG9876,0,0.36680871,0,0.033774261,0.450220187,0
RpL37b,0.366277874,0,0.280984078,0,0,0
Klp59C,0.292540976,0,0,0,0,0
Klp59D,1.191907582,0.398839565,0.976440789,0,0.085481031,0
CG13545,0.174348395,0,0,0,0,0
CG9899,0.045601845,0.158077041,0.809481815,0,0,0
CG13539,0.850272436,0.685217387,1.053192621,1.247216179,1.283610278,0.528678517
LS2,0,0,0.147321929,0,0,0
CG3092,0,0,0.075540634,0.099039483,0,0
RpL22-like,0,0.120151752,0,0,0,0
CG3124,0.089806327,0,0.075540634,0,0,0
CG13541,0,0,0,0,0.043373527,0.776600407
CG9861,0,0,0,0.033774261,0,0
CG9863,0,0.158077041,0,0.033774261,0,0
CG3500,5.613109767,6.066204941,6.108548392,4.639439331,4.759966679,4.887395723
Ice1,3.01167521,3.363572301,3.625560804,2.607068206,2.797333108,3.260275859
Golgin245,6.411727437,6.028312596,6.075580234,6.714034785,6.903588336,6.998655042
yellow-d2,2.259848281,3.087119794,2.518664653,2.849182322,3.183961797,3.241644223
eIF2B-delta,5.851619776,5.644199121,5.508106616,4.963499893,4.837476054,4.678853762
CG3520,5.365916731,5.86162689,5.798820275,5.378477764,4.607559896,4.968947465
CG9812,0.973361179,1.467766366,1.161168219,0,0,0.069260254
CG9815,0.470264926,0.71096088,0.853067622,0,0,0
SkpF,0.089806327,0,0,0,0,0.577040364
Or59b,0,0,0,0.19171458,0,0
Or59c,0,0,0,0.033774261,0.085481031,0
CG13558,0.214831388,0.041172495,0,0.033774261,0.126394328,0
CG13559,0,0.041172495,0,0,0,0
CG3906,0,0.041172495,0,2.019910315,3.0991506,2.190756053
wmd,7.792785445,7.73548592,7.758271095,7.439271512,7.36701668,7.318991719
levy,9.111977373,9.286869605,9.368420284,9.413512815,9.290941046,9.464025704
pita,5.64586483,5.447676609,5.808539146,6.595359164,6.220232419,6.224820813
Rrp4,4.565124288,4.394597177,4.56262166,3.092947253,3.550011169,3.924861831
ItgaPS5,0.214831388,0,0.280984078,0,0.166179293,0
CG17664,1.399333176,1.729434478,1.526797288,0,0,0.400167095
CG4019,3.062471748,2.694099758,3.466280354,0.130597294,1.110889535,0
St1,0.174348395,0,0.215700384,0.161479554,0.687432158,0
mRpL43,4.999534461,5.107097093,5.114831719,4.903109384,4.928488979,4.764876469
sigmar,5.502997419,5.796991795,5.86018584,6.036005409,5.945904737,5.674923285
Sesn,4.736540434,5.090031408,5.158913647,3.658802769,2.143498487,3.501757718
CG18128,0.132696544,0,0,0,0.043373527,0
CG13560,0.292540976,0.120151752,0,0,0,0
CG11300,0,0,0,0.066775902,0,0
CG5532,7.537466628,7.678114682,7.735889864,6.275833822,6.075610268,6.094870707
CG9850,0.045601845,0.879346663,0.620641262,1.81179629,1.963277813,1.738111668
CG5539,0,0,0,0,0.043373527,0
CG5543,5.179060255,5.139450099,5.353564573,5.066010305,4.684919214,4.338340501
CG4797,1.064789212,1.203350074,1.090089724,0.605122262,1.265409039,1.023432869
CG4763,0,0,0,0.2787941,0,0.373031704
CG5549,0.045601845,0.300531207,0,4.654443133,4.220405955,3.492331758
Snap29,6.444014201,6.571170295,6.828736324,5.517010176,5.590513657,5.285958457
CG5554,7.601844812,7.364297535,7.415380139,6.10663731,6.432909357,6.463406574
eIF6,4.388367201,4.571885163,4.339464716,3.492666691,3.601704415,3.952621587
Pym,4.920657837,5.036316462,5.197467618,4.625662769,5.034395336,5.016849807
CG5569,5.508096586,5.905486714,5.779183885,6.406859061,6.426268666,6.523639665
CG5597,0,0,0.516062327,0,0.659827649,0
DCP1,4.764082179,4.846131591,4.682232424,4.849593313,4.817314757,4.833670048
Upf3,4.899081876,4.840311581,4.741415754,4.427116179,4.104882403,4.478604523
CG17658,0.925378394,1.050424986,0.853067622,0.130597294,1.265409039,0.45295311
CG5339,6.578072173,6.741654355,6.722587278,6.053604407,6.043259486,5.9440014
CG13562,1.019799334,1.009519467,1.703873911,1.232748274,1.090356876,0.400167095
CG3735,4.897528318,4.927985154,5.490964179,4.116350699,4.0096841,4.037161117
Orcokinin,0.174348395,0.659006168,0.516062327,3.147955969,3.844795359,3.633364912
CG2970,6.629982881,6.671275616,6.71448679,6.815214006,6.957017369,6.852209936
fzr2,0.535646052,1.109687544,0.215700384,0.438612949,0,0.317180035
CG3803,6.701615977,6.753702656,6.733560607,7.360779061,7.319842233,7.399988445
thoc5,4.840455968,4.997620176,5.121530489,5.472294608,4.664229241,5.178390404
CG16787,5.639373041,5.936505565,5.7820055,6.275392727,6.021056128,6.163289685
CG13566,0,0,0,0.066775902,0.085481031,0.229126454
Fmo-1,1.150766861,0.833207966,0,0.161479554,0,0
CG10904,4.637642601,5.168773162,4.642418964,5.086270111,4.589384305,3.697660782
CG3065,4.048149705,4.190143642,4.26880771,4.48319755,4.065976932,3.795433142
Gadd34,6.614935761,6.77750154,6.773096798,7.855577554,7.526926312,7.620799655
Pask,5.255032757,4.8591414,5.161082779,5.772160197,6.180716599,5.711940906
CG3860,7.008767294,7.021081923,7.260628535,8.793994846,8.8464509,8.702376936
CG4324,0.628476965,0,1.090089724,0,0,0
CG3121,0.366277874,0,0,0,0.659827649,1.377570087
CG3907,8.188623556,8.2931773,8.420458819,8.592736842,8.602304662,8.659769221
CG11388,7.292332859,7.351823216,7.57925512,7.208295807,7.184727953,7.367703812
CG3163,5.630983301,6.029591841,5.610071127,5.235230361,5.150516853,5.049352411
MAN1,5.617834839,5.581038049,5.917765067,5.293898394,5.225399531,5.322764629
Not11,6.005215459,6.071182884,6.265980841,5.678517848,5.877148941,5.985464792
IntS1,4.377263332,4.5273013,4.009471928,3.888436694,4.137772131,3.234123669
ppk29,3.639761709,3.574591625,3.746054773,4.59205216,4.29183372,3.9730964
CG13563,2.579570295,3.403589413,3.10991715,2.730626341,2.853242961,3.032113569
eIF-5A,9.115907368,9.401479681,9.470007045,6.472595643,6.443572473,6.628827887
RpL12,7.303227532,7.621975996,7.588955026,6.459841063,6.269008841,6.382378374
yki,6.37256392,6.641882894,6.696653521,5.982963422,5.562835464,5.802439421
CG3209,7.014870318,7.004263119,7.254038798,6.119964989,6.178286555,6.581087986
CG10339,0,0,0,0.19171458,0.166179293,0.035045714
CG16786,1.064789212,0.398839565,0,0.306690511,0,0
enok,4.490829011,5.204325065,5.053100541,5.104263825,4.605752607,5.321877999
CG4049,5.144112028,5.73874094,5.521675403,4.877762269,5.201665864,5.711263956
CG3257,8.71552346,7.741938718,7.795400391,9.735659198,9.929631573,9.8581208
CG4065,6.278415584,6.337573642,6.402421016,5.252365588,5.606869223,5.683231896
CG3328,2.180307622,2.805827604,2.284046452,1.142754737,1.985686517,0.951880893
mRpS17,5.989988138,6.110399913,6.193655471,5.761490802,5.525085313,5.838223501
cN-IIIB,6.255554712,6.398252225,6.5847608,6.830908036,6.391550259,6.649470361
CG3356,6.599730047,6.058078971,5.98420254,6.957833602,7.138912202,6.990866697
CG11406,0.875744677,1.406065524,0.569299184,0.90797381,0.279346616,0.373031704
Ir60a,1.345654897,0,0.895375166,0,1.005172941,1.140696948
CG13575,1.327308948,0.632309912,0.895375166,0.099039483,0,0
CG3376,3.764319846,2.303682208,3.687065381,0.605122262,0.714518384,2.28839032
CG13577,0.254209339,0.430174687,0.147321929,0,0.315178801,0.400167095
CG3394,1.04246964,1.803093283,1.293610521,1.905989513,0.204896494,2.553035814
CG13578,4.153435765,3.708411938,4.395812096,2.781213753,1.62077859,2.553035814
Slik,3.224896917,3.813147705,3.768991345,3.507766696,3.616139981,3.460459539
CG15873,0.329880465,0.490874211,0.936477292,0,0,0
Pgam5-2,0,0,0,1.752179603,0,0.069260254
CG3483,0,0,0.147321929,1.68999278,0.043373527,0.16728912
CG4563,0,0,0,0.099039483,0,0
CG3492,0.366277874,0,0.403305984,1.460908527,1.371323531,0
CG3494,0.329880465,0.081202514,0.403305984,0.066775902,0.043373527,0.035045714
CG13579,4.792780393,5.010634604,5.064733316,4.385212735,4.609364925,4.790739602
CG13581,0,0.120151752,0,0,0,0
CG4612,9.83151794,9.094993666,8.956804985,10.04718281,10.16885159,10.19544189
CG13585,6.828921076,7.172938935,7.199680951,7.158455346,7.122889997,7.276378495
CG4622,4.912989126,4.449152138,4.795476632,4.936971249,4.418719402,4.481783428
CG11413,0.089806327,0.041172495,0,0,0.085481031,0.102682134
ITP,2.240370452,2.0749916,1.984250833,2.882002335,3.259472137,3.896557436
CG11414,5.089368889,4.127005407,4.236258459,5.224302303,5.267160365,5.379257196
uri,3.982253839,2.942493253,3.780324319,4.068270955,3.637526062,3.808151632
Fcp1,5.405805186,5.182639307,4.978805184,5.877635707,6.248306256,5.669357508
CG3511,5.113658634,5.630775035,5.154565575,5.774034868,5.278549241,5.116336675
Start1,6.327700374,5.999878364,6.265980841,5.032990945,5.094913064,5.45884379
CG13587,0.329880465,0,0,0.066775902,0.043373527,0.259078775
ATPsynF,9.472729544,9.653089664,9.779356919,9.721197369,9.595105717,9.750628212
CG3548,7.803609133,7.452303875,7.316188485,6.672762284,6.719051653,6.711714801
CG3565,0,0.041172495,0,0,0.043373527,0
CG3570,4.525440398,4.201538629,4.588640156,4.460094659,3.706606621,3.23034864
CG4707,5.181615645,5.86378012,5.11034853,5.320652209,5.694504007,4.676081129
Adck,2.46676418,2.084870226,2.185196033,3.446394596,3.730024001,3.915488598
CG4741,0.743632778,0.605110328,0.670218812,0.19171458,0.204896494,0.288421873
CG13594,5.866784005,5.260972089,5.307308193,5.248775046,4.971227455,5.397887428
CG3640,0,0.36680871,0.343441058,0.75438697,0,0
CG4781,0,0.430174687,0,0,0,0
CG3663,0.329880465,0.120151752,1.161168219,0,0,0
ND-19,7.232898916,7.487872278,7.481531657,8.628232903,8.493014936,8.697429086
Pof,4.370559756,4.458680665,4.399491479,4.569202034,4.294079983,4.439901056
Mmp1,1.399333176,1.861727169,1.924215439,1.657864397,3.0991506,1.973106214
ST6Gal,6.530752548,6.346326503,6.619880087,10.20524449,9.99132224,10.04443237
spz6,2.885694823,1.665042273,2.918045209,0,0,0
CG3880,1.416791103,1.128912832,0.670218812,0.961599966,0.513278718,0
CG3894,5.90903195,5.66657281,5.819566842,6.808827318,6.95737173,6.922033782
Eps-15,7.840258703,7.870643959,7.815163159,7.930749011,7.977643559,7.957479087
CG3594,3.955626328,4.107754514,4.160221217,3.962642887,3.931038232,4.181001851
TyrRS-m,4.615133428,5.01967535,4.565899749,5.4807372,5.181180646,5.310301956
CG3589,3.051337184,3.3837196,3.255074579,2.428153554,3.19842432,2.540895325
CG3611,0,0.041172495,0,0.099039483,0,0
CG3650,0.045601845,0.041172495,0,0,0,0
CG16896,4.688837231,4.337897889,4.879551019,4.56487705,5.037080008,5.145694335
Ance-5,1.467932039,0.632309912,0.718149104,1.142754737,0.937812835,0.259078775
CG9083,0,0.041172495,0,0,0,0
Tpc2,0.824342362,0.967420201,1.293610521,0.033774261,0.279346616,0
CG2811,4.892857581,5.072761434,5.275625562,5.191947675,5.092333977,5.095736227
Tina-1,9.087148049,9.254685996,9.457155278,8.629614033,8.553214419,8.59858096
CG15861,2.632829333,2.189292071,1.553463943,1.142754737,1.606389595,0.102682134
CG3770,1.947896209,2.522998593,2.346373815,0.53610018,0.315178801,0.755742239
CG12851,4.916061503,4.980523981,4.866317684,4.058049439,3.965269873,4.131260352
CG2765,3.515628873,3.798214159,3.945473488,4.145606678,3.931038232,3.68943509
CG3776,6.777904008,6.86215019,7.133285142,6.669073141,6.583751789,6.685760625
Phk-3,0.045601845,0,0.343441058,0,0.384278962,0
CG2736,0,0.300531207,0.569299184,0,1.265409039,0
CG3829,1.713726341,2.811788112,1.818247164,0,0.043373527,0.16728912
Nplp1,3.87266161,3.602367154,3.154147217,4.299304411,5.33199821,5.113265298
CG9380,0.43642859,1.109687544,1.053192621,1.111464636,0.573696073,0.259078775
CG6845,3.661892795,2.74482761,3.674972442,4.058049439,3.662082293,3.81068193
p130CAS,7.733936496,7.315838383,7.145387424,6.204412513,6.69757672,6.5351608
CG7049,4.017009528,4.278878783,4.343290455,3.953848858,3.472794688,3.339511684
Vdup1,0.771040734,0.490874211,1.015327048,0,0,0
CG13875,2.719791439,2.515713808,2.33104259,0.813914366,0.204896494,0.229126454
rno,3.575147986,4.078387786,3.857256209,4.064191035,4.346967017,3.613213931
mri,6.704728455,6.59036845,6.980766528,5.509528146,5.280816267,5.545705459
CG13876,3.297375554,3.894033778,3.975364376,3.860477415,2.22109989,3.830766125
thoc7,6.882128555,7.111444544,7.308870351,6.639215381,6.640463059,6.527490275
CG16940,5.965729959,5.611256412,5.766417878,6.493605852,6.551724256,6.690576874
CG13877,0,0,0.147321929,0.306690511,0.279346616,0
pyx,0,0.36680871,0,0.130597294,0.279346616,0
wac,4.045346392,4.192429851,4.362268432,3.933864083,3.922351887,3.761830571
Tudor-SN,7.981504095,7.660675856,7.734433921,7.176993686,6.839286883,6.76780791
mRpL17,6.000881171,5.995957182,6.381178759,6.282873051,6.428315213,6.471424534
ttm2,0.797937693,1.452586776,0.343441058,1.142754737,0.417626289,1.391158966
mthl9,0.132696544,0,0,0,0,0.317180035
mthl10,1.699531977,1.090202596,2.545480663,0.033774261,1.190217021,0.817433287
CG1231,5.639373041,5.258792038,5.445416502,6.328234806,6.119336233,5.834498281
CG1233,5.063278155,5.295412197,4.971408029,5.167434188,5.41277323,5.263045953
CG13884,0.214831388,0.041172495,0.516062327,0,0.043373527,0.102682134
CG13891,0.824342362,0.430174687,0.280984078,0.033774261,0.043373527,0
CG17180,3.590613615,3.84546732,3.763291298,3.287484602,3.277747957,3.557055681
Cypl,7.084455261,7.144291881,7.364990978,4.983081073,5.121718705,5.396203677
Hipk,7.085820112,6.634755442,6.203160102,7.027067687,7.383987374,7.362539541
Ppm1,0,0.430174687,0.075540634,0.066775902,0,0
Kah,1.251499213,0.334050524,1.703873911,0,0,0
MED14,4.706689516,5.167611612,4.539464079,4.340369744,5.184816885,5.186206371
CG13893,3.919340804,4.437634207,4.308488006,4.54305548,4.851270638,4.484955345
Gale,6.766884996,6.274770005,6.382108869,6.690406209,6.865578947,6.52093811
CG3402,8.621489,8.95220709,8.813336489,5.600375128,5.983969716,6.077115317
MED30,5.179060255,4.670303227,4.983715633,4.396614694,4.300797864,4.242266455
Rev1,4.431947291,4.127005407,4.047489478,4.193085667,4.408388782,4.384929399
CG17129,0.132696544,0.520292387,0.215700384,0.130597294,0.043373527,0.198539073
CG3386,4.753815541,4.911426737,5.188988666,5.076175772,5.066286309,4.371281437
ebd1,5.389318815,5.350704922,5.188988666,5.192882234,5.426148145,5.432799718
CG3344,0,0.549122661,0,0.033774261,0,0.035045714
RabX6,5.912881933,6.033422782,6.0904523,5.00453071,5.047769017,5.062151156
CG13894,4.874021933,4.870607999,5.020020736,4.593468347,3.630432534,3.476483662
CG13895,3.017408402,3.284339015,3.295129178,3.339049561,2.986994398,3.10401622
CG13896,1.308726695,1.221374389,1.984250833,1.497677144,1.170790315,1.23414005
hng3,4.334271581,4.317095707,4.620516987,4.65579941,4.614766499,4.275617849
CG13898,1.108418423,1.982901267,2.150681236,1.52167906,0.792853288,1.544962321
CG13900,4.987901396,4.804889679,4.900475072,3.315215075,3.931038232,3.532740095
CG13901,4.465887664,4.757810197,5.114831719,4.797706007,4.381177765,4.623802218
CG13887,9.000069228,9.163601466,9.252538233,8.024416605,8.004983338,7.919740209
CG13902,5.757982847,6.061835107,6.026456598,6.152995411,5.844570211,5.873141447
Gr61a,3.928498101,4.157750382,4.539464079,4.948084194,4.627292075,4.206205178
cep290,3.519674124,3.359508856,3.423552365,3.812639725,3.665556453,3.70583984
CG13890,3.843911495,3.854157537,3.980286531,2.967495656,2.797333108,3.256568731
dpr20,6.681445239,6.262853743,6.431464627,6.138516301,6.23141039,6.429647489
CG12502,4.02841115,3.951854743,3.548117629,4.267719654,5.255680867,5.125511768
CG13907,2.953054221,2.887113751,2.800516622,4.295828947,4.374824738,4.735881051
CG13905,0.045601845,0.785544823,0.075540634,0.033774261,0.043373527,0.035045714
CG12038,9.343763187,9.353507946,9.442517061,7.343629358,6.980917767,7.212275909
CG9205,7.36270615,7.463705742,7.376237917,6.743993239,6.544666656,6.574403101
CG13912,0,0,0,0.2787941,0,0.16728912
Trh,1.670717286,0,1.293610521,2.868027938,2.975843706,3.019044331
CG9119,6.479233898,6.704893717,6.817091142,5.641345432,5.862844325,5.964029869
CG9194,0.089806327,0,0,0,0,0
Psf1,0,0.158077041,0,0,0,0
CG9129,0.089806327,0.430174687,0,0,0.085481031,0
CG9134,1.064789212,1.070450879,0.718149104,2.90499634,2.503265198,2.54697834
CG9149,5.16621497,4.976549768,5.207996708,5.124976718,4.919787225,5.060025901
CG2277,6.132179844,5.943309001,5.774941089,6.262987012,6.499148439,5.799257708
CG2469,7.849729418,6.675776316,6.826688111,7.296801976,7.296224058,7.214666192
CG9186,6.819107174,7.013343754,7.294121769,5.851833002,5.906808148,5.984904776
Sherpa,5.670634477,5.326969785,5.496128331,6.314131342,6.570840709,6.760628146
CG9184,0,0.19503084,0.569299184,0,0,0
msd1,0.214831388,0.19503084,0,0.306690511,0.279346616,0
msd5,1.822517503,1.526936274,1.964515325,1.497677144,2.113286957,2.565074991
CG2211,5.956806685,6.489858547,6.233367023,5.974836206,5.898712461,5.543425321
CG2199,5.42318544,5.54749663,5.780595383,4.757843746,5.058379412,5.296828533
CG9168,0.089806327,0,0,0,0,0
FucTD,0.174348395,0.081202514,0,0,0.126394328,0
CG9173,0,0.081202514,0,0,0,0
Iml1,3.658227777,3.379712586,3.19706152,4.358807683,4.1201555,3.917837622
CG12091,9.191071766,8.935925919,9.033989082,9.534429418,9.473837198,9.380108108
CG7852,5.778384977,6.122439786,5.673745577,6.233769994,5.838427037,6.494427755
Cct2,2.106919896,1.497654644,2.315546691,2.900426764,3.464840777,3.735439142
CG12099,8.139523054,7.7173424,7.5743806,7.564240842,7.701862542,7.534076342
Pex10,2.904379665,2.969405704,3.600205523,3.20835738,2.841004452,2.702214374
CG12003,0,0.19503084,0.460785459,0.413175903,0.279346616,0.102682134
CG7879,3.811280235,3.857042682,3.751823193,3.666896939,3.550011169,3.473293045
CG12004,7.361016198,7.117773429,7.245886813,7.808489289,7.917721507,7.744892952
CG13917,7.549387457,7.74232887,7.569081218,8.530239926,8.296817203,8.279388112
CG12104,5.414521486,5.944665847,5.985427132,5.751376423,5.808884321,5.519650434
CG12105,0.850272436,0.924055416,0.718149104,0.033774261,0.085481031,0.035045714
CG13926,3.621056213,3.622853407,3.722747647,2.877359226,2.092788633,2.302841372
ABCB7,6.080400667,5.817873303,5.956995134,6.988566755,7.121625796,6.997267346
GC,5.634718099,5.461960433,5.59891337,5.482266923,5.739702698,5.820128492
CG13928,10.87976778,10.56654707,10.41224097,10.24765817,10.31907199,10.35153963
metl,5.367039766,5.358869933,5.326762236,5.647494111,5.323226431,5.531970258
CG13919,4.278068294,4.449152138,4.595072117,3.770692062,3.847856687,3.924861831
CG17249,4.127163112,4.327534291,4.240367503,4.306230321,4.177248803,3.999951831
CG7967,6.813351416,6.790010395,6.903193854,7.195529985,7.351462631,7.174710976
CG7970,4.791107973,4.942998539,4.973877964,3.408277752,3.672479775,3.820758977
CG7971,9.700504095,9.833240494,9.896682136,10.40266787,10.18248078,10.13078293
CG7974,4.039723371,4.416276166,4.06612905,4.561986507,4.915416587,4.43006075
CG13930,0,0,0,0.649368125,0,0
CG12011,2.483429492,2.947916056,3.17146642,1.782295868,2.758818664,2.052217245
CG13931,0,0.041172495,0.147321929,0,0,0
CG7991,5.154555607,5.414766609,5.299452525,3.035757674,2.936123263,3.457233245
CG18171,0.628476965,0.300531207,0,0,1.43784607,0.135347252
CG12035,0.214831388,0.19503084,1.228908645,0,0.631684635,0.229126454
Oseg4,1.434040296,0.736253047,0.936477292,1.261540434,1.02694508,1.20365991
CG18173,0,0,0,0,0.126394328,0
Gk2,6.449855855,5.800742872,5.931807837,4.955812633,5.035738296,4.502277314
CG13921,6.743294478,5.694262314,5.807154738,7.781252482,7.641176863,7.825767831
CG8001,5.514191892,5.374055882,5.450745988,6.339672328,5.725625611,5.957765116
CG13933,4.970274004,4.948419446,4.968933858,5.902413824,5.810454376,6.208603447
CG2021,6.037314089,6.07242469,6.172307164,4.635320158,4.548573234,4.582941022
mRpL46,5.170080579,5.199786652,5.235018049,5.776530645,5.53271478,5.631216182
CG12020,0.329880465,0.430174687,0.764538089,0.099039483,0.166179293,0
Cpr62Ba,0,0.041172495,0,0,0,0.035045714
Cpr62Bb,0.045601845,0.081202514,0,0,0,0.035045714
Cpr62Bc,0.925378394,1.291300791,0.620641262,0,0,0
CNMa,0.366277874,0,0.516062327,0.033774261,0.043373527,0.035045714
CG12024,7.901801268,7.895939398,7.960172681,7.662304608,7.677119409,7.715320168
CG12025,8.140836814,8.196402141,8.134775174,8.17979905,8.192912057,7.959048139
CG13924,0.687203533,0.833207966,0.460785459,0.670992382,0.35014255,1.790325325
CG13937,7.988270764,7.865996756,8.084233872,7.919783471,7.709455953,7.602297889
dsb,0.925378394,0.120151752,0.343441058,0.099039483,0.043373527,0
CG5687,0.214831388,0,0.809481815,0.692297297,0.842809102,1.927205787
Mfap1,4.755531729,4.16242276,3.763291298,3.990858822,4.073842413,4.448050349
Cnb,0.949569261,1.239176293,2.361543831,1.81179629,0,0.035045714
SCOT,5.784281653,5.663280004,5.79183792,5.966116413,5.859814668,5.692179221
CG11815,0,0,0.215700384,0,0,0
CG15822,0.329880465,0.158077041,0.718149104,0.066775902,0,0
CG15879,0.089806327,0,0,0.099039483,0,0
CG15820,0,0,0,0,0,0.069260254
CG13810,0,0,0,0,0.043373527,0
CG8960,0.567258051,0,0.215700384,0,0,0.259078775
CG15878,0,0,0.343441058,0.221328946,0.35014255,0.069260254
Oseg2,0.254209339,0.231061681,0.516062327,0.2787941,0.384278962,0.035045714
CG9018,6.352859582,6.381818414,6.558671609,5.706927147,5.584102745,5.803710144
CG1275,4.05652711,4.426023581,4.453585002,6.302488705,5.95587028,6.315358702
CG13807,4.607551646,4.670303227,4.569170407,5.038200297,4.839015315,5.047208205
CG13806,1.212046198,0.736253047,1.126066663,0.033774261,0.166179293,0
yellow-g2,0,0,0,0,0.085481031,0
MsR1,3.259173868,3.240821101,3.473280255,3.449526004,3.496396646,2.465825364
CG13801,0.658139045,0.430174687,0.403305984,0,0,0.288421873
CG1317,7.20992528,6.870740791,7.091815914,7.5125905,7.876531909,8.12923182
CG8993,6.042243642,6.246994038,6.358674324,6.879605321,6.702235682,6.776247276
mRpL23,5.141489278,5.224573075,5.297481907,6.250473694,6.189792981,6.145860617
CG9004,3.605915209,3.839644625,3.619263638,3.971383636,3.984869551,3.575027147
CG15877,2.307422518,2.123721891,2.022929939,2.781213753,2.211624936,2.718475266
CG16762,0.089806327,0.300531207,0.215700384,0,0,0
Cyp4d20,0.824342362,0.901874222,2.168041848,0,0,0.229126454
CG1146,0.214831388,1.541357195,1.293610521,0.130597294,0,1.249141988
CG16758,4.696004676,5.148898481,4.897876102,3.474335557,4.042119876,3.790314184
CG16985,3.388675562,3.646392069,3.423552365,2.900426764,3.019938508,3.036443803
CG16986,4.989360669,5.27829491,5.368659558,6.834206162,6.94312898,7.11121296
MEP-1,1.848480104,1.803093283,1.355534777,1.317456221,1.516904971,1.800545063
CG14949,0.254209339,0.158077041,0,0.360915446,0.24260175,0.198539073
CG1143,0.254209339,0.605110328,0.075540634,0.852277114,0.543803643,0.817433287
CG1246,0.503325831,0.36680871,0.343441058,0.413175903,0.543803643,1.307636778
Non2,9.985237999,9.941137956,9.922564597,8.140255031,7.972218087,7.870111402
CG9977,6.407913144,5.908271111,6.150638205,6.938461657,6.921860883,7.214427342
CG12093,5.736419295,6.152107081,6.242614423,6.352275234,6.095064689,6.193656444
mRpS35,5.862012499,6.209671889,6.12642031,6.709143977,6.627606565,6.604244125
pgant6,4.998085447,5.214484592,4.86897408,4.803836182,5.063655489,4.81362652
spz5,0.628476965,1.185097719,0.809481815,0,1.663104036,0
CG9970,0.045601845,0,0,0,0.482093952,0
Or63a,1.611301687,1.274134361,0.075540634,4.690622352,4.523903543,5.064273285
CPT2,0.045601845,1.597641216,2.097309615,0.733985886,1.43784607,1.391158966
FMRFaR,1.769147149,2.0749916,2.133109169,2.329623349,2.671666678,2.760962381
CG2162,3.903948279,3.502719138,4.004648512,4.836496406,4.461317889,4.338340501
scramb2,6.132840225,6.342214124,6.549593368,7.020502472,6.670599784,6.702888185
CG1271,4.234430635,3.975942924,4.151519842,4.640809779,4.203775681,4.449674698
CG16753,4.459584368,4.725021775,4.636195111,4.706415303,4.397983655,4.895761495
CG11486,7.100411287,6.844450594,6.923141316,7.613756882,7.804696913,7.876616739
Cht7,0.214831388,1.526936274,0.147321929,0,0,0.035045714
CG11537,6.429036916,4.748517869,5.464862445,9.108525202,8.923104682,8.793058959
CG1291,5.895864621,6.175409348,6.1915348,6.090178928,5.563766677,5.683922126
Usp5,7.112514675,6.952934422,6.927607665,6.079101429,5.718117053,5.788387094
CG15812,5.457330142,4.922486771,5.265580335,5.132789776,5.181180646,4.985838826
Asciz,4.54343335,4.768576139,4.858319024,4.414351958,4.722096964,4.684383094
CG14963,0.875744677,1.203350074,0.764538089,0.2787941,0.085481031,0.373031704
CG14964,0.973361179,0.266214546,0.569299184,0.033774261,0.513278718,0.198539073
Girdin,5.702123059,5.407896819,6.227168994,5.73863291,5.405519662,5.289590923
CG14965,3.621056213,4.150713319,4.388425058,2.336405564,2.865378522,3.036443803
CG14966,3.42363693,3.783124415,3.487178982,3.018992574,1.940515547,2.317149106
gry,5.72420142,5.29328361,5.718618293,5.734145953,5.889085892,5.882191624
CG14967,3.943632271,3.99963551,4.075359298,4.561986507,4.715408245,3.913135744
CG12034,7.039731885,7.014313298,6.903841644,6.258976699,6.067754446,6.026858285
RpL28,7.522425726,7.613256906,7.874200055,6.391880267,6.401480943,6.538599276
CG17737,7.767493361,8.060642354,8.208201684,7.830124708,7.780869092,7.947166578
CG11505,6.609252383,6.550822539,6.242614423,7.118436647,7.183819696,7.140422588
CG17746,7.985714134,7.893306756,8.02353641,7.207833569,6.857247887,6.803180352
CG12078,0.045601845,0,0.215700384,0,0,0
ckd,0.132696544,0,0,0,0,0
CG14960,0.687203533,0,0,0.161479554,0,0
CG12017,0,0.430174687,0,0.099039483,0,0
CG12009,0,0.120151752,0,0.033774261,0,0.16728912
CG14968,1.947896209,1.651811622,1.355534777,0,0.983067192,0.400167095
ZnT63C,6.051354075,5.551064253,5.679809861,5.524453603,5.68853986,5.725413633
Drsl5,0.132696544,0.081202514,0.075540634,0,0,0
PIG-C,4.113845162,4.319189475,4.519314502,3.408277752,3.399579709,4.794579391
Strip,5.526305785,5.595794608,5.660007012,4.864919733,4.972630494,5.193010778
PHGPx,8.322873275,8.493846246,8.600668782,6.991523805,7.126045662,7.376910483
CG14961,0.824342362,0.577388071,0.764538089,0.649368125,1.131134066,0
CG14969,4.045346392,4.153062823,4.129533993,3.722319176,2.889347629,3.557055681
CG12010,2.46676418,1.497654644,2.449359368,3.918126689,3.672479775,3.877374551
CG12012,4.861326812,5.101025354,5.207996708,5.628278186,5.45554507,5.662369955
CG12014,1.641315334,0.158077041,0.215700384,1.772326804,1.469991358,0.776600407
CG14971,6.180888201,6.160889597,6.915452401,6.519166108,7.041667994,7.002810138
CG10359,0.089806327,0.334050524,0.895375166,0,0.983067192,0.035045714
CG10357,0,0.120151752,0,0,0,0.035045714
CG10862,0,0,0,0.2787941,0.085481031,0
ppk27,0.089806327,0,0,0.033774261,0.450220187,0.069260254
ntc,3.432246478,3.465394006,3.57439664,3.440111314,2.564094611,2.78689515
IntS10,5.694091404,5.723012668,5.834593591,4.304501958,4.264602172,3.952621587
CG12006,8.146079921,8.213528347,8.42588113,7.845212489,7.84163745,7.80402696
Gr63a,1.04246964,0,1.293610521,0.605122262,0,0
CG14977,6.336326759,6.455053942,6.615932044,5.770283087,5.644326214,5.661669334
Ccz1,4.819278757,4.473796607,4.691266186,5.091290918,4.648514683,4.543933431
Sc2,8.514955059,8.80094904,8.841842758,7.364101705,7.25904985,7.162876786
mge,8.065359374,8.365622294,8.444700319,8.460553914,8.221222241,8.348930828
CG10866,4.762376138,5.017098055,5.141442173,5.714105666,5.453536815,5.726083978
CG12766,0,0,0.516062327,0,0,0
CG14982,8.248195852,8.48815813,8.393498616,9.126245158,8.977227342,8.991005841
CG14983,0,0,0.516062327,0,0,0
CG14984,0.366277874,0.80957322,1.053192621,0,0.043373527,0.400167095
CG12605,6.336326759,6.071803921,5.908757062,6.460229227,6.675346539,6.525566255
CG14985,1.231907565,1.050424986,0.936477292,1.188453103,1.833392622,2.060745443
Mul1,4.880327846,5.194093486,4.981262497,5.341872218,5.69620353,5.758555077
CG11594,0.366277874,1.009519467,0.147321929,1.602674079,0.983067192,1.04077981
CG11593,7.927148947,7.752242278,7.742423487,7.237348711,6.368287001,7.136141716
CG1136,0.045601845,0.041172495,0,0,0,0
CG14989,6.771981154,6.073665429,5.950739414,9.231070017,9.374778106,9.388124821
CG14990,0.900774972,1.729434478,0.895375166,0,0,0
CG14995,8.538072568,8.520591128,8.447813122,8.687951225,8.622220105,8.104053409
Fit1,6.308538786,6.61486489,6.395989028,7.21796875,7.180180939,6.776570883
Chd64,3.617285833,3.450189302,3.619263638,4.060099544,4.715408245,4.771385849
CG1299,0,0.430174687,0.215700384,0,0.043373527,0
Teh4,4.648766846,4.518216776,4.700243734,6.435173773,6.79556272,6.834601439
Teh2,7.87934912,7.92750514,7.995852778,8.179681199,8.141602056,8.13138412
CG15005,0,0,0,0,0.043373527,0.102682134
Cpr64Aa,0.045601845,0.19503084,0,0.306690511,0.792853288,0.400167095
Cpr64Ab,0.366277874,0.19503084,0.075540634,0.512338969,1.048393528,0.317180035
Cpr64Ac,0.045601845,0,0,0,0,0
Cpr64Ad,0,0,0.075540634,0,0,0
CG14997,3.153798654,2.6876315,2.907747749,5.914928321,5.822953676,6.073432511
CG1265,6.731570973,7.036752968,7.140998332,7.548811224,7.624984741,7.520615879
CG15011,6.033782639,5.851535767,5.866845862,4.992772894,4.650269222,4.977980795
CG1309,7.733065716,7.709781237,8.01126471,6.745904846,6.937032972,6.910284592
CG11586,5.519251714,5.640017497,5.545117967,4.76288718,4.001459916,4.683002747
VhaM9.7-a,7.838438047,8.160943893,8.014867245,8.279175876,8.285007629,8.438876929
CG1273,0.329880465,0.041172495,1.499628432,0.099039483,0.126394328,0
CG1311,8.38350714,8.278456535,8.434873271,7.88738835,7.684629814,7.527938566
CG11583,5.920551213,6.132595266,6.150638205,5.410164876,5.549734975,5.314765279
CG1316,8.381841393,8.497548865,8.673324225,7.985439437,7.907487983,7.888193038
CG15012,9.354136128,9.620457778,9.641964611,7.780009211,7.655879862,7.833409269
Fdx2,4.757245878,4.819754639,4.94898624,5.874144213,5.895757276,6.449672935
CG15014,3.680079518,3.871382489,3.883767082,3.035757674,3.54624694,2.80223397
Cip4,7.81311671,7.607700298,7.273217126,6.493226566,6.596093277,6.40934016
mRpS6,5.35123716,5.570530026,5.586055078,5.313795353,5.414838997,5.566066144
CG11342,1.935837444,2.189292071,1.385527878,2.877359226,2.657778787,2.433355449
DopEcR,8.484622206,8.569233283,8.4460352,8.981103328,9.146134971,8.981913636
slow,1.289901972,0.398839565,1.053192621,0.033774261,0.513278718,0.135347252
Syx17,5.877068448,6.092149586,5.99761622,5.734787802,5.986055274,5.991053027
CG15019,6.035196257,6.319906978,6.451984379,5.785232023,5.733095293,6.180021518
DOR,6.661903858,6.361136376,6.478318027,6.476822234,6.670167485,6.778187831
CG15020,0.089806327,0.577388071,0.215700384,0,0,0
CG15021,0.329880465,0.71096088,0.764538089,0.033774261,0,0.259078775
CG12607,0.045601845,0,0.147321929,0,0.085481031,0
CG11345,0,0,0,0,0.085481031,0.288421873
CG11349,0.045601845,0,0,0,0.043373527,0.035045714
CG7465,0,0,0,0,0,0.069260254
CG11350,0,0,0,0,0.126394328,0.069260254
CG13722,0,0,0,0.90797381,0.043373527,2.2138806
CG13721,0.045601845,0,0.343441058,0,0,0
CG11353,0.045601845,0,1.126066663,0,0,0
CG11357,5.868371007,5.469521039,5.440067254,6.628893705,6.383661673,6.30283161
CG13716,0,0.158077041,0.075540634,0.033774261,0.043373527,0
CG7514,0.089806327,0,0,0,0.482093952,0
CG15876,0,0.041172495,0,0,0,0
CG13712,0,0,0,0,0,0.45295311
CG12493,1.150766861,1.030117199,1.053192621,0,1.246975234,1.263989531
CG13711,0.089806327,0.300531207,0,0.19171458,0.960617448,0
RhoGEF64C,1.796079106,0.549122661,0.403305984,0.979041354,0.384278962,0.069260254
CG7509,0.045601845,0.041172495,0.718149104,1.046771834,1.069527769,1.964042215
CG13708,0,0.300531207,0.147321929,0.713292167,0,0
CG13707,2.040900983,2.75104499,2.978332615,2.019910315,1.02694508,1.263989531
Dnah3,0.535646052,1.583774727,2.766729001,0.996274402,3.149641186,1.616122503
CG13705,0.174348395,0,0,0,0,0
CG13704,1.04246964,0.398839565,0,0.033774261,0,0
CG17030,1.308726695,0.632309912,1.526797288,0.889646124,0.714518384,0.035045714
ATPsynCF6L,0,0,0.147321929,0,0.166179293,0
CG10671,4.76748822,4.72185985,4.58217939,5.123997104,5.505833238,5.644751556
Gdap1,0.628476965,0.490874211,0.280984078,0.066775902,0.450220187,0.069260254
CG10672,6.098093155,6.185199964,6.295900877,6.201164994,5.977694889,6.148363412
CHMP2B,3.715779295,3.662973327,3.017168594,4.088499261,4.475242384,4.259038524
Prpk,5.276707195,5.751201255,5.807154738,4.846033204,4.678055473,4.70900614
CG4611,3.817865799,3.874233426,3.802726637,4.615940298,4.828205838,4.477012439
CG10674,5.53032125,5.63161771,5.697851252,4.271263413,4.294079983,4.524026864
CG4603,6.359645716,6.131999859,6.072126337,5.792648802,5.598714617,5.578739965
CG4597,0,0.041172495,0,0,0,0
CG4669,0.535646052,0.659006168,1.499628432,0.066775902,1.974525672,0.198539073
Cyt-c1,9.465145733,9.615514679,9.668128635,10.56413873,10.4986473,10.48937716
Uev1A,7.38615995,7.578718003,7.672298558,6.098680934,6.344642469,6.324240493
CG10635,4.979114622,5.091257103,5.265580335,4.742606789,4.634401022,4.69126509
Ir64a,0.366277874,0,0,0.130597294,0,0.400167095
CG4835,0.132696544,0,0,0.066775902,0,0
blanks,0.797937693,1.526936274,0.718149104,0,0,0.035045714
Lkr,2.159717845,2.732311886,2.391413548,1.802029689,1.246975234,2.465825364
CG13285,0.470264926,0.300531207,0,0,0,0
CG10625,0.715694033,0.266214546,0.516062327,0,0.315178801,0.16728912
l(3)psg2,6.033782639,5.762016443,5.101340139,5.475370361,5.52890509,5.815726515
CG10592,0,0,0.147321929,0,0,0
CG5150,0,0.081202514,0,0.19171458,0.043373527,0
CG10591,0,0,0.075540634,0,0.085481031,0
TM9SF3,5.934254007,5.947375716,6.087033867,4.812374901,5.175099805,5.369851079
mthl2,0.366277874,0,0.075540634,0,0,0.069260254
Eaf6,3.937597641,4.291730572,4.578938125,3.65066293,2.970235874,3.738100117
Blimp-1,8.20614324,7.85377128,7.91782668,5.907546519,6.234337623,6.248810089
lin-28,0.743632778,0.945900736,0.853067622,2.356562981,1.547354071,2.484962228
Sse,0,0,0.147321929,0,0.043373527,0.259078775
CG10576,7.568551148,7.568413061,7.632206153,6.346407576,6.327748027,6.744838065
Txl,6.516653484,6.879280541,6.719646906,6.058739988,6.138838661,5.715995951
Ppat-Dpck,3.348303946,3.191384682,3.857256209,3.580983291,4.023287739,3.237888846
Tektin-C,1.517322013,1.741975081,1.261622271,6.093185361,5.972795531,5.9306868
kri,6.447734353,6.610597243,6.72552167,7.173447072,7.155067398,7.059758869
mad2,2.66970262,3.347249399,3.379520185,2.958731248,3.352936517,3.722060149
CG5568,0,0,0,0,0.043373527,0
CG18586,0.045601845,0,0,0,0,0.069260254
CG13287,0.503325831,0.605110328,0,0.066775902,1.577173781,0.035045714
DNApol-epsilon58,0.132696544,0.266214546,0.976440789,0,0,0.16728912
CG10486,0.366277874,0.081202514,0,0,0.085481031,0
CG13288,5.405805186,5.787193107,5.734728097,5.615091501,5.066286309,5.640490931
CG10483,4.9732269,5.12993943,4.755839864,7.352647912,7.64975354,7.728928748
CG10479,3.273618301,3.824984234,3.246928461,1.752179603,0.315178801,0
alphaKap4,2.170049465,1.090202596,0.809481815,0.066775902,0.417626289,1.057920648
CG10477,0,0,0.147321929,0.582479838,0.043373527,0.069260254
CG6462,0,0,0.075540634,0,0,0
Jon65Aiii,0.214831388,0,0.215700384,0,0,0
Jon65Aii,0,0.081202514,0,0.066775902,0,0
CG6592,0,0.785544823,0,0,0.659827649,0
CG10472,0,0,0,0,0.24260175,0.035045714
CG6602,0.598192202,0.041172495,0.147321929,0.512338969,0.126394328,1.005874807
CG13295,3.01167521,3.026903147,3.127772224,3.287484602,3.33559438,4.123140112
CG6610,3.397495653,3.355433935,3.401704256,2.356562981,1.985686517,2.29563394
ssp6,5.865989849,5.198649815,5.518295151,4.423935696,5.008638646,4.348824385
CG13293,5.388212996,5.45054471,5.281619297,4.299304411,4.340461196,4.615143148
CG10469,2.259848281,1.873173316,2.55870404,1.579992895,1.783103912,1.005874807
CG10467,3.740253709,3.882752588,4.272825213,3.00203036,3.942539263,1.973106214
CG13297,0,0.120151752,0.075540634,0,0,0
Cpr65Az,0,0,0,0.066775902,0,0
CG13296,0.045601845,0.041172495,0,0.306690511,0.085481031,0
CG10289,7.330541445,6.944142717,6.841641251,7.416448977,7.594780819,7.648998868
CG7376,3.370871946,2.811788112,3.230496923,1.509728016,2.143498487,1.557068777
CG10274,3.028806884,4.068464519,2.610417859,3.620417667,2.608090535,2.28839032
CG7386,3.219933046,2.713332332,3.230496923,4.425526814,3.322449587,2.99699568
CG13298,8.327784268,8.616075889,8.692571508,6.057201232,6.136336983,6.242732953
CG8219,0.401779573,0.231061681,0.516062327,0.161479554,0,0
CG10226,0,0,0,0.90797381,0.384278962,0.876594188
Best2,0,0,0.075540634,0.19171458,0,0.035045714
CG13300,6.226768932,6.369242728,6.291947209,4.912217209,4.927042327,4.935719173
CG10147,4.590345535,4.592805709,4.720976611,4.283598466,3.598072841,3.830766125
CG8270,6.488035141,6.598149197,6.650309546,6.057201232,5.901661606,5.671447192
CG10144,5.00242813,4.693086283,4.764425611,4.734927536,4.854318272,4.481783428
CG8368,4.762376138,4.604870714,4.775794367,4.143674629,3.887073869,4.542411871
CG8398,5.499929246,4.67358006,5.193234371,5.882857156,5.938744109,5.422083535
eIF4E-4,0.567258051,0.081202514,0.343441058,0,0,0.102682134
SP1173,2.83465213,2.674607327,2.346373815,3.600835212,2.07199486,2.043638334
CG8519,0.292540976,0.685217387,0.764538089,0,0,0
velo,6.237247233,5.609546594,5.579582699,5.537755753,5.102622775,5.204601327
CG8549,3.922399699,3.592013895,3.75756864,2.490289974,2.202087344,3.192044899
CG10103,5.680605145,5.939911293,5.895790126,5.680518149,5.622147728,5.685301594
CG14820,1.327308948,0.736253047,1.630628187,0.033774261,0.166179293,0.229126454
tow,6.441884085,6.321996673,6.383038379,6.613620402,6.41392804,6.665285043
CG10077,9.527995459,9.28960843,9.332542918,9.580504939,9.757236841,9.821618121
CG9948,3.586762723,4.102901384,4.06612905,3.226725718,3.962448055,3.848113326
CG10075,5.861215711,6.090311791,6.209461913,6.514688255,6.349510477,6.189287827
CG10064,0.174348395,0,0,0,0,0
Mis12,4.545418785,4.713924586,4.718032951,4.313123141,4.490993247,4.517846093
CG9953,8.434079923,8.511006249,8.581361775,8.13382131,8.29050267,8.179042114
CG10063,0.174348395,0.120151752,0.147321929,0.53610018,0,0.528678517
CG17744,0,0.300531207,0,0,0.204896494,0
CG8641,5.477227685,5.427438647,5.475359875,4.377012952,4.793696134,4.901707485
CG14823,0.292540976,0.300531207,1.015327048,1.61388234,0,0.45295311
Cpr65Ea,0.132696544,1.128912832,1.228908645,0,0,0
Cpr65Eb,0,0,0,0,0.043373527,0.623833477
Cpr65Ec,0.045601845,0,0.147321929,0.033774261,0,0
BBS1,0.214831388,0.460843657,0.280984078,0,0,0.035045714
CG8629,0,0.041172495,0,0,0,0
CG15829,0,0,0,0,0.043373527,0
CG14826,0.503325831,0.231061681,0.075540634,0,0,0.069260254
CG14829,0.43642859,0.041172495,0.075540634,0,0.043373527,0.135347252
RpL18,7.324484103,7.461337772,7.555540861,6.149629926,5.988137822,6.300583138
MED4,5.206923638,5.365976606,5.344049369,4.976583498,4.743623586,4.882593411
CG14830,0.567258051,0.785544823,0,0.387282298,0,0.035045714
unc-13-4A,3.406262148,3.891221739,3.394347403,6.393100574,6.269008841,6.236159589
CG8607,4.559240846,4.339961705,4.414115886,4.301039008,4.052771746,4.165270385
RhoGEF4,0.875744677,0.231061681,0.516062327,0,0,0
Rint1,7.355085727,7.255617469,7.560068448,7.350974304,6.624932236,7.402926012
CG8602,6.45672927,6.333436201,6.355836425,7.591250628,7.563698288,7.780502066
eco,1.971715508,1.918070837,1.161168219,3.14409558,2.80994611,2.452924959
CG8596,1.670717286,1.256761209,2.376555991,0,0,0
CG14834,2.632829333,2.065044865,2.584792649,0.582479838,0.767211364,0.914728587
CTCF,3.834199379,2.953318552,2.268034601,3.449526004,2.99253759,3.787747878
pst,0.875744677,0,0,1.358015262,0.166179293,1.108154106
Sec63,6.295621528,5.572286687,5.725963239,5.443528657,5.22068393,5.168560521
Sh3beta,6.672389139,6.832773347,6.469593444,5.120071982,5.376135098,5.215144811
CG8564,0,0.158077041,0.516062327,0.033774261,0,0.229126454
CG8563,0.045601845,0.967420201,1.090089724,0,0,0
CG8562,0.089806327,0,0.075540634,0,0,0.259078775
CG18417,0,0.081202514,0,0.033774261,0,0
CG8560,0.174348395,0,0.147321929,0,0,0
CG14835,0.132696544,0.266214546,1.355534777,0,0,0.317180035
ppk26,0.214831388,0.398839565,0.215700384,0.979041354,0,0.229126454
CG8543,0.292540976,0.158077041,0.147321929,0.033774261,0,0.259078775
mthl6,0.132696544,0,0,0,0,0
Cyp316a1,0.132696544,0.041172495,0.280984078,0,0,0
CG8539,1.231907565,2.161554662,1.818247164,0.582479838,0,0
CG7546,5.616891062,5.8282018,5.641483013,5.91436183,6.052576827,5.880386125
CG14837,0,0,0,0.066775902,0.24260175,0
frac,0.132696544,0,0.670218812,0.130597294,2.276678885,0.069260254
CG14838,0,0.041172495,0.075540634,0,0,0.069260254
CG7716,0,0,0,0.033774261,0.126394328,0
Pura,5.601706051,5.785679692,5.700836337,4.718147587,4.978229044,4.866874569
CG7506,5.484489731,5.705511188,5.889262689,5.724483795,5.743817011,6.306421892
PGRP-SD,0.43642859,0.549122661,0.620641262,0.130597294,0.204896494,0.503875743
CG7492,7.823993968,7.206694133,7.298562196,7.739328214,7.603863307,7.749186362
CG12262,1.231907565,0.833207966,0.809481815,1.127194515,1.005172941,0.817433287
CG7457,0.132696544,0.231061681,0,0.066775902,0.085481031,0.135347252
CG8492,0,0,0,0.161479554,0.166179293,0.035045714
Snmp2,1.04246964,0.398839565,0.075540634,1.09556136,0.74110543,0.135347252
CG13685,5.286236736,4.813827022,4.56262166,5.049595089,4.554206827,4.290196759
CG7409,0.132696544,0,0,0.099039483,0.35014255,0
eIF4E-5,0,0.36680871,0.460785459,0,0.417626289,0
CG8281,2.83465213,3.111486712,3.205493296,3.67494595,3.19361957,4.081838855
CG8111,6.978226303,7.018829241,7.008136012,5.713454547,5.997816828,5.899529273
Srp9,6.905890692,7.144291881,7.140448755,6.070991305,5.856018629,5.966868515
HP4,7.294990497,7.552037591,7.649304488,5.00240004,5.298825362,5.104011739
CG8209,6.852365986,6.93427296,6.72698663,5.063968589,5.066286309,4.513193075
CG8038,3.551634171,4.09559094,3.857256209,4.051881587,4.044790226,3.920182827
CG7565,7.188486889,6.782442226,7.104833127,5.950728796,6.388399999,6.347951739
ldbr,2.602636757,2.269441312,3.007557168,2.117637312,1.501435987,2.175131167
CG7550,4.977644942,5.359887318,5.342138774,5.379299008,5.126768551,5.290497613
CG7504,4.017009528,3.916334916,3.445074537,4.060099544,3.183961797,2.862008643
CG13676,0.973361179,0.736253047,0.670218812,0.852277114,1.190217021,0.951880893
CG13675,0,0,0,0,0,0.035045714
mthl7,0,0,0,0.2787941,0,0
CG7979,6.035902546,5.917283467,5.907465601,5.492929806,6.041923512,5.879783789
ERR,5.968692161,6.003788916,6.043017691,5.865964382,6.103414145,5.806882063
Atg18a,5.959787246,5.493822899,5.780595383,5.312076035,5.690246419,5.762481371
MED24,6.920115386,6.758339634,6.757412096,7.151982322,7.222662278,6.991145577
CG7387,1.04246964,0.081202514,0.895375166,0.559476377,1.454008243,0.035045714
UbcE2M,6.821976465,6.905646042,7.003912491,5.606700536,5.311077484,5.701753146
CG8005,4.410321795,4.601433853,4.694264914,4.204251837,3.820068028,3.894173478
CG7366,0.214831388,0.231061681,0,1.063219023,0.126394328,0.623833477
CG13679,0.292540976,0,0,0.488179846,0.315178801,0.503875743
CG8006,0.43642859,0,0.809481815,0.2787941,0,0
CG7213,0.254209339,0.430174687,1.228908645,0.774503582,0.204896494,0
CG7201,0,0.041172495,0,0.033774261,0,0
Arl5,6.168059254,6.332918185,6.477447939,5.528901295,5.697901054,5.249121723
CG13671,4.166394826,4.337897889,4.06612905,5.009843657,4.987974531,5.163620349
CG7194,0.214831388,0.685217387,0.280984078,0,0,0.069260254
Gr66a,0.567258051,0.901874222,0.147321929,0,0.166179293,0
BI-1,9.106104272,9.407888235,9.454946891,9.014458883,8.720796219,8.975021433
CG7185,8.038826751,7.311375117,7.2601227,5.576225686,5.92431534,5.938227536
Cpr66Cb,0,0.041172495,0,0,0,0.035045714
Pex2,4.022721602,4.09069665,4.18601482,3.430634781,3.399579709,2.206213528
CG7083,4.45325341,4.667018934,4.691266186,5.196614427,5.034395336,5.528131603
CG7182,6.262209669,6.37478954,6.181953014,5.517756249,5.717280351,5.285958457
GAPcenA,6.530752548,6.376801286,6.525382342,6.314990033,6.606975555,6.668427282
CG17352,1.935837444,1.14788529,1.750716776,4.319983185,3.02535679,3.774847423
Jon66Ci,0.045601845,0,0,0,0,0.069260254
Jon66Cii,0.089806327,0,0,0,0,0
CG7120,5.33984266,5.131131698,5.083152831,5.292155185,5.256832936,5.581705929
CG13667,4.129812012,4.468146672,4.327926252,4.003697741,3.968086182,4.112925115
CG6983,5.718933346,6.02895236,6.006087717,6.463718009,6.556410215,6.816460656
ZC3H3,5.580562206,5.636663448,5.669180576,5.70168388,5.323226431,5.185231688
CG6745,4.482563046,4.314998896,4.46416451,3.446394596,2.423434135,3.748695204
CG6683,2.269489461,2.260752584,2.185196033,1.218133808,0.631684635,1.927205787
CG6765,7.604465885,7.121377508,7.180562298,7.617241983,7.892741582,7.676310627
GstO3,2.898178234,2.974728471,3.271230109,1.840705552,2.153430023,2.691271057
GstO2,7.119195162,7.23746508,7.29560343,6.464105131,6.456164747,6.592528727
GstO1,0.214831388,0.081202514,1.324904867,4.837691959,4.514301731,5.115313609
ergic53,7.821947922,7.903808623,8.031264723,5.80431461,6.446604658,5.994951952
CG6638,1.484583944,0.549122661,1.924215439,2.508420766,1.591855642,2.685768111
CG6282,6.005936576,5.732470193,5.320953518,8.283349893,8.526238004,8.606338794
S-Lap1,2.117635196,2.448440547,2.299882543,2.751074652,2.082429209,2.221507141
GAPsec,4.338857834,4.412358685,4.715083272,3.909056211,3.550011169,4.037161117
Zasp66,0.329880465,0.334050524,1.579646626,0,1.454008243,0.503875743
Cdc6,0,0.685217387,0,0,0.085481031,0.035045714
Pex7,0,0,0,0.099039483,0.384278962,0
CG6511,4.632048146,4.439560259,4.636195111,3.446394596,3.057445976,3.447510848
CG13311,0,0.081202514,0,0,0,0
CG13312,0,0.19503084,0.075540634,0,0,0
CG13308,0,0.19503084,0.215700384,0,0,0
CG13309,0.470264926,0.120151752,0.403305984,0,0,0
TrpA1,0.329880465,2.269441312,0.936477292,0.360915446,0.085481031,0
Tsp66E,7.37866273,7.651980584,7.363107934,6.836600072,7.01842139,7.44486196
CG13313,0.045601845,0.430174687,0,0,0,0.373031704
ValRS-m,3.334591723,3.082196632,3.10991715,4.734927536,4.531539246,4.393394274
CG5653,0,0.120151752,0.620641262,0,0.043373527,0
CG5021,7.005886324,7.322637957,7.435232382,6.455174934,6.472620018,6.526720975
CG5026,7.369726388,7.146946582,7.213855487,7.029685431,6.675346539,6.655817052
Srp68,6.402994189,6.028312596,6.328111708,5.722543574,5.28533966,5.36641541
CG5644,0.366277874,0.231061681,0.075540634,6.25942284,5.883129762,6.061796395
CG5068,5.946325959,5.956147802,6.11303717,6.466812081,6.400438821,6.429235898
CG5280,0,0.041172495,0.215700384,0.161479554,0,0
CG5087,6.000157522,5.264236001,5.865516315,6.278037273,6.157464236,6.076589777
Doc3,0.045601845,0,0.147321929,0,0.24260175,0
CG5194,0,0.19503084,0,0,0.043373527,0
Doc2,0.045601845,0,0,0,0,0
CG5144,1.995147922,2.628073886,2.623061777,0.961599966,1.547354071,2.612251505
CG4911,6.267030429,6.995779614,7.311313856,8.447202496,8.27991664,8.340637992
CG4942,5.87233089,6.044222196,6.124198391,4.8543265,4.71205222,4.670519826
Dhpr,6.022423556,6.049276436,6.136376817,5.872395292,5.703826706,6.051670937
Use1,5.661510045,5.761246613,5.868174185,4.882404082,5.030358937,4.996990853
Slc45-1,1.434040296,1.597641216,2.251843045,0.46360926,1.170790315,0.198539073
CG4476,0.254209339,1.166611482,0.853067622,1.731747058,0,0.837424361
CG4477,0.214831388,0.158077041,0,0.066775902,0,0
PGRP-LA,0.598192202,0.549122661,1.015327048,1.09556136,1.131134066,1.005874807
PGRP-LC,0.743632778,0.833207966,0,0,0,0.035045714
PGRP-LF,0.254209339,0,0,0,0,0
UGP,5.520261553,5.771222509,5.685848761,6.6515047,6.139463403,6.178063109
CG4447,4.449017284,4.337897889,4.316294761,3.540440658,2.941865007,3.184260585
CG4452,5.583463769,5.696680182,5.691862488,4.938086404,5.151756,5.502537042
CG4461,0.824342362,0.945900736,1.126066663,0.582479838,0.166179293,0.528678517
CG4080,7.566352901,7.018829241,7.008136012,6.75415933,6.91603881,6.799044882
Cpr67B,0.900774972,1.583774727,2.185196033,1.533531916,1.730998758,1.616122503
CG4022,7.662329447,6.882115929,6.617512558,6.197444569,6.255240179,5.854255885
CG3689,7.640437328,7.888027015,7.941365294,6.94596454,6.909827004,6.911463826
CG3982,0.658139045,0,0.403305984,0.53610018,0.043373527,0.035045714
CG3967,9.230786197,8.989250304,9.06574103,7.855725088,8.040537158,7.858082742
Nf-YA,4.034078348,3.427077499,3.416306362,4.153309103,3.268638986,3.437722485
CG3529,8.352800316,8.045704303,8.200049509,7.849663781,7.599556254,7.627811624
CG3448,1.484583944,1.665042273,1.553463943,1.942009738,2.123427925,1.091603205
phol,6.867522415,6.478193904,6.468718076,6.336292875,6.964088093,6.617672513
CG3437,3.875820986,3.92735753,4.111700845,2.036664815,2.883392583,2.771391493
CG3552,5.362542371,5.4826575,5.400221405,5.01302206,5.023606407,5.055765977
CG3434,4.313451087,4.468146672,4.968933858,3.342422569,3.264062842,3.353462059
Jarid2,6.598774347,6.143270774,6.150638205,6.907484533,6.584210769,6.658979958
pall,6.072161143,6.292994603,6.492168538,6.248677185,6.591534656,6.554538018
path,7.224249157,6.88388522,7.074083048,7.1610842,7.522861884,7.435055548
CG3408,5.489654617,6.136162553,5.693362011,2.882002335,2.373325261,2.862008643
Or67a,0.254209339,0.158077041,0.620641262,0,0.35014255,1.057920648
Ir67a,0,0,0,0,0,0.069260254
CG3222,0.850272436,0,0.516062327,0,0,0
CG3088,1.231907565,1.009519467,0.809481815,0,0,0
CG3306,1.533416609,0.71096088,0.460785459,0,0,0.069260254
CG3335,3.106170048,3.5815858,3.699057797,2.868027938,3.807543594,3.057902139
Or67b,0,0,0,0,0,0.069260254
CG8336,5.718933346,5.834802713,6.030021443,6.440691957,6.338126133,6.56806103
CG8329,0,0,0.936477292,1.218133808,0,0
CG18179,0,0.158077041,0.343441058,0,0,0
CG18180,0.470264926,0,0,0,0,0
CG16717,6.036608491,6.396765954,6.239538538,6.78609378,6.894734622,6.811731711
CG16719,0.292540976,0.041172495,1.228908645,0.066775902,0.043373527,0.035045714
CG6767,6.911289516,6.945837595,7.169291616,8.304040734,8.419430877,8.245072835
CG6761,0.973361179,1.569773665,1.126066663,2.295225609,0.714518384,0.776600407
CG16711,5.810109629,5.200922595,5.326762236,6.389028862,6.312870573,6.395922251
CG18178,5.244072191,5.618075491,5.24118252,4.09651183,4.060709353,4.343591966
CG14174,0.771040734,0.71096088,0.516062327,1.203369782,0.513278718,1.218980474
defl,5.112319879,4.762434013,4.549434307,4.853144658,4.015140958,3.633364912
Naa60,5.109638637,5.214484592,5.247320764,5.6811843,5.661826744,5.673533853
CG6749,1.327308948,1.390218998,1.655458917,1.509728016,0.602981688,0.345376129
CG8177,1.727782409,2.065044865,1.605362592,8.254882124,8.217824627,8.122373726
Zasp67,0.401779573,0,0.075540634,0.033774261,0.126394328,0.035045714
Ilp2,0.132696544,0.081202514,0,5.149253352,3.344291506,3.027770298
CG10809,6.797611892,6.750990853,6.737926674,6.346407576,6.079522196,6.262737312
iPLA2-VIA,6.982995378,6.607174013,6.708566827,6.561026545,6.775204867,6.590689572
CG6707,6.300332105,6.394285427,6.405168828,5.992119257,6.08666663,5.909596688
nudE,5.820804599,5.830405462,5.734728097,6.607675776,6.358661028,6.684726476
CG6685,5.224378732,5.781889194,5.480580086,3.931626367,3.948255579,3.986586603
CG6674,4.425493611,4.647154601,4.706197878,4.206104492,4.309706653,4.615143148
CG14160,0.045601845,0,0,0,0.043373527,0.069260254
CG8072,0.089806327,0.19503084,0.075540634,0.033774261,0.24260175,0.373031704
CG6628,0.470264926,0,0,0,0,0
CG8065,0,0,0,0,0,0.373031704
Or67c,0,0,0,0.099039483,0.631684635,0
Or67d,0.174348395,0.398839565,0,0.334057725,0.166179293,0.288421873
CG12362,0,0,0,0,0.35014255,0
Ir67b,0,0,0,0,0.631684635,0.623833477
CG6527,0.089806327,0,0,0.066775902,0,0.135347252
CG8009,6.144675688,6.509245294,6.581525335,5.695102885,5.521255396,5.97083326
CG18628,0.132696544,0.490874211,0.460785459,0.099039483,0.043373527,0.600626626
CG14154,0.628476965,0.120151752,0.215700384,0.033774261,0,0
CG14153,0.43642859,0.785544823,1.015327048,1.950876008,1.170790315,1.879796878
CG8003,6.410638667,6.027672548,6.308675977,4.116350699,4.634401022,4.236632153
CG11811,5.841959587,5.958836209,5.794634919,6.705546817,7.026887408,6.887094744
NijA,1.381661402,0.632309912,1.324904867,0,0,0
CG12523,0,0.266214546,0,0.559476377,0.085481031,0.135347252
CG6418,6.383148918,6.262309749,6.320368808,6.632342476,6.164847654,6.403485174
Blos4,2.788458589,3.163687866,3.521351046,4.271263413,4.271458398,3.945731563
CG6409,1.270828368,0.120151752,1.090089724,0,0,0
galla-2,2.726807108,2.881457062,2.833531017,4.126168759,3.83248467,4.041476251
Cpr67Fa2,0,0,0,0.066775902,0,0
Cpr67Fb,0,0.041172495,0.075540634,0,0,0
Aps,8.291277394,8.274955024,8.137256352,7.564962892,7.761722267,7.715320168
CG7888,0.875744677,0.334050524,0.895375166,5.289536416,5.55910459,6.048994489
CG6321,0.366277874,0.120151752,1.053192621,0.066775902,1.319338022,0.135347252
Blos2,4.186890203,4.894676064,4.76727621,3.308332267,3.655108773,3.915488598
CG6310,5.710994989,5.930354919,5.993970295,3.783156722,3.416173818,3.795433142
CG7839,4.067621844,3.499029781,2.778079691,2.800962279,3.31804124,1.748706671
CG6279,1.270828368,0.988623391,1.703873911,0,0.74110543,0.734578078
CG6272,3.683689512,3.711603442,3.791568961,2.68883914,2.859323501,2.890992191
Elo68beta,0.132696544,0.19503084,0,0,0,0
CG12522,0,0,0,0,0,0.16728912
CG7638,6.968640595,7.363029575,7.11605775,7.11424972,7.273067083,7.164114053
FoxK,3.370871946,3.011447906,2.079071103,3.311777775,4.19898875,4.225297105
mRpL2,6.754923484,6.965688226,6.879018815,6.561750205,6.353285383,6.618755843
Ufd1-like,7.427385426,7.63169607,7.695680247,6.544647484,6.811723059,6.688170759
CG14143,0,0.158077041,0.075540634,0,0,0.035045714
wls,7.764726575,7.769572058,7.808951482,5.955692737,6.361876827,6.083406907
CG7616,4.867688337,4.268080807,4.474667002,2.766222905,3.557510291,3.520426871
CG14142,0,0.041172495,0,0.066775902,0,1.23414005
GlcAT-P,3.32074792,3.777044046,3.430762155,6.120947343,6.307877132,6.179042646
CG7607,2.138829956,2.170859845,2.097309615,2.895842669,3.820068028,3.128561618
CG14141,3.219933046,3.106646141,2.315546691,4.537180217,4.32296753,4.66073566
Plod,6.122902624,6.04738317,6.176602172,3.064635825,2.285737393,3.349987091
Ir68a,4.121850676,4.235193329,3.894236513,4.714247417,4.068603526,4.764876469
CG6175,1.467932039,0.901874222,0.976440789,0.943945139,0.573696073,1.293233921
CG7573,0.089806327,0,0,0.099039483,0,0
CG6168,0,0,0,0,0.914641953,0
CG6163,4.916061503,4.678481397,4.723914277,3.773193624,4.338286053,4.30642384
CG11726,0,0.300531207,0,0,0,0
CG7560,0,0,0,0,0.085481031,0
CG6149,0.470264926,0,0,0,0,0
CG7557,0,0.19503084,0.075540634,0,0.914641953,0
chrb,9.277745764,8.697907865,8.411831596,8.715445691,8.767516825,8.659856933
CG7512,0,0.158077041,0.403305984,0.161479554,0,0.16728912
CG7394,4.941915871,5.114349611,5.137041043,5.778399649,5.769874364,5.640490931
CG14137,0.045601845,0,0,0,0,0
CG7368,5.078440771,5.162956035,4.986164604,6.202557683,6.251777383,6.310897217
CG6091,6.074912883,5.789460257,5.700836337,5.598965708,5.523171626,5.576511483
Muc68Ca,0.089806327,0,0.343441058,0.099039483,0,1.404621044
CG6083,1.289901972,2.123721891,1.161168219,4.843654908,4.957121506,5.26212184
PCID2,5.269518503,5.140634536,5.402056655,3.967019881,3.893013771,3.769654767
CG6071,0.824342362,0.856461751,1.818247164,0.2787941,1.354202323,0.035045714
RIOK1,4.55530518,4.800400159,4.676178336,4.540120839,4.236846711,4.901707485
CG7339,4.819278757,4.894676064,4.892664072,3.656094589,4.344801668,4.607887342
Sugb,4.553333314,4.404491665,4.327926252,3.14409558,2.758818664,3.136651485
Pallidin,2.662402971,2.805827604,3.10991715,2.786176286,3.508054393,2.776577912
CG14135,4.45325341,4.864886091,4.735605487,3.904499497,3.995950965,4.503841774
CG11652,5.835483338,5.803736726,5.592498549,4.63118919,4.576523759,5.116336675
Dnai2,0.089806327,0.041172495,0,0,0,0.035045714
CG11658,5.658761424,5.645868383,5.737637923,7.095881366,7.042670268,7.011084601
crim,4.171546031,4.075913361,4.373536533,2.59014277,2.622462659,3.466890562
Bmcp,5.536323571,5.162956035,5.148018796,5.890942033,5.457550534,5.832632058
CG6024,8.217083291,7.985015144,7.952992132,6.789495841,6.668436994,6.490882243
Muc68D,0.366277874,0.577388071,0.460785459,0.852277114,1.591855642,1.672853741
CG14131,0,0.041172495,0,0,0.384278962,0
CG5964,0.875744677,1.569773665,1.053192621,1.358015262,1.354202323,2.62380847
CG10907,4.992274795,5.134702602,5.31901207,4.436615776,3.878117908,4.008793688
CG10361,0.949569261,1.274134361,1.161168219,0,2.303685542,2.594740597
CG14130,3.174472478,2.909521287,2.696682994,4.35547281,4.222766136,4.121102891
CG5946,7.434634303,7.590250846,7.476750347,9.187074289,9.28932338,9.197185546
CG11597,6.730698764,6.866451885,6.919301981,5.254157514,5.247590522,5.544945814
RpL10Ab,8.758627387,8.992615902,9.044895638,7.164423101,7.177141615,7.29502155
CG7264,0,0.081202514,0,0,0,0
CG5906,0.045601845,0,0,0,0,0
Sprn,0,0.334050524,0.215700384,0,0.279346616,1.218980474
CG5897,0,0.041172495,0,0.852277114,0.166179293,0.951880893
SdhAL,0,0,0,0.438612949,0.960617448,0.069260254
Rpt4R,0,0,0,0.099039483,0,0.069260254
CG5883,0,0,0,0,0,0.102682134
CG7252,0.045601845,0,0.670218812,0.130597294,0,0
CG17826,0,0,0,0.066775902,0,0
CG7248,0,1.185097719,0,0.066775902,0,0
CG14125,0.045601845,0,0,0.852277114,1.246975234,0.914728587
CG6938,0.089806327,0.120151752,0.147321929,1.646993946,2.211624936,1.705851653
CG6931,0.089806327,0.158077041,0.147321929,0.221328946,0,0.102682134
viaf,6.760916637,6.83643265,6.856440995,6.686430213,6.477075436,6.341841701
Pop2,7.751672629,7.926303759,8.146043919,7.4108371,7.521664282,7.534076342
CG6928,5.105607406,5.235700378,5.245277583,3.048204872,3.54624694,2.406842873
CG6793,0,0.158077041,0,0,0.937812835,0
ssp,4.717295803,5.15594438,5.287588233,4.935855232,4.766452428,5.191069934
CG11560,3.073521035,3.026903147,3.379520185,2.923131268,2.608090535,2.837402796
Ir68b,0,0.041172495,0,0.099039483,0,0
CG5645,3.302080417,2.858605868,2.755288299,2.751074652,2.719247763,2.491285186
Atg12,4.451136902,4.702741376,4.895272441,4.871938921,4.672886152,4.882593411
RhoGAP68F,7.263072743,7.494604047,7.155758313,7.066608672,7.040330544,6.639186044
CG5642,7.885827736,8.08806836,8.199785768,7.34047004,7.514457716,7.461461905
CG9760,4.777658359,4.893271356,4.923657493,3.575260776,3.009040512,3.353462059
Rh7,2.563985184,2.114106622,3.118872309,1.473269147,1.421500783,1.293233921
CG6910,0,0,0.215700384,3.680287117,3.630432534,2.812369991
thoc6,6.101470822,6.044854945,6.405168828,5.166482992,4.696852743,5.204601327
CG11529,0.132696544,0.300531207,0.516062327,0.250347622,0,1.091603205
CG5626,4.341145505,4.919729701,4.660931026,4.258821986,3.203213121,3.557055681
Pbgs,6.147292657,6.168458102,6.054731721,5.087275671,5.166543338,4.545453389
CG4300,8.399373767,8.532708937,8.562203287,8.376779966,8.409493913,8.369563998
CG10426,5.262293811,4.980523981,5.313172,7.179117476,7.473669612,7.426007402
CG4328,1.848480104,0.520292387,1.261622271,1.545288185,2.705812538,2.426772842
CG10418,5.647714274,6.02895236,6.187284083,4.64491333,4.094609765,4.247878837
CrzR,4.648766846,4.10532999,4.399491479,3.287484602,3.254866777,4.03066412
Ncc69,1.848480104,2.361715268,1.228908645,3.372429943,2.202087344,3.032113569
Smyd4-2,0.824342362,0.19503084,0,0,0.417626289,0
toe,0,0.398839565,0.075540634,0,0.126394328,0
CG10616,5.144112028,5.428408824,5.464862445,4.164786181,4.355596058,4.002167381
CG10663,0,0.266214546,0.215700384,0,0.043373527,0
CG10660,0.470264926,1.729434478,0.280984078,0.066775902,0.74110543,0
CG10657,0,0,0.147321929,0,0,0
CG10638,6.037314089,6.418900835,6.445770076,4.740051577,5.100057446,5.06956499
CG10681,4.986440645,5.295412197,5.163248654,4.654443133,4.342633064,3.735439142
CG10646,5.5323248,5.422577949,5.777771006,5.878216802,5.768259496,5.718019208
CG10654,6.394758476,6.520662539,6.505033728,6.493605852,6.65495484,6.876566641
nst,6.752777025,6.350938961,6.623817355,5.14249697,5.471511263,5.290497613
Tsf2,4.341145505,3.524659319,3.894236513,3.636993636,3.71668922,3.492331758
CG10688,4.715533495,4.601433853,4.936377452,4.159059055,3.948255579,3.661672379
CG4069,3.940618111,3.135448902,2.766729001,3.516751416,3.286799776,3.627636152
sowah,5.353505301,5.127551934,5.317068006,5.499743133,6.197013196,5.738761708
CG10984,8.360996554,8.415647684,8.405212777,8.171051991,7.984614154,7.821539883
CG10973,3.996837264,4.360439093,4.56262166,3.680287117,4.576523759,4.034998701
Hip1,3.605915209,3.899641464,3.459246325,3.052330187,3.154594401,3.275009839
CG10969,0.535646052,0.460843657,0,0,0,0.102682134
CG17666,0.254209339,0.785544823,0,0.099039483,0,0
CG10754,6.161601745,6.378810232,6.333891734,5.489130674,5.156701973,5.557805707
CG10960,6.346041377,6.202884168,6.537956004,8.018761918,8.158652155,8.0214067
CG10948,8.225156818,7.953011511,8.084519605,8.509947759,8.599809977,8.404217893
Wbp2,6.484934947,6.333436201,6.393223659,8.554256038,8.219598294,8.44642196
Ent3,8.640072797,8.2321214,8.192911501,8.948134946,8.989407368,8.968591912
CG10943,0.089806327,0,0.280984078,0,0,0
CG14120,0,0,0,2.555684292,0,0
CG14118,2.096124414,1.569773665,0.976440789,0.161479554,1.301584745,1.705851653
CG12520,0,0,0,0,0,0.035045714
CG10748,0,0,0,0,1.048393528,0.713098814
CG10749,0,0,0.280984078,0.066775902,0.043373527,0
CG11262,0,0,0,0,0,0.035045714
CG11263,0.045601845,0,0.670218812,0.066775902,0.085481031,0.345376129
CG14117,0,0.081202514,0,0,0.085481031,0
CG11261,0.045601845,0,0,0,0.315178801,0
MICAL-like,4.690632433,4.720276285,4.938908041,5.522224604,5.880142451,5.751987415
CG11267,7.973784352,8.260999525,8.285298486,7.954638874,7.84240507,8.109329919
mRpL20,5.936525206,5.990055354,6.093862652,6.30421948,6.216684464,6.059138683
ste14,5.039527009,5.146542181,5.305348283,2.882002335,4.112539163,3.970835717
AdenoK,5.751117514,6.048645623,5.941935584,7.17107781,6.89879932,7.00612562
SRm160,6.74502322,5.733255528,5.690361405,5.70888847,5.964357726,6.02195332
Syx13,5.819984718,5.686173363,5.581203518,5.777153916,5.574894598,5.162630281
CG11279,4.665294017,4.72185985,4.673141738,5.227954194,4.91395676,4.77008632
CG11251,0,0,0,0,0.043373527,0.069260254
CG17687,0,0.041172495,0.343441058,0.099039483,0.043373527,0
CG14107,0.214831388,0.785544823,0.215700384,0.066775902,0,0
CG14110,0.329880465,0.398839565,0.147321929,0.387282298,0.166179293,0
CG10171,4.459584368,4.594535471,4.312396664,5.345238641,5.297706356,5.464478796
Poc1,0.43642859,0.460843657,0.764538089,2.68883914,1.881987279,1.544962321
CG10222,2.698537383,2.515713808,2.732131067,2.194305663,2.103074201,1.810692915
CG10713,2.726807108,3.032018319,2.610417859,3.65066293,3.568686387,3.572047406
CG14109,0,0.430174687,0,0,0,0
cmb,6.415531671,6.009634943,6.263963936,6.452055775,6.22200313,5.954336478
CG10133,4.757245878,5.047725809,5.171879786,5.932380142,5.670498039,5.822637889
CG10116,0,0,0.343441058,0,0,0
CG10738,3.37534349,3.262744138,3.846513933,2.22386743,0.631684635,2.110882328
CG10089,4.613241715,4.841768787,4.457120132,6.795968491,6.931271927,6.891882121
Abp1,7.864515887,7.580901079,7.605774499,7.017604286,6.930550176,6.792659384
Tgi,3.18978572,2.887113751,2.778079691,2.231164185,2.153430023,3.087417506
Spt20,5.375992713,4.952471801,5.513209878,6.370975541,5.20046887,5.289590923
Liprin-beta,5.893528448,5.675589465,5.857513198,4.88933892,5.081971276,5.041833704
CG10710,2.54822987,2.471215304,3.386952842,1.602674079,0.513278718,0.914728587
CG8757,0.973361179,1.274134361,0.670218812,0.649368125,1.469991358,0.817433287
CG8745,2.556129034,2.180105394,2.185196033,7.952847,8.072621286,8.21661515
CG13737,3.234773714,3.749360734,3.965469399,3.039918684,3.0521471,3.440992657
CG8833,4.482563046,3.749360734,3.668887747,3.91586441,4.391704366,4.698114413
CG13738,0.045601845,0,0,0,0,0.035045714
CG17364,5.685114587,5.364963508,5.482315966,5.486846383,5.738878425,5.281404975
CG17362,0,0,0,0.033774261,0,0.035045714
CG9040,0,0.081202514,0,0,0,0
CG17361,3.563438983,4.259383856,4.093644499,2.967495656,3.245611718,3.466890562
CG17359,3.698039828,4.416276166,4.202957867,3.711925407,3.41204315,3.112244507
Nprl3,4.311119041,4.477550974,4.160221217,4.550366072,4.408388782,4.19268889
upSET,7.565619406,7.745251656,7.55883506,8.376779966,8.099840417,8.479596524
CG6650,8.572677315,8.370552195,8.415243244,8.387840477,8.399618422,8.239449504
CG6833,5.483454531,5.536740518,5.545117967,5.871811847,5.835345613,5.736767353
CG13484,3.985182342,4.174037927,4.502305509,3.709315222,3.203213121,3.803077683
CG8100,0.132696544,0.266214546,0.343441058,0,0.043373527,0
Sox21a,0.089806327,0.120151752,0,0,0.914641953,0
,0,0,0.895375166,0,0,0
CG7768,0.470264926,0.231061681,0.895375166,0,0.126394328,0.426801509
CG7924,0.045601845,0.041172495,0,0.53610018,1.301584745,0.755742239
CG7906,0.292540976,0.36680871,0.147321929,0.066775902,0,0
CG13482,0,0.266214546,0.280984078,0,0,0
CG13481,0.045601845,0.266214546,0.215700384,0,0,0
CG3868,0.366277874,0.231061681,0,0,0,0.259078775
CG3919,3.229843768,3.292887264,3.386952842,1.317456221,1.532209851,2.094362876
CG4613,0,0,0,0.033774261,0,0.069260254
Gbs-70E,0.797937693,0.430174687,1.630628187,0,0.659827649,0.288421873
CG9628,3.436532061,2.35356639,2.948503801,0.438612949,1.845695598,1.321897267
CG4914,2.250142238,2.433055153,3.145409019,0.649368125,0.867152957,0
CG5048,0,0,0.147321929,0,0,0
CG13477,0,0,0,0.033774261,0,0
CG17177,0.628476965,0.430174687,0.460785459,0.413175903,0.602981688,0.16728912
CG13476,0.089806327,0,0,0,0,0
CG13471,0,0.36680871,0,0,0.384278962,0
CG9384,4.363824886,4.620236067,4.47815091,4.703795121,4.990746908,5.139669156
CG17173,1.611301687,0.266214546,0.147321929,0,1.283610278,0.035045714
mop,8.259881172,7.858277992,7.80444858,7.624360229,8.12118866,7.798460489
bmm,5.670634477,5.85947044,6.202107119,5.125955667,4.820434893,4.603516278
Tdrd3,6.216836993,5.40494258,5.946972921,4.589215608,4.70024427,4.807305377
CG9425,8.133431306,7.840894916,7.694557557,8.385798621,8.172606511,8.363544998
CG17839,5.968692161,5.97020638,6.239538538,3.092947253,4.357745278,3.797985826
CG3349,0.045601845,0,0.215700384,0.033774261,0,0
CG5114,5.00675778,5.22121808,5.207996708,3.639737876,3.553765602,3.541906533
Zip71B,1.019799334,1.256761209,1.840072658,1.657864397,1.79584138,1.444269594
mRpL39,6.267030429,6.514280017,6.641791662,6.624051534,6.481024288,6.358798573
Reck,1.416791103,1.341607518,0.976440789,0.438612949,0.602981688,0.553062079
CG12310,0,0,0,0.033774261,0,0
CG13461,0,0.041172495,0,0,0,0
CG18649,0,0.041172495,0.075540634,0.066775902,0,0
EAChm,0.045601845,0,0,0,0,0
CG13460,0.045601845,0.041172495,0,0,0,0
Or71a,0,0,0.147321929,0.387282298,0.315178801,0
sstn,2.259848281,2.668050881,3.082713241,2.238424221,1.963277813,3.936493378
CG13458,0,0.120151752,0,0,0,0.102682134
Cep135,4.467982658,4.110174971,4.056839367,3.414700906,2.877412853,3.019044331
CG16959,0.214831388,1.030117199,0.670218812,0.099039483,0.867152957,0
CG13457,0.045601845,0.334050524,0.280984078,0,0,0
CG12316,5.948578248,5.820092786,5.770685777,5.071101992,5.405519662,5.089498292
Pex3,6.295621528,6.197203236,6.202107119,6.558128269,6.616879376,6.686794033
FucTA,7.497260204,7.60469939,7.385079976,7.118190693,7.304046947,7.352806425
Msh6,2.8084372,2.600793561,3.026716412,2.945483987,3.154594401,3.144696241
Prp31,6.324235325,6.18290226,6.186219444,5.567604911,5.467536249,5.389448953
CG6878,6.208716641,6.472090812,6.612765812,7.550270479,7.368882603,7.50234055
CG7011,5.617834839,5.650033107,5.679809861,4.61035504,4.66075188,4.887395723
CG6888,0,0.490874211,0,0,0,0
Best4,0.292540976,0.120151752,0.936477292,0,0.085481031,0
Best3,0,0,0.147321929,0,0,0.035045714
CG7255,0,0.19503084,0.280984078,0.438612949,0.914641953,0
Toll-6,8.929988145,8.772388395,8.586011003,7.19296321,7.430163661,7.471490874
CG7804,1.533416609,0.736253047,1.818247164,1.17338058,1.963277813,0
Ran-like,0,0.081202514,0,0,0.81804741,0
CG13455,0.366277874,0,0.147321929,0.099039483,0,0.837424361
CG7275,5.957552403,6.288727128,5.894486999,5.545093182,5.27172671,5.291403733
CG7272,3.169331729,2.980031671,3.180048673,4.018533485,4.309706653,4.054344748
CG7841,5.26711429,5.280445711,5.669180576,6.37468669,6.614185069,6.542410217
CG13454,0.089806327,0,0,0,0,0.069260254
CG7945,7.164789102,7.275432624,7.379967496,6.804553764,6.734847296,6.686449646
CG7739,7.367203036,7.492982011,7.51498842,8.007385617,7.939767776,8.234746594
CG7427,6.292669588,6.716457533,6.701877701,6.371388362,6.660188695,6.535543258
CG16979,6.551646113,6.697669275,6.441314842,6.00813621,5.758532139,5.965165997
CG12301,3.084486341,3.236396231,2.988140057,1.859661497,2.18282089,2.588856075
AIMP2,6.397508941,6.478662305,6.430565809,5.299115418,5.491223687,4.991425615
CG7656,7.17315978,6.844087107,6.904489143,6.7324701,6.81759044,6.572167905
RhoGAP71E,5.564008863,5.212233094,5.434698099,5.167434188,5.072842448,4.999210951
CG7650,5.732939019,6.089085293,5.739090638,3.477406967,3.709975323,3.872538709
CG13449,0.292540976,0,0.215700384,0,0,0
CG7372,0.254209339,0.659006168,0.516062327,0,0.482093952,0
pgant8,0.503325831,0,0,0,0,0
CG6244,0,0,0,0,0,0.035045714
CG13445,0,0,0,0,0,0.135347252
DCP2,6.695370804,6.722798114,6.670245035,5.79326515,5.871895306,5.694236131
CG12713,1.822517503,1.583774727,0.895375166,1.344621878,2.050896994,1.482857594
CG18081,6.055539565,6.3488908,6.162596388,4.52980233,4.710371275,4.848522039
CG15715,6.056932034,6.238168645,6.119744259,5.317227855,5.315507129,5.420427804
sff,5.468883196,5.311277276,5.134835433,5.746292518,5.5950755,5.725413633
GXIVsPLA2,5.38267115,5.734040437,5.595709525,5.114164203,5.948046013,5.988261615
CG17032,1.549333635,1.357994016,1.471938095,1.046771834,1.02694508,0.895787384
CG10516,4.770886238,5.220098012,4.956498955,5.047529991,4.397983655,4.699480385
CG17026,0.089806327,0.120151752,0,2.383008774,1.319338022,1.820769885
CG17029,0.132696544,0.901874222,0.343441058,7.818666572,7.804893834,7.762807371
CG17028,0,0,0,1.772326804,1.562340969,1.023432869
CG17027,0.089806327,0,0,0,1.371323531,0.102682134
CG5830,5.520261553,5.778849609,5.429308887,5.75454479,6.129434917,6.12720374
mRpS31,5.523286834,5.388086651,5.571451177,6.027124743,6.036567208,6.244605569
CG5895,1.983479289,2.361715268,1.385527878,4.003697741,3.835572205,4.034998701
CG13075,0.174348395,0.430174687,0.809481815,0,0,0
CG5235,0.503325831,0,0.764538089,0,0.085481031,0.198539073
ClC-c,5.794334504,5.579292019,5.576335588,6.293803546,6.414960467,6.530563381
CG13074,0.174348395,0.120151752,0.215700384,0.360915446,0.417626289,0.198539073
ATPsynbetaL,0,0.19503084,0.215700384,0.099039483,0,0.035045714
IleRS-m,4.745203844,5.216732582,4.903069369,5.683180909,4.957121506,4.623802218
IntS9,5.28504898,5.254422028,4.976343677,4.520898771,4.329552538,4.983598038
Strumpellin,5.184166516,5.37908255,5.445416502,4.950296547,5.59142718,5.461261488
elg1,1.626386559,1.729434478,2.150681236,0,0.417626289,0.317180035
CG5157,0,0.761109441,0.620641262,0,0.043373527,0
CG5151,5.395935988,5.141818002,5.137041043,5.338497921,5.337453611,5.651118994
CG13073,0.214831388,0.19503084,0,0,0,1.307636778
CG5027,8.59165622,8.810562038,8.971401938,7.830274868,7.85634285,7.768675526
PDCD-5,6.22367254,6.486601942,6.44220699,5.112189555,5.369759778,5.320103104
MED10,5.908260719,6.10737418,6.118628574,5.858327071,5.513564925,5.429510901
CG13055,4.65980597,4.543510664,4.377273094,1.079480821,1.110889535,1.350002208
CG13054,3.925452123,3.949153281,4.761569369,2.15648072,2.859323501,2.043638334
CG13071,0.089806327,0,0.075540634,0,0,0
CG13070,0,0.041172495,0,0,0,0
CG4950,0,0,0.147321929,0.161479554,0,0.102682134
CG13068,0.089806327,0.120151752,0.403305984,0,0,0
CG13067,0.743632778,1.754407614,1.679869498,0.488179846,0,0
CG13065,0,0.120151752,0,0,0,0
CG13050,0,0.430174687,0,0.033774261,0,0
CG13049,0,0,0,0,0,0.035045714
CG13046,0,0,0,0.066775902,0,0.45295311
CG4962,0,0,0.075540634,0,0,0
CG4982,0,0,0,0.033774261,0,0
CG13043,0,0,0.147321929,0.066775902,0,0
CG13042,0,0.266214546,0,0,0,0
CG13062,1.129748022,1.070450879,0.620641262,0.488179846,0,0
CG13041,0,0.19503084,0,0,0,0
CG13059,0,0.158077041,0,0,0.043373527,0.069260254
CG13040,0,0.081202514,0,0,0.043373527,0
CG13039,0,0.041172495,0,0,0,0
CG4998,0,0,0,0,0.043373527,0.102682134
Golgin104,3.661892795,3.240821101,3.99495303,3.888436694,3.675929017,3.9730964
Tcs3,3.457771073,3.588546232,3.205493296,3.552140991,3.515774216,2.797139129
Cpr72Ea,1.086768738,1.452586776,1.796086408,1.046771834,1.354202323,1.263989531
Cpr72Eb,0,0.300531207,0,0,0.085481031,0
Cpr72Ec,0,0,0.147321929,0.066775902,0,0
CG4842,0.771040734,0,0,0,0,0.102682134
roq,5.244072191,5.032493207,5.083152831,6.1834069,6.332126859,6.038238766
CG4753,0,0.19503084,0,0,0.126394328,0.345376129
CG4729,8.578869858,8.767796424,8.912589378,6.929518526,6.703081152,6.999764238
RAF2,5.083915177,4.967233805,5.372408755,3.266331255,3.245611718,2.909996042
Gagr,1.04246964,1.390218998,1.293610521,0.306690511,0.043373527,0.528678517
GluRS-m,4.408141309,4.774692225,4.515928708,3.449526004,3.357239674,3.384365765
CG13033,0.214831388,0,0,0.033774261,0,0
nxf2,0.214831388,1.895796724,1.499628432,0.099039483,1.833392622,0.069260254
Smn,6.717551948,6.811736207,6.780875663,5.052687202,4.621937281,4.584420454
Syx8,4.54343335,4.55776767,4.572433666,4.958013176,5.227751564,5.002534706
CR18217,4.375032266,4.063477172,4.406822213,3.182242363,3.519618693,3.653238306
CG4098,5.119001266,5.387088966,5.589280411,3.455768505,3.709975323,3.523515044
CG13032,0.771040734,1.37419648,1.773579932,0.066775902,0,0
CG9692,0.045601845,0.081202514,0.343441058,0.066775902,0,0
CG13026,0,0.120151752,0.075540634,0,0,0
CG9701,0,0,0.215700384,0.130597294,0,0
CG13025,4.976173764,4.67358006,4.795476632,4.926895879,4.428976573,4.602056309
CG9705,7.863521562,7.864922195,7.919108904,5.557481799,5.526041206,5.179369719
CG9706,3.847134391,4.337897889,4.682232424,4.217170736,4.177248803,4.18880372
CG9674,7.864317077,7.710977743,7.920069825,9.654284082,9.517747544,9.221218864
CG13024,0.132696544,0,0.343441058,0.833223249,0.35014255,0.035045714
TSG101,8.034062255,8.318386401,8.254139739,8.081165607,8.232978099,8.345335845
CG9669,5.709224963,5.653356252,5.743440027,3.625964179,3.531091033,3.557055681
CG9715,3.840681382,4.39261011,4.256687635,4.139802751,4.229823602,3.498622569
CG13029,0.214831388,1.37419648,1.161168219,1.435864971,1.951941571,1.650428231
CG9951,5.590211476,5.559944904,5.941935584,4.707723612,5.037080008,5.399569216
CG13028,0,0.549122661,0,0,0.043373527,0
CG13023,5.919786117,4.896079406,5.055434612,0,0.867152957,0
CG11905,1.517322013,1.526936274,0.147321929,0,0,0.229126454
CG13022,0.254209339,0.158077041,0.215700384,0,0.204896494,0
Cpr73D,3.47453999,2.920595882,3.950498508,1.203369782,1.485799341,2.135312168
CG3764,2.801808356,2.915069211,3.127772224,2.683529598,2.26756314,2.182964763
CG6664,6.646262936,6.690812811,6.882309482,5.895541702,6.170360526,6.097981453
CG7728,1.769147149,2.024557619,1.903635333,2.538141418,1.676941004,0.691294921
CG6652,0.089806327,1.611375695,0.403305984,0.130597294,0,0.478639091
Fit2,2.873102452,3.1211194,2.978332615,4.239051782,3.395401186,3.886997877
CG7730,0.503325831,0.71096088,0.075540634,1.063219023,0,0
beg,5.072945513,5.323844908,5.432903931,5.710194539,5.709728119,5.335999095
Papst2,5.862012499,5.888666526,6.202107119,5.534072998,5.292098268,5.832632058
CG14057,4.947932503,5.268576429,5.239130622,4.276562784,4.426930964,4.64522521
rogdi,8.101906267,8.404104631,8.243687419,8.041508311,8.171079649,8.268040135
CG7724,0.771040734,0.549122661,1.015327048,0,0,0
CG6512,6.603546527,6.114625308,6.079025881,6.817033593,7.083824586,6.942367398
CG7707,0.132696544,0,0,0,0,0
CG6497,0.045601845,0,0,0,0,0
CG13724,0.366277874,0.632309912,0,0,0,0
CG13725,0,0.36680871,0,0,0,0
CG6479,5.149343268,5.060297927,5.385454744,4.257035848,4.70024427,4.60059486
brv2,0,0,0,0,0.126394328,0
Mip,1.611301687,0.120151752,0.895375166,3.318644205,2.239865136,7.60994502
CG7692,4.838837943,4.433774371,4.58541339,4.049819762,4.196589314,4.135303396
Cad74A,0.900774972,0,0,0.033774261,0.914641953,0
CG13728,0.132696544,0,0.516062327,0,0.315178801,0.102682134
CG13731,0.174348395,0.520292387,0,0,0,0
CG12229,0.797937693,0.967420201,0.460785459,2.465755606,1.928998307,1.495494259
CG18265,3.602104999,2.565951338,3.19706152,5.41497863,4.591212203,3.9730964
QIL1,8.06501341,8.244430873,8.426557488,9.08071015,9.091731319,9.157233514
CG7589,0.598192202,0.430174687,0.809481815,0.438612949,0,0
UQCR-Q,9.398334719,9.490392946,9.592795923,10.12379036,9.851523118,10.05594223
CG13733,0.824342362,0.490874211,1.324904867,0.221328946,0.891092845,0.797161305
qjt,0.329880465,0.266214546,0.718149104,0.413175903,0,0.373031704
CG6333,0,1.291300791,1.090089724,0.387282298,0.043373527,0
Oatp74D,6.971227635,6.809876126,6.765275762,3.815069659,3.387007657,3.934174558
U4-U6-60K,8.537449246,7.951662496,8.005843985,6.538411122,6.406161198,6.352734396
CG7564,7.009127011,6.439258076,6.131960184,7.238480641,7.470445581,6.780448517
Edc3,5.331812623,4.268080807,4.392123305,5.704307896,5.566556714,6.218641562
CG7542,0.174348395,0.520292387,0.670218812,0.221328946,0,0
Vps60,7.888176402,8.070153249,8.207939428,7.303307238,7.082200757,6.994487944
CG7510,5.57376911,5.599244913,6.069819137,6.894043313,5.871143223,7.199299499
CG7497,0.503325831,0.36680871,0.215700384,0.387282298,1.649133071,0.345376129
CG7484,6.284371876,6.64855907,6.695157417,4.97875261,5.431259506,5.586881739
Crtc,5.354638035,5.368000671,5.525047752,5.83576797,5.542195223,5.864643083
CG6052,0.089806327,1.803093283,0.895375166,3.680287117,2.202087344,2.026325936
CG7460,0.045601845,0,0,0,0,0.035045714
CG6034,0.089806327,0.334050524,0.280984078,0.161479554,0.126394328,0.426801509
Adgf-B,0.658139045,1.406065524,1.090089724,0,1.532209851,0.646672929
Adgf-A,1.308726695,0.988623391,2.778079691,0,0.126394328,0.102682134
CG5589,4.781032535,4.736034256,4.657862131,4.326810764,4.135268601,4.84235228
cln3,0,0,0,0.033774261,0.085481031,0.713098814
CG5577,1.873983732,0.334050524,0.853067622,1.247216179,0.842809102,0.373031704
CG5567,4.9732269,5.22345561,5.307308193,6.305084089,6.255816504,6.484161298
MED19,5.866784005,5.634142785,5.305348283,5.333421631,5.496109994,5.133618708
CG7430,9.390072287,9.015635035,9.176840922,10.47496823,10.43833108,10.51367625
TrpRS-m,5.449929734,5.240127379,5.33254766,6.930639454,6.921497691,6.986117464
CG5535,4.214604212,4.217341904,4.11617984,2.601448428,2.998059566,2.465825364
CG7408,0,0,0.147321929,0,0,0.069260254
CG5506,0.089806327,0,0,0,0,0
CG16775,0,0,0,0.033774261,0,0
Tsp74F,0,0,0.075540634,0,0,0
Prestin,4.022721602,3.819078109,4.509133189,4.928018846,5.038420473,5.161639533
CG14353,5.167504658,5.207719529,5.45605586,4.701170172,4.85735948,4.764876469
CG5290,4.161225162,3.598924316,4.450041189,3.060545597,3.436651595,2.750457329
CG13698,6.636051225,6.666349696,6.892136685,3.269878422,3.300271899,4.633839214
mRpS26,6.457783818,6.546360881,6.498186573,6.842567527,6.461171043,6.63061909
CG5147,5.378222296,5.24123201,5.447195186,5.238854729,4.498804659,4.824935249
CG7341,0.366277874,0.120151752,0.516062327,1.397465162,1.131134066,0.797161305
CG7330,0,0,0.215700384,0,0,0
CG13699,0,0.967420201,0,0.033774261,0,0
CG7320,0,0.158077041,0.075540634,0,0.573696073,0
CG5103,0.045601845,0,0,0,0,0
CG13700,0.045601845,0.158077041,0,0,0.085481031,0
skl,3.017408402,3.29714247,3.230496923,2.053226971,2.455898547,2.302841372
CG4306,0.254209339,0.945900736,1.261622271,0.979041354,1.770252983,0.035045714
AstC-R2,2.230532028,2.417503913,2.376555991,2.618242513,2.423434135,2.61804156
AstC-R1,4.423335953,4.020373829,4.198740723,2.288246539,2.918759638,2.026325936
CG7271,0,0,0.147321929,0.19171458,0.085481031,0.035045714
CG18233,0,0,0,0,0,0.16728912
CG18231,0.132696544,0.120151752,0,0.19171458,0,0
MYPT-75D,4.427648047,4.688234397,4.417748942,4.973323704,4.944307143,4.706290907
Sgf11,4.359317442,4.739165301,4.639310394,2.830087269,2.406923805,2.822435295
Chmp1,7.366641691,7.630431942,7.517953354,7.105591126,7.038322042,6.945824566
Cyp12c1,0.045601845,0.19503084,0.670218812,0,0.74110543,0
CG6893,0.045601845,0,0,0,0,0
Dic4,0.535646052,0.231061681,0,0,0,0
CG12477,0,0,0.075540634,0.649368125,0,0
MED11,5.310956354,5.501218779,5.581203518,4.394991349,4.130248471,4.302833562
Nufip,2.617812027,2.852836064,2.168041848,2.336405564,2.061484493,1.860388321
Atg3,8.004959699,7.977080547,8.216047266,7.046068882,7.021813761,7.236237679
CG14073,3.624816765,3.454005527,3.975364376,4.139802751,4.418719402,3.874958656
HipHop,4.529458269,4.82270934,4.614197718,4.24086031,4.357745278,4.19268889
Indy,3.527730756,2.852836064,3.662777281,4.122249549,3.753067339,2.807310882
CG14074,2.860399202,3.231957748,3.230496923,3.72490596,3.313619381,3.71397279
Dysb,1.484583944,0.120151752,1.324904867,0.926071582,2.415202588,1.860388321
CG6852,5.180338516,5.353772219,5.427508001,5.72771171,5.605965428,5.547223552
CG3961,5.901301024,6.081087535,6.066351403,4.875435749,5.029010957,4.942657065
NijB,0,0.041172495,0.075540634,0.19171458,0,0
CG3902,2.006722936,1.69114504,2.435089642,1.046771834,1.649133071,1.140696948
RpL26,7.692206821,7.953348568,7.982422616,6.173498623,6.328296108,6.271029564
arx,1.626386559,2.35356639,1.840072658,1.933088642,1.940515547,2.273793051
CG6843,5.082548522,5.31232877,5.249361055,4.535707655,4.150225023,4.602056309
CG6841,4.601839046,4.479424501,4.54279515,4.045687252,3.488572151,3.592777497
CG3819,0.366277874,0,0.147321929,1.111464636,1.532209851,2.159335204
CG6836,0,0,0.280984078,1.423178261,2.163293657,1.074860222
CG14075,1.565076965,3.330739702,1.526797288,0.889646124,1.577173781,0.691294921
CG11619,0,0.659006168,0.403305984,0.130597294,1.246975234,0.93342433
CG18135,4.50925607,4.174037927,4.028605928,7.682407003,7.578286844,7.713124071
CG3808,5.151951792,5.341463708,4.720976611,4.255247496,4.266891203,4.632409626
SmydA-2,0,0.158077041,0.075540634,0,1.319338022,0
CG3797,6.122902624,6.257950398,6.141878662,4.82086338,4.576523759,4.572542298
CG6812,6.92202693,6.92536644,6.873076635,7.727606386,7.978167524,7.880686545
Mkp3,4.885039258,5.699094004,5.525047752,8.497709664,8.585553152,8.32799828
MESR6,7.371126345,7.23302989,7.468454212,4.699855904,4.952862686,4.626677064
CG11577,7.261261881,7.532093345,7.283209504,5.856558859,5.89057109,6.09538963
CG10424,5.444620391,5.641691601,5.531768895,5.379299008,5.071533602,5.44994407
CG14079,4.903732538,5.180337518,5.008020262,0.066775902,0.043373527,0
Gem2,5.618778,6.01416553,6.187284083,5.777776917,6.159929576,5.921351458
CG14082,1.327308948,0.736253047,0.853067622,3.193492447,3.361530033,4.010995711
mRpL21,6.350590426,6.679448291,6.602427304,7.073729065,7.101246451,7.093139236
CG9629,2.684192039,2.641523012,2.299882543,1.142754737,2.018660167,2.582947453
CG14088,0,0.460843657,0.147321929,0,0.450220187,0.035045714
CG14085,0,0.266214546,0,0,0,0
CG14086,1.191907582,0.36680871,0.403305984,0,0.043373527,0.373031704
CG14089,0,0,0,0,0.543803643,0
Gbs-76A,1.251499213,0.19503084,0.936477292,8.018102956,7.611763849,7.670401972
ms(3)76Ba,0.535646052,0,0,1.985806041,0,0
CG12519,0,0,0,0,0.085481031,0.069260254
brv1,0,0,0,0,0.085481031,0
CG9449,0.43642859,0.300531207,0.809481815,0.066775902,0,0
CG9451,0.535646052,0,0,0,0,0
CG9452,0.715694033,0,0,0,0,0
Cpr76Bc,0.214831388,0,0,0,0,0
Cpr76Bd,0,0,1.750716776,1.985806041,0,0.069260254
CG9279,5.837915339,5.300719965,5.432903931,7.295062274,7.294542191,7.520809058
CG9300,5.350101752,5.308118187,5.459584947,4.750245383,5.151756,5.076940919
CG9231,5.562048865,6.073045193,5.690361405,5.976465316,6.315084345,6.33790011
CG9330,7.26458006,7.375156228,7.404435387,6.670415739,6.744324474,6.578120749
CG14100,6.273632781,6.451717725,6.571775177,7.148373608,6.942771103,7.068771322
CG9368,8.084602146,7.769380644,7.883754138,7.082580421,7.215865832,7.207003305
CG9372,0.254209339,0.266214546,0,0.066775902,0.659827649,0.069260254
Lon,5.694091404,5.58278197,5.094546739,6.435963378,6.297838099,6.357933821
CG9376,7.6163202,7.844170237,7.94483172,6.474134018,6.362947169,6.432114571
ms(3)76Cc,0.089806327,0.36680871,0.670218812,0.130597294,0.085481031,0.069260254
wnd,3.843911495,3.702007673,3.386952842,4.064191035,4.717083334,3.697660782
CG8786,3.843911495,3.910791867,3.728609823,4.621504016,4.518150128,5.00915933
tey,0.797937693,0.80957322,0.620641262,0.961599966,2.423434135,1.830776958
CG8765,5.203155626,4.975222593,5.036655448,5.219724401,5.475475354,5.447507315
CG14102,3.244583352,3.011447906,2.477482248,3.027399477,2.431618982,2.933404153
CG14103,5.750257046,5.752751255,6.058227463,5.145396438,5.112838716,5.39367436
CG15881,6.079030676,6.377806109,6.553726924,4.50743955,4.184531912,4.566566344
Cyp305a1,0.329880465,0.460843657,0.075540634,1.435864971,1.577173781,1.532753413
Fibp,6.702950719,7.044999603,6.98750495,6.707510016,6.76268863,6.586635158
Usp32,4.741744721,3.749360734,4.54279515,5.565441645,4.769684401,5.472490815
Prp3,6.536253986,6.378308257,6.352992934,6.041203907,5.909740806,6.151860047
Mtr3,3.495230706,3.363572301,3.548117629,2.936584415,2.133498108,2.663543995
CG7770,7.588667541,7.855575655,7.890633326,6.589693499,6.435455352,6.545831478
Grasp65,7.423342479,7.483678085,7.595786547,6.334176691,6.249464226,6.056476066
CG8004,5.830607,6.182327261,6.294913475,6.421683935,6.276980292,6.297429378
RhoGDI,7.522929624,7.840530532,7.491047001,7.856462533,8.018291538,7.781953443
CG14182,7.104793677,7.46417887,7.512017381,5.768403531,5.600530739,5.674228736
CG17732,0,0.120151752,0,0,0,0.035045714
hale,0,0,0.075540634,0,0,0
schuy,0,0.041172495,0,0,0,0
CG7646,9.222433995,9.508970253,9.419598117,9.009494503,9.179399392,9.145505067
CG7433,8.91509335,9.035668846,9.12514057,10.43319128,10.40283232,10.34006325
Tom20,8.359586728,8.670493937,8.739595406,8.879195103,8.924827112,8.968379461
CG7668,3.302080417,3.284339015,3.889011294,5.021463724,5.263726096,5.002534706
CG14183,2.39810842,2.425300487,2.299882543,2.853916855,2.758818664,1.727438281
CG14184,4.880327846,5.127551934,4.809372787,5.146361634,5.125507746,5.055765977
sNPF-R,6.622478938,5.811937935,5.870827168,7.178409894,7.333556782,7.440375627
CG14186,6.26341637,5.550173174,5.679809861,7.782649884,7.925530416,7.734936045
CG14185,1.129748022,0.80957322,0.280984078,0.943945139,0.204896494,1.694935995
Ir76b,0,0,0,0.221328946,0.166179293,0.734578078
obst-J,0,0,0.147321929,0,0.767211364,0
CG7335,0.366277874,0.120151752,0.075540634,0.033774261,1.170790315,0
CG7328,0.43642859,0.300531207,0,0.033774261,1.190217021,0.426801509
Ssk,3.01167521,1.826833554,2.406119653,3.08088175,3.736645454,3.681162229
CG7298,0,0,0,0.033774261,0.085481031,0.035045714
CG7290,0.470264926,0,0,0,0.043373527,0
CG6933,0,0.158077041,0,0,0,0.755742239
CG17145,0,0,0,0,0,0.069260254
CG13813,0.366277874,1.030117199,0.936477292,0,0,0.069260254
CG17233,7.180524342,6.644807523,6.832824049,6.917130494,6.888430204,7.019585313
CG6951,2.250142238,2.537458732,2.610417859,2.909551488,3.067985698,3.756590767
CG17122,0.743632778,0.158077041,0.620641262,0.996274402,0.24260175,0.553062079
FRG1,4.845299185,5.242335795,5.165411283,3.807767542,3.468823214,4.112925115
CG6597,6.179610428,6.262309749,6.335813275,5.635857853,5.596896206,5.355192643
CR6434,0.045601845,0.041172495,0.147321929,0.19171458,0.043373527,0.069260254
Rbbp5,4.811050181,5.006742588,4.855642918,4.667948859,4.855839677,4.83491357
eRF1,8.823570735,8.908114763,8.959923113,8.028872114,7.93599685,8.094221226
CG5618,2.540287217,2.522998593,3.372049038,3.617636395,3.743236656,3.792875934
CG5665,0.045601845,0,0,0.852277114,1.190217021,0.317180035
Toll-9,0.470264926,0.231061681,0,0.033774261,0,0.035045714
CG13247,0.174348395,0.300531207,0,0,0,0
RhoBTB,8.764179038,8.431339828,8.468322262,7.194830409,7.013999348,7.246553291
CG13248,5.37375968,4.627012934,5.24118252,6.976677572,7.223546415,6.979104773
zye,0.045601845,0,0,0.066775902,0.126394328,1.188174903
CG5282,4.940407785,4.696311832,4.895272441,6.426856719,6.381550745,6.330866136
CG5274,4.774276272,4.896079406,4.971408029,4.54305548,4.001459916,4.10470072
CG5262,4.30644361,4.620236067,4.052171997,5.462252881,5.697901054,5.094698443
mRpL15,5.923607545,5.971538175,6.097264962,5.963928205,5.868130962,5.923106442
CG5872,4.539454264,4.217341904,4.56262166,4.209802679,3.791733585,4.451297221
CG11796,0.996767095,1.390218998,0.936477292,1.127194515,0.767211364,1.249141988
CG5910,3.903948279,4.339961705,4.181747784,2.704651516,1.606389595,2.871734667
CG5199,5.483454531,5.333199305,5.672225514,5.096294312,4.962780447,4.577008075
atk,0.401779573,0.300531207,0.075540634,1.030134977,0,1.023432869
CG5955,0.743632778,0.549122661,0.516062327,1.142754737,2.338925554,2.755719417
CG5969,6.156414846,6.598149197,6.747341401,5.333421631,5.713089548,5.997175188
isoQC,2.705656916,3.172979344,2.696682994,5.155019459,5.401358332,5.140675101
ZnT77C,0.254209339,0.19503084,0,0.360915446,0.602981688,1.532753413
ND-39,9.019214793,8.989579001,9.053532713,10.17857136,9.989027661,10.01935711
CG18281,0.174348395,0.120151752,0.460785459,0.306690511,1.048393528,0.373031704
CG17637,0.470264926,1.070450879,0.516062327,1.556949428,0.543803643,1.005874807
CG5078,0,0,1.053192621,0,0,0
CG5059,5.625362913,5.840644944,5.646136358,4.559090161,4.559818508,4.329545356
mTerf3,3.894633313,3.92735753,4.023846166,3.956052396,4.19898875,3.730102424
CG5104,0.628476965,1.406065524,0.460785459,0.221328946,0.279346616,0.16728912
CG4825,3.970480021,4.185560327,3.846513933,4.309680847,3.99870807,3.867686603
CG4858,5.105607406,5.200922595,4.968933858,5.207753423,4.276011181,5.038599367
Rcd2,2.06324465,1.961613188,1.703873911,1.127194515,1.770252983,0.553062079
CG13251,0,0.19503084,0,1.602674079,0,0.837424361
cmpy,7.871061306,7.837246928,7.809988621,7.231448311,7.594097322,7.853795233
CG13252,0.292540976,0.577388071,0.670218812,0.099039483,0.891092845,1.04077981
CG4074,4.431947291,4.908648429,4.90824401,4.604748076,4.779337104,4.494429465
CG4042,4.846909984,5.023532679,5.053100541,5.197545968,5.353697121,5.510341031
Pex16,5.781757457,5.884430658,5.869501286,5.439597001,5.743817011,5.907825182
Pex14,7.103446667,7.218240165,7.434784215,6.953979967,6.878734548,6.993653078
CG11399,4.584564259,4.384634361,4.495445363,4.6228916,5.27172671,4.974599921
CG11396,4.431947291,4.270246877,3.950498508,4.280084914,5.000408483,4.83491357
CG3698,0,0.081202514,0.280984078,0,0,0.035045714
tzn,7.68118806,7.828270178,7.833299303,7.48672192,7.30905364,7.500970315
Spc105R,0.43642859,1.185097719,0.147321929,0.774503582,0.166179293,0.734578078
CG3634,3.00014002,2.328839894,3.619263638,4.003697741,3.104279921,2.175131167
HIPP1,7.028064793,6.665115583,6.592817857,6.725059615,6.840824214,6.822115004
CG3618,7.930571198,7.957891146,7.935674934,6.842567527,6.737738251,7.107616284
CG3288,0.089806327,0,0,0.033774261,0,0.035045714
CG11456,4.50518146,4.124613047,4.539464079,4.478606474,3.904820706,4.477012439
CG10589,0,0,0.075540634,0.033774261,0,0
Sems,0,0.158077041,0.075540634,0,0,0
CG10588,0,0,0,0,0.043373527,0
CG10587,0,0,0,0,0.043373527,0
CG12983,0,0,1.015327048,0,0.126394328,0
CG12984,0.214831388,0.158077041,0.215700384,0.033774261,0,0
CG10585,4.630178497,4.520038263,4.839481196,5.820731727,6.054565595,5.767048584
CG10584,4.817636792,5.168773162,5.197467618,4.556187989,4.902224661,4.859561549
CG10581,3.073521035,3.05229955,2.876406888,2.967495656,2.347602683,2.78689515
ICA69,8.073465742,8.262224334,8.318716159,7.805742814,7.840100986,7.652705706
CG10565,6.999383032,6.456956893,6.61038657,6.877572422,6.881351333,6.737875187
CG10512,5.824079472,5.595794608,5.445416502,4.934738351,5.673952016,5.349983312
CG10510,0,0,0,0,0.204896494,0
CG10508,6.592546821,6.42474656,6.376519196,7.452988767,7.72681217,7.721720428
CG12975,6.391450981,6.616993988,6.477447939,6.275392727,6.437996862,6.26781046
CG9391,6.367522737,6.393292021,6.45817203,6.98748996,6.564341579,6.842350937
CG9389,2.39810842,2.024557619,2.133109169,1.188453103,0.891092845,1.759224431
CG12974,0.43642859,0.300531207,0,0,0,0.035045714
Cpr78Ca,0.132696544,0,0,0,0,0
Cpr78Cb,0,0.158077041,0.147321929,0,0.891092845,0
Cpr78Cc,0.132696544,0,0.075540634,0.334057725,0,0.035045714
CG11309,1.796079106,1.308265359,1.861572885,2.709884029,2.556629725,2.729214923
CG7632,4.950931436,5.363949698,5.101340139,5.733503819,6.039917228,5.528900151
Tsr1,5.556152843,5.061549134,5.381739341,5.14249697,5.681693363,5.610308949
CG7324,5.984876438,5.503982488,5.960735587,5.985122969,6.266151186,6.316694461
ebd2,3.602104999,3.885581166,3.625560804,3.817495508,3.713336177,4.726531672
CG12971,0.045601845,0.081202514,0,0,0,0
barc,7.042546118,7.048158876,7.021330008,7.545156617,8.026927146,7.926171903
CG5664,3.143349574,3.819078109,3.303008358,2.927629603,3.370072664,3.06215577
Syx6,7.483605145,7.582645165,7.471953138,7.722276057,7.826198668,7.945584544
CG7202,0,0,0,0.033774261,0,0
CG7519,5.84599253,6.027032216,6.178744891,4.428703796,4.039444575,4.234749152
Est-Q,0,0,0.147321929,0.46360926,0.279346616,0
M6,5.820804599,6.093985043,6.167999331,4.541588906,4.527726446,4.713069431
Cdk12,5.383781224,5.44958931,5.275625562,5.518501937,5.749557409,4.980230318
CG7611,7.693774083,7.652810967,7.688930964,6.25181961,6.646189332,7.039946717
Wnk,7.438645774,7.636531659,7.364049763,8.203641508,8.1992181,7.931412954
CG7173,0.366277874,0.398839565,1.293610521,0,0,0.600626626
CapaR,1.741702851,1.583774727,1.053192621,1.218133808,0,0
CG7634,0.401779573,1.128912832,0,0,0.043373527,1.336018175
CRIF,5.958297735,5.890779805,5.857513198,6.022926615,6.049256109,5.869505419
S1P,3.06800697,2.781736218,3.230496923,2.478074943,2.828661233,1.840715096
CG11307,6.905890692,7.028138966,7.094655751,4.898533818,5.53556546,4.804769144
CG7166,6.952272111,7.245469274,7.375304013,6.701940666,7.033288519,6.908809193
CG11306,7.951123189,8.215496833,8.223850413,7.433550218,7.24866399,7.354324785
MED1,4.802774402,4.955167061,4.775794367,4.887031009,4.471277652,4.837397404
ORMDL,3.535742647,3.885581166,3.894236513,3.504759312,3.500293038,3.70039229
CG11249,0,0.430174687,0.147321929,0.559476377,0.204896494,0
Als2,4.408141309,4.594535471,4.439357217,5.191947675,5.753643754,5.565317147
CG11248,5.534325571,5.625708625,5.705302415,4.856687283,5.625719278,5.328072993
CG11247,6.68234773,7.099312172,6.957867135,8.358051087,7.763344465,7.779049228
Rpb8,5.018240387,5.18493743,4.90565901,3.807767542,3.928148591,4.006588299
CG14570,0.503325831,0.19503084,0,0.438612949,0,0.426801509
CG14569,0,0.081202514,0,0,0,0
CG14568,0.132696544,0,0,0,0,0
CG14567,0.132696544,0,0,0,0,0
CG14566,0.470264926,0.231061681,0.569299184,0,0.126394328,0
CG14572,0,0,0.075540634,0,0,0
CG14565,0,0.300531207,0,0,0,0
Syn1,5.146730019,4.936193635,4.844888579,4.174281156,4.368443612,3.889393712
CG14564,0,0.19503084,0,0,0.085481031,0.035045714
CG7370,0.996767095,0.659006168,1.355534777,0.488179846,0.384278962,0.373031704
CG7407,6.348317695,6.223711228,5.930536855,7.960824385,8.078660226,7.815725831
CG7414,8.900527993,8.565710362,8.602665149,9.782779723,9.642593667,9.681676734
Nopp140,5.063278155,4.456779988,4.410473659,3.339049561,3.626872648,3.70039229
P5CDh1,8.106956465,7.880070998,7.943257104,9.238273944,9.206558025,9.346662232
CG14563,0.535646052,0,0.403305984,0.360915446,0.450220187,0.069260254
CG7442,2.159717845,1.972296492,2.708596057,0.605122262,1.246975234,2.528651805
DNApol-eta,4.681634,4.989754791,5.005608142,4.563432502,4.589384305,4.652296093
CG14562,5.594053186,6.255219099,6.404253472,6.282873051,6.554069138,6.323354771
CG7458,0.900774972,0.490874211,1.499628432,0.033774261,0,0
CG7470,0.089806327,0,0,1.203369782,1.090356876,1.278685825
CG7140,0,0,0,0.2787941,0,1.898947794
CG14561,5.381560222,5.602686987,5.666129198,4.003697741,3.976502272,3.328959659
CG7133,5.732067636,6.07056158,5.723029747,4.292345091,4.184531912,4.517846093
CG7130,1.451085688,2.142762288,1.679869498,2.164125461,3.067985698,2.259046575
olf413,7.155069888,6.94210623,6.999676569,6.199770959,6.348970398,6.694692329
CG11523,5.145421618,5.15007519,5.022408899,6.275392727,6.287165004,6.100051563
laza,1.626386559,1.678152691,1.228908645,0.871082608,1.893884428,0.345376129
CG11438,2.085247541,1.37419648,0.976440789,1.275723862,2.487648473,2.206213528
CG11437,0,0,0.075540634,0.161479554,0.204896494,0.317180035
CG11426,3.680079518,3.403589413,3.889011294,3.398589081,3.144670905,3.019044331
CG11425,3.440804951,2.969405704,2.968458044,1.568517169,0.867152957,0.102682134
CG11404,0.329880465,0,0,0,0,0.970104318
Trxr-2,0.045601845,0,0,0,0,0
CG14459,4.952428567,5.037588632,4.772960566,4.047754987,5.464547785,4.775277426
ND-B14.5AL,0.089806327,0.19503084,0,0,0,0
CG14457,0.366277874,0.460843657,0.215700384,0,0,0
CG14455,0,0,0.075540634,0,0.166179293,0
CG11370,0.045601845,0,0,0,0,0
ArfGAP3,7.413321164,7.120477332,7.244353175,7.020502472,7.067831701,7.115568332
CG14451,0.366277874,0,0.569299184,0.066775902,0,0.400167095
CG14450,6.472988769,6.230958046,6.804657627,6.290751346,6.45315261,6.654409087
CG11367,5.5323248,5.778088711,5.798820275,5.334268921,5.379312225,5.175448465
CG11241,2.006722936,1.704021429,2.268034601,2.555684292,2.564094611,1.964042215
CG7369,6.553620285,6.346326503,6.141878662,5.388301979,5.665301519,5.813835835
CG14448,0.567258051,1.090202596,1.385527878,0.512338969,1.820983826,1.391158966
CG11226,0.254209339,0.80957322,0.569299184,0,0.384278962,0
CG13239,0.366277874,0.398839565,0.718149104,0.033774261,0,0.600626626
CG11137,6.884091064,7.231918958,7.187495518,6.340937584,6.270720721,6.283379256
CG11109,2.617812027,2.817724095,2.635595844,2.607068206,2.725918746,3.04076108
Ssl1,5.237946813,5.273983666,5.32869329,3.831965561,4.155176238,4.757026245
slif,0.329880465,0.398839565,0.403305984,0.161479554,0.659827649,0.198539073
CG11131,0.366277874,0,0,0,0,0
BoYb,0,0,0,0.099039483,0,0
CG12768,5.793499436,5.702306164,5.482315966,4.431873797,4.832848392,4.597667515
Mes2,0.535646052,0.924055416,0.936477292,1.232748274,0,0
CG12581,0.132696544,0.71096088,0.460785459,0,0,0.102682134
beta-Man,2.66970262,0.300531207,2.003720007,1.473269147,0,0.069260254
CG14636,0.771040734,0.632309912,0,0,0,0
aux,8.195593769,8.046494384,8.134223221,9.525229857,9.443929572,9.130455979
CG14641,6.98445962,7.07845006,7.197569125,6.212269046,6.432909357,6.597299587
CG14642,0.43642859,0.430174687,1.605362592,0.033774261,0.81804741,0
TwdlU,2.298032348,2.486201158,2.251843045,1.859661497,1.170790315,2.317149106
TwdlF,0,0.231061681,0,0.387282298,0.513278718,0.857142206
TwdlG,1.363770477,2.225464736,2.491340747,6.148185169,6.254663623,6.104182894
TwdlV,0,0,0,0,0,0.102682134
CG1092,0.401779573,0,0.853067622,0,0.085481031,0
CG9766,0.43642859,0.879346663,0.895375166,1.579992895,2.26756314,0.817433287
CG9780,3.079014106,3.218559776,2.918045209,2.607068206,3.564970633,3.753963711
Vps24,5.981214103,6.001834965,5.638372423,5.838756504,6.0067467,5.661669334
Suv3,4.65980597,4.862016605,4.931302918,4.347101745,4.639709838,4.696747148
CG9795,4.809398818,4.737600628,4.806604244,4.601936401,4.602131222,4.670519826
CG1103,4.105794978,4.012631852,3.873221119,4.114379044,3.583454435,2.837402796
Skp2,0.292540976,0,0.895375166,0.306690511,0.960617448,0.895787384
CG1090,8.629817019,8.412586727,8.361551951,9.678882007,9.725081031,9.895064525
CG11739,7.388650391,7.612189988,7.77819223,8.187907587,8.164342196,8.019767377
Cont,4.186890203,3.894033778,4.320182354,3.993006592,3.651609332,4.557555742
CG14646,5.861215711,5.72617207,6.070973198,4.933620605,5.058379412,4.833670048
CG9855,5.105607406,5.318621693,5.511510796,5.264862578,5.189650992,5.427039359
CG14647,6.081085174,6.378810232,6.451984379,6.520283403,6.538995612,6.366128112
srl,3.34374767,3.970624645,3.567871627,3.430634781,2.692251019,1.140696948
eIF3-S10,6.047156407,5.054025563,5.33254766,5.503514458,5.750375605,4.779158534
CG1074,3.25432674,3.205036213,2.978332615,3.698827001,3.956787808,3.683925124
CG9804,1.685196569,2.044943264,1.605362592,2.07771907,2.007752473,2.251616425
CG14650,6.11690704,5.858750907,5.989094684,5.41497863,5.061019862,5.316546749
CG14651,0,0,0,0.033774261,0,0
Fip1,6.675111943,5.953454375,6.001252954,6.066409244,5.604156139,6.135805789
Mur82C,0,0,0,0.099039483,0.279346616,1.544962321
CG9775,8.376414393,8.001732648,8.184938738,8.752444596,8.805802806,8.895685397
MED31,5.433942724,5.873073829,5.844075214,5.086270111,5.011371633,5.302233011
slx1,1.345654897,1.274134361,1.161168219,1.485524763,1.131134066,1.898947794
spartin,0.132696544,0.398839565,1.293610521,0,0.35014255,0.035045714
CG9769,8.388907574,8.700721206,8.789523083,7.673395572,7.741495132,7.992028141
CG14655,1.108418423,0.334050524,1.015327048,0.627414808,0.767211364,0.373031704
CG17387,0,0.081202514,0.343441058,0.066775902,0.043373527,0
CG1129,6.171277201,6.149167655,6.206314449,5.068049137,4.746907049,4.61658994
CG1126,0,0,0,0.961599966,0,0
CG14657,7.156044761,7.062915488,7.222709271,7.167516605,7.546371966,7.481450607
CG14658,0.045601845,0,0,0,0,0
CG14661,0,0,0,0.19171458,0.602981688,0.876594188
CG1124,3.598284698,3.57108178,3.279240535,1.030134977,1.869991204,1.800545063
CG14662,0.045601845,0,0,0,0.842809102,0
plh,0,0.605110328,0.075540634,1.721421233,0.937812835,1.124517283
CG12007,5.398134985,5.637502692,5.672225514,4.94031413,4.359891301,4.53630953
CG12590,0.470264926,0.632309912,0.075540634,0,0.315178801,0
dpr16,2.54822987,2.034786448,2.115320432,3.159475542,2.153430023,2.54697834
Prosbeta2R2,0,0.120151752,0.075540634,0,0,0.035045714
CG1116,5.953819953,6.082320849,6.190473294,6.389436551,6.014259813,5.902497577
CG2604,5.858822704,5.81416656,5.856175018,7.162754616,7.422740615,7.421255008
Vps37B,6.382593745,6.259586698,6.357728978,5.580516832,5.649598699,5.488382592
Mms19,5.317941998,5.178032051,4.764425611,4.628428626,4.201384201,4.578493601
CG1113,4.872441139,4.782301052,4.300638777,4.559090161,4.792107726,4.743846861
CG12173,5.574741513,6.076762615,5.993970295,4.859044209,4.718756481,4.488120303
Tim17a2,1.064789212,0.577388071,0.280984078,0.979041354,0.24260175,0.600626626
Tim17b1,0.045601845,0.120151752,0.075540634,0.066775902,0.631684635,0.373031704
CG11999,6.69849677,6.735004253,6.680866508,5.031946813,5.161631047,5.315656289
CG1161,8.372645245,8.528417062,8.620312159,7.810621827,7.754399715,7.735601981
Cerk,6.646725392,6.280691428,6.061714755,6.904349922,6.918224842,7.017670171
CG14667,4.840455968,4.870607999,4.993486673,4.867263258,4.937138562,5.23128922
CG14668,0,0.081202514,0,0,0,0
CG2663,0.925378394,0.081202514,0.460785459,0,0,0.259078775
Orco,1.848480104,0.833207966,1.796086408,5.207753423,4.594861066,4.829933036
CG12147,0.771040734,0.856461751,0.460785459,2.069601149,1.209385607,0.837424361
CG14669,6.930787554,6.60460125,6.598431143,7.445362392,7.453965348,7.148446402
PEK,6.01241046,5.354793204,5.226757565,5.974836206,6.04659402,6.190745503
RpL35A,6.782961459,7.059475317,7.168752714,5.838159292,5.65921516,5.825768511
POLDIP2,7.582396138,7.513013232,7.349857356,8.627023329,8.670568031,8.422220379
mRpL44,6.279012321,6.450763102,6.444880129,5.018303885,5.196871916,5.081138866
Hcs,4.594186888,4.872034937,4.642418964,5.466123359,5.721459015,5.478072871
CG2519,9.048296598,8.884978625,8.950391678,8.277635031,8.10864101,8.152358334
Snm1,3.594454255,3.5815858,3.466280354,2.231164185,3.268638986,2.420160063
Pi4KIIalpha,4.699575089,4.206071542,3.705016828,5.248775046,4.918331817,4.888593807
CG14671,5.186712885,5.567010274,5.416655214,4.970056527,4.483139311,5.330719868
CG12746,5.644939218,5.687794786,5.759276534,6.10663731,6.588335029,6.33877695
CG2931,6.939495302,6.877505591,6.96160533,5.691139829,5.702981673,5.820128492
CG2926,7.294105161,6.935979467,6.944706641,6.985064228,6.952402746,7.19615804
rev7,3.609715384,3.702007673,3.416306362,4.493853582,4.821992434,4.908810476
CG1427,4.446894548,4.550656778,4.735605487,4.563432502,4.61296822,4.86808981
CG2911,0.973361179,2.20749177,2.022929939,2.019910315,2.082429209,2.734554919
RpL13A,10.00975739,10.14879467,10.26736335,8.043970532,7.978167524,8.164896928
CG12171,4.129812012,4.210590258,4.019070649,5.10327004,4.583886674,4.674692812
CG12170,4.949432748,4.594535471,4.913400157,6.020822961,6.411860967,6.538599276
elm,7.524691883,7.516438955,7.62318708,8.225384643,8.372771336,8.350018451
MED27,5.689609978,6.039150187,6.234397444,4.360472233,4.420776678,3.517332075
CG2182,7.746935516,7.315314009,7.305442476,7.859114217,7.812944537,7.91636674
Atg17,3.54371029,3.531899187,3.899442875,4.528322214,3.97370236,4.308215633
Rab23,0.132696544,0.231061681,0,0,0,0.16728912
CG2104,0.366277874,0.901874222,1.443705866,1.063219023,1.02694508,1.790325325
CG1239,4.09227737,4.475675012,4.362268432,4.018533485,4.102321093,3.619000132
CG2100,5.714528541,5.745763105,5.882705585,4.803836182,5.204056878,4.797133585
CG1236,5.208177459,5.011929613,4.983715633,4.960210367,4.637942403,4.354037895
Sym,5.412347343,5.307063618,5.589280411,3.9604494,3.689644104,5.0685082
CG2091,6.774099251,6.917441498,7.029663795,5.991045111,6.290543993,6.27378309
jagn,6.607352937,6.750215115,6.656472935,7.893006038,8.049207262,7.678563439
kat-60L1,9.620421689,9.310478968,9.231662844,8.849351321,8.817854513,8.702972944
CG2051,4.977644942,5.31966785,5.478842113,4.887031009,4.732072255,4.577008075
CG1218,4.885039258,4.756265626,4.803830377,5.101280414,4.919787225,4.618035283
CG2046,6.186624217,6.349403113,6.249766089,5.537755753,5.384591937,5.208444242
CG10979,3.436532061,3.172979344,3.920082447,4.333606183,3.527277047,4.594734218
Hpr1,5.873911806,5.651695636,5.801603783,5.796342942,5.786722241,5.780018651
CG2023,3.406262148,3.602367154,3.541472396,3.05644374,2.847136684,2.928752816
dgrn,5.813408841,5.979503229,6.074429853,5.36693098,5.718953269,5.626915336
glob3,0.045601845,0.120151752,0.075540634,0.033774261,0.043373527,0.035045714
CG1208,0,0.041172495,0,0.130597294,0,0
CG1213,0.900774972,1.14788529,1.655458917,0.334057725,1.110889535,0.797161305
CG14676,0.045601845,0,0,0,0,0
CR10991,0.089806327,0.266214546,0,0,0,0
CG2017,6.303268425,6.118838363,6.072126337,7.608338281,7.656098179,7.5308189
CG10280,0.132696544,0,0,0,0,0
CG11459,0.567258051,1.009519467,0.976440789,0,0.043373527,0.16728912
CR1075,0,0,0,0.033774261,0,0
CG15580,0.658139045,0,0,0,0,0
Or83c,0,0,0,0.033774261,0.043373527,0
Vha14-2,0.132696544,0.041172495,0.075540634,0.033774261,0,0
CG1077,0.567258051,0.231061681,0,0.099039483,0.126394328,0.135347252
Osi1,0,0,0,0.033774261,0,0
NPFR,3.621056213,3.612646643,3.287206729,2.607068206,3.240961828,3.176434041
Osi24,0.089806327,0.081202514,0.343441058,0,0.81804741,0.669156436
Osi2,0.045601845,0.266214546,0,0,0,0
Osi3,2.259848281,1.274134361,1.703873911,0,0,0
Osi4,0,0,0.147321929,0,0,0
Osi5,0,0.081202514,2.003720007,0,0,0
Osi7,1.626386559,1.256761209,0.853067622,0,0,0
Osi8,0,0,0.620641262,0,0,0
Osi9,3.511572247,2.278078025,3.668887747,0,0,0
Osi11,0.366277874,0,0,0,0.085481031,0
Osi12,0.628476965,0.041172495,0.343441058,0,0,0
CG15597,0,0,0,0.130597294,0,0.135347252
Osi13,0.329880465,0.19503084,0,0,0,0
Osi17,0.503325831,0,0,0,0.043373527,0.102682134
Osi18,0,0,0.075540634,0,0,0
Osi20,0,0.334050524,0,0,0,0.035045714
CG17917,0,0,0.075540634,0,0,0
CG10298,0.174348395,0.041172495,0.075540634,0,0.315178801,0
CG17919,1.191907582,1.221374389,1.750716776,0.2787941,0.450220187,0.503875743
CG18048,4.563165805,4.599712348,4.070751556,4.220840701,3.030754798,4.114973909
Hr83,0.174348395,0,0,0,0.043373527,0
CG10286,6.08313675,5.84791462,5.915197086,4.670634898,4.665964784,4.718469411
CRAT,3.863141756,4.510907744,3.287206729,4.61733324,4.243835797,4.317141373
godzilla,7.872248199,7.413388424,7.7197931,8.069255234,8.18400675,8.376198729
Dmtn,4.320424691,3.780087434,4.06612905,3.990858822,3.679370031,3.979857269
CG9727,7.644610897,7.498997546,7.60696842,7.986787219,7.620964077,7.971256794
Zif,5.460490161,5.80448422,5.736183744,5.914928321,5.939461773,5.608128738
Neurochondrin,1.501045839,0.945900736,1.053192621,0.130597294,0,0
CG15186,0,0.490874211,0.976440789,2.019910315,2.22109989,0.345376129
CG15185,0.628476965,0.081202514,0,0.066775902,0,0.035045714
CG1137,0.214831388,0.430174687,0,0.161479554,0.687432158,0.259078775
CG2336,0.254209339,0,0,0.033774261,1.265409039,0
CG1138,0,0,0,0.250347622,0,0.035045714
djl,0,0,0,0,0,0.035045714
CG1988,0,0.334050524,0,0,0.043373527,0.069260254
CG1105,5.168793193,5.412807148,5.405720167,5.039239915,5.098773069,5.153688963
CG1965,5.275511565,5.065296258,5.376148234,4.952505513,5.45554507,5.303131792
CG1104,6.922408935,6.654375487,6.476577326,7.627819841,7.395539993,7.224425156
CG1943,8.650371491,8.946800423,8.830814356,6.528080333,6.553600466,6.552271807
Dpck,6.927746411,7.068527223,7.103705846,6.200700465,5.871143223,6.268730937
Tailor,7.093982214,6.9730208,7.125530493,6.835104344,6.706458086,6.656168829
CG10098,9.092928991,9.17773354,9.149243198,7.26782513,7.211118914,7.184743039
CG10068,4.970274004,5.245642095,5.392856967,5.622740582,5.315507129,5.312981607
Fer1,3.287919547,3.087119794,2.897376261,4.88933892,5.085866017,5.705157066
CG2656,3.169331729,3.457811684,3.612938865,4.130077351,3.500293038,3.753963711
MAGE,3.209953772,3.461607826,3.188580174,2.459556263,2.455898547,1.748706671
CG10055,5.435014054,4.667018934,4.803830377,5.391561907,5.019539667,4.943810144
CG14609,0.996767095,1.638458511,1.355534777,1.473269147,1.246975234,1.532753413
CG14606,0,0.158077041,0.280984078,0,0,0
CG14608,0.045601845,0.041172495,0.569299184,0,0.085481031,0.135347252
CG14607,0,0,0,0,0.085481031,0.035045714
CG1234,5.450989262,5.382090166,5.152386614,3.763161244,3.847856687,4.028491936
CG10053,3.875820986,4.462474524,4.219704242,3.443256375,3.344291506,3.401252694
CG1227,4.275678299,4.374602266,4.358492756,3.98870785,3.778959637,3.730102424
CG10050,5.157154732,5.59147009,5.489238679,3.888436694,4.107439174,3.520426871
CR10032,0.214831388,0,0,0,0,0.069260254
Ir84a,0,0,0,0,0,0.400167095
wa-cup,0,0,0,0,0.384278962,0
CG14598,0.045601845,0.577388071,0.215700384,0,0,0.069260254
CG1142,4.814347245,5.002840044,5.121530489,3.874524784,3.665556453,4.33130868
CG1287,0.292540976,0.041172495,0,0,0.279346616,0.288421873
CG2616,0.132696544,0,0,0.033774261,0.043373527,0
pyd3,0.715694033,1.070450879,0.215700384,0.670992382,0.126394328,0.345376129
Sp7,0.089806327,0.334050524,0,0.033774261,1.151098443,1.188174903
CG11286,0,0.041172495,0.075540634,0,0.043373527,0
CG10086,0.43642859,0,0,0.387282298,0.279346616,0.135347252
CG2641,0.900774972,0.231061681,0.147321929,0,1.131134066,0
CG3014,7.974152897,8.182955734,7.854229808,4.909945638,5.029010957,4.275617849
CG18268,0.254209339,0.856461751,0.569299184,0.46360926,0.631684635,0.16728912
CG2993,6.961595157,6.849891936,6.851748433,6.61780191,6.509334729,6.304179013
CG17816,9.862505736,9.446052433,9.317792546,9.304677552,9.317270407,9.195915843
ArgRS-m,3.62856754,4.136535374,4.190269272,4.274798489,4.039444575,4.559061422
mRpS9,5.392631195,5.49474946,5.62900021,5.917192067,5.892054761,5.859764305
EMC1,6.100795921,6.118838363,6.192595525,6.397971507,6.322805903,6.398447633
CG10445,0.254209339,0.158077041,0,0.488179846,0.384278962,0
CD98hc,8.463515205,8.300746656,8.556858902,8.666749737,8.558362826,8.531234335
CG2781,0,0.430174687,0,0.033774261,0,0
CG14463,5.840343248,6.101303608,6.317454472,5.718655286,5.115381438,5.715320902
CG2698,6.990666121,7.187911528,6.986282121,7.922039617,7.949241274,7.780340712
CG2767,1.064789212,0.081202514,0.516062327,1.985806041,1.454008243,1.249141988
CG3223,6.925080141,6.873949124,7.050875059,6.104155653,6.223182397,5.818872154
CG10435,6.727204644,6.888475248,6.978923302,6.677110054,6.79556272,6.430881557
Pbp95,3.388675562,3.79520881,3.662777281,3.557955765,2.406923805,3.226563707
CG2747,6.855570073,6.595128335,6.801184771,7.238706921,7.219711234,7.527938566
CG10903,3.084486341,3.57108178,3.17146642,2.976207142,3.331226076,2.852216606
CG11035,3.040116015,3.355433935,3.705016828,5.36858619,5.293221631,5.032108858
mAChR-B,5.541306499,4.726600143,5.003191982,5.289536416,4.876972592,5.001427638
CG7910,0.174348395,0.041172495,0,0.033774261,0,0
CG7900,0.687203533,0.158077041,0.853067622,0,0.043373527,0.069260254
CG7878,6.69938866,6.765651171,6.698894772,6.794737842,6.778818368,6.702206973
CG9667,4.801113534,4.944355677,5.029549759,4.65579941,4.431019285,4.149365487
Gie,6.159658843,6.540540021,6.603225209,6.005479036,6.084072746,6.439899281
CG7800,0.598192202,1.850189483,0.147321929,0.488179846,0.687432158,1.444269594
CG18249,0.214831388,0,0.147321929,0,0.126394328,0.102682134
DNApol-iota,5.739024003,5.567891017,5.582822518,6.008667058,6.361876827,5.694921117
Ada2b,5.964988457,5.644199121,5.622718071,4.963499893,4.776126707,5.588357138
CG9636,9.164432414,9.626071273,9.648163677,7.892287042,7.87184007,7.820598654
CR18228,0,0.398839565,0,1.063219023,0.631684635,1.188174903
CG9630,5.618778,5.616373741,5.63056648,5.208677803,5.32871504,5.155680717
CG11671,0.771040734,0.398839565,0.460785459,1.782295868,1.469991358,1.444269594
CG11672,0,0,0,0.488179846,0.085481031,0.646672929
CG9626,0.089806327,0,1.293610521,0,0,0.035045714
mRpL1,6.804260001,6.957982295,7.152491343,7.811382684,7.714286458,7.658511563
tex,5.104261155,5.577543872,5.277626242,3.696192989,3.492489703,4.234749152
CG11693,0,0.081202514,0,0,0,0.035045714
CG11694,0,0.081202514,0,0,0,0
eIF4AIII,6.958618332,7.147241248,7.120523261,5.693122718,5.311077484,5.695605778
Coq2,4.499047886,4.157750382,4.164552303,4.774170851,4.745266251,4.384929399
CG9601,6.382593745,6.591235053,6.738653069,5.849464256,5.907541871,5.825768511
COX7AL,1.191907582,1.583774727,1.385527878,1.030134977,0.573696073,1.023432869
DppIII,6.529248507,6.360119872,6.285996318,6.521027786,6.576849511,6.674344015
CG7352,1.484583944,1.906976767,1.750716776,2.06143729,2.239865136,1.470109264
CG9684,1.363770477,1.624980653,2.284046452,0.413175903,0.983067192,0.646672929
CG7963,0.045601845,0.120151752,0,0,0,0
Obp85a,0,0,0.075540634,0,0,0
Or85b,0,0,0,0,0.279346616,0.198539073
Or85c,0,0,0.215700384,0.033774261,0,0
CG11737,2.934993161,3.271420916,3.841112651,4.91448521,4.969823051,5.142684891
Or85d,0,0,0,0,0,0.035045714
SLIRP2,4.140359244,4.337897889,4.160221217,3.805325267,3.893013771,3.727426644
CG11753,5.05354558,5.558173142,5.357353152,4.938086404,5.049099591,5.165598448
CG8032,6.64441163,6.38382039,6.583143974,7.301575368,7.289203308,7.35930246
CG8036,6.702950719,6.600733482,6.528746048,3.872193034,3.19842432,4.232863691
mRpL19,5.945574414,6.188066957,6.250784868,6.025551876,5.745459457,5.791592845
CG9773,6.251911754,6.423773916,6.494750771,5.355291035,5.799427943,5.625478866
CG8043,5.057724726,4.897481384,4.820394138,5.957343596,5.801008317,5.738761708
CG11755,3.698039828,3.622853407,3.606586242,4.228152741,3.887073869,3.520426871
Cks85A,4.770886238,5.176877934,4.83133193,5.271955411,5.10518355,5.463675141
CG8116,7.564151298,7.662738457,7.886706379,6.9328787,7.212900839,7.162629205
CG11760,0.503325831,0.988623391,0.670218812,0.130597294,0.315178801,0.400167095
CG8136,0.329880465,0.901874222,0.853067622,0.066775902,0.204896494,0.646672929
nom,2.353477901,3.021769774,3.188580174,3.522710293,3.104279921,3.144696241
ouib,0.292540976,0.081202514,0.403305984,0,0.085481031,0.16728912
CG8159,3.967521492,4.388627747,4.288784276,3.440111314,3.212743299,3.823267279
ranshi,2.532300595,3.062334242,3.35698966,3.023202149,2.113286957,2.017591203
M1BP,7.0241547,7.201595808,7.286690549,5.92058104,6.410308717,6.150861873
CG8202,6.169347294,6.266113406,6.300827774,5.483031176,5.607772451,5.621160857
CG9801,5.308620268,5.143000498,5.311220045,4.222672188,4.140271323,4.562068077
CG8223,5.356900839,4.996312253,5.101340139,3.076837387,3.92525315,3.087417506
CG11768,2.269489461,2.440768359,2.391413548,3.375725892,3.322449587,3.466890562
CG8236,0.715694033,1.569773665,0.895375166,2.053226971,2.123427925,1.870125237
CG13318,0,0,0.215700384,0,0.792853288,0
Ir85a,0,0.761109441,0,0,0.543803643,0
Tcp-1eta,8.848509836,8.811770789,8.878720988,7.079804414,7.06717515,7.140925386
CG9839,6.88330638,6.657688656,6.945965207,6.476438509,6.848868438,6.512025783
hng2,3.100779598,4.045884419,3.878503737,3.132452045,3.046828689,3.356928676
CG9837,2.210651584,2.29519787,2.518664653,2.2528356,2.719247763,2.491285186
CG9821,9.567854287,9.903650441,9.759988735,9.898113042,9.970757874,10.02859073
IscU,8.27102273,8.432670054,8.188133132,10.93897931,11.09384228,11.17182269
CG8379,5.170080579,4.801898218,5.096814762,3.977904619,4.287330674,4.290196759
skap,9.058238356,9.095986204,9.024936129,9.542975284,9.743073743,9.506053002
CG11964,6.573214837,6.462650733,6.503324983,5.427737333,4.884445663,5.35865511
CG11966,0.174348395,0.19503084,0.764538089,0,0.043373527,0
CAHbeta,2.647691929,2.75104499,2.420677362,2.776234091,2.803653393,3.523515044
RagA-B,5.45943759,5.854426154,5.543456072,4.880085043,5.400316122,5.385211134
CG11975,7.354802715,7.450394772,7.505630189,7.796549951,7.976245389,7.706006054
CG11980,6.755781175,7.074736989,7.113259771,6.163521826,6.32170535,6.221972139
CG11982,6.756209829,6.610169784,6.478318027,6.368496127,6.616879376,6.788172659
CG11983,3.624816765,3.967958135,3.612938865,3.740330013,4.079062344,3.694924093
CG11984,5.185440262,4.696311832,4.495445363,5.310354665,5.027661716,5.119401528
CG11986,3.287919547,4.007447356,3.91495017,4.06214674,3.626872648,3.697660782
hyx,6.919732773,6.749050726,6.61038657,5.952937101,6.271290896,6.492065049
Kdm2,6.556576487,5.726960841,5.776356741,7.174393688,6.545609667,6.939191034
beag,6.591105874,6.212490708,6.092726764,6.028695897,6.077567558,5.589094272
Ada,1.533416609,1.467766366,1.385527878,2.555684292,1.963277813,0.970104318
CG11997,1.171483865,1.070450879,1.015327048,0.627414808,0,0
CG8420,1.434040296,2.014255748,2.202148642,0,0,0
St2,0.43642859,0,0,0.033774261,0,0
CG16734,5.60075166,5.353772219,5.652317563,3.701456213,4.081665244,4.849752831
CG16736,1.231907565,0.300531207,0.936477292,0.306690511,0.631684635,1.057920648
Ibf2,2.964970524,3.144923439,3.31084474,2.796050433,2.338925554,3.083237815
Ibf1,4.444768684,4.777740573,4.871625593,4.406316589,4.435096053,4.569557415
VhaM8.9,8.407992501,8.481980325,8.53172313,9.302947327,9.229185212,9.162938406
sage,1.727782409,2.1332735,2.420677362,1.636040967,2.330195921,1.879796878
HP1e,0,0.158077041,0.343441058,0,0,0.035045714
CG8861,7.861730046,8.073568081,7.913651564,8.296560961,8.223581089,8.334716611
CG12951,0.089806327,0,0.075540634,0,0,0
CG16749,2.781737094,2.1332735,2.284046452,2.796050433,1.717673025,2.452924959
CG8866,6.487002483,6.563242272,6.4069978,6.539880928,6.158080966,6.486536973
pasi2,6.797195366,6.907038759,7.195983224,4.932501992,4.969823051,4.30642384
CG18473,0,0.231061681,0.343441058,0.066775902,0.417626289,0
CG8129,0.214831388,1.203350074,0.516062327,0,0.450220187,0.16728912
Or85f,1.416791103,1.221374389,1.471938095,1.533531916,0.74110543,1.470109264
RpL34b,5.59692777,5.691840387,5.632131051,4.274798489,4.383289238,4.649471897
CG8132,3.934570834,4.740728278,4.384717307,4.979835944,5.126768551,4.546971746
CG9356,5.182891644,5.15007519,5.432903931,4.931382511,4.600317115,4.811101385
Task7,7.706916639,7.83870723,7.716478339,7.348669919,7.679054394,7.557428288
GstZ1,1.363770477,1.597641216,0.460785459,0,0.543803643,0.776600407
GstZ2,9.418786115,9.648101149,9.529562833,6.744312016,6.461670718,6.283834628
CG16779,6.212470176,6.194924584,6.24670543,7.146445263,7.367283389,7.30940666
CG8149,6.502415273,6.710088962,6.815026317,5.895541702,5.616773771,5.944577517
CG8176,6.39365682,6.426204298,6.176602172,6.203021614,5.880889859,5.91489819
JHDM2,5.279095488,5.356833008,5.349766019,5.499743133,5.35584917,5.355192643
mura,10.04114075,9.703151198,9.656836292,10.53835904,10.56937895,10.56434025
RnpS1,7.741966392,7.693530529,7.595786547,6.559578135,6.837747911,6.651236134
CG9386,5.567920889,5.747318955,6.101788929,4.898533818,5.081971276,5.230344534
CG8199,2.389292087,1.929080246,2.133109169,3.147955969,2.39859724,3.14067947
CG9393,5.807630259,5.954801717,6.006087717,5.548747949,5.639034389,5.431978216
CG16789,3.18978572,3.26708905,3.830249039,3.315215075,3.041490599,2.472232565
CG16790,3.863141756,3.609228279,3.867919088,2.68883914,3.02535679,2.88139556
CG9396,0,0.041172495,0.075540634,0.099039483,0.513278718,0
CG9399,5.540311289,5.503982488,5.470120708,6.997687211,7.028911882,7.041563283
CG8273,3.940618111,4.314998896,3.894236513,4.67599202,3.87512019,4.39844946
CG8301,8.217861558,7.899267197,7.884410713,8.055705362,8.055013709,8.158951578
P58IPK,7.496747259,7.112652188,7.368280402,5.981341637,5.771487428,6.015387317
bocks,5.290978005,5.514071032,5.518295151,4.932501992,5.037080008,4.629546192
CG8312,0.687203533,1.256761209,1.526797288,2.309083276,1.547354071,1.889404113
CG9427,0.949569261,0.081202514,0,0,0,0.035045714
CG8319,4.343429554,4.765508344,4.915971336,4.012193981,4.523903543,4.295626091
SpdS,3.973432496,4.364499921,4.004648512,4.086489146,4.72376431,4.102637274
Fst,0,0.041172495,0,0,0.043373527,0
CG9492,0.797937693,0.71096088,0,0.649368125,0,0.135347252
CG8358,1.873983732,1.526936274,0.853067622,0.774503582,1.404968185,1.404621044
CG16817,8.144279751,8.354946482,8.450254192,7.137007496,7.071764749,7.302007251
CG9444,0.535646052,0.158077041,0.976440789,0,0.687432158,0
trbd,4.197029729,3.79520881,3.75756864,5.336807808,4.780939628,5.135638344
CG12950,5.140176113,5.056537782,4.895272441,3.797973536,5.058379412,4.587374775
Pnn,5.500952695,5.516810253,5.283611687,5.045461934,5.092333977,5.12449519
CG12948,7.632520826,7.597169698,7.691559438,6.033399118,5.844570211,5.792873153
CG16908,3.384245213,3.047255909,2.978332615,3.421095589,2.778204406,2.652302222
Rpt3R,1.191907582,2.198420619,1.443705866,0,0.384278962,0
CG8412,4.297047046,4.185560327,4.588640156,5.45214077,5.179966526,5.545705459
CG8417,6.676924295,6.772543876,6.892136685,6.414090192,6.602904314,6.234747106
CG8478,4.416843548,4.739165301,4.406822213,4.876599478,4.774518826,4.750451603
CG8481,7.255209207,7.369610829,7.318133734,8.377910385,8.3113059,8.394235745
CG9471,6.407367421,6.624632831,6.591210041,6.757637444,6.634270778,6.444387093
Whamy,0.045601845,0,0.075540634,0.387282298,0,0
topi,0,0,0.075540634,0,0,0.035045714
CG12947,6.319022098,5.751976463,6.242614423,6.438723599,6.899537127,6.529027646
CG8500,6.569804946,6.20797795,6.27602329,6.342201732,6.606523762,6.578120749
CG12945,4.00551708,3.517382936,3.904630516,3.902215731,4.115082412,4.210043829
CG8507,5.865989849,6.174831355,6.277023701,5.878216802,6.048591047,6.106758982
CG8516,5.631917907,5.322801777,5.461346259,5.550936373,5.424098519,5.528900151
CG9467,6.50904335,6.244241898,6.453754989,5.574075317,5.520296326,5.614659512
CG8526,0,0,0.280984078,0.833223249,2.133498108,0.857142206
FBXO11,8.982499193,8.327646147,8.358483441,8.513412015,8.525043202,8.548391699
eloF,0.045601845,0,0,0.512338969,0,0
CG16904,0.366277874,0,0.075540634,0.130597294,0,0
CG9458,0.292540976,0,0,0.066775902,0,0.035045714
Teh1,7.592513358,7.527346922,7.299054734,7.440452401,7.661545389,7.45520875
Art4,5.997259291,5.915208684,5.920328486,3.424282333,3.739944819,3.764443354
Spn85F,0.254209339,0.577388071,1.126066663,1.232748274,0.043373527,0.16728912
CG5359,5.24162516,5.218977074,5.287588233,4.814805282,4.414596026,4.628112341
CG11722,3.676460468,4.2724097,4.142765667,6.419689453,6.456164747,6.42882419
mtTFB2,5.869163854,5.874498331,6.254852803,5.540695204,5.106462235,5.192040682
CG12811,1.782675972,1.861727169,2.168041848,0.871082608,1.371323531,0.876594188
CG3925,6.059018221,5.97817877,6.047714723,5.666457451,5.686831279,5.749351955
CG5361,0,0,0,0.19171458,0,0
CG3940,4.294688311,4.582383357,4.726845974,5.213290835,5.737228466,5.427039359
TAF1B,3.743716405,4.418230925,4.51253495,4.386847113,4.674611317,4.520939788
CG6254,6.297978739,6.372270905,6.538790364,5.270185469,5.453536815,5.766397009
CG12814,1.699531977,1.678152691,1.161168219,1.579992895,0.24260175,0.691294921
CG12420,0.628476965,0.577388071,0.403305984,0.512338969,0,0.970104318
CG12817,7.737631458,7.827534911,7.918467934,5.980259434,5.82838825,6.231445924
CG3999,0.925378394,0.081202514,0.853067622,0.813914366,0.482093952,0
Sirt6,3.729815473,4.012631852,4.343290455,2.093819148,3.0144998,2.729214923
CG6293,0.598192202,0.605110328,0.809481815,0.438612949,0.482093952,0.345376129
CG12818,4.459584368,4.400542009,4.629944292,4.20795477,4.125210812,4.096429171
sle,5.475146083,5.777327411,5.492687618,4.166690182,3.798078394,3.463678634
CG12592,0,0.158077041,0,0,0,0
CG6325,5.842767078,5.711899955,6.119744259,5.681850143,6.239591723,5.743404509
Rrp46,3.040116015,3.280045822,3.127772224,2.584456542,2.797333108,1.91784782
CG6345,3.563438983,3.780087434,3.668887747,4.033218219,3.432579226,3.450758932
Cyp12e1,2.571798784,2.478727689,2.218904359,5.447449628,5.566556714,4.826186319
CG6465,0.598192202,0,0.075540634,1.81179629,2.143498487,2.400137894
CG14688,0.470264926,0,0.718149104,2.555684292,2.330195921,2.086031671
CG14683,6.134160081,6.335506404,6.197887484,6.766453172,6.546080941,6.737542781
CG14684,1.019799334,1.291300791,1.385527878,1.142754737,0.767211364,0.734578078
CG14689,0.214831388,0,0,0,0.166179293,0.035045714
CG4073,0,0,0.075540634,0.360915446,0.043373527,0.198539073
tomboy20,0.132696544,0.120151752,0,0,0,0
CG14691,0,0,0,0,0,0.669156436
Cap-H2,3.900849968,4.127005407,4.559336105,4.770419425,4.073842413,5.0685082
Art1,7.754679077,7.641978531,7.946404619,6.642639595,6.683937194,6.306421892
CG14687,1.345654897,2.170859845,1.579646626,3.398589081,3.073226825,3.184260585
CG14692,0,0.041172495,0,0,0.085481031,0
CG4089,5.066046874,5.522273143,5.222609518,5.099288041,5.546912184,5.603758406
CG4565,2.040900983,1.838558782,2.435089642,3.848665878,3.904820706,3.697660782
CG6567,5.987799627,6.08293711,5.996401935,3.953848858,4.150225023,3.572047406
CG4511,7.529213544,7.932129692,7.963904915,6.572920765,6.419597267,6.599496212
CG4570,0.850272436,1.090202596,1.840072658,0,1.69064652,0.623833477
CG14694,0.628476965,0.430174687,0.280984078,0.46360926,1.301584745,0.16728912
CG6574,4.278068294,4.327534291,4.18601482,5.573357814,5.432279608,5.534268559
Tsp86D,7.167047528,6.95764632,7.131073778,5.598260481,5.677397744,5.799257708
CG4596,7.603036799,7.163938471,6.981380414,4.769166778,5.081971276,5.170531863
CG14695,2.353477901,2.448440547,2.997881279,3.315215075,3.951105266,3.889393712
Tpc1,6.021710635,5.650033107,5.46661733,5.878216802,5.070223567,5.304927677
CG14696,4.488766956,4.709142393,4.457120132,0.871082608,2.330195921,2.052217245
CG6621,5.409079973,4.650484375,5.243231505,5.469983482,4.614766499,4.687139833
Leash,5.233027717,4.608299408,5.197467618,5.438809382,5.161631047,5.535033846
Tengl4,0,0,0,0,0,0.102682134
CG6629,0,0.041172495,0,0,0,0
CG4706,0.045601845,0.041172495,0,0,0,0.035045714
CG18577,0,0.430174687,0,0,0,0
SdhC,8.635653106,8.757603744,8.861483892,9.789938897,9.705912386,9.796506966
Tctp,10.29063325,10.54118092,10.45203756,6.95011601,6.781622624,7.052561597
ZnT86D,6.513107083,6.373278886,6.413381003,4.76288718,4.863422732,4.400130594
CG4820,3.976378941,4.183263197,4.17746809,3.492666691,2.958954388,3.411290779
CG6689,4.113845162,4.488755811,4.070751556,5.416579652,5.097487548,5.179369719
CG6693,6.30619878,6.332399984,6.269000923,5.036118813,4.851270638,5.197851495
scpr-C,0.503325831,0.158077041,0.215700384,1.423178261,0.204896494,0.259078775
CG17726,3.740253709,3.062334242,3.480246356,5.213290835,4.912495455,5.62619728
GCC88,5.395935988,4.992381354,5.071668222,6.194181309,5.848396454,6.02195332
CG17187,3.946640146,3.214065993,3.287206729,3.522710293,3.119559364,2.857120933
CG14701,1.769147149,2.003879786,2.150681236,2.369846473,2.22109989,2.400137894
Arfip,4.403770426,4.483164271,4.460646621,3.893044344,3.436651595,3.572047406
CG17721,6.845130668,6.933248086,7.011746358,4.589215608,4.504635586,4.829933036
scpr-B,0,0,0,0.066775902,0.085481031,0.102682134
scpr-A,0.045601845,0.041172495,0,0.46360926,0.482093952,0.478639091
CG17734,7.512564373,7.797624925,7.697175809,9.049900313,9.04539845,9.057696367
CG5214,9.007649962,8.913841285,8.871122277,9.689060387,9.588314877,9.695989827
mRpL40,5.12166518,4.908648429,5.1081017,5.261303042,4.831302533,5.312981607
Ranbp9,4.21958642,4.085785699,4.215535837,2.56148483,3.357239674,2.807310882
CG6723,2.83465213,1.81501225,2.315546691,1.985806041,2.924570764,3.820758977
ninaG,0.292540976,0.398839565,1.161168219,0,0.166179293,0.259078775
CG5270,2.371496125,2.72601307,0.976440789,2.22386743,2.211624936,2.516303489
CG18643,4.00551708,4.418230925,4.515928708,4.074369283,3.982085846,4.137320678
RpL24-like,7.0241547,7.033249766,7.067737978,7.239159374,7.196183322,7.254241882
CG5276,6.365276545,6.107979834,6.352043856,6.915149826,6.985789667,6.978260955
CG6744,4.113845162,3.827928255,4.138368579,2.776234091,2.143498487,2.781745754
CG5281,7.586499754,7.576093943,7.551412506,6.594652171,6.57869335,6.720487743
PGRP-LB,0.089806327,0.924055416,0.403305984,0.19171458,0.543803643,0.102682134
dpr5,5.404711937,5.209978077,5.11034853,4.547446279,4.899276668,5.178390404
CG14708,0,0,0,0,0,0.035045714
CG10898,5.687813502,5.630775035,5.533444299,5.287787925,4.894843354,5.465282003
sea,3.79134123,3.465394006,3.985191949,3.645210745,3.791733585,3.961757396
fabp,9.560632884,9.823916169,9.933629788,5.215131926,5.692802479,5.685990834
CG6790,0.045601845,0,0,0,0,0.035045714
CG5342,0,0,0.343441058,0,1.301584745,0
wkd,6.22429235,6.012225592,6.115276333,6.491708426,6.714866,6.662135945
CG6791,3.760906308,3.438679681,3.93029255,3.483530239,2.91292501,3.813207798
CG14710,5.124324185,4.965898029,4.8258734,4.331910327,4.372700831,3.910779046
CG6808,3.18978572,3.629618019,3.763291298,3.311777775,3.009040512,3.164614035
CG14711,2.230532028,1.791075026,2.079071103,2.028311887,2.22109989,2.119071659
CG6813,3.847134391,3.740013647,3.920082447,3.072781655,2.918759638,3.977607164
CG14712,6.447734353,6.655618817,6.72698663,6.396349689,6.45164418,5.833254401
Elp1,5.746810031,5.110727909,4.460646621,4.577813298,4.544805246,5.298632276
CG14715,6.733749192,6.853146918,6.768124683,5.838756504,5.730609694,5.736767353
CG18476,4.762376138,4.323367916,4.228005095,4.415953675,3.939672589,4.067099475
Ho,5.201897432,5.658326661,5.600512628,7.88810979,7.892556295,7.912543732
CG6830,0.401779573,0.266214546,0.147321929,0.130597294,0.043373527,0
CG6834,0.089806327,0,0.343441058,0.713292167,0.085481031,0.373031704
CG6908,0,0,0,0,0,0.373031704
Fer3,0.089806327,0.266214546,0.147321929,0.099039483,0.602981688,0.259078775
CG14718,0,0,0.147321929,0,0,1.444269594
CG14720,0.089806327,0.041172495,0,0,0,0
CG12594,5.172651909,5.220098012,4.926210473,2.94991327,4.142766194,4.313577701
CG14721,6.121572424,6.363167238,6.295900877,6.237398028,6.339757978,6.493640616
CG14722,6.297389797,6.486136113,6.623817355,5.910390145,5.975597201,5.959476385
CG6923,6.884483245,6.14975602,5.903584265,6.598888938,7.039661354,6.483764971
CG17360,5.625362913,5.779610105,5.744886915,6.091682928,6.031190944,6.398447633
HisCl1,3.787991105,3.908012335,4.079952371,4.50743955,4.167480441,4.894569351
CG6950,4.923713944,4.734466182,4.923657493,5.812850506,5.452531638,5.634790453
CG6959,4.377263332,4.065973001,4.502305509,3.922640632,3.976502272,4.295626091
CG6962,4.843686585,4.780782494,5.125979118,2.56726214,3.86003745,3.850574557
mthl5,4.377263332,4.208332669,4.94898624,2.209162262,1.704223059,0.400167095
CG6971,0.045601845,0.081202514,0.215700384,0.221328946,0,0
Cad87A,4.869274344,5.507659217,5.376148234,4.183714049,3.720034488,3.356928676
CG14731,0.132696544,0.36680871,0,0,0.166179293,0.102682134
CG10005,0.628476965,0,0,0,0,0
CG18547,0.598192202,0.120151752,1.499628432,0.852277114,0.204896494,0
CG12224,0.470264926,0.36680871,0,0,0.043373527,0.069260254
CG3397,0.214831388,0.577388071,0,0,0,0
Tk,0.743632778,0.833207966,0.936477292,2.434489017,2.705812538,2.924086435
KLHL18,7.545424782,7.288315011,7.279220854,6.982364178,6.950979887,6.934848326
GCC185,3.478701941,3.172979344,3.423552365,3.685608583,3.791733585,3.450758932
CG3313,5.758838721,5.880182317,6.030021443,4.469380258,4.227474947,4.746492387
Spt3,5.116332423,5.216732582,5.154565575,5.057826044,5.364425405,5.190098532
ssp5,0.214831388,0,0,0,0.043373527,0
CG14736,0,0,0.215700384,0.53610018,0,0.035045714
CG14739,0,0.041172495,0,1.013304027,0,0
ATP8B,2.138829956,2.216506241,2.097309615,5.695102885,5.849160486,5.43526142
CG4702,2.994337654,3.021769774,3.246928461,0,0.24260175,0
dpr15,5.337552921,4.883399915,5.315121318,4.611753383,4.924144663,4.918227055
CG4810,0,0.041172495,0,0,0,0
CG3809,0,0.520292387,0,0,0,0
CG4830,0.214831388,0.659006168,0.569299184,0.033774261,0.714518384,0.16728912
CG4848,5.518241168,5.469521039,5.641483013,5.67651477,5.652227734,6.122628864
CG4860,0,0,0.075540634,0.099039483,0.126394328,0
CG12256,0,0,0.075540634,0.19171458,0.792853288,0.373031704
CG3916,0,0,0,0,0.126394328,0
Cyp313a5,0,0,0,0,0.043373527,0
CG3942,0,0,0,0,0.126394328,0.135347252
CG4066,0.045601845,0,0.147321929,0,0.043373527,0
CG10013,0,0,0,0.099039483,0.043373527,0
CG10038,5.850817226,5.82673082,6.119744259,4.160970624,4.596682043,4.33130868
CG10041,0,0.081202514,0,0,0,0
MBD-R2,4.909910191,5.115554827,4.697257421,4.870771425,5.079368928,4.814887432
CG4115,0,0.19503084,0,0,0,0
Tim17a1,0,0.120151752,0.075540634,0.099039483,0,0.035045714
GstD9,1.289901972,0.549122661,0.936477292,1.358015262,1.79584138,2.379833935
CG10035,0.949569261,0.19503084,0.403305984,2.383008774,2.758818664,2.167254804
GstD11,0.43642859,0.833207966,0.853067622,3.507766696,3.240961828,3.633364912
Cyp9f3Psi,0.366277874,0.19503084,0,1.636040967,1.02694508,0.317180035
lig3,4.334271581,4.337897889,4.591859721,4.358807683,4.338286053,4.400130594
Cyp9f2,0.996767095,1.128912832,0.853067622,3.362496673,2.725918746,3.032113569
CG5167,4.017009528,3.764805885,3.970425371,4.450748908,4.137772131,3.732773251
CG5196,7.710902513,7.967267437,8.065538782,8.161535669,8.332086709,8.665109894
Scgbeta,8.450330351,8.528190819,8.66398587,7.84669778,7.663284161,7.964739437
CG17202,6.303268425,6.183477029,6.423355035,5.502760981,5.202861867,5.417940638
NANS,0.771040734,0,1.355534777,0.033774261,0,0.035045714
CG5641,8.466268781,8.492223357,8.623658521,7.15749821,7.142967992,7.217767651
CG5245,2.66970262,3.032018319,3.600205523,3.46198411,3.250246669,3.023413912
CG5844,6.59829626,6.582981235,6.395989028,6.531409018,6.516566867,6.370422274
CG17207,0,0,0,0.066775902,0,0
CG5538,0.089806327,0.041172495,0.147321929,0.066775902,0.085481031,0.069260254
CG18549,4.236889889,4.050932849,4.198740723,7.03334231,6.919680358,6.997544992
CG5509,0,0,0,0,0.085481031,0.035045714
trus,6.743294478,6.894806659,6.801184771,7.657742705,7.479356078,7.530243293
CG5961,5.009637011,5.165285702,5.326762236,6.042241363,6.074957248,6.195109715
CG12267,4.256414448,4.100468683,4.129533993,3.600835212,3.568686387,3.296832454
CG5608,6.229858693,6.52020758,6.85510182,6.366426689,6.515604674,6.364837367
Octbeta2R,3.853558666,3.962610285,3.625560804,5.054744936,5.33636418,5.323650713
Snx3,6.398058405,6.225386804,6.23645608,5.968847014,5.962240541,5.917248174
CG11598,0.174348395,0,0,0,0,0.035045714
CG11600,0,0.19503084,0,0,0,0
CG11608,0.089806327,0.041172495,0,0,0,1.074860222
CG6753,0,0.36680871,0.403305984,0,0,0
Dtg,7.815381008,7.689691983,7.712786316,3.104912687,3.651609332,2.2138806
CG6225,0,0,0.075540634,0,0,0
CG14395,0.089806327,0,0.280984078,0,0,0
Gnmt,0,0,0,0,0.204896494,1.307636778
Cyp313a4,0,0.041172495,0,0.033774261,0,0
CG14391,0.045601845,0.081202514,0.147321929,0.099039483,0,0
NijC,0.045601845,0.041172495,0,0,0,0
CG12279,5.628175844,5.880891243,5.968187523,5.088280531,5.172660274,5.411287157
CG5999,0,0,0,0,0,0.069260254
beat-Vc,7.132794205,7.307425442,7.246908334,6.96441598,6.722808386,6.683346458
beat-Va,4.405957523,4.601433853,4.46416451,3.516751416,3.699845528,3.959478862
CG10126,1.129748022,1.357994016,1.861572885,2.415398548,0.687432158,2.331316337
d-cup,0,0,0,0,0.043373527,0.069260254
beat-Vb,6.514121231,6.752153679,7.091247275,6.082131011,6.481024288,6.514744063
Cyp304a1,0.715694033,0,0.075540634,0,0,0
CG7381,4.635780192,3.314038884,2.855128227,7.48710292,7.71155816,7.691320563
CG7091,0.366277874,0.901874222,0.403305984,0,0.043373527,0.426801509
Paip2,5.032466308,5.304952165,5.303385706,5.763379379,6.008799614,5.975914831
CG14383,0.292540976,0.520292387,0.670218812,0.066775902,0.085481031,0
yellow-f2,0.174348395,0,0,0.512338969,0,0
CG7488,5.040935011,5.098589484,5.161082779,6.312412424,6.100850225,6.530563381
CG7518,8.427904877,8.624460563,8.718393979,8.41091564,8.426870928,8.374275658
CG11656,2.096124414,2.45607215,2.299882543,1.079480821,1.857894544,1.639083386
CG8031,8.197488906,8.388859571,8.479012006,5.428531018,5.602344578,5.557805707
CG11668,0,0.19503084,0,0,0,0
CG11670,0,0,0.075540634,0,0,0
CG7966,1.251499213,0,0,0.334057725,0.315178801,0
timeout,0,0.081202514,0.147321929,0.46360926,0,0
CG8138,0.045601845,0,0,0,0,0.102682134
CG8508,0,0,0,0.033774261,0,0
CG8483,0.089806327,0.266214546,0.403305984,0.75438697,0.842809102,1.188174903
CG8476,0,0.266214546,0.569299184,0.387282298,0.714518384,0.970104318
Ravus,4.681634,4.851928217,5.195352547,4.95911219,4.93857513,4.913526448
TBC1D5,6.357952173,6.14563242,6.51863131,5.525937691,5.541249977,5.603758406
CG8630,0,0,0,0,0.085481031,0
CG15888,0.045601845,0.041172495,0.147321929,0,0,0
CG15887,0.045601845,0,0.215700384,0.221328946,0,0
Osi22,2.449904106,1.090202596,2.610417859,0,0,0
wntD,0,0,0,0.066775902,0,0
CG8773,0,0,0,0.099039483,1.265409039,0
CG8774,0,0,0,0,0.126394328,0
PK2-R2,2.719791439,2.607662155,3.386952842,2.402529768,2.549126013,1.616122503
PK2-R1,1.451085688,1.555635393,1.161168219,2.967495656,3.119559364,2.750457329
CheA87a,0,0.120151752,0.075540634,0,0.043373527,0
CG9813,5.172651909,5.308118187,5.249361055,5.98242303,6.023088795,6.33438741
CG8870,0.925378394,0.549122661,0.460785459,1.61388234,2.192486278,2.862008643
Droj2,9.645975225,9.263954806,9.320342314,9.260842639,9.458960883,9.37755039
CG9799,4.822557092,4.525488966,4.744312136,3.98870785,3.669022267,3.495480592
CCHa2,1.434040296,1.569773665,0.895375166,3.155645895,1.354202323,2.817411421
CG14377,0,0,0,0.033774261,0,0.035045714
GILT1,3.563438983,3.602367154,3.379520185,3.212049804,3.144670905,3.81068193
yellow-e3,0,0,0,0,0,0.035045714
yellow-e2,0,0,0,0,0.085481031,0
Ir87a,0,0.36680871,0.936477292,0,0,0
CG14372,4.838837943,5.143000498,4.828605247,3.039918684,4.567266954,3.211323887
CG12538,0,0,0.075540634,0,0,0
CG14370,0,0,0.075540634,0,0,0
CG9759,0.366277874,0.685217387,0.280984078,0.250347622,0,0
CG9269,0.214831388,0.041172495,0,0,0,0.623833477
CG10841,0.132696544,0.659006168,0.147321929,0.161479554,0.714518384,0
Task6,7.595630554,7.850155747,7.793304264,6.840481724,7.07372726,7.269956995
CG9588,5.137546191,5.023532679,5.123756518,3.819917285,3.456842771,3.541906533
Lkb1,5.265910679,5.287948361,5.034290771,5.972661193,5.541249977,5.49861916
omd,4.968795286,4.594535471,4.747202715,4.805059098,5.066286309,4.799683264
CG14367,0.797937693,0.924055416,0.343441058,1.831133353,2.57152107,2.729214923
Adgf-D,0.089806327,0,0,3.612057712,3.749797882,3.116341119
Adgf-C,0.254209339,0.460843657,0.280984078,0.488179846,0.714518384,1.810692915
CG9312,0.045601845,0.605110328,0.215700384,0,0,0
Cht5,0.743632778,1.421739881,1.605362592,0,0.126394328,0
CG9297,1.04246964,2.055029075,1.015327048,0.2787941,0,1.569074485
CG9286,3.931537663,3.930100075,4.047489478,3.339049561,3.641059789,3.112244507
CG9926,0,0,0,0,0.166179293,0.857142206
CG9925,0.925378394,1.203350074,0.936477292,0.130597294,0.279346616,0.102682134
Cyp6d5,0.089806327,0.36680871,1.161168219,1.303679131,0.24260175,0.16728912
CG3061,8.846598933,8.993353642,9.004696604,8.436589495,8.621437688,8.495312346
CG9922,6.914365511,7.155174553,7.140448755,4.393366176,4.29183372,4.725191087
foxo,0.715694033,0.120151752,0.280984078,0.2787941,0.659827649,0.503875743
Npc2b,3.259173868,3.662973327,3.541472396,0,0.24260175,0.734578078
CCHa1,0.329880465,0.158077041,0.516062327,0.334057725,1.069527769,2.895766673
CG9920,0,0.041172495,0,0,0,0
PK1-R,2.250142238,2.668050881,3.21387608,1.509728016,1.917388382,2.373001949
CG12402,5.403617858,5.640017497,5.602110116,4.00156584,3.951105266,4.302833562
Or88a,0,0,0,0,0,0.135347252
CG14357,0.045601845,0.120151752,0,0,0,0.035045714
Kif19A,0.089806327,0.158077041,0.670218812,2.709884029,3.057445976,3.427867257
twf,7.576340126,7.711575624,7.839407246,6.404037137,6.120602441,6.341404277
CG14356,0.329880465,1.325032758,0.280984078,0.130597294,0,0.035045714
CG14355,0.743632778,0.300531207,0.809481815,0.033774261,0,0
CG9722,0,0.520292387,0.764538089,0,0,0.069260254
CG9649,0,0.231061681,0,1.063219023,1.110889535,0.837424361
CG9624,0,0,0,0.559476377,0,0
CG9616,0,0.36680871,0.075540634,0.161479554,0.043373527,0
CG14839,0,0.041172495,0,0,0,0.069260254
CG12207,5.930460712,5.64836866,5.502985239,7.051746538,6.894364536,7.004745095
CG3259,0,0,0,0.033774261,0.417626289,0.069260254
Afti,4.124509339,4.358404384,4.339464716,4.155228301,4.97403217,5.003640924
ATPsynE,7.627609431,7.852145411,7.998584522,8.320382371,8.142848881,8.322024685
soti,0.214831388,0.231061681,0.516062327,0.713292167,0.937812835,0.577040364
HtrA2,5.015378292,5.196373449,4.90565901,5.661064741,5.653103015,5.910186706
mRpL11,4.932843613,5.002840044,5.165411283,4.669292503,4.951440281,4.597667515
CG8461,4.617022664,4.321280208,4.549434307,3.318644205,3.508054393,3.782601531
Cyp313a1,0.214831388,0,0,0,0.043373527,0
Pde6,5.000982021,5.162956035,5.099079225,6.056687949,5.604156139,5.789670249
CG14854,0,0.041172495,0.075540634,0,0,0
CG14850,0,0,0,0,0.166179293,0
CG14852,0.503325831,0.081202514,0.147321929,0,0,0
CG8066,1.65609121,2.320502648,1.903635333,4.994917818,5.427171867,5.470891967
CG7987,5.638443253,5.299659973,4.913400157,5.902413824,5.797054132,5.98882033
CG14853,6.457783818,6.486601942,6.501614213,6.967422895,7.393708253,7.503709486
Cad88C,0.535646052,1.861727169,2.022929939,2.601448428,0,0.876594188
CG7886,0,0,0.280984078,0,0.384278962,0
CG3505,0.045601845,0,0.280984078,0,0.279346616,0
Hexim,5.842767078,6.201182236,5.904879204,5.791415317,6.123763108,5.608128738
BigH1,0.132696544,0,0.075540634,0,0.043373527,0
CG7530,2.085247541,1.729434478,2.391413548,2.544012777,2.239865136,0.914728587
smp-30,0.503325831,0,0.460785459,0.852277114,0,0.069260254
CG7362,0.045601845,0,0,0,1.663104036,0.623833477
CG14855,0,0.577388071,0,0,0.085481031,0
CG14856,0,0,0,0,0.914641953,0
CG14857,0.254209339,0.041172495,0,0.19171458,0.631684635,0.198539073
CG3610,0.214831388,0,0.764538089,0,0,0
CG3631,4.113845162,3.656363675,3.662777281,3.455768505,3.838653146,4.264586163
Rrp6,5.518241168,5.198649815,5.389160603,4.885875668,3.785360749,4.915878666
UQCR-C1,9.66863825,9.639015264,9.618083252,11.02770184,10.87084456,10.91008141
CG7265,5.870748241,6.045487417,6.335813275,5.4537011,5.000408483,4.972341596
CG14860,0.254209339,0.120151752,0.147321929,0.066775902,0.043373527,0.069260254
Nup93-2,5.094802061,4.72185985,5.207996708,3.589524728,4.112539163,3.833257104
CG3817,4.301752978,4.603153307,4.552742463,3.603649032,3.078448979,3.52659662
RpS5b,0,0.231061681,0.764538089,0.099039483,0,0
Sdr,1.191907582,0.430174687,2.251843045,1.721421233,1.69064652,1.495494259
CG14861,0,0.430174687,0,0,0.043373527,0
RpL10Aa,0.045601845,0,0.075540634,0,0,0
dpr9,8.395113827,7.686451583,7.693059277,8.337914597,8.382171962,8.401492795
CG6974,0.214831388,0.430174687,0,0,0.35014255,0
CG6966,5.937281478,5.976189799,5.868174185,6.704891823,6.326102533,6.690920277
CG6912,7.069011049,7.378423064,7.373434391,7.435525642,7.442113589,7.442008636
CG3987,2.67696552,2.328839894,2.623061777,2.629330934,2.593573794,2.45938958
Mf,0.292540976,0.460843657,0.403305984,1.063219023,1.336875487,0.478639091
Gyc88E,1.171483865,0.761109441,0.569299184,1.09556136,1.649133071,1.140696948
CG6752,6.925461338,6.567652107,6.517785206,5.584795253,5.897235625,5.555544627
Spn88Eb,0.43642859,0.430174687,0.215700384,0.033774261,0,0.035045714
CG4203,4.280454337,3.749360734,4.384717307,3.951641949,4.569123073,4.324242417
CG6654,5.485524188,5.154772451,5.33254766,4.523872734,4.479196251,4.545453389
CG4210,2.815035725,2.493636113,2.315546691,0.813914366,1.151098443,0
SIDL,4.931326008,4.422132514,4.795476632,4.487774062,4.806340833,4.766180696
CG12241,2.904379665,2.303682208,1.840072658,3.372429943,3.587122947,4.079742427
Art3,3.661892795,3.99963551,4.536125298,3.693554158,3.904820706,3.424567164
mRpS10,7.029129345,7.17554149,7.358389543,7.022343746,6.983703724,7.154435111
Amt,1.873983732,0.856461751,1.385527878,0,0.74110543,0.035045714
CG14864,3.194854226,2.93704999,2.449359368,5.377656051,5.744638468,5.657458452
Zip88E,3.100779598,3.106646141,3.238736085,3.628729458,3.87512019,3.915488598
CG4338,4.347986833,4.520038263,4.789880474,3.398589081,3.835572205,3.263973485
CG14866,0.43642859,0,0.764538089,0.099039483,0.35014255,0
CG6276,5.328357449,4.925238582,5.24118252,5.490651527,5.680835262,5.64829249
CG6236,7.669856997,7.51232711,7.354603688,7.20250716,7.102848995,7.052828804
mRpL9,5.739891196,5.875210056,5.9330777,6.009728169,5.892796024,6.260888098
Sra-1,7.843691462,7.720712239,7.680260675,5.70168388,5.770681122,5.792873153
CG6218,5.287423515,5.29328361,5.005608142,5.919452267,5.979091656,5.943425052
CG5038,6.353992824,6.33395403,6.216779403,5.253261829,4.502694561,4.727871013
Atg4b,6.82402247,6.859275251,6.7444511,7.009670421,6.595638063,6.848520702
CG5044,6.100120704,6.098258717,6.121973044,4.876599478,5.184816885,5.280492552
Trax,5.122995295,5.215609025,5.188988666,3.945000895,3.791733585,4.290196759
CG14868,6.220569487,6.117034274,6.163678596,7.362025949,7.3190152,7.24163913
Ccm3,5.201897432,5.56082997,5.255464673,5.351111046,5.63283596,5.732103108
CG6136,5.457330142,5.999225573,5.79183792,4.557639805,4.691750456,3.879786407
h-cup,0.43642859,1.128912832,0.936477292,2.402529768,0.687432158,1.569074485
CG6125,0.366277874,0.685217387,0.620641262,1.460908527,0.35014255,0.035045714
CG6118,1.533416609,1.390218998,2.218904359,0.889646124,1.069527769,0.035045714
AdamTS-A,0.366277874,0.945900736,0.895375166,0.066775902,0.602981688,0.035045714
B9d1,0,0,0.620641262,0.033774261,0,0
Trissin,0.214831388,0.901874222,0.764538089,2.15648072,3.078448979,1.738111668
obe,4.822557092,4.536328977,4.107207901,4.514932392,4.508509819,3.132612222
AOX2,0.598192202,1.050424986,0,0,0.204896494,0.069260254
AOX3,0.535646052,0.632309912,0,1.485524763,1.151098443,1.091603205
AOX4,0.329880465,0,0,0,0.043373527,0
CG5399,1.108418423,0.833207966,0.670218812,0,0,0.035045714
CG5404,0.797937693,1.14788529,0.516062327,1.158148923,1.562340969,2.62380847
CG12784,0,0.081202514,0,0,0,0.135347252
CG4525,0.329880465,0.761109441,0.343441058,0,0.085481031,0.646672929
CG5614,0,0,0,0,0,0.102682134
CG9590,5.035294736,4.881984179,5.188988666,4.916749651,5.083270691,5.205563016
CG9589,0.329880465,0.300531207,1.053192621,0.387282298,0,0.577040364
Acyp2,4.784398839,4.973894197,5.094546739,4.780401633,4.951440281,4.758337585
CG9593,1.191907582,1.203350074,0.809481815,0.926071582,0.767211364,0.776600407
CG4576,0.045601845,0.334050524,0,0.099039483,0.279346616,0.914728587
Arpc3A,7.431953778,7.610481277,7.550585415,6.730540597,6.58787736,6.72887325
Pbp45,3.268819541,3.347249399,3.230496923,1.968446736,1.963277813,1.074860222
CG4546,0.366277874,0.041172495,0,0,0,0
Hmt-1,6.827290055,6.688789987,6.586375815,6.308537355,6.732778777,6.675038508
CG9632,0,0.041172495,0,0,0.043373527,0.035045714
CG14877,1.04246964,1.497654644,1.355534777,0.813914366,0.714518384,1.278685825
CG3303,0.875744677,0.36680871,1.053192621,0.306690511,0.417626289,0.817433287
Fbxl7,0.401779573,0,0.343441058,0,0.043373527,0.16728912
CG5478,0,0,0.403305984,0.066775902,0,0.069260254
blp,4.434092118,4.947066128,4.879551019,5.300850243,5.322126199,5.421255907
CG4287,6.710933339,6.835701531,6.852419734,6.856494642,7.152903168,7.243981294
CG5516,6.859565199,7.147535853,6.994212045,5.271070711,4.944307143,5.153688963
Rbf2,1.327308948,0.460843657,0.215700384,0.130597294,0.085481031,0
GATAe,0.715694033,0.549122661,0,0,0.043373527,0.400167095
CG10407,0,0,0,0.033774261,0,0
CG5013,4.075887259,4.030632259,4.038078599,2.667482714,3.250246669,3.032113569
CG10185,0.401779573,1.274134361,0.718149104,0.438612949,0,1.293233921
sxe2,0.292540976,0.398839565,0.075540634,0.582479838,0.315178801,0
CG5903,8.493904879,8.453788527,8.615772339,9.839828384,9.801873369,9.866505557
CG5916,5.31910299,5.304952165,4.986164604,5.240663504,5.671362309,5.919008154
Fer2,2.885694823,2.706949919,2.376555991,1.142754737,1.301584745,0.623833477
CG8927,0.715694033,1.69114504,1.471938095,0.033774261,0,0.914728587
CG6126,2.46676418,1.972296492,2.284046452,2.872701126,2.650784384,2.680244095
Zip89B,0.628476965,0.967420201,0.620641262,0,0,0.135347252
CG6901,0,0.490874211,0,0.19171458,0,0.669156436
CG17929,0.292540976,0.266214546,0.403305984,0,0.085481031,0
CG17930,0.771040734,0.430174687,0.147321929,0.488179846,0.315178801,0.553062079
pad,4.685240111,4.410395948,4.014279271,4.837691959,4.353443631,4.179044773
CG14879,3.432246478,3.789179266,3.687065381,2.68883914,2.356227934,2.29563394
CG10311,1.327308948,2.024557619,1.655458917,1.668653552,1.421500783,2.446431239
CG17931,6.313789964,6.594264069,6.479187591,6.405247209,6.581914408,6.311790618
CG14880,0,0,0,0,0,0.135347252
CG10317,0,0,0,0,0.043373527,0
CG17565,6.968640595,6.883177764,7.014148245,7.247054415,7.098678671,6.982755626
CG14881,4.846909984,5.343522433,5.563273564,5.235230361,5.385645564,5.175448465
mRpS33,5.388212996,5.630775035,5.679809861,5.989970165,5.773903646,5.958335765
ema,7.658894805,7.232196771,7.622400142,8.861304236,8.868663054,8.590413096
CG14894,6.410093975,6.517930629,6.474834523,6.283311865,6.227889852,6.38025061
CG14882,4.990818468,5.263148851,5.511510796,4.728496785,5.303292727,4.750451603
CG10405,0.132696544,0.736253047,0,0.033774261,0,0.069260254
CG14883,9.065866114,9.327415854,9.230501369,8.084694454,8.221222241,8.036888058
Gyc-89Da,0.470264926,0.266214546,0.075540634,0.033774261,0.043373527,0.776600407
Gyc-89Db,4.161225162,4.10532999,3.740263196,1.509728016,0.937812835,1.495494259
Sdhaf3,5.092088033,4.869179648,5.195352547,5.361122747,5.479428583,5.311195726
Der-2,5.652327538,5.675589465,5.774941089,5.50577253,5.569341366,4.980230318
Cad89D,0.470264926,0.334050524,0.147321929,0,0,0.229126454
CG14891,0.771040734,0,0,0,0.043373527,0
CG14903,5.175218664,5.307063618,5.379878045,5.274606259,5.023606407,4.999210951
CG14892,0,0.041172495,0,1.063219023,0.043373527,0.400167095
CG12783,0,0.231061681,0,0,0,0
CG17562,0,0,0,0,0.043373527,0.102682134
CG17560,0,0,0,0,0,0.035045714
CG14893,0,0,0,0,0.043373527,0.035045714
CG14905,0.366277874,0.430174687,0.147321929,0.130597294,0,0
CG10326,9.463965354,9.71914585,9.650384976,8.263359262,8.234002193,8.438570216
CG10324,3.705161811,3.991781134,3.846513933,3.513762722,3.0836523,2.974604824
CG14907,0.045601845,1.357994016,1.526797288,0.692297297,0.914641953,0
VhaM9.7-d,0,0,0,0,0,0.035045714
CG18622,0.925378394,0.901874222,1.679869498,0.2787941,1.62077859,0.797161305
CG3678,6.584362359,6.717648517,6.792815649,6.018189072,5.935150423,5.904275632
CG17556,6.262813146,6.526110888,6.52958575,5.879378291,5.808884321,5.892977427
CG3534,3.519674124,4.088243264,4.033350038,3.583836059,3.651609332,3.724745892
Irc,1.04246964,0.736253047,0.460785459,2.06143729,1.940515547,2.640972163
CG8907,0,0,0,0.066775902,0,0
AdSL,5.063278155,4.589339951,4.85296184,4.775419162,4.957121506,4.612245203
CG5225,0.214831388,0,0,0,0,0
CG4009,0,0,0,0,0.085481031,0
CG18213,1.782675972,2.572987425,2.33104259,3.54337465,3.696453062,3.860377708
CG5220,3.834199379,3.87707874,3.950498508,3.140224834,3.370072664,3.624763219
CG3995,4.712002406,4.694699959,4.860990174,4.035303889,4.012415109,4.459382574
Ns1,4.775968307,4.936193635,4.83405347,4.770419425,4.471277652,3.855484459
mRpS11,5.567920889,5.650864611,6.032393122,6.639900875,6.596548348,6.657223644
Keap1,4.551358748,4.183263197,4.467673843,4.682660569,3.706606621,4.086022595
kuk,7.902769566,7.746808058,7.812405715,6.889438858,6.855347736,6.845130597
cal1,5.650484002,5.290084829,5.344049369,5.417379498,5.465544628,5.031024262
CG17477,0,0,0.075540634,0.130597294,0,0.035045714
CG17475,0,0.158077041,0,0.099039483,0,0
CG4053,0,0,0.075540634,0,0,0
CG5246,0,0,0.215700384,0,0,0.035045714
CG5265,0,0,0,0,0,0.035045714
TwdlW,0.045601845,0.266214546,0.343441058,0,0,0.857142206
m-cup,2.733788825,2.055029075,3.154147217,4.007952115,3.626872648,3.697660782
CG5285,4.270886397,4.809365271,4.946473283,4.137862909,4.109991422,4.391705267
CG5292,5.210681835,5.352750511,4.963972751,5.872978501,5.773903646,5.798620522
Mur89F,0.174348395,0.081202514,0.075540634,0.961599966,0.35014255,0.528678517
beat-IIb,6.266428714,5.989398102,5.827782647,4.629809569,5.079368928,5.129570932
beat-IIa,4.392784929,4.112591373,3.751823193,3.549224792,3.655108773,3.498622569
Brf,2.712741488,2.198420619,2.391413548,1.261540434,1.090356876,1.820769885
Sur-8,6.452503353,6.030869952,5.985427132,7.39102182,7.711978234,7.646345283
CG17283,0,0,0.280984078,0,0,0.503875743
CG5860,0,0,0.075540634,0,0,0
CG5863,0,0,0,0,0.043373527,0
CG14331,2.288580658,2.243216548,1.499628432,0,0,2.890992191
cysu,0.658139045,0.334050524,1.605362592,0,0,0
CG14330,0.254209339,0.041172495,0.280984078,0,0,0
CG5823,6.368083739,6.344271779,6.495610489,6.372213651,6.471131816,6.395079473
Prx3,7.570989724,7.9285341,7.973502067,7.454158485,7.584035314,7.630141394
sll,6.709163237,7.044683295,6.588794953,5.795112613,5.967879477,5.592774303
CG14326,0,0.231061681,0,0,0,0
AttD,0,0,0.403305984,0,0,0
CG14325,0,0,0,0,0,0.035045714
CG14322,3.698039828,4.060977018,3.567871627,2.478074943,3.835572205,3.172504789
CG7523,4.440507534,4.494325763,4.946473283,4.143674629,3.823182222,3.938808476
alt,7.750382231,7.143110443,7.167134801,6.636470147,6.691625288,6.278817613
CG7655,5.705678381,5.779610105,5.930536855,4.691945055,4.397983655,4.20812578
CG14321,7.990822872,8.29370978,8.368373658,5.646130001,5.673952016,5.526593276
TyrRII,0.628476965,1.090202596,1.773579932,0.334057725,0.315178801,0.776600407
TyrR,5.979012231,5.755846267,5.655398263,5.247876012,5.475475354,5.480458585
pasi1,4.696004676,4.925238582,4.941434198,3.936098334,3.916531798,3.908418492
CG7379,6.324813412,5.863062734,5.904879204,6.417692211,6.069066724,6.089671178
CG17803,3.955626328,3.752463021,3.90979957,1.485524763,3.286799776,1.23414005
CG17806,2.841132103,2.641523012,2.518664653,2.478074943,2.834846043,3.036443803
CG17802,1.935837444,2.486201158,1.579646626,2.383008774,2.356227934,2.2138806
CG17801,0,0,0.460785459,0.387282298,0,0.776600407
CG7357,5.393733634,5.53494001,5.597312337,4.97441112,4.66075188,4.892182103
CG18012,4.461688528,4.382633515,4.741415754,3.572390984,4.707003499,4.204282015
CG12347,0.132696544,0.041172495,0.343441058,0,0.602981688,0.951880893
CG7785,6.044351161,6.259041471,6.302793831,6.240113079,6.46266955,6.431292679
CG7794,0.850272436,0.785544823,0.809481815,0.250347622,1.485799341,1.363851994
CG14316,0,0,0.809481815,0,0,0
CG7218,5.360288405,5.382090166,5.398383817,5.025666105,5.007270208,4.610794045
CG7208,0.214831388,0.785544823,0.403305984,1.37128545,1.985686517,2.691271057
Arp5,5.52530017,5.342493438,5.188988666,4.851961847,5.435335596,5.020133218
CG12321,3.470365998,3.423189278,3.830249039,3.620417667,3.036132685,3.58983423
MED17,4.815992956,4.219585449,4.481626426,2.800962279,2.664739444,3.168564807
CG14313,0.132696544,0.549122661,0,0,0,0
CG14314,7.580703016,7.79950086,7.799235399,7.129949427,7.038991854,7.309630293
CG7988,4.545418785,4.737600628,4.335628806,3.732638599,3.959620707,3.697660782
CG7183,3.967521492,3.810173337,3.835691071,4.363795583,4.300797864,4.28292572
mTerf5,4.431947291,4.456779988,5.18473043,3.555051307,4.094609765,3.975353545
Non3,5.785962,5.741085462,5.63056648,5.135708799,5.347221647,5.076940919
CG7168,2.610244345,2.881457062,2.833531017,2.471928424,1.951941571,2.933404153
CG7156,5.569872931,4.983167388,4.961485785,5.449015038,4.870966138,5.114289817
CG12320,4.937386874,4.854817819,4.941434198,4.345421688,4.959953751,4.449674698
CG18599,0.401779573,0.120151752,0.764538089,0,0,1.023432869
Vps39,4.772582251,4.475675012,4.812136029,3.730065655,3.403746164,3.495480592
CG7142,1.416791103,0.081202514,0.215700384,0,0.126394328,0.069260254
CG14312,7.839247511,8.071395942,8.128414931,5.138621927,4.952862686,5.164609737
CG8064,5.255032757,5.194093486,5.345957437,4.790315247,5.567485529,5.275921758
CG7131,1.670717286,1.14788529,2.003720007,2.101802308,2.082429209,1.377570087
CG18600,3.017408402,3.639705834,3.625560804,3.525680528,2.871408236,2.23664033
CG7126,0,0.041172495,0,0,0,0
PKD,5.426421056,4.82270934,4.842187421,5.850056807,6.081474189,6.001611406
CG15803,3.551634171,2.947916056,3.271230109,3.990858822,4.298562044,4.24974479
hmw,0.089806327,0.041172495,0.215700384,0.033774261,0,0
WRNexo,0.089806327,0.490874211,0.075540634,0.099039483,0.166179293,0
Nup43,3.922399699,4.278878783,4.446488649,4.492336102,4.248476448,4.024137732
CG7675,1.484583944,1.993428657,1.443705866,0,0,0
CG14309,0,0,0,0.033774261,0.043373527,0
Vha100-4,0,0,0,0.033774261,0,0.373031704
CG12333,6.7871625,6.326167004,6.570143725,6.499660898,6.856868057,6.909104393
CG7685,4.234430635,4.485030526,4.620516987,2.971857974,3.71668922,3.756590767
CG10864,2.988511856,2.661464504,2.623061777,3.740330013,2.986994398,3.586884946
CG7694,5.613109767,5.97020638,6.06055326,4.287103482,4.459317659,4.157339854
CG14304,0.214831388,0.081202514,0,0.19171458,0,0
CG14305,0,0.081202514,0,0,0.659827649,0.102682134
CG14301,0.470264926,0.605110328,0.853067622,0.387282298,0,0.426801509
CG7702,2.841132103,2.463663595,2.648021954,2.231164185,2.699047714,2.413516834
CG7705,5.46678951,5.772751158,5.305348283,5.687828947,5.284210141,5.185231688
CG7706,4.467982658,3.813147705,3.699057797,3.888436694,3.6930526,4.511638728
CG7708,7.580945012,7.148124884,7.06600265,10.28664615,10.3216548,10.28616554
Muc91C,1.501045839,1.090202596,1.903635333,3.05644374,1.869991204,1.188174903
CG14300,0.089806327,0,0.280984078,0,0,0
CG7714,0.045601845,0.36680871,0.620641262,0,0,0
CG7715,0.214831388,0.300531207,0.809481815,0,0.279346616,0.229126454
CG14302,0.045601845,0.041172495,0.075540634,0,0,0
CG7718,5.34327047,5.620624359,5.222609518,5.386669249,5.494157457,5.862205756
CG14299,3.42363693,3.659672286,3.857256209,3.269878422,4.554206827,3.848113326
CG7720,0.045601845,0.520292387,0,0.512338969,0.24260175,0.16728912
CG18208,6.283182584,6.326687449,6.032393122,6.223288285,6.842743578,6.349692722
CG14298,2.988511856,3.130688198,2.743756146,1.111464636,1.110889535,1.748706671
CG14297,0.503325831,0.158077041,0.280984078,0.066775902,0.043373527,0
CG14294,0.045601845,0,0,0.250347622,0,0
CG14292,2.344383693,2.817724095,2.897376261,1.752179603,0.842809102,0.895787384
EndoA,6.265826748,5.807470329,5.829147411,7.303739881,6.930550176,7.058694869
CG14291,0.401779573,1.256761209,1.090089724,1.950876008,2.007752473,0.259078775
Mpc1,5.295703744,5.304952165,5.814063531,5.320652209,5.507770048,5.488382592
CG12269,0.598192202,0.300531207,0.403305984,1.731747058,2.18282089,1.973106214
Smu1,6.284966155,6.41205075,6.668721278,5.466123359,5.592340125,5.743404509
CG6005,4.21958642,4.378623479,4.764425611,3.537500688,3.775748399,3.404606489
CG14286,3.302080417,3.743136076,3.819303003,1.859661497,2.303685542,2.2138806
CG14285,1.959855016,1.766733924,2.361543831,1.142754737,1.757286554,1.350002208
CG6013,3.519674124,3.643052825,3.548117629,3.34914502,3.648101382,3.541906533
CG6026,3.138096516,0.879346663,3.271230109,0,0.204896494,0.035045714
mRpL55,5.401427209,5.59147009,5.703815258,6.783924648,6.496224811,6.726530217
CG6040,1.345654897,1.166611482,1.679869498,0.75438697,2.941865007,2.565074991
Cyp12a5,0.045601845,0.041172495,0.147321929,0.066775902,0.043373527,0.069260254
Cyp12a4,1.108418423,0.632309912,0.764538089,2.56148483,0.631684635,1.074860222
CG5835,0,0.120151752,0,0.221328946,0.417626289,0.45295311
CG11779,5.313288662,4.824184424,4.781445324,5.808588871,5.983273859,5.769651942
CG14282,0.045601845,0.081202514,0,0,0,0
CG5555,6.969010457,6.80540212,6.996643278,6.728930704,6.77319345,6.760300942
CG11703,0,0.398839565,0.403305984,0,0,0
CG3773,3.287919547,3.05732562,3.17146642,3.352494535,2.495477966,2.331316337
unc79,8.30467307,8.397431507,8.597268604,9.18930038,9.212433754,9.260386275
CG5217,0.292540976,0.605110328,0.620641262,0.033774261,0,0
CG14280,0.535646052,0.659006168,0,0,0,0
CG3581,0.132696544,0.549122661,0.075540634,0,0.043373527,0.16728912
CG3734,0.045601845,0,0,0.066775902,0,0
CG18493,0.089806327,0,0,0,0,0
CG3739,0.045601845,0,0.075540634,0,0.279346616,0.035045714
CG5316,6.657780089,6.752541079,6.778051835,6.08917539,5.897235625,5.917248174
CG11626,0.996767095,0.761109441,1.499628432,2.623797377,2.784608862,2.331316337
CG3517,1.231907565,1.497654644,1.773579932,1.435864971,2.338925554,2.143364375
CG6255,0.771040734,0.577388071,0.403305984,1.030134977,0.482093952,0.288421873
CG15025,0.174348395,0,0.569299184,0,0,0
Cpr92A,1.019799334,1.009519467,2.022929939,0,0.384278962,0.478639091
CG7333,0,1.050424986,0.075540634,0,0,0
CG7342,0.771040734,0.430174687,0.215700384,0,0.631684635,0
CG17752,0.174348395,0,0.147321929,0.130597294,0,0
CG16727,0.174348395,0.158077041,0.075540634,0.099039483,0,0.102682134
CG6231,4.613241715,3.965286688,4.014279271,2.656684766,2.615294494,2.229093578
subdued,5.989988138,5.768160343,5.876118542,7.961372927,7.773240827,7.856093698
Nup58,4.622675574,4.548873565,4.744312136,4.360472233,4.389605181,4.596201612
CG6195,6.913597127,6.977336231,7.047947633,6.139486109,6.477569634,6.326894403
CG6184,8.011976502,7.29604274,7.354129757,7.321794714,7.606802847,7.257723196
CG7432,0.598192202,0.901874222,0.147321929,0.250347622,0,0
CG6300,0.329880465,0.158077041,0.215700384,0,0.085481031,0.345376129
CG11659,0.174348395,0.460843657,0.620641262,0.066775902,0.043373527,0.198539073
CG11391,1.416791103,0,1.293610521,0,0,0
CG11407,0,0,0.075540634,3.956052396,4.85735948,4.320696264
CG11453,0.503325831,0.36680871,0,0.033774261,0.482093952,0.069260254
CG4662,5.721569787,5.852981684,5.723029747,6.011318372,6.556877975,6.37641271
CG11447,4.73306045,4.67521569,4.806604244,5.132789776,5.38248237,4.986957916
CG4572,6.207463289,6.181176577,6.373716218,6.500415995,6.700119837,6.406415638
CG4686,6.580978744,6.782442226,6.649537268,6.064368092,6.291668567,6.218165137
CG4562,7.265182546,6.938024613,6.969671677,7.789771093,8.138324006,8.121354933
CG17186,1.345654897,1.826833554,2.133109169,1.840705552,1.783103912,1.672853741
Arc42,4.877178335,5.181488872,4.94898624,4.141739989,3.968086182,4.221498879
CG4733,0.973361179,0.19503084,0.147321929,0,0.166179293,0
CG4538,6.571754442,5.928984541,6.248746591,7.48538763,7.559736288,7.454602165
Surf6,5.361415828,5.728537089,5.667655694,4.866091971,4.932820252,4.802228445
RhoGAP92B,2.662402971,2.216506241,1.984250833,2.909551488,2.636693019,3.256568731
CG4465,0,0.231061681,0,0,0,0
CG4770,0.089806327,0,0,0.033774261,0,0
CG4462,0.132696544,1.526936274,1.579646626,0,0.204896494,0
CG4459,0.743632778,0.120151752,0,0.713292167,0.417626289,0.528678517
Hs6st,5.595970211,5.08018818,4.928758942,3.273416888,3.553765602,3.785176999
CG4783,0.254209339,0.266214546,0,0.649368125,0.204896494,0
MED25,5.305109033,5.31232877,5.205897028,4.532758014,4.541027391,4.584420454
CG17190,0.045601845,0,0.343441058,0.75438697,0.204896494,0.478639091
CG4433,4.912989126,4.983167388,4.966455437,4.896240581,4.851270638,5.430333808
CG4424,3.952637149,4.358404384,4.435778239,4.314841212,4.229823602,4.186857205
CG4854,2.326021468,2.985315449,3.154147217,2.825273752,2.312576572,2.077652076
trem,3.958609326,3.819078109,3.521351046,3.869857509,3.583454435,3.780021456
CG4936,5.233027717,5.269659499,5.33639176,4.686646953,4.135268601,4.470626478
CG10889,1.947896209,2.903951946,2.003720007,2.820444122,2.986994398,1.074860222
CG4390,6.751057555,6.93016909,7.134941444,6.096684965,6.072342206,6.126188354
mdlc,4.976173764,4.860579718,4.971408029,4.328512622,3.357239674,4.047924848
CG5023,0.132696544,0.231061681,0.343441058,0.889646124,0.543803643,0.691294921
CG17199,0.292540976,0.398839565,0,0.627414808,0.166179293,0.035045714
CG4367,0,0.460843657,0.215700384,0,0,0
CG4362,0.045601845,0,0,0.2787941,0,0
CG4360,5.391527913,5.165285702,4.781445324,4.856687283,5.027661716,5.282316822
Sirt2,6.29089552,6.598149197,6.833504212,7.226893065,7.217937707,7.032920593
Ir92a,0.132696544,0,1.090089724,0,0,0
CG4335,0.628476965,0.334050524,0.460785459,0.649368125,0.204896494,0
eIF3gb,0,0.081202514,0,0,0,0.035045714
Dic2,0,0,0,0.099039483,0,0
Or92a,0,0,0,0.130597294,0,0
MFS9,0.174348395,0.924055416,0.718149104,1.591378059,1.62077859,1.738111668
CG5191,6.685051821,6.390307692,6.45463948,6.666720583,6.626715672,6.658979958
CG10877,1.911413256,1.884529365,2.041887442,0.605122262,0.043373527,1.860388321
TFAM,6.126222769,6.303079551,6.256882478,6.162568046,6.136336983,5.728762248
CG5412,4.315779369,4.208332669,4.111700845,4.005826497,3.97929676,3.343011945
Srp14,5.46678951,5.64836866,5.733270981,4.362134865,3.936800208,4.234749152
CG16953,8.037063957,7.939804489,8.082804358,7.972300192,7.804893834,8.159696088
Srp72,7.132464042,6.980977695,7.074083048,6.765197076,6.139463403,6.264122668
CG4159,5.473061474,5.645868383,5.548436024,4.732358674,4.453300275,4.715771948
CG15923,2.662402971,1.778955809,1.499628432,2.343156045,0.384278962,0.16728912
CG5466,7.806923228,7.530061075,7.629075475,7.748256188,7.876344528,7.774033781
Lrrk,6.828105796,6.553937511,6.021689728,6.667729292,6.901379996,7.01712252
Nep4,1.713726341,0.71096088,1.679869498,0.649368125,0.687432158,1.470109264
Cpr92F,0.329880465,0.081202514,1.090089724,0,0,1.544962321
CG4000,0,0,0,0.130597294,0.043373527,0.069260254
CG17267,0.045601845,0,0.075540634,0.066775902,0.043373527,0
Syp,9.584544859,9.800595844,9.544594737,8.734745742,8.719438856,8.765771481
Fancd2,2.389292087,2.055029075,1.443705866,1.030134977,0.842809102,1.444269594
CG17270,9.756800315,9.999995034,9.941459322,8.070145573,8.436180921,8.451092303
CG17271,7.789229245,7.901365016,8.025323545,5.120071982,5.067599923,5.320990824
CG17272,6.4844176,6.819152644,6.742279568,6.906345462,6.995829424,7.139919615
CG15695,0,0,0.343441058,0.033774261,0,0
CG15696,0,0,0.075540634,0,0,0
RpS30,8.061375767,8.255953244,8.389572663,7.401165659,7.366749923,7.567749156
CG3822,7.645768083,7.681780719,7.897479869,5.706927147,5.903133921,5.825768511
TotB,0.824342362,1.009519467,1.195435982,0,0,0
Ktl,7.622211029,7.503377706,7.513715867,9.532169637,9.356422335,9.227150356
CG5621,0.366277874,0.081202514,0,4.948084194,5.286468296,4.438265659
hdly,2.279066639,1.69114504,1.964515325,1.303679131,1.547354071,2.331316337
CG10827,1.108418423,1.128912832,1.053192621,1.030134977,0.043373527,0.345376129
CG5697,0.174348395,0.300531207,0.809481815,0,0,0.069260254
CG12278,0.174348395,0,0,0,0,0
CG7079,0.045601845,0,0.403305984,0.360915446,0,0.035045714
CG17279,0.254209339,0,0,0.19171458,0.24260175,0
dmrt93B,0.045601845,0.231061681,0,0.033774261,0,0
HHEX,0.254209339,0.231061681,0.215700384,0.033774261,0,0
RhoGAP93B,4.263668569,4.55953993,4.539464079,6.005479036,5.879394656,5.739425881
CG7044,4.361572924,3.672831372,4.288784276,4.6228916,4.539134748,4.809837158
CG5745,5.3591601,5.448633276,5.3667813,4.403089868,4.385397626,3.578000747
Bdbt,5.646789848,5.771222509,5.743440027,4.836496406,5.081971276,5.444251894
CG5793,4.03690362,4.300235265,4.17746809,5.515516871,5.639917709,5.778726879
Obp93a,0,0,0,0.033774261,0.043373527,0.035045714
Ice2,3.804664472,3.438679681,4.019070649,4.258821986,4.745266251,3.948031896
CG7009,4.775968307,4.451062885,4.509133189,4.235427909,4.485106807,3.761830571
Usp8,5.418859967,5.383091312,5.089999968,5.344397772,5.93443061,5.511896776
cDIP,1.212046198,0.430174687,0.215700384,1.384434689,0,0.035045714
CG5810,0,0.041172495,0.147321929,0,0,0.035045714
CG5862,4.05652711,4.302353627,3.716861553,4.928018846,4.896322639,4.846057301
Smyd5,4.569033294,4.688234397,4.709165761,4.835299862,4.184531912,4.186857205
Oga,4.983514698,5.002840044,4.900475072,1.985806041,3.587122947,3.249125776
CG3337,4.632048146,4.840311581,5.085438823,5.5465562,5.663565178,5.364694503
Nelf-A,5.407989203,5.102241748,5.005608142,5.229776679,5.581346467,5.767048584
CG5892,0.045601845,0,0,0,0.043373527,0
ETHR,3.798018231,3.679366177,3.960496343,4.018533485,4.583886674,4.032833039
CG5919,6.191703823,6.45648139,6.562779274,6.000683755,6.476581068,6.081312757
CG3308,5.482418588,5.561714493,5.885332004,5.372715924,5.787519634,6.104182894
CG3301,0,0.041172495,0.147321929,0,0,0
SIFaR,4.145604084,3.819078109,4.789880474,2.532246068,4.596682043,4.64522521
CG16791,7.650156941,7.711974073,7.602186797,7.353692931,7.42914206,7.462467945
CG7907,0,0.041172495,0.147321929,0,0,0.035045714
Fancm,1.670717286,1.950850182,2.218904359,2.941041063,3.030754798,2.674698847
CG7956,3.453548211,3.231957748,3.118872309,4.076396344,4.039444575,4.329545356
CG15498,0,0.158077041,0.280984078,0,0,0
Archease,4.166394826,4.55953993,4.366034253,4.874271081,4.287330674,4.718469411
CG15497,1.796079106,1.611375695,1.605362592,3.94943166,3.403746164,3.091585123
Burs,0.045601845,0.19503084,0,0.066775902,0,0
CG6800,1.809358867,1.678152691,2.168041848,3.569515471,3.476755259,3.489176036
RpI12,2.860399202,3.077256612,3.205493296,2.651255333,2.487648473,2.472232565
CG6569,0.43642859,0.549122661,0.764538089,0.90797381,0.937812835,0.478639091
CG6656,0.329880465,1.009519467,0.976440789,0.161479554,0.279346616,0.135347252
fit,0,0,0.075540634,0.066775902,0.417626289,0.259078775
dnd,0,0.520292387,0.280984078,0.774503582,0.714518384,0
CG6678,2.269489461,1.541357195,2.268034601,3.328882959,1.928998307,2.577014533
CG17843,0.132696544,0.120151752,0.075540634,0,0.043373527,0
CG6332,0,0.334050524,0.403305984,0.066775902,0.126394328,0
CG6439,8.584553271,8.684976549,8.693695744,9.658814642,9.610564972,9.532304614
mRpL35,6.115571297,6.454577811,6.501614213,6.07251543,6.072996411,5.824517077
CG6028,4.478412236,4.996312253,4.844888579,4.2023968,4.707003499,4.021955692
Cchl,6.84472764,6.775596762,6.869764818,8.835803544,8.626794333,8.809835441
CG13409,7.117527938,7.490893853,7.323469684,7.004356834,6.820320407,6.992539171
Fadd,2.458358772,3.502719138,3.619263638,4.550366072,3.785360749,4.292008808
CG13408,5.167504658,5.207719529,5.176176065,5.675177838,5.5950755,5.763134716
CG5778,0.045601845,0,0,0.250347622,0.204896494,0.135347252
CG13407,0.089806327,0,0.075540634,0,0,0
Gld2,2.563985184,3.280045822,2.185196033,1.17338058,1.048393528,1.810692915
CG7084,2.964970524,1.895796724,1.090089724,2.694129212,2.495477966,3.466890562
CG7080,0,0,0,0,0.35014255,0
CG13862,0,0.120151752,0,0,0,0
CG5391,0.214831388,0,0,0,0.085481031,0
CG5386,0,0,0,0,0.043373527,0
rdhB,1.935837444,1.918070837,2.315546691,0,0.204896494,0.16728912
Sar1,7.894031393,8.093430382,8.04835706,7.026805651,7.127305998,7.042909038
PSR,5.778384977,5.545709504,5.385454744,4.864919733,4.740332632,4.878981157
CG5382,7.031610249,7.011726398,7.033812705,5.522967987,5.439400202,5.525053307
CG5380,4.372797744,4.699530186,4.471174659,4.511939923,4.818875669,4.919399818
CG7069,0.973361179,1.166611482,0.460785459,0.979041354,2.312576572,2.612251505
CG18596,3.37534349,2.641523012,2.406119653,2.447077083,2.732559025,3.447510848
CG5379,1.484583944,2.198420619,2.218904359,1.878371602,2.22109989,2.439908158
CG7059,6.25494819,6.503272425,6.334852824,4.573514091,4.922693646,4.056478382
CG13857,1.108418423,0.120151752,0.670218812,0.19171458,0.085481031,0.069260254
CG13856,0,0,0.147321929,0,0,0.035045714
CG13855,0.089806327,0.300531207,0.075540634,0,0,0
CG13850,6.756209829,6.818782727,7.183766387,7.561529932,7.689330707,7.779856541
Nop56,7.326794662,7.403061537,7.375304013,5.810416828,6.365619555,6.301932641
mats,6.389241765,6.612732645,6.488718357,4.255247496,4.206163203,4.100570873
pinta,1.796079106,1.665042273,2.079071103,2.914092298,3.254866777,2.657934059
CG13847,0,0.081202514,0,0.066775902,0,0.069260254
CG12499,3.698039828,3.284339015,2.988140057,2.002958951,3.041490599,3.370712444
CG7054,0.132696544,0.041172495,0,0,0.767211364,0
Pebp1,0,0.266214546,0,0.559476377,0.279346616,0.600626626
CG5377,4.547401492,4.566607279,4.515928708,6.429634401,6.14382904,6.005481939
Nrx-1,8.579354425,7.214026718,7.515836166,8.806794892,8.798503381,8.813782481
CG7048,7.952246034,8.219285631,8.184405651,6.634063774,6.201208361,6.624879395
CG5376,0.366277874,0.430174687,0,0.066775902,0.043373527,0.069260254
tHMG1,0,0,0,0.033774261,0,0.035045714
Octbeta1R,8.250631773,7.770146148,7.809297278,10.26997097,10.41633151,10.26697514
CG5346,1.713726341,1.37419648,1.984250833,0.90797381,1.354202323,0.951880893
CG5326,0.824342362,1.357994016,0.670218812,0,0.714518384,0
AdipoR,9.310147106,9.408687306,9.455609762,8.696543039,8.700617991,8.628737879
CG5278,0,0,0,0,0.043373527,0
CG6937,4.327364749,4.713924586,4.614197718,3.477406967,3.841727521,3.195921362
CG13843,0.045601845,0,0,0.033774261,0,0.623833477
CG17625,0,0,0,0,0,0.45295311
wfs1,5.102913648,4.611719971,4.685249968,5.075162442,4.659010051,4.833670048
Nup133,4.782716669,4.201538629,4.778622612,2.971857974,3.480704987,3.557055681
Cyp6d4,0.470264926,1.291300791,0.147321929,0,0,0
CCAP,0,0.659006168,0,0.871082608,0.043373527,1.520440304
CG6972,0.292540976,0.879346663,1.499628432,0,0,0
CG13842,0,0.120151752,0,0,0,0.035045714
CG4907,1.959855016,1.14788529,2.115320432,0.559476377,0.166179293,0.069260254
CG4813,4.690632433,4.750070752,4.8258734,4.67599202,4.625509351,4.006588299
Takl2,0.366277874,0.761109441,0.343441058,0,0,0.857142206
Dcr-1,4.150829926,2.909521287,3.722747647,3.440111314,3.078448979,2.723855088
CG6985,1.782675972,1.884529365,0.460785459,3.793051487,4.262309503,3.664472816
HP1c,7.030547527,7.127065618,7.114379614,5.808588871,6.09635237,5.859153296
CG17141,3.705161811,3.746251762,4.406822213,4.398236214,4.508509819,4.577008075
CG4725,0.996767095,0.879346663,0.718149104,2.791121807,3.601704415,0
CG4723,1.108418423,0.577388071,0.075540634,1.68999278,1.547354071,0.600626626
CG4721,1.150766861,0.685217387,2.284046452,2.171729907,2.99253759,3.311199608
Usp12-46,6.17191993,6.160305756,6.395067827,5.904126752,5.522213829,5.23128922
CG7029,7.181162965,7.110538146,7.21698656,7.572702191,7.388199037,7.536753429
CG7031,2.230532028,1.221374389,1.796086408,0,0.573696073,0.035045714
CG13840,0.292540976,0,1.090089724,0.066775902,0.204896494,1.156697169
CG4704,0.045601845,0,0.075540634,0.670992382,0.043373527,0.069260254
CG6660,2.46676418,2.551775373,2.060599064,1.802029689,2.321413144,1.604503555
CG17244,0.470264926,0.659006168,1.195435982,0,0,0.577040364
Or94a,0,0,0,0,0.043373527,0
Or94b,0,0,0,0,0.043373527,0
CG6688,0.503325831,0.398839565,0,0.582479838,1.246975234,0.16728912
lmd,1.129748022,1.274134361,0.976440789,0.033774261,0.085481031,0.035045714
CG13833,0,0,0.460785459,0.066775902,0,0
CG13838,0.045601845,0.041172495,0,0,0,0
CG13837,0.045601845,0,0.147321929,0,0,0
CG17121,0.535646052,0.490874211,1.161168219,0.250347622,0,0.288421873
p53,3.311444362,4.235193329,3.263174958,3.283980513,3.995950965,3.636220785
CG17111,2.647691929,2.225464736,2.097309615,1.063219023,1.501435987,2.069223525
CG6726,0.292540976,0.334050524,0.343441058,0.221328946,0.450220187,0.198539073
CG17110,0.045601845,0.041172495,0.147321929,0,0,0
CG17109,0.045601845,0,0,0.250347622,0.085481031,0
CG6733,0.174348395,0.490874211,0,0.033774261,0.513278718,0.069260254
CG6738,0.628476965,0.398839565,1.228908645,1.384434689,0.602981688,1.188174903
Cow,9.506053281,9.303753886,9.240664766,9.31050179,9.319063881,9.265525324
Rassf,6.273632781,5.645033993,5.711235762,4.667948859,4.888910995,4.636694149
CenB1A,5.9885295,5.08265529,5.132626446,6.550127858,6.361341358,5.78259873
VhaAC39-2,0.329880465,0,0,0.066775902,0,0
CG4467,5.84599253,5.814908671,5.528412238,7.340048274,7.30599606,7.328954865
Rad60,5.295703744,5.680483991,5.783414241,5.448232545,5.577663218,5.312088943
EloA,4.02841115,4.187853805,4.061491685,3.899928345,4.102321093,4.742522277
wda,4.545418785,4.422132514,4.789880474,4.189344322,4.690045675,4.215782723
CG13827,2.475120899,2.572987425,2.55870404,2.820444122,2.285737393,3.148701859
CG6763,2.029598029,1.512369747,2.684670739,1.013304027,1.606389595,0.755742239
CG17083,0,0.36680871,0.620641262,0,0,0.035045714
CG4434,0,0,0,0,0,0.102682134
CG4408,0,0.36680871,0.516062327,1.063219023,0,0.797161305
CG4393,9.404979105,9.061694547,8.899332196,8.182506963,8.129545949,7.915485406
CG17380,0,0.041172495,0,0,0,0
CG4374,0,0.041172495,0.403305984,0,0.085481031,0
Ir94g,0,0,0,0,0.543803643,0.069260254
Irk2,2.847583102,2.425300487,2.660341949,4.120285944,4.569123073,4.993654287
CG10177,0,0,0,0,0.602981688,0
CG10175,1.596057418,1.982901267,1.984250833,0,0,0
CG10170,0,0,0,0.066775902,0,0.035045714
CG16732,0,0.967420201,0,0,0,0.400167095
CG10168,0,0,0.075540634,0.033774261,0,0
CG10164,0,0,0.147321929,0.066775902,0.126394328,0.069260254
beat-IV,8.180022919,7.461574744,7.401227464,8.046687054,8.006525179,8.036077378
CG10182,0.089806327,0.120151752,0.280984078,0,0,0
CG16723,0,0.300531207,0,0,0,0
CG10183,0.949569261,0.19503084,0.460785459,0.996274402,0,0
CG10184,0.401779573,0.761109441,0.569299184,0.833223249,1.881987279,0.288421873
GILT3,6.22367254,6.452671717,6.437740722,3.672267933,3.407900622,2.781745754
GILT2,0.658139045,0.490874211,0.516062327,0.2787941,1.532209851,1.58098111
CG16710,0.174348395,0.334050524,0.620641262,0,0.043373527,0.035045714
SPE,0,0.605110328,0.280984078,0,0,1.04077981
CG10252,0,0.081202514,0,0,0,0
CG10301,0,0,0,0.161479554,0,0
CG10300,0,0,0,0.099039483,0,0
CG10365,3.017408402,2.0749916,3.007557168,5.689154212,5.526996466,5.337754553
RanBP3,4.256414448,3.236396231,4.093644499,1.896842161,2.356227934,1.973106214
Plip,3.863141756,4.178657936,4.198740723,4.7438827,4.569123073,4.685762122
SdhD,8.012514845,8.24511931,8.310434029,9.813751961,9.663919711,9.762194553
CG10217,5.180338516,5.131131698,5.1081017,4.734927536,3.956787808,4.499143295
Lsd-1,2.733788825,0.19503084,1.526797288,0.794343545,0.602981688,1.172521885
CG10214,5.986338773,6.207412862,6.195773029,6.085154243,6.33649244,6.133281094
CG10375,5.239173971,5.540334806,5.463105424,4.814805282,4.817314757,4.664937002
tst,3.903948279,3.465394006,3.295129178,3.603649032,3.733338526,2.771391493
CG10208,1.171483865,1.325032758,1.385527878,2.302171081,1.869991204,2.159335204
Nup98-96,4.108483367,4.045884419,4.358492756,4.467836802,4.674611317,4.006588299
tbrd-1,1.251499213,1.274134361,1.195435982,0.852277114,0,0.373031704
Ndc1,4.829091496,4.710738219,4.569170407,4.024845254,3.733338526,4.13328329
CG13601,4.263668569,4.734466182,4.770121188,5.124976718,4.983805952,4.94611354
CG13599,3.073521035,3.395674297,3.835691071,3.722319176,3.250246669,3.300437678
RpS19b,0.045601845,0,0,0,0,0
CG5854,4.166394826,4.382633515,3.77466896,4.771670984,3.878117908,3.751331862
CG12268,0.045601845,0.266214546,0.343441058,0.387282298,0,0
AP-1sigma,7.563171728,7.883081763,7.81309557,7.495838246,7.426328923,7.372421541
CG13603,5.990716905,6.30149187,6.506740451,5.836366172,6.011532297,6.037698869
CG5902,7.41766325,7.383934759,7.453930768,6.052060161,5.967879477,5.802439421
CG13604,6.106858694,6.061209763,6.10517262,4.761627973,4.860394291,4.465818388
Ime4,4.014144987,4.274569286,4.648616082,0.46360926,2.22109989,2.439908158
Miro,6.289711595,5.856590151,6.065193637,6.298586852,6.175243233,6.642030427
spas,7.091946013,6.545019689,6.719646906,6.691398498,6.987178621,6.841732506
CG6000,5.443556173,5.814908671,5.540126528,5.491411353,5.485338189,5.41378581
CG10694,0.045601845,0.605110328,0.403305984,0,0.513278718,0.135347252
CG18428,6.187260147,6.214741804,6.38024805,5.661064741,5.615876162,5.657458452
CG13605,6.004493981,5.731684429,5.739090638,5.997478024,6.289418543,5.639067921
CG13607,0,0,0.147321929,0,0.085481031,0
Root,0.254209339,0.632309912,0.403305984,0,0.24260175,0.069260254
GatB,5.909802769,6.05682475,6.066351403,5.995872483,5.989524519,6.22054569
Npc2f,0,0.081202514,0.215700384,0,0,0
Kal1,0.743632778,1.624980653,0.620641262,0.066775902,0,0.135347252
CG6178,5.880218199,5.803736726,5.676780905,5.031946813,5.259134318,5.034275607
Myo95E,4.414672905,3.983883763,3.945473488,4.94031413,4.771297677,4.9644095
CG6182,6.040133038,6.497736973,6.5847608,5.355291035,5.449511897,5.437718929
mRpS24,5.612162893,5.711899955,5.854835596,5.917757449,5.957996827,5.840701648
CG5510,7.391412514,7.544227209,7.682904979,5.826765043,5.631948292,5.584665808
CG13606,0,0.041172495,0,0,0,0
CG5515,6.079715834,6.271529864,6.221983551,5.60740165,5.565627301,5.285958457
CG6204,2.230532028,2.969405704,2.844370035,4.018533485,3.987647894,3.514230625
CG17786,1.822517503,1.873173316,1.414910112,1.700545187,2.061484493,2.026325936
Spps,5.290978005,5.368000671,5.688858758,4.727207188,5.094913064,5.575023914
CG13609,4.750377029,5.04393271,5.076273043,3.9604494,3.0144998,3.508007651
Spase22-23,6.620125929,6.950234984,6.967814211,5.076175772,5.102622775,5.080090524
beta-PheRS,5.564008863,5.686173363,5.370535375,4.047754987,4.485106807,4.315360637
CG6356,3.028806884,2.980031671,2.571807315,2.421790147,0.513278718,0.970104318
CG5715,0.503325831,0.041172495,0.075540634,0,0,0.035045714
CG5728,3.287919547,3.140193948,2.597662148,4.325106896,4.508509819,4.817405954
Dis3,5.50197542,5.27829491,5.067048657,3.78067239,4.142766194,4.833670048
CG6432,1.911413256,1.850189483,0.075540634,0,1.940515547,1.927205787
CG5746,8.047433443,7.367589023,7.327338016,7.344050078,7.370746115,7.513061641
CG6454,6.665103106,6.379813656,6.311608081,7.886233295,7.733862096,7.96814347
Golgin84,5.57376911,5.737175807,5.619566714,6.742398296,6.468150798,6.099016879
CG18528,6.410638667,6.468793806,6.582334882,3.068714489,4.331740878,4.137320678
CG13614,0.292540976,0.398839565,0,0,0,0
CG17782,0.214831388,0.158077041,0.809481815,0.19171458,0,0.069260254
CG17781,0.43642859,0.520292387,1.727485453,0,0.043373527,0.426801509
CG17780,0.174348395,0.430174687,0.147321929,0.605122262,0,0
CG5768,0.329880465,0.266214546,0.460785459,0,0.085481031,0.837424361
CG13615,0.132696544,0.041172495,0.075540634,0,0.085481031,0
CG13616,0.503325831,0.736253047,0.147321929,0.627414808,0,0.577040364
CG13617,0.254209339,0.041172495,0,0,0.166179293,0.426801509
CG13622,0.292540976,0.605110328,0.718149104,0.221328946,1.048393528,0
CG13618,0.132696544,0.36680871,0.280984078,0,0.166179293,0.035045714
CG6607,5.745946989,5.481723138,5.720090277,5.766521524,5.71560549,5.683922126
CG13623,4.478412236,4.699530186,4.335628806,5.289536416,5.457550534,5.434441319
CG5789,1.191907582,0.266214546,0.718149104,0,0.384278962,0.069260254
REPTOR,3.650869688,3.874233426,4.070751556,5.79326515,6.158080966,6.067626185
CG13625,4.239344958,3.730605605,3.500945088,3.631489448,2.725918746,2.919404911
Syx18,6.834209196,6.871454371,6.735745292,6.307243349,6.105973517,6.532097483
atl,6.896588299,6.666349696,6.591210041,6.373450701,5.970690701,6.249742765
puf,6.690893355,7.081228605,6.960360341,6.92811614,6.663667412,6.752096644
CG6695,6.545211331,6.800539573,6.85510182,6.334600176,6.704770607,6.493640616
CG13627,0.598192202,0.988623391,0.403305984,0,0.279346616,0
Rpb10,5.711879189,5.657499448,5.922887358,5.173128228,4.950016472,5.080090524
CG13630,7.990276371,8.281949568,8.293972869,7.359531094,7.218233446,7.58448019
CG5805,6.250695388,6.112212312,6.420641676,7.809098907,7.895702946,7.906937971
CG13634,0.401779573,0.460843657,0.403305984,0.871082608,0.085481031,0
Ets96B,0.174348395,0.71096088,0.280984078,1.497677144,0.960617448,0.035045714
Ude,0,0,0,0.066775902,0.166179293,0
polybromo,4.042537621,3.894033778,3.459246325,3.486582156,4.990746908,3.686682738
CG6980,0.045601845,0.120151752,0,0.066775902,0,0
Saf-B,7.112179838,6.549931311,6.294913475,6.77365458,6.739799677,6.852516946
sosie,0.174348395,0.081202514,0,1.247216179,0.81804741,0.069260254
CG7006,6.151860962,6.358084713,6.383038379,3.580983291,4.1201555,3.394521623
nct,4.559240846,4.807874949,5.055434612,4.070306597,4.353443631,4.045778516
CG10899,0,0.041172495,0.343441058,0,0,0
CG13640,0.254209339,0.081202514,0,0,0.085481031,0
CG7016,0,0,0,0.066775902,0,0
CG13641,0.174348395,0.041172495,0,0,0.043373527,0
CG3744,4.862919825,4.584125653,4.366034253,4.447620155,4.70024427,4.742522277
CG11089,3.590613615,3.535505542,3.416306362,3.807767542,2.650784384,2.182964763
CG11069,0.503325831,1.009519467,0.215700384,0,0,0
CG10845,0.132696544,0,0.075540634,0,0.043373527,0.069260254
CG11168,2.240370452,3.411461341,2.635595844,3.81020569,3.207986079,4.028491936
Mink,0,1.325032758,0,0.099039483,0,0.069260254
Trf4-2,0.797937693,0.398839565,1.324904867,1.344621878,1.454008243,1.991065144
CG11771,4.812699655,4.856260453,4.211355353,5.306905752,5.205250901,5.618996996
Nmnat,5.468883196,5.659979666,5.68283247,7.595674059,7.587702351,7.730098794
CG13646,0.214831388,0.19503084,0.718149104,0.334057725,0.315178801,0
tnc,9.759208139,9.87782531,9.725226813,8.290352634,8.178241888,8.190987778
beta4GalT7,5.489654617,5.732470193,6.073278555,4.137862909,4.785736545,4.496002454
CG11781,7.517629897,7.747391276,7.771818957,6.519166108,6.346266964,6.540887048
Smg6,6.905117779,6.296718317,6.388602898,6.827903183,6.805438105,6.808570448
CG6422,7.839045188,7.535248974,7.433438879,5.996407862,6.020377935,6.28246808
CG11786,0,0,0.075540634,0.033774261,0,0
CG11790,5.213181872,5.40494258,5.3667813,5.380940096,5.154231106,5.386907756
CG11791,3.249463271,3.57108178,3.710951346,3.477406967,3.531091033,3.656055146
veli,7.718401473,7.732150454,7.773946511,7.341734597,7.505519752,7.569431017
PQBP1,5.224378732,5.408880223,5.374279706,4.427116179,4.583886674,4.659332489
CG11839,2.712741488,2.579989363,2.684670739,2.085791568,1.454008243,1.544962321
CG11836,0.824342362,0.041172495,0.075540634,3.048204872,3.236296903,2.503848568
shams,3.563438983,4.499874294,4.709165761,0.360915446,3.608940253,2.352309697
CG11920,3.25432674,3.521025715,3.534796412,2.322809099,1.717673025,1.705851653
CG13650,6.968270639,7.119876903,7.227892111,8.401952094,8.557895548,8.149487712
Bili,4.935874043,4.683366139,5.067048657,3.913598579,4.811054169,4.657927953
danr,7.238738999,7.519401349,7.378103912,6.955357447,6.954889377,7.110699698
dan,5.033881216,4.627012934,4.211355353,4.615940298,4.125210812,4.444796154
CG13653,0,0,0.075540634,0,0,0
CG13654,4.465887664,4.686613469,5.012832437,6.005479036,6.142583062,6.463004504
CG13663,3.005919144,2.787796885,3.295129178,2.872701126,2.321413144,3.099884411
CG11851,8.758413435,8.870417073,8.752779697,6.36186345,6.237258929,6.463406574
Cad96Cb,2.424238697,1.569773665,2.168041848,0.130597294,0,0.069260254
CG10420,5.497880165,5.148898481,5.322892357,5.652937691,5.772293283,6.091233005
CG11852,0,0.520292387,0,0,0,0
to,0,0.334050524,0,0.871082608,0.983067192,0.691294921
CG11854,0,0.041172495,0,0,0,0
RpS27,7.715538824,7.880602766,7.83465886,6.641270885,6.582373973,6.59913034
Nup37,1.848480104,1.678152691,2.133109169,1.942009738,1.469991358,0.988100422
Nup358,7.129158245,7.158394174,7.183766387,6.092684724,5.891313116,6.013741137
CG11857,6.530251375,6.610597243,6.709308152,5.268413353,5.29097403,5.296828533
CG10425,5.514191892,5.061549134,5.513209878,4.683990588,5.580426536,5.772899548
CG11858,5.120333838,5.340433243,5.374279706,3.763161244,3.452827079,3.578000747
RIOK2,3.719301163,3.764805885,3.851895069,2.971857974,3.835572205,2.98360291
CR13656,0,0,0,0.033774261,0,0
CG11878,0,0,0,0.066775902,0,0
CG10513,0,0,0,4.314841212,4.445237855,4.850982574
CG10514,0,0.041172495,0.280984078,3.664203924,3.365807672,4.05006799
CG11892,0.089806327,0,0,1.67936262,1.893884428,2.043638334
CG13658,0,0,0,0.889646124,0.914641953,0
CG11893,0.715694033,0.334050524,0.460785459,0.90797381,1.151098443,0.713098814
CG13659,0.089806327,0.158077041,0,0,0.043373527,0.102682134
CG10550,0.089806327,0.334050524,1.471938095,1.802029689,1.404968185,1.20365991
CG10559,0.045601845,0,0,0,0.085481031,0
CG10553,0,0,0,0.813914366,0,0
CG10562,0,0,0,0.774503582,0.937812835,1.188174903
CHKov2,0.850272436,0.041172495,0.460785459,0.033774261,0.043373527,0
CG10669,2.316751964,1.884529365,1.703873911,1.831133353,0.937812835,2.259046575
ND-49L,0.045601845,0.430174687,0.516062327,0.512338969,0.043373527,1.321897267
alrm,3.613505574,2.142762288,3.528089392,4.710336675,5.081971276,4.454536802
Vps33B,5.546272275,5.439037936,5.826416591,3.355836292,3.81068491,4.405162272
CG4553,2.788458589,3.077256612,3.386952842,3.104912687,3.658599747,3.879786407
MED28,4.361572924,4.485030526,4.787074234,3.706700307,3.344291506,3.363837022
XNP,6.604022878,6.318860995,6.344428676,6.765825261,6.532351096,6.610792468
CG5116,1.741702851,1.826833554,1.414910112,1.636040967,2.18282089,2.110882328
CG5107,0,0,0,0,0,0.345376129
CG5111,0,0,0.215700384,0.033774261,0,0
CG4582,1.019799334,0.120151752,1.773579932,1.063219023,0,0.553062079
CG5079,1.685196569,0.520292387,1.443705866,3.4650819,3.02535679,3.457233245
CG5071,1.231907565,2.09468167,1.443705866,2.815598269,3.432579226,3.249125776
Npl4,7.94493187,7.819976731,7.925821947,6.898633121,6.408754794,6.57589131
Ssadh,7.095676855,7.065100424,7.230992901,9.252742836,9.220649299,9.157854705
jigr1,7.624091026,7.689894266,7.653932715,7.647723617,7.672378493,7.773223202
Lgr3,1.641315334,0.430174687,1.924215439,1.533531916,0.631684635,0
CG4730,2.040900983,1.597641216,2.518664653,3.230371488,2.556629725,2.221507141
CG5039,3.669195019,3.643052825,3.894236513,3.255637123,3.33559438,3.404606489
CG4743,5.61405602,5.705511188,5.882705585,5.173128228,5.029010957,5.653235243
CG5028,8.948768047,9.022397476,9.131929994,10.07336359,10.04911193,10.0878462
RpL27,7.347709301,7.556481754,7.595786547,5.586929714,5.730609694,5.932430471
CLS,6.081085174,6.294059503,6.367154678,6.736962264,6.597003276,6.788493603
CG17196,0,0,0,0,0,0.102682134
CG4960,0,0,0,0,0.204896494,0
CG5024,0,0,0,0,0.513278718,0
CG14354,0.743632778,0,0.764538089,1.942009738,1.371323531,0.876594188
alpha4GT2,0,0,0,0,0,0.035045714
CG5886,6.073537669,6.181752034,6.175529618,5.290409867,4.952862686,4.666334734
CG5890,7.753606065,7.869394261,7.845152212,8.537891435,8.597651999,8.508620291
SppL,7.775127651,7.753984654,7.682527518,6.310260893,6.390500937,6.537072076
CG5913,4.853335256,3.816115954,3.687065381,3.458879655,2.758818664,4.292008808
CG5948,0.824342362,0,0,0,0,0.288421873
MCO3,0.366277874,0.081202514,0,0,0.043373527,1.544962321
CG14546,0,0,0,0,0,0.069260254
CCAP-R,2.344383693,2.320502648,2.463489333,1.568517169,1.770252983,2.718475266
CG14540,0,0,0.343441058,0,0,0.646672929
Vps2,6.336326759,6.481002032,6.533776947,5.890366042,5.93443061,6.28928791
Sld5,1.727782409,1.421739881,1.924215439,1.317456221,1.170790315,1.23414005
CG14543,3.967521492,4.239621884,4.181747784,3.395345011,3.576089308,3.440992657
RpL34a,6.415531671,6.486136113,6.677082095,5.124976718,5.053083968,5.092620631
CG14544,1.861288273,1.526936274,1.526797288,1.410378996,2.153430023,1.639083386
CG14551,0.470264926,0.19503084,0,0,0.891092845,0.069260254
dysf,0,0.36680871,0.075540634,0.161479554,0.043373527,0.035045714
CG6142,0.329880465,0,0.075540634,0.130597294,1.301584745,1.683937117
CG6073,4.140359244,4.129393807,4.343290455,4.164786181,4.665964784,4.20812578
CG12290,3.531742263,3.592013895,3.580892274,6.642639595,6.4318897,6.35012764
CG6154,6.777481753,6.443103288,6.601628957,6.25181961,6.627161187,6.776247276
CG6036,0,0,0,0,0,0.876594188
ppk15,1.270828368,1.128912832,0.670218812,0.387282298,1.283610278,0.400167095
CG5432,0,0,0,0,0.043373527,0
CG5447,7.235360781,7.623671155,7.484999048,5.654973749,5.804951694,6.029032929
CG14237,0.045601845,0.041172495,0,0,0,0.102682134
CG14238,1.308726695,0.736253047,0,0,0.043373527,0
CG5455,4.42979927,3.764805885,4.198740723,5.935175286,6.175243233,6.143353472
plum,10.03678091,10.2923573,10.43600411,7.915826705,8.019310179,7.887294319
TwdlM,0,0,0.147321929,0,0.043373527,0
TwdlP,0,0,0,0,0,0.069260254
TwdlB,0,0,0.147321929,0,0.085481031,0
TwdlL,0.089806327,0.041172495,0.075540634,0,0,0
TwdlO,0.045601845,0,0,0,0.043373527,0
TwdlK,0,0,0,0,0,0.16728912
TwdlJ,0,0.081202514,0,0,0,0.669156436
TwdlN,0,0,0,0,0,0.035045714
TwdlS,0.132696544,0,0.460785459,0.033774261,0.126394328,0
TwdlD,0.045601845,0.158077041,0.280984078,0,0.085481031,0
TwdlQ,0,0,0,0.099039483,0,0.035045714
CG6425,2.483429492,2.572987425,2.115320432,3.750521859,3.444762007,4.151363215
CG5484,7.016302579,7.270301397,7.425791517,5.598965708,5.907541871,5.784530767
CG6420,3.705161811,3.609228279,3.699057797,3.730065655,3.420292692,4.010995711
CG14245,0.089806327,0,0.215700384,0,0,0.16728912
CG6403,0,0.041172495,0.280984078,0,0,0.035045714
CG14247,0.401779573,0.967420201,0.718149104,1.111464636,1.940515547,1.705851653
IntS12,3.393092348,3.209558168,3.638073273,4.037386549,3.823182222,3.999951831
CG5500,4.094991043,3.943735136,4.052171997,5.704963155,5.117919686,5.378404624
CG14252,3.743716405,4.274569286,4.160221217,3.609260261,3.713336177,3.578000747
CG18472,0,0,0,0,0.279346616,0
CG6330,4.965833296,4.847582933,5.210093336,6.102664607,6.29110639,6.527105677
Tsp97E,8.688490158,8.980925792,8.902900976,8.405987546,8.635678112,8.817246967
CG5521,5.841151644,6.103127463,6.333891734,5.569045289,5.3750745,5.125511768
CG14253,2.684192039,3.125911732,2.672557627,2.164125461,1.649133071,2.094362876
TwdlC,0,0.577388071,0.075540634,0.387282298,0,1.391158966
CG6296,0,0,0.343441058,0,0,0
CG6295,0,0,0,0.066775902,0,0
CG17192,0,0.041172495,0,0,0,0
CG17191,0,0.398839565,0,0,0,0.035045714
CG6277,0,0,0,0.033774261,0,0.288421873
Nep5,0.366277874,0.632309912,0,0.033774261,0.204896494,0.837424361
CG14257,0.535646052,1.14788529,0.764538089,0.033774261,1.048393528,1.377570087
Cpr97Ea,0.43642859,0,0,0,0,0
Cpr97Eb,0,0,0.670218812,0,0,0
CG14258,0,0,0,0,0.043373527,0.317180035
CG17189,0,0,0,0,0.687432158,0
caix,0.470264926,0.334050524,0,0,0.81804741,0.035045714
gb,7.237511471,7.118074113,7.336963711,4.805059098,4.554206827,5.180348369
CG6066,4.156036907,4.414318755,4.485093589,2.895842669,3.534894962,3.203643179
CG5880,6.98445962,7.295776955,7.277722263,5.361122747,5.379312225,5.174466485
CG5882,0.045601845,0,0,0,0,0.035045714
CG6059,0,0.761109441,0,0,0.126394328,0.317180035
CG6051,3.74717081,3.140193948,2.346373815,2.415398548,2.479776257,2.938040541
grass,0.658139045,1.128912832,1.840072658,1.509728016,0.450220187,2.008803263
CG5909,0,0,0,0.033774261,0,0.069260254
CG17991,0.43642859,0.833207966,0.569299184,1.046771834,0,0.895787384
CG5984,0.292540976,0.120151752,0.075540634,0,0.631684635,0.93342433
CG5987,0.214831388,0.231061681,0.403305984,1.09556136,0,1.263989531
CG14262,0.503325831,1.357994016,0.343441058,0.871082608,0.35014255,0.288421873
CG14260,0,0.041172495,0,0.221328946,0.450220187,0.035045714
CG5934,8.450860065,8.622660376,8.714522258,7.283044695,7.102848995,7.023135275
mrt,4.762376138,4.255015641,4.256687635,5.11908903,5.181180646,5.636930773
CG3368,7.133454305,6.861431992,6.863118287,5.986740511,6.02579457,6.274241501
bigmax,3.259173868,3.871382489,3.612938865,4.983081073,4.225122463,4.508525001
CG3339,2.117635196,1.850189483,2.060599064,2.725468654,2.657778787,4.615143148
CG3330,0.132696544,0,0.075540634,0.033774261,0,0
CG13978,0,0.120151752,0.075540634,0.559476377,0,0
Cyp6a18,0.045601845,0.081202514,0,0.488179846,0.24260175,0.035045714
Gr98a,0.089806327,0,0.215700384,0.90797381,0.482093952,0
CG5402,0.089806327,0,0,0,0,0
CG12885,0,0.158077041,0,0.033774261,0.543803643,0
CG5646,3.511572247,3.730605605,3.341771428,4.220840701,4.54669047,4.533248653
CG5639,0.470264926,1.390218998,0,0.161479554,0.085481031,0
dsd,6.000881171,5.439037936,5.551746468,5.994801128,6.325553617,6.174138297
CG5612,0.687203533,0.19503084,0.215700384,0.033774261,0.043373527,0
Tusp,9.562349711,9.610073668,9.515538677,9.828710437,9.6011279,9.619537285
CG5611,4.431947291,4.835931114,4.814893987,5.39237574,5.478441291,5.429510901
Mtl,6.114902962,6.280691428,6.004880545,5.522224604,5.765833798,5.508783607
unc80,6.754065284,7.024614759,6.947850999,9.017231493,9.075663125,8.885370067
CG5590,6.199289854,6.139128569,6.176602172,5.992119257,5.383537539,5.45884379
CG12883,5.638443253,6.14857905,5.975601167,4.789079764,4.958538324,5.091580602
CG12428,5.435014054,5.214484592,5.265580335,4.120285944,4.408388782,4.743846861
CG12877,5.78680144,5.096149496,5.291553848,5.18914036,5.168993226,5.286867432
Or98a,0.366277874,0.398839565,0.343441058,0,0,0.035045714
CG12426,0,0,0,0.099039483,0.085481031,0.069260254
CG5003,6.07422544,5.843557212,6.019300374,5.61578855,5.122982824,5.357790272
mRpS22,6.896199395,7.054456743,7.2601227,6.472210792,6.38313423,6.618755843
CG12259,4.078631908,3.989153478,3.705016828,3.492666691,3.630432534,4.058608865
BCAS2,5.251388479,5.638341447,5.528412238,4.287103482,3.919444778,3.99105545
Mes-4,4.184344147,3.874233426,3.785957595,3.335668648,2.930358577,4.056478382
CG5514,7.10277269,7.315838383,7.408092871,7.424030347,7.229426856,7.403345176
mfrn,5.667903201,5.183788826,4.918537941,6.970968462,7.108284369,7.645459669
Gp93,8.647486016,8.074962732,7.945775665,6.297718339,6.192203737,5.737432444
CG4951,4.313451087,4.433774371,4.381000002,5.035076944,4.733728119,4.865658303
CG5527,0.875744677,0.879346663,0.075540634,0.066775902,0.767211364,0.345376129
CG4849,6.536753078,6.244241898,6.397829667,5.812242471,6.239591723,5.827018859
CG4815,0,0.605110328,0.075540634,0,0.126394328,0
CG12516,0,0,0.147321929,0,0.043373527,0.069260254
Gfat2,7.370566525,6.989877058,7.209146098,6.446189115,6.728217566,6.603514693
Moca-cyp,7.095676855,6.31309449,6.501614213,7.625052816,7.46023003,7.448725325
Or98b,0.598192202,0.120151752,0.075540634,0.033774261,0.204896494,0
beat-VI,7.655681746,7.107209809,6.950361559,6.316277113,6.138838661,6.494821164
CG1894,0.045601845,0,0.075540634,0,0,0.035045714
CG12413,4.214604212,3.343139653,3.246928461,4.078420561,3.630432534,4.127205945
CG9986,4.909910191,5.121565851,5.167570675,3.879177009,4.107439174,3.977607164
CG10011,7.095338086,6.408613471,6.597630581,7.147650781,7.075687104,6.801591189
CG9988,0,0,0,0,0.043373527,0
CG14062,0,0.398839565,0.147321929,0,0,0
Sid,0.771040734,1.128912832,0.670218812,0,0,0
CG9990,0.43642859,0.041172495,0.215700384,3.248463407,2.692251019,1.982113624
AstA-R2,0.045601845,0.736253047,0,0.250347622,0.204896494,0
CG10000,0,0,0.147321929,0,0.24260175,0
CG9997,0,0,0.147321929,0,0,0
aqrs,0,0,0.147321929,0,0,0
intr,0,0.041172495,0.075540634,0,0,0
CG1646,6.541237153,6.457907428,6.462575589,6.73471793,6.736086986,6.996156227
CG1523,6.832584146,6.557045771,6.561958676,5.982963422,5.920685487,5.924275247
CG1647,6.430649083,6.771397376,6.694408783,6.111093564,5.838427037,5.189126476
CG14529,4.757245878,4.792886439,4.539464079,7.018395278,7.153212543,7.395570848
CG14528,0.045601845,0,0,0,0,0.102682134
CG14523,0,0.041172495,0.343441058,0.130597294,0,0.035045714
CG14527,0.214831388,0.334050524,1.293610521,0.852277114,0.543803643,0.035045714
CG11828,0.254209339,0.36680871,0.460785459,0,0.043373527,0.288421873
DIP-gamma,5.762257149,5.558173142,5.484049761,4.715548646,5.395093746,5.279579551
wat,1.434040296,0.520292387,0,0,2.02948601,0.16728912
CG14518,0.254209339,0.041172495,0,0,0,0.259078775
eIF4E-6,0.687203533,0.632309912,1.818247164,1.731747058,0.81804741,1.005874807
CG1951,6.855570073,6.807640857,6.764562652,6.558853384,6.358124364,6.607522012
Slu7,4.275678299,4.728176785,4.795476632,4.897387655,5.235953612,5.158663202
CG11837,4.789433612,5.014516149,5.034290771,4.8543265,4.439161333,4.559061422
CG11841,0.089806327,0.081202514,0.075540634,0,0.315178801,0
CG11842,0.254209339,0.120151752,0,0,0,0
CG11843,0.254209339,0.36680871,0.403305984,0,0.279346616,0.035045714
Sirt7,3.712248809,3.301385161,3.127772224,3.888436694,3.713336177,4.27744829
Cul5,5.997984395,5.272903839,5.11034853,5.220641144,4.806340833,4.949561753
CG11873,7.610405218,7.480173585,7.537704505,7.700098419,7.420429124,7.440988222
alpha-Man-Ib,8.846498289,8.516947251,8.518248957,8.738990917,8.711057627,8.654056499
CG11876,7.010564982,6.930853879,7.216465186,8.122707365,8.264678163,8.179898663
Atg14,4.459584368,4.705945434,4.657862131,4.745157483,4.710371275,4.857115614
CG11880,5.026792762,5.443843584,5.378014345,4.026943055,3.939672589,4.198497098
dgt6,2.821604207,3.695574851,2.648021954,4.662561731,4.465310049,4.406835606
CG14512,3.169331729,4.01521713,3.394347403,3.308332267,3.036132685,3.23034864
CG14516,1.191907582,1.597641216,1.750716776,0.033774261,0.384278962,1.140696948
CG14511,1.381661402,0.549122661,0.460785459,0.90797381,0.937812835,0
CG11882,3.733303283,3.465394006,3.674972442,3.623193589,3.841727521,3.517332075
CG11897,3.801345179,3.314038884,4.190269272,4.314841212,3.904820706,3.641915625
CG11898,1.822517503,2.1332735,1.655458917,0.794343545,1.704223059,0.198539073
CG14509,9.077318431,8.697404905,8.51316352,8.779370237,8.934398902,8.893150778
CG14515,0.797937693,0.856461751,0.853067622,0.360915446,0,0.400167095
Mesh1,2.250142238,3.05229955,2.463489333,2.259987662,1.770252983,2.229093578
Cyt-c1L,0.329880465,0.430174687,0,4.246272332,3.945400252,4.200427982
Brd8,5.513177794,4.900281259,5.027173397,4.018533485,4.364173793,4.76878562
CG14507,0.43642859,0.398839565,0.075540634,0.033774261,0.914641953,0.069260254
CG11951,0,0.520292387,0.280984078,0,0,0
CG14506,0.045601845,0,0,0,0,0.198539073
CG2321,1.685196569,1.221374389,2.284046452,1.485524763,2.202087344,1.604503555
CG2006,4.630178497,4.073434684,4.038078599,3.848665878,3.982085846,4.221498879
CG2310,3.229843768,2.515713808,2.133109169,3.639737876,3.527277047,3.604490883
Diedel,0.567258051,0.685217387,0.460785459,0,0.085481031,0
CG2010,0.973361179,1.274134361,0.147321929,0,0.166179293,0
Trc8,6.772828766,5.747318955,5.816817811,6.4156922,6.513678361,6.746821302
CG7567,0,0,0,0.066775902,0,0
CG11470,0.132696544,0,0.215700384,0,0,0.198539073
CG7568,0.658139045,1.421739881,0.280984078,1.924112038,1.857894544,1.377570087
CG1907,6.057627765,5.972203611,6.152819805,7.278209493,7.368882603,7.54551476
ppk21,0,0.120151752,0.569299184,0,0,0
ppk20,0,0,0,0,0.043373527,0
ppk30,1.212046198,0.300531207,0,3.00203036,0.24260175,0.400167095
Obp99a,3.804664472,3.200500041,3.430762155,0.979041354,0.842809102,0.069260254
ppk19,0.850272436,1.291300791,1.090089724,0.627414808,0.687432158,0.503875743
Cap-D2,0.567258051,0.430174687,0,0,1.246975234,1.140696948
CG7582,1.308726695,1.009519467,1.015327048,7.699112098,7.712818015,7.712447676
Obp99c,2.441399601,2.328839894,2.708596057,2.06143729,2.007752473,2.345345798
dmrt99B,0.797937693,0.36680871,0.718149104,0.334057725,0.842809102,1.457247279
Obp99d,0,0,0,0,0,0.035045714
Obp99b,4.628306421,5.313379499,5.639928556,0.871082608,0.573696073,0
CG15506,2.579570295,1.678152691,1.015327048,3.100935225,3.0836523,2.909996042
CG7593,3.352845877,3.773994225,3.705016828,2.735765654,1.562340969,2.540895325
Kul,8.645173475,7.684625654,7.771109075,8.309329006,8.236632246,8.142348847
CIA30,4.586493926,4.525488966,4.46416451,4.812374901,5.404480454,5.246320677
CG1969,5.059115088,5.431315448,5.521675403,5.862444492,5.495134056,5.761827731
IntS11,5.22189804,4.922486771,5.123756518,5.561105356,5.795469418,5.611760595
fig,0.214831388,0.158077041,0.147321929,1.721421233,1.869991204,0.16728912
CG7837,5.837915339,5.133513283,5.069360289,5.639975493,5.523171626,5.624040965
CG7834,5.44249117,5.586263499,5.62900021,5.47767288,5.55910459,5.108131761
CG7789,5.93954792,5.808961068,5.889262689,6.241920278,6.140087875,6.339653257
Vps16B,3.882119058,4.025512162,3.791568961,3.924892318,3.538688888,4.376414565
CG7829,0,0,0,0.066775902,0,0
neo,1.873983732,1.256761209,1.579646626,0,0,0
Atg16,4.885039258,5.01580768,4.709165761,4.278324924,3.878117908,4.913526448
Cad99C,0.658139045,0.398839565,0.460785459,0.130597294,0.315178801,0.259078775
dgt1,5.550232626,5.434216227,5.632131051,5.084256886,4.344801668,5.259345945
CG7824,4.073137379,4.244036886,4.381000002,4.292345091,4.431019285,3.797985826
CG15514,5.755412174,5.720638568,5.699344566,5.175966843,5.464547785,5.479663785
RpS8,8.584673952,8.807489113,8.880532157,7.647894013,7.794618135,7.842093066
Zip99C,5.352371676,5.57841821,5.541792261,6.206727703,6.305652265,6.371708035
CG15517,0.045601845,0,0,0,0,0
CG15515,0.045601845,0,0,0,0.085481031,0
Capa,3.127532669,1.597641216,2.708596057,3.696192989,4.036764303,4.374705551
CG15522,7.459064214,7.546239635,7.534779926,5.958992568,5.704671244,6.356202761
eIF2B-alpha,5.69766655,5.817873303,5.910047369,5.163625637,4.942876274,5.625478866
Vps13B,3.985182342,4.400542009,4.654786694,4.428703796,3.553765602,4.83491357
CG7896,0.628476965,0.549122661,0.460785459,0,0.043373527,0
CG7903,7.752532254,7.698163567,7.675716276,7.197161014,7.289203308,7.509756348
Sas-6,2.873102452,2.6876315,2.202148642,3.927140495,3.331226076,3.595714771
CG15525,3.840681382,4.346135498,4.44292734,3.706700307,3.766071574,3.504886069
CG11504,6.901246993,6.606745538,6.845692625,6.5696866,6.591078001,6.490882243
Tace,8.438627159,8.258273997,8.390728464,7.964659806,7.574133716,7.502927396
Nph,7.839652073,8.161673335,8.235733863,5.880538845,5.955160734,5.716670686
CG7912,0.089806327,0,0.280984078,0,0,0.45295311
CG7920,8.268470785,8.275224673,8.391883341,9.030100346,9.106025273,9.032378408
Mgat2,8.733377145,8.483498086,8.41433426,8.691261827,8.839547014,8.627751707
RpS28a,0,0.120151752,0,0,0,0
ZIPIC,4.895973086,4.739165301,4.595072117,3.995151169,3.782163743,4.391705267
CG7943,6.46041682,6.576431543,6.592014173,7.578613622,7.709876639,7.615744321
CG15528,0.900774972,1.070450879,0.764538089,1.591378059,1.730998758,1.293233921
CG7946,7.542694115,7.408480077,7.498357021,6.887708391,6.871607825,6.75702482
CG15526,0,0.041172495,0,0,0,0
AdoR,3.393092348,3.140193948,2.33104259,3.255637123,3.956787808,3.434444884
CG15529,0,0,0,0,0,0.914728587
CG11498,0,0.231061681,0,0,0,0.035045714
CG1983,6.77832614,6.948883368,7.133837454,7.269819419,7.109879119,7.150445401
CG9747,0.470264926,0,0,0,0.043373527,0
CG9743,1.533416609,0.901874222,0.569299184,0.438612949,0.81804741,1.592790272
RpS7,9.928460904,10.13534064,10.18748099,8.551799491,8.68476201,8.928454966
CG9737,0,0,0,0,0,0.069260254
CG9682,0,0,0,0.2787941,0.384278962,0
CG18404,0,0,0,0.334057725,0.35014255,0
CG15535,2.532300595,2.486201158,2.876406888,2.640334781,2.664739444,3.095740735
mRpS18C,4.034078348,4.366526057,4.173175662,4.945868442,4.585721547,4.90762907
CG15536,3.661892795,4.265911479,4.29669809,4.589215608,3.904820706,4.284746918
CG2218,6.099445171,5.969540021,5.737637923,6.982093895,7.145147166,7.087933452
CG15533,0,0,0.620641262,0,0.043373527,0
CG15534,0,0,0.075540634,0.033774261,0.126394328,0
CG15537,5.096157164,4.599712348,4.738513545,9.852303828,9.915931595,10.04382758
Osi23,0,0.041172495,0,0.066775902,0,0
CG2224,6.085867655,5.991368959,6.027645859,7.205057027,7.436023866,7.033462281
CDase,2.01820582,1.826833554,2.133109169,3.124637153,4.196589314,3.613213931
PH4alphaEFB,8.03388549,7.805114071,7.681394542,6.916847708,7.02654972,6.68885863
Jon99Fii,0,0.041172495,0,0,0,0
Jon99Fi,0,0.19503084,0,0,0,0
PH4alphaSG2,0,0,0,0.066775902,0.450220187,0.895787384
PH4alphaNE1,0,1.009519467,0.215700384,1.840705552,0,0.776600407
CG15539,0.045601845,0.231061681,0.343441058,0.033774261,0,0.035045714
CG9698,0.045601845,0,0.718149104,0,0,0
CG9702,0,0.081202514,0,0,0,0.198539073
Rpt6R,1.995147922,1.651811622,1.605362592,0,0.085481031,0
CG9717,0.470264926,0.158077041,0,0,0,0
CG2246,8.562542077,8.60399728,8.81178411,8.530239926,8.375027774,8.470024169
Spn100A,3.23968687,2.393858155,2.346373815,0.066775902,0,0
CG12069,0,0,0,0.099039483,0,0
CG1340,0,0,0,0.033774261,0,0
CG11313,0,0,0,0,0,0.135347252
CG15543,0,0,0,0.033774261,0,0.035045714
Npc2g,0.43642859,0.36680871,0.215700384,0.413175903,1.005172941,0.478639091
Npc2h,0,0,0,0,0.126394328,0
dj-1beta,6.578072173,6.756023008,6.76741298,6.30421948,6.364016718,6.306421892
CG15544,0.045601845,0,0.403305984,0.53610018,0.24260175,0.93342433
Cpr100A,0,0,0,0,0,0.035045714
CG15545,0,0,0.620641262,0,0,0
CG15546,0.900774972,1.950850182,1.126066663,0.161479554,1.110889535,0.069260254
CG12071,8.164928032,7.905028876,7.925502985,8.145212453,8.283453954,8.134038418
CG15547,3.34374767,2.463663595,2.571807315,4.100501489,3.382792509,3.06215577
CG15549,0.132696544,0,0,0.033774261,0.126394328,0
CG15548,0.045601845,0,0,0.033774261,0,0.102682134
CG11317,7.677119122,7.258075192,7.62475967,8.718774979,8.610326394,8.660470765
CG15553,0,0,0,0,0.085481031,0
CG11318,0.089806327,0.300531207,0.075540634,0.627414808,0.960617448,0.373031704
CG15554,0,0,0.343441058,0.19171458,0,0
CG15556,0,0,0.620641262,0,1.676941004,2.119071659
CG1544,2.259848281,0.833207966,1.605362592,0.066775902,0.543803643,0.069260254
CG1542,5.3591601,5.758934654,5.603705836,4.576381652,4.232168439,4.694008723
CG15561,3.559514768,3.24523244,3.500945088,3.244863128,2.99253759,2.680244095
ATPsynC,12.6758217,13.0091643,12.87849403,13.01033855,12.95534311,12.8675043
CG12054,6.740697475,6.298841846,6.187284083,6.889150591,6.84925038,6.892479428
mRpL32,5.728576834,6.183477029,6.064034942,5.939079412,6.14382904,6.163784577
CG1750,4.105794978,4.597988785,4.260738984,4.352130211,4.520070484,4.800956416
CG3669,0,0.081202514,0,0,0,0
ppk24,0,0.632309912,0,0.161479554,0,0
CG11340,0.850272436,0,0,0,0.204896494,0
CG1607,5.865195256,5.890779805,5.787632229,6.262096794,5.82838825,6.072905628
PNPase,4.067621844,3.588546232,3.965469399,4.40470413,4.402154716,3.769654767
lox,2.64027977,1.678152691,1.861572885,1.384434689,1.283610278,0.837424361
CG11334,4.214604212,4.102901384,4.142765667,3.9604494,3.0836523,2.965550264
CG11333,0.254209339,0.231061681,0.343441058,0,0,0.035045714
mey,2.655066201,1.421739881,1.727485453,1.52167906,0.085481031,0.035045714
nyo,1.064789212,0.158077041,0.670218812,0.099039483,0,0.035045714
CG1635,5.477227685,5.686984302,5.838664777,6.95011601,6.836592605,6.839256131
CG1638,0.925378394,1.512369747,0.976440789,0.670992382,1.649133071,0.857142206
CG1774,0.567258051,0.081202514,0.809481815,0.221328946,0.792853288,1.140696948
RpL6,8.551347505,8.777917597,8.78934781,7.81487747,7.567417317,7.615563445
CycG,10.07619705,9.451371837,9.555766765,10.55760083,10.4794069,10.41249248
CG11539,3.973432496,4.31079611,4.288784276,4.141739989,4.273736586,4.125174461
CG1792,4.755531729,5.308118187,5.53845887,4.791549673,5.000408483,4.626677064
pasha,5.052149837,4.965898029,4.897876102,4.860221229,4.477220672,4.803499354
kek6,7.055142673,7.005238782,6.54378642,6.887708391,6.588792554,6.493246886
CG1815,4.877178335,4.683366139,4.660931026,4.838886523,5.092333977,4.484955345
CG11550,0.329880465,0.041172495,0,0,0,0
CstF-50,5.881790499,6.086629163,6.081318417,4.742606789,4.531539246,4.713069431
CG11563,4.65980597,5.040129612,5.099079225,4.427116179,3.939672589,4.151363215
CG1890,4.993729654,5.266407848,5.345957437,4.078420561,3.829390514,4.094353852
CG1896,4.048149705,4.226295227,4.502305509,4.390110327,4.112539163,4.642387124
salt,0.875744677,0.549122661,0.670218812,0,0.043373527,0
Smvt,0,0,0,0.066775902,0.085481031,0
sip3,9.164190171,9.172459269,9.333745304,8.73322084,8.768021926,8.289854284
CG2126,6.116239323,6.005740225,6.267994931,6.29118777,6.204197456,5.906642969
CG2118,1.363770477,2.084870226,2.041887442,1.397465162,1.110889535,1.377570087
Ir100a,0.973361179,0,1.161168219,0.926071582,0.315178801,1.336018175
CG1971,2.698537383,2.713332332,2.185196033,3.031584628,2.541583069,2.373001949
CG11576,5.463643274,5.574917674,5.63681461,6.6031133,6.804256622,6.65546519
RhoGAP100F,9.189802984,9.309623591,9.283357883,7.952295207,7.841445482,7.628170295
CG2003,1.434040296,0,0.569299184,0.387282298,0.450220187,0.288421873
CG2053,0,0.577388071,0.075540634,0,0.24260175,0
Arl4,8.071916981,8.419068264,8.308967528,7.988133743,7.883261463,7.944144825
CG2316,3.72631921,4.246239331,4.288784276,4.593468347,4.502694561,4.767483746
yellow-h,1.191907582,1.81501225,1.553463943,0,0,0.069260254
CG1674,4.174114753,4.66537398,4.787074234,2.76119114,2.664739444,3.10401622
Syt7,5.342128771,5.714288467,5.230893719,6.882504502,6.988219461,6.678159598
Zip102B,7.677798076,7.995527177,7.911076244,6.349763445,6.449126619,6.284744941
Hcf,6.374798803,6.616142726,6.466088783,5.950176192,5.960120244,6.327777956
lgs,6.625297493,6.9329063,6.928244588,6.966056893,6.908361507,6.806987215
Asator,5.810109629,5.763554873,5.595709525,5.814673074,6.16668762,6.14886345
ND-49,8.003877155,8.012447536,8.180133845,9.459330257,9.535003535,9.473238581
CG1909,6.728078967,6.982960081,6.921222926,9.817960535,9.774232078,9.803074059
mav,4.620793731,5.12993943,4.787074234,4.068270955,3.81068491,3.569061498
Gat,2.190493354,1.778955809,2.168041848,3.440111314,3.374325086,3.759213048
Ekar,1.231907565,1.69114504,1.499628432,1.81179629,0.631684635,1.377570087
CG11360,6.797611892,7.056968213,7.039129545,5.567604911,5.71560549,5.580965009
MED26,8.02910462,8.395200255,8.224628411,7.894442954,7.809415613,7.644573511
PIP4K,7.463008421,7.709382181,7.687426826,7.452208427,7.692314228,7.79463103
Kif3C,0.743632778,1.437245771,0.670218812,3.797973536,4.073842413,4.032833039
CG11155,5.148037235,5.543920162,5.376148234,5.083249218,5.152994084,5.379257196
Cals,10.23739726,10.57415568,10.24683057,10.28168576,10.53325853,10.5318334
CG11076,7.616792352,7.909725921,7.841099318,8.132238836,8.101925407,8.195230229
CG11077,3.824421438,4.232973943,4.358492756,4.864919733,4.854318272,4.81362652
fuss,0.925378394,0.945900736,0.718149104,2.093819148,1.454008243,1.04077981
Gyf,6.735489403,6.726352484,6.557025263,6.885975846,6.991683512,6.658628866
fd102C,1.467932039,1.940006276,1.703873911,1.317456221,1.985686517,2.008803263
Sox102F,2.508071971,1.704021429,3.118872309,2.490289974,2.941865007,2.924086435
CG17167,2.483429492,2.486201158,2.133109169,2.771237182,3.250246669,2.366137455
CG17163,8.943319704,9.160539431,9.260146998,7.552092473,7.442113589,7.602480435
CG17168,6.790514547,6.810620446,6.853090723,6.75415933,6.738150772,6.858643481
CG17162,4.121850676,3.84255891,3.975364376,3.817495508,3.791733585,4.0153897
ATbp,0,0.80957322,0,0.099039483,0.085481031,1.023432869
CG41099,5.934254007,6.146222228,6.040663428,6.521771785,6.477569634,6.638474071
CG12567,5.246515079,5.543920162,5.431107529,4.297567726,4.130248471,4.537837537
CG17514,5.787640392,6.050537234,5.850809852,6.586852301,6.902116485,6.919984569
CG13865,6.79552806,7.043417368,6.9018974,6.981282742,7.040665023,6.966679035
Rab21,6.268233106,6.498199073,6.322308432,6.286817576,6.556877975,6.241795732
Fis1,7.634620602,7.838524773,7.80756747,8.496953149,8.429172129,8.484458041
CG17508,7.558018048,7.878119502,7.851881836,7.147409758,7.390300267,7.645991102
CG17018,1.727782409,1.357994016,2.958515421,0.033774261,0.043373527,0.102682134
CG17454,6.743294478,7.084925027,6.99116723,6.204412513,6.283778083,5.975351095
CR40282,0.470264926,0.632309912,0.809481815,0,0,0
CR12798,0,0.041172495,0,0,0,0
CG17691,6.236018434,6.450285553,6.406083604,8.413724155,8.384809006,8.487426414
conu,5.576684354,6.152107081,5.852153015,4.89967907,5.25221913,5.160648105
FASN3,0.598192202,0.334050524,0.075540634,0,0,0.069260254
CG17883,6.222432119,6.457907428,6.410648802,6.042759811,6.325004493,6.025225149
RpL38,8.533328556,8.626469881,8.661115064,7.549905803,7.380820538,7.526015144
CG17490,1.363770477,1.611375695,1.630628187,1.473269147,1.917388382,1.444269594
CG17493,7.782932134,8.194122223,7.843802512,7.54844618,7.618501476,7.5519565
Slmap,6.359081422,6.549039532,6.619880087,5.61787768,5.941612626,5.710586688
MED21,6.245209013,6.397756971,6.177673929,6.386580308,6.68864034,6.603514693
Set1,4.320424691,4.715515135,4.709165761,4.526840578,4.461317889,4.619479179
CG17450,0.687203533,0.158077041,0.075540634,0.360915446,0.384278962,0.102682134
CG12061,0,0,0,0,0,0.069260254
CR12460,0.214831388,0,0,0,0,0
CG17698,4.827460668,5.377073984,5.165411283,5.128888536,5.472503307,5.374989289
yip7,0,0,0,0,0.204896494,0.345376129
yip3,0,0.081202514,0,0,0,1.336018175
yip2,4.263668569,4.268080807,4.202957867,4.147536143,4.050116143,3.245389849
wds,5.950827025,5.904789774,6.120859082,4.519409488,4.208546781,4.301035067
Vav,5.271918716,5.538538781,5.568185692,5.404528454,5.327618987,5.21418949
vanin-like,0,0,0,0.033774261,0,0
Trx-2,7.797999277,8.119194715,7.930280017,7.21014328,7.006142377,7.114544721
tara,6.428499127,6.461703319,6.161513367,5.554576387,5.289848915,5.780018651
rept,6.634653101,6.394781874,6.815026317,5.535547228,4.812621865,5.143688736
pont,6.804674492,6.756409371,7.147576974,5.182568638,5.429217134,5.61610679
pkaap,2.647691929,2.572987425,2.55870404,4.596296558,4.732072255,4.723849255
pins,6.305027352,5.817132716,5.744886915,4.005826497,4.034079042,5.047208205
p115,6.781277611,6.159721679,6.371844535,5.10327004,4.849744404,5.391985682
meso18E,0.850272436,0.520292387,1.414910112,0.794343545,1.833392622,1.569074485
Ugt58Fa,1.019799334,1.940006276,1.355534777,0.130597294,0.085481031,1.005874807
lectin-46Cb,0.401779573,0.685217387,0.215700384,0.130597294,0.74110543,0.317180035
lectin-46Ca,0,0.041172495,0.460785459,0.46360926,0.513278718,0.876594188
lectin-30A,0,0.081202514,0.670218812,0.033774261,0,0
lectin-29Ca,0.132696544,0.041172495,0,0,0,0
lectin-28C,0.715694033,0.266214546,0.147321929,1.127194515,0.914641953,0.914728587
lectin-24Db,0.089806327,0,0,0,0.043373527,0.229126454
lectin-24A,0.254209339,0,0.343441058,0,0,0
lectin-21Cb,0,0.081202514,0,0,0,0
l(1)G0469,6.710048559,6.552603346,6.660311724,5.073133646,4.976831442,5.00585082
krz,4.246685197,3.954551155,3.722747647,3.325478108,3.878117908,3.898937461
kat80,4.827460668,4.449152138,4.604666611,3.929385175,4.331740878,4.418494914
Kat60,5.425343323,5.020962272,4.784262524,4.904251011,5.272866041,5.424563575
hgo,0.132696544,0,0,0,0.043373527,0.035045714
Dhap-at,5.987069385,5.856590151,5.378014345,5.818311319,6.244826757,6.204279925
eIF-3p66,8.208651147,8.269822094,8.239331222,6.876700302,6.84925038,6.575519402
DCTN5-p25,4.045346392,4.16242276,4.240367503,3.645210745,3.785360749,3.566069398
dbo,9.278342778,8.574939744,8.472913283,8.831684277,8.821654859,9.096707065
cmet,0.214831388,0.081202514,0.809481815,0.066775902,0,0.035045714
cana,0.132696544,0.041172495,0.460785459,0.066775902,0,0.198539073
c12.2,2.250142238,2.044943264,2.545480663,2.730626341,3.370072664,3.879786407
c12.1,7.200821369,7.290717705,7.06310579,6.679112306,6.361341358,6.659330965
c11.1,4.529458269,4.60658608,3.985191949,3.931626367,4.09718479,4.725191087
bor,5.658761424,5.360903986,5.392856967,6.816124086,6.975329661,6.465013735
Best1,7.207419589,6.900061692,6.763849189,6.469513962,6.880230435,6.873544446
bc10,5.235489362,5.169933778,5.344049369,5.898981855,5.456548151,5.568310806
Ugt86Dj,0,0,0,0,0,1.091603205
Ugt86Di,0,0,0,1.410378996,1.090356876,0.553062079
Ugt86Dh,0.254209339,0,0,0,1.562340969,0
Ugt86Dg,0,0,0,0,0.043373527,0
Ugt86De,0,0.081202514,0,0.852277114,0.085481031,0.895787384
Ugt86Dd,0.254209339,0,0,0.033774261,0.914641953,1.377570087
Ugt86Dc,0,0,0,0.033774261,0,0
Ugt86Da,0.089806327,0.577388071,0.809481815,0.488179846,0.513278718,1.377570087
Ugt36Bc,0,0.041172495,0.516062327,0,1.190217021,1.569074485
Ugt36Bb,0,0,0,0,0.417626289,0
Top3alpha,2.821604207,1.993428657,2.003720007,2.796050433,2.608090535,3.835743789
Sulf1,10.28057419,10.74659419,10.65069363,10.58268547,10.41504209,10.45233338
Spt5,6.54073961,5.948052389,5.938146006,6.590048256,6.608330086,6.620559587
Aplip1,8.15764547,7.919764458,8.017563254,8.481738936,8.561163324,8.342497112
SMC1,5.652327538,5.245642095,5.010428356,5.422966032,5.059700241,5.346499945
Scamp,7.784614053,7.773013174,7.728229717,7.27136863,7.048004003,7.421668881
RecQ4,2.380421546,3.254014859,3.271230109,2.730626341,1.893884428,1.840715096
POSH,4.889735335,4.977875722,5.320953518,4.548906914,4.525816261,4.058608865
Nhe2,6.070093888,6.178872451,6.072126337,7.126774221,7.2849744,6.803180352
Myt1,4.745203844,4.422132514,4.392123305,5.457594558,5.54502725,5.815726515
Myo28B1,1.327308948,1.437245771,0.569299184,2.532246068,2.790985013,2.503848568
MTF-1,3.988104911,3.698794847,4.06612905,3.72490596,4.688338878,4.780449919
Jafrac2,5.75197747,6.103734903,6.052396511,4.569202034,3.807543594,4.143355652
Jafrac1,9.165320294,9.401109087,9.285099276,8.034357048,7.901239171,7.92295964
HGTX,0.214831388,0,0,0.161479554,0,0.069260254
Gclc,2.259848281,2.600793561,2.505067387,4.228152741,4.094609765,3.840704338
GNBP3,0.470264926,0.36680871,0.809481815,0.161479554,0.513278718,0.345376129
GNBP2,0.292540976,1.291300791,0.516062327,0.692297297,0.166179293,0.102682134
GNBP1,4.20458788,4.150713319,3.494078455,3.80287885,3.286799776,3.414621347
Ephrin,5.280288154,5.452453615,5.353564573,4.174281156,4.761590852,4.543933431
brv3,4.311119041,4.364499921,4.697257421,4.40470413,4.662491608,4.689891315
Tsp3A,5.008198113,5.426467817,5.368659558,4.75278262,4.774518826,4.954146588
Seipin,3.733303283,3.669552836,3.534796412,4.271263413,3.523452951,2.167254804
CG3021,5.093445685,5.509494074,5.528412238,5.212369408,5.125507746,5.402088228
TfIIA-S-2,0.292540976,0,0,0.438612949,0,0
MED22,6.047156407,6.106162107,6.285002112,5.86537833,5.590513657,5.667962702
TRAM,6.104840599,6.126032241,5.975601167,5.11908903,5.141812894,5.461261488
CG11664,0,0.19503084,0.343441058,0.250347622,0.126394328,0.970104318
CG3706,1.611301687,0.901874222,1.579646626,1.344621878,1.005172941,0.503875743
CG3713,0.598192202,0.041172495,0.215700384,0.130597294,0.24260175,0
CG3711,4.03690362,3.602367154,3.473280255,4.756580128,6.08666663,4.786889566
CG3708,0.214831388,0.632309912,1.195435982,0,0,0
CG3704,4.830720484,4.801898218,5.092275145,5.486084149,5.86662247,5.592774303
mus81,4.121850676,4.201538629,3.35698966,3.91586441,3.309183927,4.281102219
CG3703,7.700694418,7.390172595,7.652777049,8.214266406,8.077030571,8.107530353
CG3699,0,0.158077041,0.147321929,0.559476377,0,0
CG11638,3.575147986,2.471215304,2.865806788,2.776234091,2.71254579,2.961001584
CG14416,0,0.36680871,0.343441058,0,0,0
CG14417,0.045601845,0.460843657,0.280984078,0,0.315178801,0
CG14418,0.089806327,0.081202514,0.403305984,0,0,0
CG3526,0.045601845,0,0.460785459,0,0,0
CG14624,0,0,0,0,0,0.035045714
CG14625,0.503325831,0.081202514,0,0.033774261,0.792853288,0.069260254
CG11380,0,0,1.443705866,0,0,0
CG14626,0,0,0.075540634,0,0,0
CG14627,0,0,0,0.221328946,0,0
CG11379,0,0,0,0,0,0.069260254
CG11384,0,0.041172495,0,0,0,0
CG11378,0.687203533,0.490874211,0.670218812,2.786176286,1.190217021,2.900525407
CG14628,0.045601845,0,0,0,0.35014255,0
CG11398,4.928286001,5.119164446,5.186861119,5.000266219,4.77290915,4.121102891
CG11382,0.43642859,0.041172495,0,0,0.043373527,0.035045714
eIF4E-7,0.292540976,0.19503084,0,0,0,0
CG13375,4.846909984,5.070277331,5.207996708,5.445882518,6.154994675,5.775492379
CG12470,1.150766861,1.090202596,2.022929939,2.465755606,1.516904971,1.520440304
G9a,5.172651909,5.606978062,5.20168848,5.503514458,5.504863857,5.295022531
CG3038,1.289901972,0.520292387,0.895375166,0.033774261,0.043373527,0.035045714
CG13760,5.246515079,5.099807933,5.237075801,8.043193442,7.770218532,7.946591494
CG13759,3.278401152,3.236396231,3.19706152,5.193816187,5.204056878,5.468490367
Vha36-3,0,0.785544823,0.075540634,0.670992382,0,0
CG5273,3.361887065,3.653047458,3.35698966,7.445362392,7.433733576,7.280947844
CG5254,1.611301687,1.704021429,1.228908645,1.721421233,2.163293657,2.379833935
CG32795,5.748534568,5.640017497,5.621143253,5.775907105,5.44547572,5.544185768
CG12496,0.045601845,1.555635393,0,0,0,0
boi,2.879412376,3.149637476,3.437936094,3.014770681,3.062725462,1.908428757
mRpL14,5.539315392,5.813424067,5.770685777,5.848871461,5.89427741,5.9966197
CG2854,0,0.334050524,0,0.387282298,0,0.373031704
CG14050,0.743632778,1.467766366,1.195435982,0.099039483,0.315178801,2.281110147
CG14265,0.214831388,0.158077041,0.147321929,0.19171458,0.043373527,0.102682134
CG16903,4.582632007,3.592013895,3.494078455,3.572390984,4.071225348,3.855484459
Unc-76,8.599799524,8.166042254,7.993724506,8.492310817,8.546399689,8.539266503
CG3939,5.145421618,5.355813467,5.496128331,4.108447858,3.863066639,3.795433142
CG3655,4.872441139,4.952471801,4.910824387,4.61035504,4.665964784,4.175122635
CG14629,1.289901972,2.189292071,1.944506093,0.066775902,1.005172941,1.457247279
Dlip3,7.293514636,7.419988315,7.615693778,7.36285661,7.081875772,7.317213268
Dlip2,4.533464982,4.575393056,4.428593535,4.579243525,4.616562539,4.20812578
Dlip1,0.996767095,1.357994016,1.324904867,1.423178261,1.532209851,1.404621044
SH3PX1,3.617285833,3.721135808,4.084530868,3.922640632,3.807543594,3.903685765
cid,0.628476965,0,0,0,0.315178801,0.817433287
Buffy,0.973361179,2.104426839,1.293610521,0,0.085481031,0.035045714
grsm,6.182802742,6.102519768,6.03120777,4.831704262,4.982413745,4.84235228
CG7763,0.045601845,0.71096088,0.403305984,0,0,0
Alk,7.120527555,7.365057776,7.217507745,8.081165607,8.053854287,7.927775356
ACXE,0,0.158077041,0.075540634,0.033774261,0.35014255,0
ACXD,0.567258051,0.19503084,0.343441058,1.17338058,1.319338022,1.404621044
ACXC,2.230532028,1.308265359,2.684670739,1.625004195,1.985686517,2.528651805
ACXB,0,0,0,0.033774261,0,0.102682134
ACXA,0,0,0,0.066775902,0,0
zetaCOP,7.570989724,7.893833669,7.947975805,6.970696035,6.923675474,6.670866523
kappaB-Ras,4.590345535,4.563077932,4.685249968,3.39209363,3.37856501,3.370712444
CG17169,0.132696544,0.120151752,0.147321929,0.161479554,0,0.035045714
CG15219,0,0,0.215700384,0,0,0
CG11052,0.401779573,1.37419648,1.090089724,0,0,0
CG15864,0.925378394,0.761109441,0.976440789,1.188453103,0.482093952,0.577040364
COX7A,9.995622342,10.27287609,10.36238829,10.14138545,9.941278145,10.13334358
CG11741,0,0,0,0,0.043373527,0
CG8369,2.096124414,1.741975081,2.060599064,3.829563942,3.590782154,3.604490883
CG11985,5.747672557,5.678854327,5.886643423,5.089284691,4.616562539,4.822429847
CG11686,0.254209339,0,0.075540634,0.033774261,0,0.069260254
CR17025,2.159717845,2.947916056,2.185196033,1.111464636,1.43784607,2.052217245
CG7606,0,0,0,0,0,0.035045714
CR14310,0,0.041172495,0,0,0,0
CG17193,2.594988841,2.915069211,2.918045209,5.619963788,5.639917709,5.772250611
CG15922,4.368318291,4.291730572,4.414115886,4.108447858,3.910688135,3.896557436
CG5791,0.401779573,0.231061681,0.147321929,0.334057725,0,0.069260254
CG13841,0.875744677,1.341607518,1.161168219,1.994407988,1.110889535,1.140696948
CG13631,0.174348395,0.490874211,0.147321929,3.342422569,3.587122947,2.866879851
CG13643,0,0.041172495,0.215700384,1.840705552,0,0
CG14545,0.132696544,0.879346663,0.936477292,1.762288373,0,0.528678517
CG6503,0,0,0,0.512338969,0.81804741,0.16728912
CG14244,0,0.266214546,0.075540634,0,0,0
CG14246,0,0,0,0.130597294,0,0
CG3348,1.289901972,1.239176293,0.976440789,1.721421233,1.354202323,0.914728587
CG18672,0,0,0,0.2787941,0,0
CG18673,0,0.231061681,0,0.066775902,0,0
CG4186,1.796079106,1.741975081,1.818247164,3.255637123,3.003560486,3.249125776
CG13255,3.598284698,3.605801795,3.548117629,2.085791568,3.254866777,3.172504789
CG11458,0,0,0.075540634,0,0,0
CG11666,0,0,0,0,0,0.102682134
CG15461,0,0.081202514,0,0.033774261,0.085481031,0.102682134
CG15456,4.472163541,4.532724682,4.467673843,5.870060095,5.836887148,5.64829249
CG15458,0.045601845,0,0,0,0,0
IM4,0,0.041172495,0,0.033774261,0,0.035045714
CG13516,0.254209339,0,0,0,0,0
CG13551,8.98121632,9.230902545,9.252156739,7.574675361,7.435515227,7.584295352
CG12848,5.440358803,5.440962116,5.559989495,6.051029744,5.937307708,5.934752093
e(y)2b,1.796079106,1.070450879,0.670218812,0.852277114,0.482093952,0.857142206
CG9445,0.292540976,0.36680871,0,0,0,0.035045714
CG14664,0.470264926,0.158077041,0,0,0,0.135347252
CG12589,0,0,0,0.221328946,0,0.229126454
CG14974,0,0,0.147321929,0,0,0
CG18675,0.045601845,0.266214546,0,0,0.204896494,0
Teh3,8.475409595,7.501304551,7.5743806,8.803433428,8.802453602,8.67529848
CG15024,0.366277874,0,0.215700384,0,0,0
ND-B8,0.254209339,0.856461751,0.569299184,0.438612949,0.315178801,0
Nplp4,0.045601845,0,0.075540634,0,0,0
CG15353,0.687203533,0.659006168,1.195435982,0.19171458,0,0.069260254
CG15357,0.045601845,0.041172495,0.403305984,0,0,0
CG5011,0.132696544,0,0,0.066775902,0,0
CG13946,0,0,0,0,0.24260175,0
dpr1,7.371965668,7.436477705,7.43747113,6.385763199,6.354900181,6.571049007
CG15127,0,0.120151752,0,0,0,0
CG16926,0.973361179,1.69114504,1.414910112,0,0,0
CG16836,0,0,0,0.066775902,0.085481031,0
IM3,0,0,0,0.033774261,0.573696073,0
CG13018,2.828142919,2.920595882,2.855128227,2.891243961,2.47186085,2.646648315
Prosap,7.825424475,8.024046454,7.910109312,7.30805919,7.533595802,7.28595747
CG17059,5.148037235,5.31232877,5.418469691,4.846033204,4.574677143,4.783029229
CG13177,0,0.041172495,0.075540634,0,0,0
CG18336,0.715694033,0.632309912,0.976440789,0.360915446,0.842809102,0.373031704
CG13230,0,0.041172495,0.075540634,0,0,0
luna,6.542728753,6.481936861,6.250784868,5.256841236,5.3750745,5.303131792
COX7C,8.476450582,8.57417288,8.748819017,8.728878087,8.683691584,8.761854143
CG14767,9.205975415,9.269176306,9.342373027,9.627013918,9.674573435,9.628304579
CG17977,4.727824685,5.169933778,5.180459588,4.267719654,4.234509471,4.039320298
Atg10,3.814576775,3.598924316,3.521351046,4.020640478,4.167480441,4.426765676
CG14104,3.647176523,3.73374844,3.985191949,2.640334781,3.057445976,2.895766673
CG7630,9.060062283,9.142251232,9.295503727,9.734255631,9.546177986,9.67778383
CG13056,3.357373553,3.692347652,3.587358793,0.733985886,0,1.249141988
CG13066,0,0.041172495,0,0,0,0
CG13051,0,0,0,0.033774261,0,0
CG13053,0.214831388,0.266214546,0.343441058,0,0.085481031,0
CG12355,5.402522949,5.771222509,5.900990894,6.371801066,6.598821552,6.582939414
CG8750,0,0.081202514,0,0.033774261,0,0
Nplp2,0.292540976,0.120151752,0.460785459,2.844432201,3.37856501,2.938040541
CG14113,0,0,0.215700384,0.334057725,0,0
CG14132,0,0,0.280984078,0,0.043373527,0.035045714
dpr6,9.061103493,8.743543263,8.617353028,8.934580071,8.971624896,9.087476767
CG13315,0.214831388,0.490874211,0.075540634,1.218133808,0.573696073,0.951880893
CG13306,0.132696544,0,0,0,0,0
CG8012,3.329991867,3.326582587,2.391413548,3.120713775,3.003560486,2.629552419
CG8620,0.797937693,1.341607518,1.053192621,0.794343545,0.81804741,0.837424361
CG15212,0.132696544,0.879346663,0.764538089,0,0.35014255,0
CG15213,0.045601845,0,0,0,0,0
Ir41a,0,0,0,0.161479554,0,0.035045714
CG15210,2.380421546,2.320502648,2.55870404,0,0.166179293,0
CR32658,0.401779573,1.203350074,1.727485453,0,0.417626289,1.936503445
CG12994,6.11957482,6.012872528,6.235427129,7.732274411,7.781069292,7.92354422
ksh,4.350260085,4.670303227,4.654786694,4.078420561,3.682802858,3.437722485
CG14634,0,0,0,0.221328946,0,0.288421873
CG17776,5.097510994,4.944355677,5.174029525,5.787089795,5.239454552,5.589831029
CG17777,0.715694033,0.490874211,0,1.636040967,0.74110543,1.417958665
CG15577,0.045601845,0,0.516062327,0,0,0
CG15579,1.171483865,1.940006276,1.053192621,0.774503582,0.891092845,0.776600407
mRpL33,4.419010931,4.164753286,4.288784276,3.839146524,3.733338526,3.954910969
schlank,7.73567648,8.251163435,8.120633989,6.912882871,7.1513553,6.91234762
CG11368,0.503325831,0.266214546,0.516062327,0.670992382,1.02694508,0.503875743
CR15345,3.973432496,4.388627747,4.347106074,3.411492904,3.519618693,3.920182827
CG12659,5.615001653,6.05619723,6.106298755,2.90499634,2.771771392,3.057902139
CG9034,5.727702812,5.633301584,5.929264752,6.424869381,6.012896699,6.329984473
CG15308,0,0.041172495,0,0,0.043373527,0.035045714
CG12643,10.07958349,10.40451674,10.23921523,0.334057725,0.573696073,1.363851994
CG13998,0,0,0.075540634,0,0,0.16728912
Muc26B,0.214831388,0,0,0.033774261,1.562340969,0.102682134
CG18662,0,0.120151752,0.215700384,0.161479554,0,0
CG18661,4.234430635,4.370569813,4.173175662,4.155228301,4.250791187,4.149365487
CR13130,0.045601845,0,0,0,0,0.317180035
CG18666,0,0,0,0.221328946,0.043373527,0
CG14933,0.900774972,1.050424986,0.764538089,1.509728016,1.190217021,1.482857594
CG16978,0,0.120151752,0,0,0,0
CG16824,0,0,0,0,0,0.16728912
CG4440,0,0.041172495,0,0.2787941,0.043373527,0.102682134
CG6115,8.137714679,8.371813563,8.206627435,8.212078536,8.273385233,8.424596943
CG12617,0,0,0,0.19171458,0,0.102682134
CG17715,4.08410559,4.314998896,4.502305509,3.829563942,4.109991422,4.369566328
wun2,1.911413256,1.467766366,1.861572885,3.159475542,2.732559025,3.336002911
tai,7.07073526,6.77292584,6.979537972,6.813392121,6.671031953,7.11965553
scyl,9.629106943,9.575293315,9.451849459,8.490601712,8.222402147,8.079870694
rols,1.947896209,1.526936274,1.924215439,0.221328946,1.881987279,0.895787384
robo3,7.593233309,7.203580631,7.195983224,6.6854345,7.029586075,6.880486054
park,3.590613615,3.457811684,3.528089392,3.846291921,4.081665244,4.069214343
ocn,0,0.081202514,0.215700384,0,0,0
nht,0,0,0,0,0.043373527,0
nerfin-2,0,1.050424986,0.075540634,0.692297297,1.404968185,0
lilli,6.501392861,6.66058145,6.741554997,6.421683935,6.550785235,6.79009725
ida,4.976173764,5.303895278,5.396543885,4.253456924,4.589384305,3.993284694
hoe1,1.064789212,0.879346663,0.895375166,5.321507029,5.264871761,4.949561753
exex,0.598192202,0.685217387,2.115320432,0.066775902,0.960617448,0
comm2,0.174348395,0.490874211,1.195435982,0,0,0.035045714
armi,3.34374767,3.258386101,3.045624549,2.656684766,3.484643932,3.332485583
ago,5.775004595,5.3700219,5.041373205,4.092511108,5.01546143,5.304927677
Vhl,4.461688528,4.932095232,4.215535837,6.069465567,6.011532297,6.153356015
Tep4,0.925378394,0.520292387,0.670218812,0.066775902,0.450220187,0.069260254
Tep3,0.132696544,0,0,0.794343545,0.384278962,1.249141988
Tep2,1.451085688,1.050424986,2.732131067,1.158148923,0.543803643,0.713098814
Tep1,0.132696544,0,0.343441058,0.033774261,0.659827649,0.229126454
Socs36E,6.356256639,6.197203236,6.208413521,6.060277104,6.163005339,5.679775788
Slbp,4.459584368,4.908648429,4.874272243,5.276370788,5.296586481,5.082186447
Atx2,7.176686652,6.531538738,6.473089611,7.755548773,7.672594327,7.688571808
Rheb,6.743294478,6.821000812,7.108771687,6.55522416,6.570377455,6.520165307
Prat2,0.089806327,0.19503084,0.280984078,0,1.547354071,1.091603205
LIMK1,5.277901836,4.771637423,4.938908041,5.928457821,5.892796024,6.359230755
key,2.733788825,3.077256612,2.978332615,2.179294479,1.562340969,2.919404911
HDAC4,4.386153254,3.84255891,3.21387608,6.983714835,6.940621978,6.782061127
Gr97a,0.292540976,0,0,0.033774261,0,0.069260254
Gr94a,0.292540976,0.334050524,0.147321929,0.833223249,0.166179293,1.627648623
Gr93a,0.598192202,0,0.403305984,0,0,0
Gr68a,0,0.549122661,0.853067622,0,0,0.857142206
CG32395,0.045601845,0,0,0,0,0
Gr59e,0.174348395,0.988623391,0.403305984,0,0.126394328,0
Gr59f,0.366277874,0.36680871,0.343441058,0,0,0
Gr59c,0,0,0,0.033774261,0,0
Gr59d,0,0,0.403305984,0,0,0
Gr58c,0.045601845,0.761109441,0.460785459,0,0.384278962,0.426801509
Gr58b,0,0.300531207,0,0,0,0.035045714
Gr58a,0,0.041172495,0,0.979041354,0,0
Gr57a,0,0.041172495,0.075540634,0,0,0
Gr47b,0.949569261,1.256761209,2.115320432,0.099039483,0,0
Gr47a,0.089806327,0.490874211,0.215700384,0,0.602981688,0.035045714
Gr43a,1.769147149,1.838558782,0.343441058,0.794343545,0.81804741,2.035008104
Gr39b,0.045601845,0,0.075540634,0,0,0
Gr32a,3.701605215,3.813147705,3.950498508,3.706700307,3.601704415,4.062860416
Gr28a,0.214831388,0.231061681,0.670218812,0,0,0
Gr21a,0.045601845,0,0.718149104,0,0,0
Femcoat,0,0.081202514,0,0,0,0
Cyp6t2Psi,0.824342362,0,0.403305984,0.2787941,0,0.035045714
Cyp309a2,0,0.334050524,0.718149104,0.512338969,0.085481031,1.694935995
Cct1,7.990094158,7.191916202,7.214899933,8.727588831,8.733783015,8.659944639
AttC,0,0,0.343441058,0,0.35014255,0.259078775
AttB,0.089806327,0.158077041,0.280984078,0.099039483,0,0.035045714
tamo,5.723324742,5.315478663,5.139243287,5.356959645,5.649598699,5.648999636
olf186-F,5.775850434,5.848639577,5.880074376,5.241567042,5.231272439,5.349983312
eIF2D,4.724323589,4.717103931,4.181747784,4.893943694,4.600317115,5.001427638
dlp,3.169331729,2.931586112,3.091838325,1.261540434,0.543803643,1.860388321
cpx,10.69885663,10.68432622,10.41582198,12.54909777,12.66243064,12.58967651
Or69a,0,0,0.460785459,0,0,0.198539073
Or65c,0.254209339,0.041172495,0,0,0,0
Or19a,0,0,0,0,0.043373527,0
Ku80,3.37534349,3.111486712,4.038078599,3.29446735,2.657778787,3.447510848
Hexo2,3.427948126,1.754407614,2.041887442,3.262775345,3.0521471,3.917837622
Hexo1,7.36832507,7.25534413,7.300039307,6.693381031,6.831962103,7.038058432
CG15107,3.787991105,3.574591625,3.935370633,4.769166778,4.602131222,4.406835606
CG3253,5.692300504,5.719053661,5.711235762,5.905837649,5.536514436,5.603028729
7B2,9.719532953,9.7460968,9.765612727,11.37404629,11.51351717,11.66965056
yellow-g,0,0,0,0.066775902,0.043373527,0.035045714
yellow-f,1.04246964,0.120151752,0.075540634,0,0,0
yellow-e,0,0.901874222,0.764538089,0,0,0
yellow-d,2.200607677,2.152189073,2.346373815,0.733985886,0.450220187,1.557068777
yellow-c,0.174348395,0.041172495,0,0,0,0.229126454
snRNA:U12:73B,0.329880465,0.081202514,0,0,0.043373527,0.069260254
rho-5,6.459890604,6.049276436,6.38024805,6.220541356,6.136336983,5.942271665
tral,7.368605443,6.840447192,6.69365976,7.259820288,7.123521683,7.144440073
Ssl2,0.045601845,0.120151752,0.075540634,0.033774261,0.24260175,0.035045714
SCAR,6.489582743,5.908271111,5.941935584,5.492170779,5.326522101,5.557052407
Pax,7.848724846,7.487872278,7.575600775,7.073982716,7.408038231,7.177899433
CG3267,1.935837444,1.512369747,1.090089724,1.435864971,0.043373527,0.600626626
Bap170,5.379335796,5.314429462,4.792681266,4.65579941,4.387502938,5.218006984
CG13773,3.885257813,3.946446752,3.710951346,4.007952115,3.723372017,3.716673617
Adk3,1.699531977,2.312116942,2.168041848,2.141068628,1.246975234,1.350002208
CG18735,2.610244345,2.974728471,2.660341949,0,0,0
CG18744,0,0.300531207,0.147321929,0,0,0
CG18745,0,0,0,0,0.659827649,0.069260254
CG18748,0,0,0.075540634,0,0,0.16728912
CG18754,0,0,0.147321929,0.099039483,0,0.035045714
CG18766,7.554818424,7.442973045,7.364520447,6.928957735,6.999619405,7.247020434
mRpL36,4.561204661,4.494325763,4.642418964,5.18350929,4.881461078,5.071676249
Cpr65Au,0,0,0,0.066775902,0,0.069260254
CG18787,2.540287217,3.05732562,2.755288299,1.762288373,1.228302843,2.060745443
CG18788,0.045601845,0,0,0.033774261,0.166179293,0
CG18789,1.345654897,1.950850182,1.630628187,1.579992895,1.048393528,1.074860222
OS9,0,0.19503084,0,0.306690511,0,0
CG18808,1.611301687,1.37419648,1.161168219,0.19171458,0.543803643,0.035045714
CG18809,5.587323465,5.314429462,4.839481196,4.909945638,5.051757065,5.407948875
CG18810,0,0.081202514,0,0,0.085481031,0
Capr,8.714862035,7.23718828,7.119965827,7.257142107,7.049001886,7.428480711
CG18812,8.340417984,8.085610497,7.979352791,9.016967664,9.021534713,9.202433872
CG18814,0.598192202,0.041172495,0,0,0,0
CG18815,8.747567376,8.852005986,9.004998531,9.600319374,9.414357083,9.409878628
CR18854,6.492672976,6.577743862,6.604022674,6.354365057,6.552193538,6.392548183
CG18858,4.184344147,4.314998896,4.324059499,5.228865724,5.094913064,5.240702218
CG32164,5.587323465,5.216732582,5.448971679,4.830503734,4.627292075,4.632409626
CG32165,3.132824261,3.322413459,3.188580174,2.94991327,2.797333108,2.317149106
CG18869,1.129748022,0.430174687,1.261622271,0,1.485799341,1.672853741
CG18870,6.437079793,6.46501655,6.448436627,6.920237489,7.158461784,6.682655953
CG18769,3.897744989,4.004848104,3.970425371,5.17123271,5.416901811,5.292309284
CG17239,0,0,0.075540634,0.130597294,0,0
CG17234,0,0,0,0.033774261,0,0
CG17376,0.045601845,0,0,0,0,0
CG16741,0,0.041172495,0,0,0,0
Nplp3,0.089806327,0,0.343441058,0.066775902,0,0.93342433
CG18764,3.555579851,3.502719138,3.841112651,4.033218219,3.291304476,4.102637274
GstD10,0,0.231061681,0,0,0,0
CG18530,0.292540976,0,0.718149104,0,0,0
CG18731,2.625340219,2.579989363,2.978332615,3.603649032,3.579776571,3.156679885
FASN2,0.628476965,0,0.460785459,0.066775902,0,2.345345798
Sox21b,1.416791103,1.69114504,0.764538089,0.099039483,0.74110543,0.198539073
disco-r,0.900774972,1.583774727,0.403305984,0.161479554,0.891092845,1.124517283
PP2A-B',7.655451968,7.15194773,6.959737443,5.553121483,5.694504007,5.828892353
NfI,6.640701874,6.87963527,6.813648123,7.242773897,7.129194439,7.280263364
CR12628,0,0.041172495,0.147321929,0.033774261,0,0
Hex-t2,0,0,0,0,0,0.035045714
Hex-t1,0.045601845,0,0,0.099039483,0,0
HBS1,6.235403642,6.132595266,6.052396511,5.287787925,5.520296326,4.640965985
Chrac-16,5.154555607,5.628244054,5.425704863,2.895842669,2.80994611,3.199787437
Chrac-14,4.363824886,4.785333382,4.654786694,4.026943055,4.109991422,3.891785574
prt,1.596057418,1.982901267,0.936477292,2.117637312,2.330195921,3.087417506
Fsn,7.82889267,8.022922865,8.134223221,6.869704298,7.071109985,7.037788475
AP-2sigma,8.195751792,8.524452691,8.541538695,8.569268028,8.574853916,8.750532182
Adgf-A2,0,0,0.280984078,0,0,0.069260254
Desat2,0.214831388,0.632309912,0.764538089,0.306690511,0.043373527,0.478639091
MESK4,1.064789212,1.185097719,1.015327048,0.387282298,0.767211364,0.478639091
MESK2,9.344333503,9.235482855,9.193096659,8.893565329,8.974691429,9.084343264
bchs,4.588421016,5.139450099,4.926210473,5.813458285,6.055889919,5.804345086
cbt,4.449017284,4.915584192,4.94898624,5.070085091,5.521255396,5.90368319
CG5986,4.772582251,4.891865279,4.667049301,4.607554282,4.669429619,4.481783428
CG4747,7.664157917,7.119876903,7.098056193,7.201578818,6.954179348,7.117613379
CG5180,6.670571077,6.720423661,6.759560986,6.114550047,5.93443061,5.699706932
CG12084,5.973861424,5.829671282,6.064034942,7.266272107,7.294822639,7.443843564
lambdaTry,0,0.231061681,0,0.033774261,0,0
kappaTry,0,0.120151752,0.075540634,0,0,0.035045714
Obp51a,0,0,0,0,0,0.259078775
Obp56i,0.174348395,0.300531207,0.280984078,0.099039483,0.767211364,0.345376129
Obp57b,0.174348395,0,0,0,0,0
Obp57a,0,0,0,0,0.043373527,0
Tsp68C,0.925378394,0.041172495,0.670218812,0.033774261,0,0.857142206
PGRP-SC2,0,0.300531207,0.670218812,0,0,0.035045714
PGRP-SB2,0.089806327,0,0,0,0,0
PGRP-SB1,0.045601845,0.041172495,0.147321929,0,0,0
CG32444,0.045601845,0,0,0,0.043373527,0
phu,0.214831388,0,0,0.066775902,0,0
CG30427,0.292540976,0,0.403305984,0.033774261,0,0.102682134
CG12219,4.605649958,4.671942574,5.034290771,4.980918465,4.182108292,4.743846861
CG31381,2.269489461,2.614498204,2.584792649,2.117637312,1.820983826,0.776600407
CG32032,4.474249448,3.92735753,4.327926252,2.595806673,3.264062842,2.559067961
CG18284,0.045601845,0,0,0.099039483,0,0
vir-1,5.00242813,4.055963675,4.519314502,4.63806758,5.181180646,4.942657065
scaRNA:MeU5-C46,0.401779573,0.334050524,0.516062327,0.46360926,0.279346616,0.198539073
slam,0.045601845,0,0,0.713292167,0.085481031,0
SA-2,0,0,0,0.130597294,1.730998758,0
mask,8.460493341,8.406322164,8.515920357,8.585638356,8.482958506,8.534108102
pygo,4.132456058,4.007447356,4.014279271,3.909056211,4.416659187,4.433348315
dome,6.885267289,6.42814566,6.570143725,6.532885972,6.632940396,6.907036719
Spn43Ad,0,0,0,0,0,0.035045714
Roc2,5.856425722,5.842101813,5.808539146,5.41337583,5.317716862,5.445066438
Notum,0.401779573,0.120151752,1.750716776,0,0,0.035045714
mRpS14,5.819984718,5.918665,6.052396511,6.32440206,5.839965285,6.217211815
Ilp7,0.132696544,0,0.343441058,0.334057725,0.602981688,0
Ilp6,0.598192202,2.034786448,1.293610521,2.447077083,2.356227934,2.102646246
Ilp5,0.254209339,0.520292387,0.075540634,5.036118813,4.073842413,3.759213048
Ilp3,2.854005383,4.801898218,3.830249039,6.442657633,4.690045675,4.240390798
Ilp1,3.47453999,4.577143809,3.57439664,0.130597294,0.24260175,0.035045714
Cka,8.788586164,8.039050483,8.114490815,7.960412842,8.084511789,8.017578712
Chro,7.43650771,7.661707525,7.448613055,6.34892521,6.79556272,6.648056186
CG32052,4.053740043,3.714787901,3.567871627,5.220641144,5.554427389,5.714645536
Pmi,0.089806327,0,0.075540634,0,0,0
Atg2,3.665548527,3.656363675,3.567871627,3.598015893,4.273736586,4.376414565
snoRNA:M,0,0.041172495,0,0.033774261,0,0
mRpS5,5.516217951,5.858031014,5.826416591,7.21957462,7.10956031,7.143687646
mRpS21,5.257457171,5.428408824,5.32869329,4.92464732,4.66075188,4.839876969
TotZ,0,0.158077041,0.075540634,0.360915446,0,0
TotX,0,0,0.075540634,0.033774261,0,0
TotF,0,0,0,0,0.126394328,0
Spec2,4.124509339,3.994404013,4.384717307,3.155645895,3.672479775,2.862008643
Pak3,7.980220336,7.602552057,7.513715867,6.431615191,6.033209392,6.032830684
Gos28,5.29806082,5.49103964,5.487511112,5.666457451,5.436352821,5.56456776
FucTC,1.171483865,1.009519467,1.293610521,0.649368125,1.090356876,1.057920648
tefu,3.370871946,3.983883763,4.129533993,3.999430784,4.439161333,3.683925124
Proc,3.292655298,3.484177277,2.610417859,7.028900606,7.523340647,7.09754943
fdl,6.768160724,6.366714382,6.239538538,6.075558858,6.640463059,6.110357793
bwa,4.42979927,4.426023581,4.373536533,6.035484527,6.082124267,6.25160631
Stim,6.472988769,6.440701232,6.740104763,5.90069886,5.653977766,5.764440519
mthl12,0.045601845,0,0.075540634,0,0,0
mthl11,0,0.36680871,0,0,0,0
Gr93d,0,0.041172495,0,0,0,0
Gr93c,0,0.231061681,0,0,0,0
Gr93b,0.470264926,0.19503084,0.403305984,0,0,0
Gr92a,0,0.041172495,0,0,0,0
Gr85a,0.292540976,0.266214546,0.764538089,0.066775902,0,0
Gr77a,0,0.266214546,0.075540634,0.559476377,0,1.404621044
Gr64a,0,0,0.280984078,0.033774261,0,0
Gr59b,0,0,0,0.033774261,0,0
Gr59a,0,0,0,0.033774261,0,0
Gr36c,0,0,0,0,1.404968185,0
Gr36a,0.254209339,0.490874211,0.936477292,0.250347622,0,0
Gr28b,3.199904988,3.994404013,3.372049038,1.079480821,1.319338022,0.16728912
Gr22b,0,0,0,0.033774261,0.043373527,0
bin,0.045601845,0,0.075540634,0.066775902,0,0
CHKov1,0.329880465,0.924055416,0.147321929,0.334057725,0.204896494,0.035045714
S-Lap3,0.850272436,0.19503084,0,0.033774261,0.24260175,0.035045714
Uhg1,4.338857834,4.914199705,4.546118547,4.447620155,4.150225023,3.908418492
vsg,7.661643172,7.67750277,7.493200855,7.927804939,8.266395186,8.481582796
yuri,0.535646052,0.577388071,0.620641262,0.221328946,1.676941004,0.102682134
RacGAP84C,0,0.041172495,0,0.066775902,0.085481031,0.069260254
ham,0.401779573,0,1.499628432,2.76119114,0,1.482857594
btz,6.774099251,5.887255952,5.934346447,6.659301755,6.589707167,6.616949841
bai,7.344577116,7.636741535,7.749648533,6.90092256,6.588335029,6.774952121
niki,1.108418423,1.838558782,0.976440789,1.700545187,0.867152957,0.288421873
Gclm,6.120240996,5.880182317,6.281018422,5.237043683,5.728950245,5.574279554
vig2,7.225488016,7.149302223,6.997250446,6.962225189,7.167066173,7.208203318
CG1109,4.764082179,4.809365271,4.866317684,4.412748461,4.092030136,4.944962302
CG17230,7.801741604,7.508891599,7.51879936,8.282033087,8.086781002,8.157461405
CG5938,7.045004077,7.243541289,7.131626937,8.132360626,8.227259084,8.20584217
CG3502,0,0.901874222,0,0.19171458,0,0
CG12880,5.079811321,4.980523981,5.034290771,0.852277114,0.792853288,0
CG12699,0.824342362,1.14788529,0.809481815,0.794343545,1.783103912,1.057920648
CG11534,3.598284698,4.020373829,4.111700845,4.130077351,4.307484608,3.986586603
CR9284,0,0.549122661,0,0,0,0
CG7148,5.176500332,5.140634536,5.289572403,5.796957714,5.166543338,5.660267072
CG10650,6.763903903,6.886005509,7.00330812,5.75517763,5.244109294,5.436900224
gskt,0.567258051,0,0,0,0,0
Wsck,2.449904106,1.624980653,1.443705866,1.752179603,1.757286554,0.16728912
Tre1,1.899044333,1.541357195,2.218904359,1.423178261,0.166179293,0.837424361
Stlk,4.950931436,5.573164216,5.33254766,4.956913324,5.04510418,5.227506757
RNaseP:RNA,0.949569261,0.736253047,0.853067622,1.289769207,1.048393528,1.188174903
Liprin-alpha,3.850350105,3.721135808,3.303008358,2.877359226,3.19361957,3.014661476
Haspin,5.500952695,5.933091777,5.516602051,5.685838764,5.817498552,5.631931745
pncr017:3R,1.741702851,1.291300791,1.655458917,5.223387884,4.932820252,4.936877808
CG17278,5.292160892,5.654185844,5.400221405,1.473269147,1.547354071,0.837424361
CR14033,0.174348395,0,0.936477292,2.683529598,2.771771392,1.404621044
Pif2,0.214831388,0.041172495,0,0.033774261,0,0.035045714
Pif1B,0,0,0,0.099039483,0.166179293,0
Obp83g,0.658139045,0.041172495,0.403305984,0,0,0.035045714
Obp83ef,0,0.231061681,0.569299184,0,0,0
Obp83cd,0,0.120151752,0.343441058,0,0.085481031,0.400167095
Obp56c,0.174348395,0.041172495,0.215700384,0.099039483,0,0.035045714
Obp56b,0,0,0,0,0.126394328,0
Gr98d,0,0.266214546,0.215700384,0,0.126394328,0.035045714
Gr98c,0.174348395,0.120151752,0.075540634,0,0.417626289,0
Gr98b,0.254209339,0.967420201,0.075540634,0,0,0
CG31750,0,0.158077041,0,0,0.417626289,0
CG6429,0.503325831,0.430174687,0.460785459,0,0,0.259078775
ND-13B,6.918967243,7.210083035,7.354603688,7.755706899,7.793626219,7.807989902
CR32730,0,0,0,0.733985886,0.513278718,1.336018175
CG33939,0,0,0.215700384,0,0,0
CG31142,4.507220204,5.091257103,5.305348283,4.6228916,4.602131222,4.318919913
CG32276,8.539069322,8.817058776,8.831495466,7.058427814,7.051991403,7.19058326
CG32147,4.311119041,4.329612975,4.264778988,4.884719401,4.927042327,4.850982574
CR32385,0.214831388,0.158077041,0.343441058,0.033774261,0,0
CG32235,0.254209339,0.761109441,0.280984078,0.033774261,0.24260175,0
CG32148,0,0.081202514,0,0,0,0
CG31468,0.045601845,0.041172495,0,0,0,0
GstT1,5.95157584,5.9880827,6.180884432,4.513436933,4.611167697,4.383230448
CG30001,1.565076965,1.791075026,2.391413548,4.051881587,3.557510291,3.730102424
GstT2,4.184344147,4.356366801,4.46416451,3.827158318,4.047455642,3.529671627
CG30007,5.245294152,5.175722894,5.287588233,5.23794949,5.388801838,4.944962302
CG30008,0.366277874,0.398839565,0,1.968446736,2.74574859,1.532753413
CR30009,0.045601845,0.120151752,0.718149104,0,0,0
CG30010,3.888389754,4.208332669,4.86897408,5.431701398,5.281948446,4.727871013
gem,3.885257813,4.060977018,3.878503737,4.625662769,4.389605181,4.597667515
CG30015,3.169331729,2.757235691,2.743756146,4.501417132,4.376945524,4.773981399
mthl13,0,0.120151752,0.343441058,0.19171458,0.279346616,0.713098814
CG30020,5.430723953,5.166449125,5.125979118,5.827968684,4.544805246,5.280492552
metro,5.072945513,5.269659499,5.33447099,5.885171748,6.137588364,6.38025061
CG30022,5.075695758,5.081422262,4.953999061,4.064191035,4.203775681,4.499143295
CG30026,0.771040734,0.158077041,0,0,0,0
CR30029,0,0,0,0,0.204896494,0
CG30033,1.289901972,0.901874222,0.895375166,1.792196519,1.110889535,1.108154106
Tret1-1,1.308726695,1.678152691,1.195435982,4.260605915,4.333925904,3.908418492
CG30036,1.416791103,1.070450879,2.532134963,1.046771834,0.767211364,0.970104318
CG30037,0.743632778,0.081202514,0.215700384,1.556949428,0.279346616,0.646672929
CG30039,0,0,0,0,0.085481031,0
CG30043,0.401779573,0,0,0.066775902,0.659827649,0
s-cup,1.971715508,1.14788529,1.964515325,2.776234091,3.420292692,3.199787437
Cpr49Aa,0.366277874,0,0,0,0,0
CG30046,0,0,0,0,1.820983826,0.528678517
CG30047,0,0,0,0.066775902,1.469991358,0
CG30048,0,0,0.075540634,0,0.043373527,0.102682134
CG30049,0.214831388,0,0,0,0,0
CG30051,4.42979927,4.650484375,4.750087514,4.523872734,4.196589314,4.177085037
Obp49a,0.329880465,0.605110328,0.936477292,0.334057725,0.714518384,0.817433287
CG30053,1.064789212,1.109687544,0.403305984,0,1.833392622,1.738111668
CG30054,0.598192202,0.605110328,0.569299184,1.111464636,0.842809102,0.553062079
CR30055,4.011274747,4.603153307,4.26880771,5.803702966,5.175099805,5.990495177
CG30056,0.089806327,0.266214546,0,0,0,0
CG30062,0,0.300531207,0,0,0,0
CG30065,0.089806327,0.041172495,0,0,0,0.229126454
CG30069,3.37534349,3.284339015,3.561316968,1.579992895,3.444762007,3.053635929
CG30075,0,0.041172495,0,0,0,0
CG30076,0.045601845,0.300531207,0.075540634,0,0,0.035045714
Blos1,6.759206847,6.970358719,6.92888123,6.307674813,6.343016142,6.227190418
Ir51b,0,1.526936274,1.703873911,0.926071582,0.085481031,0.857142206
CG30083,0.045601845,0,0,0,0,0.776600407
Rif1,0.535646052,0.490874211,0.460785459,0.438612949,0.24260175,0.553062079
CG30089,6.537251997,6.116432409,6.184087806,6.489428217,6.713188333,6.769434704
CG30090,0,0,0.403305984,0,0,0
CG30091,0,0.081202514,0,0,0,0
CG30094,4.132456058,4.473796607,4.492003018,4.092511108,4.215673977,4.279276411
CG30095,0.658139045,0.158077041,0.620641262,0,0,0
CG30096,3.609715384,3.682622513,3.619263638,3.645210745,3.785360749,3.282320783
CG30098,0.089806327,0,0.215700384,0,0,0.478639091
CG30099,0.214831388,0.231061681,0,0.066775902,0.450220187,0
CG30101,0.687203533,0.36680871,0,0,0,0
NT5E-2,3.690882513,3.330739702,3.326390953,1.52167906,0,0
CG30105,3.470365998,4.040818261,3.763291298,3.189752158,3.887073869,3.964032338
CCHa1-R,3.148583574,2.958700892,2.948503801,2.402529768,2.593573794,3.199787437
CG30108,0.132696544,0.334050524,0.075540634,0.066775902,0,0
CG30109,4.765786204,4.795896624,5.020020736,4.806280977,5.037080008,4.895761495
CG30110,0.401779573,0.158077041,0.620641262,0.221328946,0,0.198539073
GEFmeso,7.015944647,6.750603037,6.899300993,3.770692062,3.835572205,4.554539658
Ttd14,5.397035906,5.272903839,5.249361055,8.176141194,7.931855448,8.095907804
CR30121,0.174348395,0.300531207,0.280984078,0.19171458,0.043373527,0.345376129
CG30122,6.367522737,6.176564639,5.767841914,5.873561475,6.105973517,5.732103108
Ir56a,3.199904988,2.799842368,2.684670739,2.396052074,2.74574859,3.144696241
Obp57e,0.045601845,0,0,0,0,0
Hil,1.65609121,1.569773665,1.126066663,0,0.513278718,0
CG30148,0.132696544,0,0,0.19171458,0,0.135347252
CG30151,0,0,0,0,0.085481031,0.734578078
CG30154,1.782675972,1.81501225,1.773579932,0,0.126394328,0.069260254
CG30156,5.155855755,5.315478663,5.610071127,4.666603962,4.303030224,4.560565533
CG30157,0.973361179,0.80957322,0.215700384,0.996274402,0.891092845,1.336018175
CG30158,3.214952037,3.26708905,3.528089392,3.750521859,4.0096841,4.112925115
CG30159,1.713726341,2.142762288,1.443705866,1.968446736,1.676941004,1.482857594
CG30161,0,0,0.147321929,0,0,0.035045714
Cpr60D,0.045601845,0.081202514,0,0,0,0
Brca2,3.436532061,4.203806866,3.878503737,4.446053231,4.147743029,3.936493378
CG30172,9.757870955,9.90843889,10.03859739,8.770711569,8.636563489,8.751602542
CG30177,0,0,0,0,0.043373527,0
CG30178,0.43642859,0.761109441,0.215700384,0.512338969,0.687432158,0.528678517
ppk3,0,0.430174687,0.516062327,0,0.085481031,0.035045714
CG30183,5.544288015,4.713924586,5.020020736,5.281651466,4.587554088,4.977980795
CG30184,3.453548211,3.15433616,2.844370035,3.140224834,2.947583989,1.705851653
AIMP3,6.488035141,6.669225193,6.809505624,6.390251583,6.498174554,6.551893759
CG30187,0.329880465,0.490874211,1.727485453,0,0.482093952,1.074860222
CG30195,0.132696544,0,0,0,0,0
CG30196,0,0,0.075540634,0.099039483,0,0
CG30197,1.289901972,0.632309912,2.150681236,2.815598269,3.0521471,3.470095355
CG30203,0.43642859,0.19503084,1.355534777,0,0.043373527,0.102682134
CG30222,0,0.041172495,0.075540634,0,0,0
CG30259,0,0,0,0,0.085481031,0
stum,2.898178234,2.915069211,3.851895069,2.745989681,2.303685542,3.815729252
CG30265,0,0,0,0,0.417626289,0
CR30267,0.132696544,0.879346663,0.569299184,0.360915446,0.74110543,0.400167095
CG30268,0,0,0,0.033774261,0,0
CG30271,2.610244345,2.775649983,2.003720007,6.088171154,5.977694889,5.908415926
MFS1,0.089806327,0,0,0,0,0.069260254
CG30274,0,0.120151752,0,1.289769207,1.69064652,1.482857594
CG30275,0,0,0.215700384,0.130597294,0,0
Oatp58Da,0,0,0.075540634,0,0,0
CG30278,0,0,0.075540634,0,0,0
CG30280,0.366277874,0.36680871,0.403305984,0.066775902,0.714518384,0
CG30281,0.43642859,0.736253047,0,0,0,0.035045714
CG30284,1.983479289,1.128912832,1.679869498,1.985806041,0.867152957,2.472232565
CG30285,1.231907565,0.901874222,1.324904867,2.216533582,1.951941571,2.043638334
CG30286,0.214831388,0,0,0,0,0
CG30287,0,0,0.215700384,0,0,0.069260254
CG30288,0.045601845,0.158077041,0.075540634,0,0,0.345376129
CG30289,0.658139045,0.490874211,0.670218812,0,0,0.069260254
CG30291,6.084502849,5.775041099,5.930536855,5.888059775,5.651351921,5.631216182
Cht12,0,0.158077041,0,0,0,0
Ipk1,0.567258051,0.605110328,0.343441058,0.306690511,0.085481031,0.035045714
RIC-3,6.534255889,6.494034837,6.346336243,6.271416798,6.244826757,6.366558104
CG30323,0.132696544,0,0.147321929,0,0.043373527,0
CG30324,0.045601845,0.041172495,0,0,0,0
CG30325,0.329880465,0,0.280984078,0,0.043373527,0.035045714
CG30334,0.132696544,0,0,0,0,0.035045714
CG30338,1.899044333,1.555635393,1.727485453,1.473269147,0.384278962,2.086031671
CG30339,0.973361179,1.030117199,1.385527878,0.774503582,1.069527769,0.426801509
CG30340,0.132696544,0.19503084,0.403305984,0.334057725,0.279346616,1.23414005
Prp38,5.116332423,5.237915576,4.86897408,4.358807683,4.523903543,4.418494914
CG30343,2.854005383,3.371665015,2.844370035,2.085791568,2.495477966,2.127214766
CG30344,4.580697164,4.601433853,4.56262166,4.728496785,5.085866017,5.152692054
CG30345,0.045601845,0,0,0,0,0.035045714
CG30349,4.531463017,4.660427833,4.747202715,3.379014329,4.047455642,3.60157144
CG30350,0.292540976,1.030117199,0.343441058,0,0,0
UQCR-11L,0.174348395,0.081202514,0.343441058,0.221328946,0.085481031,0.229126454
CG30355,0,0.231061681,0,0,0.384278962,0.16728912
CG30356,0.132696544,0.19503084,0,0.46360926,0.573696073,0.259078775
CG30357,0.850272436,1.009519467,0.620641262,0.221328946,0.384278962,0.503875743
Mal-A5,1.947896209,1.826833554,1.703873911,3.388834904,2.895278196,3.440992657
mtt,2.159717845,2.065044865,1.443705866,2.963120107,3.42849533,3.356928676
boly,0.797937693,0.988623391,0.343441058,0.306690511,1.246975234,0.776600407
CG30371,0,0.041172495,0,0,0,1.005874807
Asap,4.476332343,4.263738885,4.598277377,5.141529185,5.962946614,5.628350376
CG30373,2.976789207,3.15433616,3.303008358,3.124637153,3.240961828,3.370712444
CR30374,0,0.081202514,0,0,0,0
CG30375,0,0,0,0,0.043373527,0.035045714
CG30376,0.132696544,0.041172495,0.620641262,0.033774261,0,0
CG30377,1.212046198,1.325032758,1.964515325,0.713292167,1.43784607,1.508021199
CG30378,0,0.041172495,0.147321929,0,0,0.035045714
CG30379,2.040900983,2.586957483,2.299882543,2.002958951,1.996761682,2.577014533
CG30380,0.292540976,0.577388071,0.620641262,0.250347622,0.384278962,0.317180035
CG30381,3.507504182,3.930100075,3.710951346,3.647939413,3.183961797,3.860377708
CG30383,0.174348395,0,0.075540634,0,0,0
CG30384,0,0,0,0.033774261,0.043373527,0.035045714
CG30385,0,0,0.403305984,0,0.543803643,0
CG30389,7.503656682,7.056340755,6.92888123,7.301575368,7.247505376,7.187422742
Sgf29,4.569033294,5.028659794,5.089999968,4.856687283,4.643238227,4.569557415
CG30391,0,0.300531207,0.075540634,0.066775902,0,0
CG30392,6.589663486,6.809131421,6.735745292,6.110104474,6.098281739,6.030119022
CG30393,0.045601845,0.041172495,0,0,0,0.069260254
CG30394,5.833047229,5.778088711,5.996401935,5.078200298,5.257984086,5.298632276
CG30398,0.214831388,0.19503084,0.280984078,0.033774261,0.126394328,0.45295311
CG30401,0.598192202,0.334050524,0.670218812,0.2787941,0,0
CG30403,4.883470496,5.165285702,5.313172,4.671976044,4.46331535,4.921742487
Tango11,7.844901076,7.972598083,7.908819061,7.438483716,7.367283389,7.478668805
CR30409,0.214831388,0.490874211,0,0.066775902,0.043373527,0
Rpi,6.634186759,6.725168667,6.681622201,6.094686231,5.90607405,5.685301594
CG30411,0,0.041172495,0,0,0,0
CG30412,0,0.120151752,0.569299184,0,0,0
CG30414,1.150766861,1.357994016,1.924215439,1.762288373,1.131134066,1.716685341
tbrd-3,0.045601845,0,0.215700384,0,0.043373527,0
nord,6.782961459,6.719631307,6.71226965,7.024182673,7.250110949,6.922911126
CG30419,0.900774972,0.761109441,0.620641262,1.331102989,1.069527769,1.20365991
Usp15-31,3.127532669,3.685871515,3.631830603,4.253456924,4.058068334,3.941119865
CG30423,7.476078438,7.697358889,7.818258996,6.282873051,6.541833921,6.568808605
CG30424,2.994337654,2.903951946,3.255074579,6.300322312,6.473611301,6.27148885
CG30428,5.186712885,5.421603842,5.265580335,5.032990945,5.064971499,4.896952655
CG30429,0.089806327,0,0,0,0,0
CG30430,0,0,0.215700384,0,0,0.035045714
CG30432,0,0,0,0,0.043373527,0
CG30438,0.996767095,1.325032758,2.315546691,3.08893662,3.282280965,2.077652076
CG30440,0.329880465,0.120151752,0.895375166,0,0,0.035045714
CG30441,0,0,0.215700384,0,0,0.035045714
Opbp,4.950931436,4.923863332,5.050762687,4.302771522,4.717083334,4.585898371
Tdc2,0.743632778,0.833207966,0.569299184,0.813914366,2.113286957,3.560066515
CG30456,0.535646052,0,0,0,0,0.669156436
CG30457,0.045601845,0.081202514,0.075540634,0,0,0
CG30460,2.953054221,2.586957483,2.708596057,0.130597294,1.228302843,1.091603205
ste24c,0.214831388,0.231061681,0,0,0,0
CG30463,6.875041334,6.586896825,6.474834523,7.178173955,7.047338363,7.18961153
Ir52d,0,0,0,0.130597294,0.126394328,0
CG30466,3.352845877,3.639705834,2.938422218,3.182242363,2.600850423,2.822435295
CG30467,7.349130777,7.008810581,7.171983109,5.535547228,5.526996466,5.562317262
Ir52c,0.089806327,0,0,0,0,0.102682134
Ir52b,0,0,0,0,0.417626289,0
CG30471,0,0,0,0.099039483,0.043373527,0.035045714
CG30472,0.089806327,0.081202514,0.147321929,0.360915446,0.043373527,0.035045714
ave,4.753815541,5.183788826,5.180459588,4.498396469,4.414596026,4.006588299
CG30479,0.174348395,0.081202514,0.147321929,0.130597294,0,0.135347252
CG30480,0.254209339,0.36680871,0.670218812,0.438612949,0.482093952,0.317180035
CG30484,0,0.120151752,0.280984078,0.066775902,0.891092845,0
CG30485,0,0,0.718149104,0.033774261,0.043373527,0.373031704
CG30486,0.254209339,0.158077041,0.280984078,0.306690511,0.043373527,0.345376129
CG30487,0,0,0,0,0.043373527,0
antr,0.329880465,0.300531207,0.516062327,1.142754737,0.35014255,0.623833477
Cyp12d1-p,0,0,0,0.066775902,0.043373527,0
CG30491,5.477227685,5.58365314,5.592498549,6.202557683,5.981184273,5.970267534
CG30493,6.220569487,6.173674674,6.227168994,6.323548954,6.228477205,6.628110783
CG30495,2.841132103,2.72601307,3.026716412,3.237635504,3.557510291,3.263973485
CG30496,5.963504309,5.912437657,5.767841914,3.865175085,3.619726415,3.828270838
CG30499,4.635780192,4.616835659,4.718032951,4.936971249,5.039759694,4.909990915
fa2h,1.363770477,1.918070837,0.516062327,1.752179603,1.704223059,1.592790272
CG31002,0,0,0,0.066775902,0,0
mesh,1.886568446,0.041172495,0.569299184,4.625662769,3.672479775,4.719816254
qless,5.026792762,5.251135811,5.394701604,6.356034738,6.325004493,6.255790506
CG31007,0.214831388,0.041172495,0,0,0,0
CG31008,0.045601845,0,0,0.099039483,0,0
CG31010,0,0.041172495,0,0,0,0
PH4alphaSG1,0,0,0,0.033774261,0.204896494,0.035045714
CG31016,0,0.041172495,0,0.130597294,0,0.102682134
PH4alphaNE3,0,0,0,0.033774261,0,0
CG31019,0,0.041172495,0.670218812,0.627414808,0.166179293,0.102682134
CG31021,0,0,0,0,0.867152957,0.135347252
Ppi1,2.89195003,2.104426839,1.773579932,0,0.867152957,0
CG31028,0.045601845,0,0.343441058,0,0,1.520440304
CG31029,1.596057418,2.409664977,2.202148642,0,1.905684269,0.102682134
CG31030,10.19968028,10.16427342,10.09009379,10.86946199,10.83158838,10.85217114
CR31032,3.91012501,4.164753286,4.142765667,4.931382511,4.9921311,5.077991552
CG31036,0.503325831,0.632309912,0.215700384,0.033774261,0.35014255,0
CG31038,6.358516908,5.650864611,5.519986267,4.222672188,4.469291193,4.556048488
Cog7,6.560508692,6.600303089,6.627743908,6.47298039,6.392074634,6.06444922
CG31041,0.045601845,0.520292387,0.460785459,0.306690511,0.085481031,0.198539073
CR31044,1.416791103,1.274134361,1.796086408,0.033774261,1.265409039,0.16728912
CG31051,5.0618918,5.135890942,5.193234371,5.044426792,4.676334423,4.822429847
CG31053,0.797937693,0.460843657,0.895375166,0.066775902,1.319338022,0.646672929
CG31055,2.594988841,2.170859845,2.948503801,0.033774261,0.126394328,0.035045714
CG31064,6.437079793,6.19606436,5.820939396,6.69172911,6.761471599,7.053897137
ppk31,0.132696544,0.120151752,0.215700384,0,0.279346616,0.035045714
CG31068,0.687203533,0.334050524,1.161168219,1.37128545,0.126394328,0.069260254
Lerp,5.595012017,5.133513283,5.105851366,6.041203907,6.095708673,6.255790506
CG31075,8.012694248,7.876876265,7.858246033,5.618573384,5.53556546,5.550254954
CG31076,0.598192202,0.577388071,0.343441058,0,0,0
CG31077,0,0.081202514,0,1.831133353,0.482093952,1.683937117
TwdlH,0,0,0.075540634,0,0,0
CG31087,0,0.120151752,0.075540634,0.889646124,0.279346616,0
CG31088,0.132696544,0.041172495,0.075540634,0.221328946,0.279346616,0.135347252
CG31089,0.214831388,0,0.147321929,0,0,0
CG31091,0.43642859,0.041172495,0,0,0,1.840715096
LpR2,6.412271513,5.717467011,5.819566842,6.271859109,6.113624504,6.118550093
CG31093,0,0.158077041,0,0.099039483,0,0
CG31097,0.045601845,0.041172495,0,0,0.085481031,0.069260254
CG31098,5.05354558,5.28151991,5.502985239,5.458371991,5.605061067,5.728093146
CG31099,0,0,0,0.033774261,0,0
CG31100,0,0.334050524,0.215700384,0.066775902,0,0.577040364
CG31102,0.045601845,0.158077041,0,0,0.043373527,0.069260254
CG31103,0.132696544,0,0,0,0,0
CG31104,0.366277874,0.120151752,0.215700384,2.402529768,1.469991358,2.817411421
ppk22,0,0,0.215700384,0,0.631684635,0
CG31106,0.045601845,0,0,0,0,0
CG31108,6.550163708,7.056026924,6.740830062,6.032877294,6.00948327,5.453996204
CG31109,6.568341093,6.860354025,6.841641251,6.194647941,6.227889852,6.440716286
CG31111,3.361887065,3.275739814,3.452177832,3.052330187,3.10939107,3.195921362
CG31115,0.900774972,0.685217387,0.670218812,0.066775902,0.960617448,1.124517283
ClC-a,1.741702851,1.81501225,2.235467704,0.46360926,1.246975234,1.249141988
RabX4,8.756379304,8.95549187,8.997431351,8.137345202,8.047377542,8.067493376
HDAC11,2.898178234,2.805827604,2.284046452,4.229974976,4.582049465,5.072730721
CG31121,0.329880465,0.80957322,0.895375166,0,0.085481031,0.069260254
CG31122,4.624554966,4.926612521,5.041373205,5.117121116,4.593037788,4.696747148
CG31125,5.3591601,5.310225014,5.608482436,5.50727595,5.813589368,5.813205057
CG31126,5.031050012,5.53494001,5.519986267,5.689154212,5.435335596,5.74075331
CG31128,0,0.120151752,0,0.488179846,0.126394328,0
Slimp,4.503139832,5.207719529,5.220531014,4.196817334,4.287330674,4.71712131
CG31140,8.416831206,8.240845694,8.150963504,8.847423696,9.049226826,8.912126402
CG31141,0,0.266214546,0.147321929,0,0.417626289,0
CR31144,0.089806327,0.041172495,0,0.099039483,0,0
CG31145,6.836643345,6.139721041,6.176602172,6.92811614,7.084798006,6.997544992
Nlg1,0,0.231061681,0,0.033774261,0.085481031,0
Gba1a,0.503325831,0.632309912,0,0.033774261,0.085481031,0
wge,4.541445179,5.01967535,4.981262497,6.158268219,5.799427943,5.297730686
Rpb7,4.423335953,4.632074774,4.428593535,3.052330187,3.119559364,3.074841929
CG31156,1.861288273,2.572987425,2.115320432,2.555684292,2.163293657,2.324250111
CG31157,0,0,0,0.033774261,0,0
Efa6,5.414521486,5.390079954,5.647684144,6.310691456,6.676638403,6.513967934
EF-G2,3.325377297,3.322413459,3.57439664,4.253456924,2.958954388,3.554038551
CG31161,0.089806327,0.19503084,1.161168219,1.924112038,1.354202323,0.837424361
SKIP,8.336983382,8.574720682,8.526895322,7.504897327,7.393446386,7.2875478
Ir94a,0,0.041172495,0,0,0,0
CG31174,0.254209339,0.761109441,0.936477292,1.247216179,0.573696073,0.45295311
CG31176,1.308726695,1.185097719,0.809481815,0.19171458,0.166179293,0.373031704
CG31183,3.384245213,2.841226766,3.127772224,3.14409558,3.104279921,3.532740095
LSm3,5.808457189,6.176564639,6.301811137,3.259210649,3.212743299,3.547985294
CG31189,0,0.041172495,0,0,0,0
CG31191,3.582901524,3.438679681,3.091838325,3.975734231,4.902224661,3.853031597
CG31195,3.499333477,3.786155017,3.650478154,3.325478108,3.0144998,3.563071078
CG31198,0.687203533,0.081202514,0,0.033774261,0,0
CG31199,0.132696544,0.577388071,0,0.2787941,0.513278718,0.45295311
CG31200,0.503325831,0,0,0.692297297,0.35014255,1.23414005
GluRIIE,0.797937693,0.659006168,0.460785459,1.063219023,1.404968185,1.005874807
alpha-Man-Ic,1.935837444,2.433055153,2.420677362,1.384434689,0.315178801,1.639083386
CG31204,0,0,0,0,0,0.069260254
CG31205,0,0.041172495,0,0.066775902,0.513278718,0.345376129
CG31206,0,0.041172495,0,0,0,0
CG31207,0,0.120151752,0,0,0,0
CG31211,5.957552403,5.779610105,5.574709288,5.972116928,6.067097859,6.198494999
CG31213,1.171483865,0.430174687,1.443705866,0.2787941,0.543803643,2.352309697
Naam,4.331972976,4.874884586,4.798266591,5.378477764,5.573970542,5.703115678
modSP,0.089806327,0.761109441,0,0.066775902,1.110889535,0
CG31219,0.254209339,0.761109441,0,0.066775902,0,0
CG31220,0.174348395,0.120151752,0.075540634,0,0.085481031,0
CG31221,8.3615601,8.476714173,8.433528017,11.24541881,11.32653632,11.33627227
CG31223,3.486989994,3.943735136,4.244464876,3.474335557,3.37856501,3.374137907
CG31224,7.387820721,7.212056224,7.109333461,7.166565464,7.208441894,7.250053185
Ir94f,0,0,0,0.033774261,0,0
CG31226,0.045601845,0,0.343441058,0,0,0
CG31229,5.016810049,5.439037936,5.368659558,5.458371991,5.051757065,5.41378581
CG31230,0,0.081202514,0,0,0,0
CG31231,1.670717286,0.041172495,0,0.161479554,0,0
CG31233,0.132696544,0.398839565,0.147321929,0,0,0
CG31235,1.626386559,1.452586776,2.185196033,0.75438697,1.190217021,0.198539073
CG31244,0.743632778,0,0.075540634,0,0.204896494,0
CG31245,0.174348395,0,0,0,0.043373527,0.45295311
CG31248,0.658139045,0.856461751,1.293610521,2.101802308,2.758818664,2.755719417
CG31249,5.864400225,5.997919105,6.034760908,4.178061717,4.32296753,3.970835717
CG31251,3.507504182,3.822034194,3.819303003,2.941041063,3.10939107,3.407952505
CG31259,0,1.166611482,0,0,0,0
CG31262,0,0,0,0.066775902,0,0
CG31265,0.254209339,0.081202514,0,0,0,0
CG31267,0,0,0.075540634,0,0,0.102682134
CG31268,0,0,0,0,0.043373527,0
CG31272,0,0,0,0.033774261,0,0
CG31274,0,0.041172495,0,0.033774261,0,0
CG31278,3.194854226,4.088243264,3.955506086,3.879177009,3.444762007,4.434989293
CG31279,0.089806327,0,0,0.53610018,0,0
Tpl94D,1.108418423,0.833207966,0.976440789,0,0,0
CG31286,0.045601845,0,0.075540634,0,0,0
CG31287,0.628476965,0.632309912,0.516062327,0.387282298,0.792853288,0.288421873
CG31300,0.174348395,0.520292387,0.075540634,1.568517169,1.516904971,2.221507141
CG31301,6.42364998,6.616993988,6.594423883,5.591897878,5.299943501,5.244450288
CG31313,0.824342362,0.231061681,0.670218812,0,0.482093952,0
HEATR2,1.064789212,1.555635393,1.053192621,0.774503582,2.294739378,0.988100422
CG31321,0,0,0,0,0,0.102682134
CG31323,5.138861751,4.652146384,4.76727621,3.88381428,4.042119876,3.961757396
CG31324,3.37534349,3.472936685,3.35698966,5.434864826,5.839965285,5.78259873
CG31326,0,0,0,0.033774261,0,1.377570087
CG31327,0.089806327,0.80957322,0,0.713292167,0,0
CG31337,0.214831388,0.520292387,0.620641262,0,0.767211364,0.577040364
CG31342,3.979319381,3.649723601,4.084530868,4.6228916,4.684919214,4.566566344
CG31343,0,0.120151752,0.147321929,0.161479554,0,0
CG31344,6.240314658,6.284982704,6.390452979,6.510571311,6.57176677,6.497179364
CG31345,5.814232467,6.303079551,6.282015376,8.159027199,8.276938579,8.341950561
CG31347,1.741702851,0.988623391,1.679869498,0.53610018,1.151098443,1.188174903
Unc-115a,4.423335953,4.2724097,4.460646621,4.603342923,4.362034136,4.371281437
Hsp70Bbb,0.973361179,0.632309912,0.280984078,0.221328946,0.204896494,0.426801509
CG31357,7.239352372,7.253703007,7.307402259,7.300058274,7.351462631,7.33336094
CG31360,4.132456058,4.319189475,4.256687635,3.750521859,3.92525315,3.882194238
dpr17,3.453548211,3.605801795,2.672557627,3.682950303,3.753067339,3.845647888
Jupiter,9.844124106,10.05131918,10.00676334,8.208155099,8.209964744,8.277445806
CG31365,5.056333022,4.930726507,5.199579592,4.306230321,4.243835797,4.448050349
CG31368,4.796119427,4.573640176,5.158913647,2.781213753,3.844795359,4.202356285
CG31370,0.132696544,0.460843657,0.280984078,0.099039483,2.007752473,1.616122503
CG31371,0.174348395,1.185097719,0.895375166,0.130597294,0.914641953,0.734578078
sals,1.899044333,1.850189483,2.449359368,2.238424221,2.07199486,1.927205787
CG31380,0,0.041172495,0,1.127194515,0,0
CR31386,1.580650349,2.003879786,1.443705866,2.036664815,2.564094611,2.78689515
CG31388,5.87549099,6.000530859,6.462575589,6.572920765,6.90542604,6.940058009
MED7,6.928126904,7.275163014,7.226339213,5.614394115,5.454541292,5.515003242
CG31391,0.045601845,0,0.215700384,0,0.085481031,0
CG31404,0.535646052,0.266214546,0,0,0,1.005874807
CG31406,0.132696544,0,0,0,0,0
Npc2e,0.045601845,0.041172495,0,0,0,0.035045714
CG31413,0,0.081202514,0,0,0.204896494,0
Gba1b,0,0,0,0,0.315178801,0.16728912
CG31415,0,0.081202514,0.403305984,0.099039483,0.279346616,0.288421873
CG31419,0.045601845,0,0,0.130597294,0,0
Ir94c,0,0,0,0.099039483,0.792853288,0.035045714
Ir94b,0,0,0,0.033774261,0,0
CR31427,0.045601845,0.041172495,0,0,0,0
CG31431,0,0.71096088,1.090089724,0,0,0
CG31436,0.900774972,0.490874211,0,0.033774261,2.615294494,1.569074485
Muc96D,2.128271498,3.314038884,2.672557627,2.447077083,2.050896994,2.190756053
CG31441,2.587300166,3.1211194,2.876406888,3.933864083,3.488572151,3.120426131
CG31445,0.089806327,0.120151752,0,0.066775902,0,1.140696948
CG31446,0.132696544,0,0,0,0,0
mRpS18A,5.989259003,6.259041471,6.438635083,6.863554841,6.756593181,7.031023083
CR31451,9.537378207,9.758108212,9.666793478,12.2225683,12.20077657,12.27566529
pch2,5.943317428,6.054313031,5.802993525,4.620115097,4.882954142,4.531715776
CG31454,0,0,0,0.066775902,0,0
CG31457,3.891514911,4.509074686,4.272825213,3.519733931,3.568686387,4.297431337
CG31460,5.710994989,5.865930142,5.996401935,3.4650819,3.626872648,3.479667239
CG31464,0,0,0,0,0.126394328,0
CG31467,2.06324465,2.486201158,2.55870404,0.833223249,1.74420253,1.769666069
CG31469,0.797937693,1.009519467,0.895375166,1.556949428,1.79584138,1.557068777
sgll,6.58532765,6.642301061,6.700387008,6.6326869,6.248885357,6.512025783
CG31473,3.729815473,3.524659319,3.326390953,2.651255333,3.159530669,3.560066515
CG31475,7.510533173,7.277318485,7.38647115,6.466425685,6.721139935,6.883193269
ATPsynepsilonL,1.467932039,1.678152691,1.655458917,0.19171458,0,0
pb,0.503325831,1.109687544,0.569299184,0.099039483,1.090356876,0.259078775
CG31493,0,0.041172495,0,0.46360926,0,0
CG31495,0.254209339,0.120151752,0,0,0.315178801,0
CG31496,0,0,0.280984078,0,0,0
nxf4,0,0,0,0,0,0.035045714
CG31510,6.290303679,7.038024753,6.861118343,7.232812085,7.397630566,7.205802294
CR31514,4.605649958,4.199266821,4.421372871,4.583525718,5.05573412,4.618035283
CG31515,0.132696544,0,0,0,0,0
CG31516,0,0,0,0,0.043373527,0
CG31522,6.444546239,7.01269703,6.916094712,6.502678918,6.457668461,6.723176412
CG31523,4.758957993,4.918349188,4.784262524,4.590634581,5.103903731,4.480194851
CG31524,0.089806327,0.460843657,0.075540634,0,0,0
CG31525,0.132696544,0.430174687,0.718149104,0,0.126394328,0.035045714
CR31526,0.045601845,0,0,0.53610018,0.043373527,0.135347252
CG31528,1.270828368,0.081202514,1.443705866,0.130597294,0.126394328,0.102682134
CG31533,0.503325831,0,0,1.762288373,0,0
CG31538,0.045601845,0.490874211,0.936477292,1.67936262,1.301584745,0.229126454
CG31546,0.43642859,0.520292387,0.280984078,0,0,0.035045714
CG31547,2.988511856,2.674607327,2.623061777,3.455768505,3.665556453,3.346503733
CG31548,1.596057418,1.906976767,0.403305984,0.943945139,1.131134066,2.077652076
CG31549,6.124231599,6.368231921,6.340605959,5.220641144,4.72376431,5.056832138
CG31550,6.472988769,5.765859446,5.663071353,6.197444569,6.421653293,6.311343987
CG31551,0.089806327,0.120151752,0,0,0.126394328,0
CG31559,1.129748022,0.120151752,0.343441058,0,0.043373527,0
Osi16,0.045601845,0,0,0,0,0
CG31601,0,0.120151752,0.215700384,0,0,0.035045714
CG31606,0.824342362,0.520292387,0.764538089,0,0,0
CG31612,1.741702851,1.541357195,2.268034601,2.019910315,1.717673025,2.102646246
nolo,8.009461574,7.915446065,7.961728952,6.777086066,7.046339328,7.011359601
CG31624,0,0,0,0.130597294,0.315178801,0.600626626
CG31626,0,0.041172495,0.569299184,0.306690511,0,0.503875743
CG31627,0.089806327,0,0,0.559476377,0.687432158,0.259078775
sens-2,0,0.120151752,0.460785459,0,0.417626289,0.229126454
CG31633,3.194854226,3.116311095,3.487178982,3.339049561,3.568686387,3.116341119
Oatp26F,2.740736918,2.953318552,2.022929939,0,0,0
CG31635,5.5273107,5.737175807,5.685848761,7.509968173,7.327812543,7.339287877
CG31636,1.517322013,1.838558782,1.293610521,2.877359226,3.0521471,2.928752816
CG31637,6.45567395,6.376298612,6.420641676,6.198840853,6.193407605,6.395500923
CG31638,5.819164371,5.875210056,5.553398845,5.872395292,5.553490127,6.079740148
CG31642,1.171483865,0.120151752,0.280984078,0.099039483,0,0
CG31643,4.539454264,4.088243264,4.817646684,4.412748461,3.785360749,4.293818583
CG31644,0,0.120151752,0.215700384,0,0,0
DIP-theta,7.988818024,8.037620663,8.034521972,7.33370695,7.188657139,7.260964861
CR31647,0,0,0.075540634,0,0,0
CG31648,5.546272275,5.436146845,5.697851252,5.998547393,5.807312556,6.172663736
Nnf1b,0,0.158077041,0,0,0.043373527,0
CG31659,0.598192202,0.577388071,0.853067622,1.046771834,0.983067192,0.317180035
pog,6.023848342,5.779610105,5.9330777,6.855019409,6.45164418,6.837706235
CG31661,0.045601845,0,0,0.033774261,0,0
CG31663,1.308726695,1.325032758,0.460785459,3.226725718,2.859323501,3.21896392
CG31664,0.329880465,0.231061681,0.895375166,0,0.043373527,1.057920648
wry,6.538747721,7.166557298,6.704854475,6.526227739,6.403042715,6.462602322
CG31668,0.045601845,0,0,0,0,0
CG31673,1.685196569,2.1332735,1.655458917,4.248071837,4.389605181,4.967814311
CG31674,0.43642859,0,0.280984078,2.815598269,3.357239674,2.359240143
CG31675,1.886568446,2.084870226,1.818247164,0.099039483,0.24260175,0
CG31676,8.549122866,8.664433497,8.905976015,7.189455685,7.013999348,6.805402242
CG31677,0.366277874,0.549122661,0.620641262,0.099039483,0.085481031,0.035045714
CG31678,5.491715405,5.599244913,5.265580335,5.387485845,5.239454552,5.219911949
CG31681,0,0,0.215700384,0,0,1.074860222
Tengl1,0.292540976,0,0.280984078,0,0,0
CG31683,0.174348395,0.120151752,0.215700384,0.130597294,0.126394328,0
CG31687,2.389292087,2.565951338,2.361543831,1.81179629,2.511010623,2.110882328
CG31690,5.41560733,4.936193635,5.158913647,4.444484603,4.593037788,3.311199608
CG31693,0,0,0,0.161479554,0,0.035045714
CG31694,7.240271942,7.243265653,7.301514906,6.634063774,6.385242845,6.488513718
CG31697,0.214831388,0.041172495,0.215700384,0.033774261,0.085481031,0.198539073
CG31698,0,0,0.075540634,0,0.166179293,0.102682134
CG31704,0,0,0,0,0.043373527,0
CG31706,3.073521035,2.793832198,2.218904359,3.990858822,3.587122947,3.777436759
DIP-zeta,2.052116072,3.130688198,2.684670739,2.720292462,3.212743299,0.45295311
CG31709,0,0.120151752,0.147321929,0,0,0
CG31710,0.687203533,0.520292387,0.809481815,0.161479554,0,0.600626626
CG31712,9.172805157,9.118026916,9.024638347,9.914281566,9.951764753,9.91217544
CG31715,7.254905905,7.553594606,7.747484816,6.052060161,6.136962809,6.40766973
Cnot4,6.464619654,6.477725351,6.670245035,6.628893705,6.508851295,6.689546173
CG31717,6.777059373,7.013667008,6.944076947,5.756442476,5.712249925,5.759210202
Ir31a,0.797937693,1.239176293,0.809481815,0.852277114,1.131134066,0
RluA-1,0.503325831,0.120151752,0.075540634,0,0,0.45295311
mthl15,2.06324465,2.377876227,2.449359368,3.492666691,3.869106003,3.00143245
Trim9,7.180524342,6.984609991,6.711529845,5.36527387,5.788316587,5.493116189
CG31728,0,0,0.215700384,0,0,0
CG31729,4.472163541,4.048410842,4.120644973,4.153309103,4.95428369,4.836156022
CG31735,0,0.041172495,0.075540634,0.066775902,0.279346616,0
AspRS-m,7.674626888,7.191630522,7.130520407,7.199022791,7.051327601,6.797451155
CG31740,0,0,0,0,0.043373527,0
CG31741,0,0,0,0.033774261,0,0
Prosbeta5R2,0.174348395,0,0.215700384,0.692297297,0.937812835,0.817433287
SoYb,0,0.833207966,0,0,0.767211364,0.16728912
CG31759,1.064789212,0.120151752,0.147321929,0.852277114,1.005172941,0.669156436
CG31760,2.307422518,2.345371222,1.882757398,4.160970624,4.876972592,4.713069431
CG31769,0,0.460843657,0.075540634,0,1.246975234,1.321897267
CG31773,0.254209339,0.081202514,0.147321929,0,0.043373527,0
fred,5.99508179,5.870934435,5.874797517,4.166690182,4.428976573,4.324242417
CG31776,0.470264926,0.460843657,0.569299184,0,0.085481031,0.035045714
CG31777,0.366277874,0.266214546,0.215700384,0,0,0
CG31778,0.045601845,0.36680871,0,0.130597294,0.043373527,0
CR31781,0.214831388,0.266214546,0.620641262,0,1.730998758,1.091603205
CG31784,0,0,0,0.033774261,0.043373527,0
CG31785,1.65609121,1.308265359,1.228908645,1.158148923,1.246975234,1.482857594
CG31788,0,0.334050524,0,0,0.043373527,0
CG31792,0,0,0,0.033774261,0.085481031,0.135347252
CG31793,7.252477197,7.572587756,7.580065941,7.883341605,8.194866875,8.244488093
CG31797,0.254209339,0,0,0,0,0
CG31798,0.366277874,0,0,0.161479554,0,1.321897267
CG31800,4.806090412,4.732896401,4.784262524,5.50577253,5.781928605,5.690806316
CG31802,0.132696544,0.041172495,0.215700384,0.221328946,0.315178801,0
CG31803,1.289901972,1.203350074,1.355534777,0.692297297,0,1.417958665
CG31805,0.214831388,0.988623391,1.526797288,0.733985886,0,2.691271057
CG31806,0.214831388,0.158077041,0,0.306690511,0,0.069260254
CG31807,1.741702851,2.409664977,2.150681236,0.794343545,1.283610278,1.363851994
CG31809,0,0,0,0.438612949,0,0
CG31810,0,0.398839565,0,0,0.043373527,0
CG31812,4.094991043,4.212844319,4.439357217,3.807767542,3.523452951,3.339511684
CG31813,0.045601845,0,0,0,0,0
CG31814,6.167414802,6.073045193,5.949485009,4.868433595,5.09620088,4.783029229
CG31815,2.117635196,3.032018319,2.491340747,1.850214657,1.209385607,2.102646246
CG31816,0,0.158077041,0.075540634,0,0,0
CG31821,0.089806327,0,0,0.033774261,0,0
CG31823,0,0,0,0.19171458,0,0.288421873
CG31826,0.045601845,0.041172495,0,0.033774261,0,0
CG31832,0.045601845,0.490874211,0.075540634,0,0.279346616,0.069260254
CR31845,0.045601845,0.081202514,0.280984078,0.161479554,0.914641953,0
CG31849,6.881735732,6.664703978,6.303775855,6.527710004,6.566666059,6.487723345
CG31851,0,0.041172495,0,0,0,0
Tap42,6.233557693,6.44022034,6.348241291,4.640809779,4.900751418,4.780449919
CG31855,7.129489166,7.42339863,7.33408274,6.113069711,6.058534925,6.184418242
t-cup,0.292540976,0.041172495,0.147321929,0,0.35014255,0.035045714
ZnT33D,0.292540976,0,0.147321929,1.782295868,0.450220187,0.102682134
CG31861,0.045601845,0,0.516062327,0.066775902,0.24260175,0.914728587
Qtzl,6.230475852,6.491716169,6.505033728,5.757706215,5.879394656,6.077115317
Ada1-1,1.399333176,1.861727169,2.202148642,1.460908527,1.283610278,1.604503555
Ada1-2,2.516193474,2.409664977,2.886929673,2.584456542,2.239865136,2.657934059
CG31869,0.900774972,0.081202514,0.620641262,0.75438697,1.547354071,1.417958665
CG31870,0,0.041172495,0,0,0,0
CG31871,0,0,0,0,0,0.035045714
CG31872,0.132696544,0.231061681,0,0.099039483,0,0
CG31874,0,0,0,0,0,0.102682134
CG31875,0.214831388,0.549122661,0.460785459,0.306690511,0.166179293,0.713098814
Cpr30F,0,0.041172495,0.075540634,0,0,0
CG31882,0,0,0,0.488179846,0.126394328,0.069260254
CG31897,1.381661402,1.569773665,1.228908645,1.218133808,0.417626289,1.908428757
CG31898,2.406871204,2.674607327,3.255074579,4.469380258,4.761590852,4.700845064
Mur29B,0,0,0,0,0,0.035045714
Spn28Da,0.089806327,0,0.147321929,0,0.043373527,0.135347252
CG31907,0,0.430174687,0.516062327,0.033774261,0.983067192,0
CG31908,5.610267277,5.6591534,5.450745988,4.89967907,4.793696134,4.864441012
CG31909,0,0.081202514,0,0,0,0
CG31910,0.366277874,0.158077041,0,0,0,0
CR31912,0.292540976,0,0.147321929,0,0.085481031,0
CG31913,0,0.158077041,0,0,0,0.102682134
CG31915,5.692300504,5.832605763,5.502985239,4.890491492,5.101340681,5.514227252
CG31921,1.685196569,1.918070837,1.984250833,1.142754737,0.166179293,1.431174109
CG31922,2.801808356,3.236396231,3.100906056,2.578747814,2.18282089,2.862008643
CG31924,0,0.266214546,0,0.099039483,0.166179293,0.069260254
CG31926,0,0,0,0.033774261,0,0.069260254
CG31928,0.366277874,0.041172495,1.195435982,0.066775902,0,0
CG31933,0,0,0,0.033774261,0,0
CG31935,7.146920224,7.449200299,7.518376419,7.061245219,6.352207846,7.084278194
tRNA:Gln-CTG-3-1,0.045601845,0,0,0.033774261,0,0
CG31948,0,0.041172495,0,0,0,0.035045714
CG31949,0,0,0.075540634,0,0.166179293,0.035045714
CG31950,5.231795318,5.413787211,5.519986267,3.14409558,3.370072664,3.164614035
CG31952,0.743632778,1.754407614,0.895375166,0.713292167,0.891092845,0.553062079
CR31953,3.302080417,2.985315449,3.271230109,2.839666387,2.600850423,2.600601214
CG31955,0,0,0.215700384,0.130597294,0,0.691294921
pgant4,1.289901972,1.678152691,2.003720007,0.066775902,0,2.008803263
CG31957,3.54371029,3.868525907,3.768991345,3.477406967,3.901878019,3.795433142
CG31961,6.130196884,6.273150844,6.488718357,6.026600644,6.130692297,6.556800674
Cda5,5.417776569,5.038859682,5.633693927,7.17628506,7.6155857,7.183767367
CG31974,0.292540976,0,0.075540634,2.805857459,3.250246669,1.908428757
CG31988,0.470264926,0.520292387,0.895375166,3.501745646,3.619726415,2.928752816
Cap-D3,2.691382541,2.471215304,1.773579932,2.989176527,3.420292692,1.780032676
gw,8.156834023,8.332059434,8.31579848,8.004194759,8.128130195,8.334716611
CG31997,7.120860461,7.460863712,7.345095358,7.394275615,7.137661969,7.301107769
CG31998,6.898142869,7.468194204,7.225303019,6.191378342,7.18714718,6.701525438
CG31999,5.938792835,6.307304844,6.459935067,2.923131268,3.658599747,2.674698847
CG32000,5.179060255,5.721430369,5.320953518,6.380850802,6.403042715,6.126188354
CG32006,1.626386559,1.982901267,1.840072658,0.649368125,0.482093952,0.035045714
CR32011,0,0.081202514,0,0,0,0
4E-T,3.827688121,4.384634361,4.377273094,2.820444122,3.286799776,3.293218198
CG32017,3.736782681,3.789179266,3.77466896,3.953848858,4.821992434,4.266430645
CG32022,4.289959239,4.221825511,4.64552085,4.48625017,3.97370236,3.722060149
CG32024,0,0.577388071,0.343441058,0,0,0
CG32026,1.727782409,2.409664977,2.218904359,0.713292167,1.869991204,2.043638334
CR32027,0,0.398839565,0,0.099039483,0.842809102,0
Cpr66D,0.771040734,0.924055416,0.718149104,0,0,0
CG32036,0.045601845,0,0.516062327,0.605122262,0,0.478639091
CG32037,0.401779573,0.041172495,0.215700384,0.130597294,0,0.102682134
CG32039,4.202072893,4.709142393,4.366034253,4.91788054,4.225122463,4.204282015
CG32040,0,0,0.620641262,0,0,0.776600407
CG32053,0.567258051,0,0,0,0,0
CG32054,0,0.36680871,0,0,0,0.035045714
CG32055,0.687203533,0.632309912,0.976440789,2.148795255,1.43784607,1.023432869
scramb1,6.796361954,6.630967781,6.763849189,7.478697606,7.668055008,7.576882328
dpr10,4.563165805,4.304468884,4.421372871,4.826896146,4.89780041,4.985838826
Ir67c,0.132696544,0.081202514,0.147321929,0,0.043373527,0
CG32061,0,0,0.403305984,0,0,0
A2bp1,8.364515105,8.287039606,8.279070409,8.100966257,8.216048777,8.200304757
S-Lap4,0.045601845,0.041172495,0,0.099039483,0,0
CG32066,5.383781224,5.31966785,5.008020262,5.042354278,5.399273158,5.010260483
Adi1,5.281479834,5.45054471,5.403889574,4.819653794,4.740332632,4.669126144
CG32069,4.611347517,4.496177645,4.536125298,3.609260261,3.444762007,3.440992657
CG32071,0,0.120151752,0,0,0,0
Elo68alpha,0,0,0,0,0.043373527,0
CG32073,0.045601845,0.041172495,0,0,0,0.069260254
CG32075,5.173935858,5.296475314,5.450745988,4.723331466,5.011371633,4.773981399
Alg10,6.921262616,6.944481852,6.992385927,5.246076263,5.066286309,5.391140601
CG32082,3.273618301,2.93704999,2.518664653,2.963120107,3.619726415,3.870114696
CG32085,2.371496125,1.972296492,1.727485453,2.343156045,2.725918746,1.727438281
CG32086,0,0,0,0,0,0.035045714
CG32087,0.687203533,1.070450879,1.015327048,0.066775902,0,0
sunn,0.850272436,0.300531207,0.460785459,0,0.085481031,0
CG32091,2.096124414,2.25201121,2.610417859,0.582479838,1.283610278,1.820769885
CG32095,5.400330636,5.507659217,5.774941089,5.473833304,4.85735948,5.224663388
CG32099,4.891297303,5.064048298,4.882183182,4.385212735,4.152702755,4.568062655
CG32100,5.485524188,5.69506872,5.921608489,3.836756839,3.948255579,3.993284694
CG32103,7.364956345,7.189056855,7.16551507,7.546436783,7.667405366,7.60138481
CG32104,3.440804951,3.434822645,3.334101687,4.569202034,5.131800784,4.816147242
CG32105,2.916703125,1.482787903,0.718149104,1.485524763,2.67856081,2.24414781
CG32106,0.401779573,0.856461751,1.015327048,0,0.126394328,0.135347252
CG32107,0.503325831,0.231061681,0.569299184,0.75438697,0.450220187,0.876594188
CG32109,6.188531166,6.436849604,6.409736917,6.65625575,6.812506757,6.654761207
CG32110,0,0,0,0.033774261,0,0.069260254
CR32111,4.738277283,4.431840574,4.607850648,3.693554158,4.76806932,4.862003343
CG32112,3.897744989,4.356366801,4.272825213,5.483031176,5.245270637,5.975351095
CG32113,4.782716669,5.051508961,5.005608142,4.747703676,5.403440497,4.837397404
CG32117,0.174348395,0,0,0.033774261,0,0
CG32119,0,0,0.569299184,0,0,0
CG32121,0.254209339,0.605110328,0.460785459,0.099039483,1.79584138,0
Ptip,5.82326145,6.186920843,6.174456266,6.597830912,6.283212822,6.19414103
CG32137,1.861288273,2.508392052,2.822609948,2.179294479,2.239865136,2.78689515
CG32141,0,0.19503084,0,0,0,0.035045714
CG32150,0.292540976,0.300531207,0.460785459,1.030134977,0,0.069260254
CR32160,0,0,0,0.033774261,0,0
CG32161,0.366277874,0,0,0,0,0
CG32163,4.062085142,3.896840345,4.536125298,4.321693111,4.307484608,4.0734348
CG32170,0,0.398839565,0.343441058,0.033774261,0.043373527,0
CG32174,2.006722936,1.611375695,2.284046452,2.434489017,2.22109989,2.62380847
CG32176,5.384890444,5.513156801,5.463105424,4.681329323,4.508509819,4.603516278
Ndfip,7.46379597,7.5701723,7.42127406,7.851588418,8.012335089,7.898042181
Krn,3.264004766,2.995825302,3.341771428,3.064635825,2.719247763,1.908428757
CG32181,0.045601845,0.19503084,0.215700384,0,0,0.035045714
CG32182,0,0.081202514,0,0.2787941,0.543803643,0
Ccn,5.958297735,5.710305413,5.935614079,6.767708176,6.570377455,6.281556329
edin,0.366277874,0.158077041,0,0.066775902,0,0.069260254
CG32187,4.590345535,3.997022133,4.529424468,3.793051487,4.422831025,4.610794045
NUCB1,9.955916397,9.750564323,9.889341241,9.326770816,9.291924825,9.320656788
CG32191,0.366277874,0.300531207,0,0.413175903,0.573696073,1.20365991
CG32192,0.045601845,0.041172495,0.075540634,0.161479554,0,0.16728912
CR32194,1.191907582,0.80957322,1.796086408,0,0.126394328,0
CG32195,0.996767095,0.761109441,1.861572885,1.533531916,1.371323531,1.705851653
CG32196,1.755490258,2.084870226,2.315546691,1.556949428,1.69064652,1.991065144
CG32199,0,0,0,0.852277114,0.166179293,0.600626626
CG32201,0.089806327,0.041172495,0,0.033774261,0,0
CG32202,4.105794978,4.645486827,4.260738984,4.76288718,4.45530886,5.139669156
Spn75F,0,0,0,0,0.513278718,0
CG32204,6.021710635,5.134702602,5.459584947,4.733643677,4.544805246,4.673303157
CR32205,0.089806327,0.041172495,0,0,0,0.035045714
CG32206,4.654296966,4.458680665,4.133958049,4.866091971,4.741979047,4.151363215
CR32207,0.470264926,0.041172495,0,0.250347622,0.085481031,0.135347252
CG32212,0,0.041172495,0,0,0,0
CG32213,0,0,0,0.033774261,0,0
CG32214,0,0,0.075540634,0,0,0
CR32218,2.389292087,2.75104499,1.903635333,1.86904688,1.905684269,2.393401608
CG32219,0.925378394,1.357994016,0.976440789,0.334057725,0.631684635,0.713098814
Csas,1.086768738,1.109687544,1.261622271,2.363220015,1.996761682,2.119071659
CG32221,5.082548522,5.446719307,5.279624151,4.816018938,5.242947016,4.794579391
CG32225,6.332882392,6.34015353,6.390452979,9.044085909,9.19653655,9.348731263
Pex23,2.149311703,1.873173316,2.235467704,2.434489017,2.586260277,3.168564807
gogo,4.008398786,3.896840345,4.11617984,3.575260776,2.526377828,3.397891084
CG32228,0.743632778,1.37419648,1.053192621,0.066775902,0.81804741,1.592790272
ND-MLRQ,7.08240556,7.011078948,7.236660431,7.810469607,7.652601139,7.723064241
CG32232,1.484583944,1.929080246,2.545480663,0.099039483,1.940515547,1.363851994
CG32237,0,0.041172495,0,0,0.043373527,0.345376129
CG32238,0.045601845,0,0.075540634,0,0.085481031,0
CG32240,0,0,0,0.438612949,0,0.317180035
CG32243,7.802156819,8.152455312,8.095335736,6.037046608,5.785924407,6.259962602
CG32246,0.401779573,0.460843657,0.280984078,0,0.085481031,0.135347252
CG32248,0,0,0.075540634,0,0,0
CG32249,0,0.081202514,0,0,0,0
PMP34,7.864118239,7.87456455,7.891939937,6.585429602,6.672759336,6.682655953
Claspin,0.797937693,0.785544823,1.261622271,0,0,0.035045714
CR32252,0.900774972,0.490874211,1.053192621,0.099039483,0.417626289,0.478639091
Gr64f,0,0.549122661,0,0,0.043373527,0
CG32259,0,0.945900736,0.936477292,0,0,0
CG32260,0.174348395,0.231061681,0,0.033774261,0,0
CG32262,3.3663865,3.740013647,3.894236513,5.619268754,5.46853103,5.918421732
CG32263,0.254209339,0,0,0,0,0
CG32264,7.936067807,7.445131676,7.401686176,7.90260616,8.090662798,8.060733321
CG32266,0,0,0.280984078,0,0.043373527,0
CG32267,5.292160892,5.603546224,5.407548441,6.490948757,6.412378013,6.359230755
Drsl6,0.089806327,0,0,0,0,0
CG32271,0.089806327,0,0,0,0,0.035045714
Drsl1,0.089806327,0,0,0,0,0
CG32277,0.045601845,0.231061681,0.403305984,0,0,0
CG32278,7.434098596,7.828637672,7.784185689,8.318991947,8.241296088,8.381527183
Drsl2,0.089806327,0.120151752,0.215700384,0,0,0.069260254
CG32280,2.298032348,2.055029075,2.789341774,2.909551488,2.330195921,2.582947453
CG32281,4.148219371,4.394597177,4.202957867,4.132027683,4.023287739,3.815729252
Drsl3,0,0.041172495,0,0,0,0
Mrtf,5.269518503,5.127551934,5.121530489,5.601079322,5.983273859,5.636930773
CG32301,0,0.120151752,0.075540634,0.692297297,0,0.035045714
CG32305,0,0,0.075540634,0,0.043373527,0
zormin,1.923677036,0.398839565,0.809481815,0.649368125,0.315178801,0.623833477
CG32313,0.43642859,0.988623391,0.215700384,0.099039483,0.126394328,0.373031704
CG32319,0.254209339,0.120151752,0,0,0,0
CG32320,0,0,0,0.099039483,0,0
CG32333,5.022522912,5.148898481,4.795476632,5.184449329,5.654851986,5.992168081
Atac3,5.943317428,6.154454318,5.793237097,6.020822961,5.689393392,5.69355082
CG32344,5.190524031,4.788359351,5.087721198,4.17994829,3.753067339,4.27744829
Vps11,2.491690508,2.841226766,2.505067387,3.480471851,2.778204406,2.947268856
S-Lap2,0,0,0,0,0.043373527,0.102682134
CG32354,5.011074474,4.681739728,5.263562869,0.099039483,0.602981688,1.074860222
tut,0.089806327,0.300531207,0.569299184,1.591378059,1.845695598,1.91784782
CG32365,1.251499213,0.685217387,0.936477292,1.203369782,1.209385607,1.377570087
CG32368,3.249463271,3.61945917,3.507779194,1.772326804,1.005172941,1.04077981
CG32369,2.994337654,3.465394006,3.279240535,5.323215151,5.042434412,4.988076138
CG32371,0,0,0,0,0.043373527,1.156697169
CG32373,1.270828368,1.221374389,1.053192621,0.221328946,0.24260175,0
CG32374,0.132696544,0.041172495,0.670218812,0.438612949,0.126394328,0
SMSr,6.465668452,6.404182046,6.462575589,7.048652405,6.761471599,6.82117415
sphinx2,0.214831388,0.490874211,0.215700384,0,0.085481031,0
sphinx1,0.045601845,0.398839565,0.403305984,0,0.043373527,0
CG32392,5.046553321,4.362470936,4.28481103,6.042759811,5.961534122,6.279731096
CG32396,2.655066201,2.024557619,2.406119653,2.069601149,2.082429209,1.218980474
PVRAP,6.56198051,6.658515761,6.393223659,7.269376482,7.419400605,7.425388412
CG32407,2.230532028,1.421739881,1.605362592,2.028311887,1.996761682,2.043638334
CG32409,5.399233228,5.27829491,5.454288073,3.980071747,4.821992434,4.117019797
QC,1.108418423,0.549122661,0.853067622,1.079480821,0.204896494,0.135347252
CG32413,0,0,0.075540634,0,0,0
vito,3.605915209,3.656363675,4.014279271,3.75305861,3.820068028,2.847295551
shep,11.04197292,11.07180738,10.76027481,10.42752022,10.59220598,10.48735217
CG32425,6.153814387,6.268824177,6.03120777,6.288130025,6.475591825,6.324683151
CG32428,7.268191209,7.515754461,7.693059277,7.327124833,7.257036224,7.33336094
CG32432,5.511147458,5.125160481,4.836769886,8.291552815,7.85215658,8.137947764
CG32436,0.535646052,0.041172495,0,0.2787941,1.501435987,0.135347252
CG32437,0,0,0,0.099039483,0,0
SMC5,3.539731969,3.740013647,3.873221119,4.039466206,4.196589314,4.0153897
CG32441,7.465107597,7.741158096,7.761848675,7.059196743,7.110835123,7.218958747
CG32442,5.517229914,5.829671282,5.842724506,4.681329323,4.972630494,4.919399818
CG32445,0,0.041172495,0,0,0,0
Atox1,6.604975108,6.814336299,6.713748122,6.411282391,6.490359721,6.70118455
CG32447,0.996767095,0.266214546,1.727485453,0,0.166179293,0.035045714
CG32448,4.779346434,4.968568346,5.165411283,5.114164203,5.003157091,4.702208453
CG32450,0.089806327,0.231061681,0.075540634,0.033774261,0.126394328,0.345376129
SPoCk,6.664646504,5.974862293,5.563273564,5.455259744,5.362286121,5.576511483
CG32452,4.547401492,4.676849468,4.428593535,3.947217978,4.696852743,4.754399982
CG32453,0,0.041172495,0,0.066775902,0,0
CG32457,0.797937693,0.300531207,1.053192621,0.413175903,0.35014255,0.857142206
CG32459,0.045601845,0,0,0.250347622,0.043373527,0.229126454
CG32461,0,0,0,0,0,0.503875743
CG32462,0.214831388,0.632309912,0.280984078,0.130597294,0,0
CG32473,6.44507808,6.356046679,6.311608081,6.139001286,6.316742447,6.212914052
mthl8,5.404711937,5.677222819,5.61798845,4.496883762,4.625509351,4.827436306
mthl14,0.797937693,0.577388071,0.764538089,0.889646124,0.842809102,0.135347252
Usp10,6.861160157,6.692429031,6.420641676,7.081066897,7.195883027,6.885895414
CG32483,0,0,0,0.033774261,0,0
Sk2,5.923607545,5.693455457,5.766417878,5.393189113,5.662696223,5.773548193
CG32485,3.650869688,4.164753286,4.075359298,7.273137122,7.406481859,7.545324861
CG32487,0.292540976,0.231061681,0.147321929,0,0.659827649,0.035045714
CG32488,0.045601845,0.041172495,0.075540634,0.130597294,0.204896494,0.229126454
Cda4,0.900774972,1.14788529,0.403305984,0,0,0
CG32506,3.179594973,3.149637476,3.255074579,5.376833871,5.818279119,5.667962702
CG32507,0.797937693,1.421739881,1.499628432,0.46360926,0.417626289,0.669156436
CG32512,2.54822987,1.826833554,1.324904867,0.033774261,0.384278962,0.400167095
CG32521,6.145984766,5.807470329,5.84001929,5.579802527,5.551613773,5.792233141
CG32523,0.132696544,0.19503084,0.075540634,0.512338969,0.126394328,0.259078775
parvin,2.774984138,2.76339994,2.505067387,4.545984164,3.92525315,4.292008808
Hers,5.043746901,4.803394724,4.732691554,4.586373468,5.005900472,5.495477176
CG32532,0.771040734,1.14788529,0.936477292,1.158148923,1.283610278,1.908428757
CG32533,4.492888124,4.289596542,4.079952371,4.657154412,4.796867714,5.077991552
CG32536,3.18978572,2.74482761,2.938422218,0.774503582,1.717673025,1.616122503
CG32537,5.0618918,4.176349781,3.980286531,2.369846473,3.041490599,3.267661658
CG32544,5.60075166,5.57841821,5.485781475,5.034034321,4.915416587,4.803499354
CG32547,2.335231794,2.014255748,2.811605576,3.598015893,3.87211623,3.984346977
CG32548,0,0.398839565,0,1.046771834,0.085481031,0.600626626
CG32549,7.746504097,7.44249291,7.635720064,7.887676969,8.058981808,7.873897143
CG32551,0,0,0,0,0,0.069260254
CR32553,0,0,0,0,0.166179293,0.288421873
CG32554,2.406871204,1.541357195,1.924215439,1.423178261,1.371323531,1.694935995
CG32557,0,0,1.293610521,0,0,0.035045714
CG32564,0.214831388,0,0,0.066775902,0.043373527,0
CG32568,0.174348395,0,0.075540634,0.066775902,0,0.135347252
TwdlY,0,0,0,0,0,0.069260254
TwdlX,0,0.300531207,0,0,0,0
CG32572,0.567258051,0.430174687,0,1.09556136,1.562340969,0.691294921
Twdlalpha,0.174348395,0,0,0,0,0.069260254
CG32576,5.63565029,6.044222196,5.911336522,5.338497921,5.490244437,5.681159225
CG32579,1.822517503,1.325032758,1.471938095,0.306690511,0.279346616,2.702214374
Muc14A,0.089806327,0.761109441,0.764538089,0.413175903,0.043373527,0.198539073
CG32581,3.632308589,4.017797783,4.219704242,4.220840701,4.498804659,4.175122635
CR32582,0.567258051,0.158077041,0.569299184,0,0.085481031,0.259078775
CG32588,0,0.041172495,0,0,0,0
CG32590,4.594186888,4.973894197,5.080863212,4.007952115,3.939672589,4.32247043
CG32591,1.108418423,1.961613188,1.385527878,0.066775902,0,0.970104318
be,1.484583944,1.597641216,1.499628432,0.161479554,2.889347629,2.640972163
betaNACtes6,0,0.041172495,0.147321929,0.033774261,0,0.135347252
dpr8,6.622008644,6.259041471,6.387676967,7.320940064,7.231479361,7.450551735
betaNACtes3,0.045601845,0.041172495,0.075540634,0,0,0.035045714
Muc12Ea,0.089806327,0.158077041,0.075540634,0.033774261,0.384278962,0.135347252
CG32603,0.045601845,0.300531207,0,0,0,0
CG32625,3.609715384,3.717965346,4.173175662,2.963120107,3.407900622,3.06215577
AMPdeam,8.22205696,8.03188717,8.081945969,7.918654073,7.906020107,7.584849796
CR32636,0.535646052,0.659006168,0.895375166,0.130597294,0.543803643,0
CG32638,2.085247541,2.648200849,2.597662148,2.053226971,3.036132685,2.771391493
CG32639,0.743632778,0.158077041,0.516062327,0.130597294,0,0.229126454
CG32640,0.174348395,0.081202514,0,0.250347622,0.315178801,0.288421873
CG32642,0,0.041172495,0,0,0,0.035045714
CG32643,0,0.041172495,0,0.360915446,0,0
Mur11Da,0.996767095,0.549122661,1.053192621,0,0,0
CG32645,0,1.512369747,0.075540634,0.130597294,0,0.259078775
CG32647,5.562048865,5.496600799,5.652317563,7.074489885,7.150735687,7.217767651
CG32649,5.096157164,4.732896401,4.729771725,5.045461934,5.59598614,5.733437289
CG32650,0.628476965,0.158077041,0.343441058,1.111464636,0.631684635,0.035045714
CG32651,0,0,0.147321929,0,0,0
CR32652,1.150766861,1.308265359,0,0,0,0
Sec16,6.140084539,6.262309749,6.473089611,5.988356242,5.950896113,6.65229456
CG32655,1.231907565,1.766733924,1.228908645,0.90797381,0.315178801,1.748706671
Muc11A,0,0.577388071,0,0,0,0.069260254
CR32657,0.470264926,0.460843657,0.343441058,0.19171458,0.35014255,0.345376129
Drak,4.011274747,3.807192824,3.100906056,4.273032034,3.749797882,4.53630953
ssp7,0.045601845,0,0.147321929,0.19171458,0.166179293,0.198539073
CG32668,3.729815473,3.5815858,3.541472396,0.033774261,0.714518384,0
CG32669,0.045601845,0,0,0.413175903,0,0
Rab9Fa,0,0.158077041,0,0,0,0
Atg8a,9.852367198,10.26844702,10.11317446,10.65377047,10.70907848,10.59608493
Rab9E,0,0.041172495,0,0.250347622,0,0
Tango5,6.058323161,5.896400129,6.024075132,5.334268921,5.28759605,5.524282706
CG32676,5.522279112,5.476104221,5.420281888,6.130734277,6.449126619,5.877975272
X11Lbeta,6.369205089,6.073665429,6.124198391,6.936789037,7.080900377,6.867480997
CG32679,0,0,0.343441058,0,0,0
CG32681,0.132696544,0.081202514,0.343441058,0.250347622,0.085481031,0.069260254
CG32683,2.922825604,3.163687866,2.958515421,4.695905902,4.620147924,4.747813334
ZAP3,5.606468559,5.338370102,5.178319416,5.08123177,4.632627067,5.62043993
CG32686,0.598192202,1.526936274,0.215700384,1.013304027,0.842809102,1.091603205
CG32687,0.366277874,1.766733924,0.620641262,0,0.043373527,0
CR32690,1.171483865,2.152189073,2.079071103,1.079480821,0.631684635,0.914728587
Gr9a,0.535646052,0.300531207,0.215700384,0,0.573696073,0
CG32694,0.132696544,0.041172495,0.809481815,0,0,0.669156436
CG32695,0,0,0.215700384,0,0.166179293,0
CG32698,6.775368619,6.648142712,6.698148075,5.606700536,5.867376913,6.375131137
LPCAT,3.3663865,3.258386101,2.610417859,3.352494535,2.765309564,3.087417506
Cubn,3.209953772,3.271420916,3.494078455,3.706700307,3.119559364,3.975353545
Erk7,0.567258051,0.785544823,0.620641262,0.033774261,0,0.035045714
Ir8a,0,0,0,0,0.315178801,0
CG32706,2.910554553,3.101789275,2.997881279,2.993473875,3.339949497,3.384365765
APC4,4.676207876,4.384634361,4.910824387,4.122249549,4.155176238,4.496002454
CG32708,4.366073338,4.43570558,4.392123305,3.322065203,3.286799776,3.554038551
CG32712,0.089806327,0,0.215700384,0,0.043373527,0
CG32713,0,0,0,0.306690511,0.126394328,0
CG32718,0,0.231061681,0.403305984,1.275723862,0.35014255,0.45295311
CG32719,0.503325831,0.158077041,0.215700384,0,1.209385607,1.218980474
CG32732,4.541445179,4.337897889,4.414115886,4.068270955,3.956787808,4.026316477
CR32733,0.329880465,0.833207966,0.147321929,0.512338969,0.204896494,0.288421873
CR32745,0.045601845,0,0.215700384,0.360915446,0.126394328,0.069260254
CG32751,0.045601845,0,0,0,0,0.035045714
CG32755,0.174348395,0.19503084,0.280984078,1.142754737,1.371323531,1.350002208
CG32756,2.953054221,3.574591625,3.295129178,3.656094589,3.709975323,3.913135744
CG32758,2.353477901,2.551775373,1.944506093,3.375725892,2.828661233,4.064981503
CG32762,0.045601845,0,0,0,0,0
CG32767,6.418784479,6.517930629,6.290957097,6.935114476,6.991683512,6.66598391
CG32772,5.521270685,5.448633276,5.313172,5.338497921,5.706358839,5.854868971
Muc4B,0,0.605110328,0.895375166,0.512338969,0,0.102682134
CG32783,0,0.80957322,0.460785459,0.582479838,0.085481031,0.035045714
CG32786,0.174348395,0.430174687,0.403305984,0.250347622,0.085481031,0.288421873
DIP-alpha,3.672832317,3.685871515,3.57439664,2.94991327,3.0521471,2.771391493
ppk8,2.458358772,2.234367945,1.630628187,2.936584415,2.615294494,2.663543995
CG32793,0.292540976,0,0,0,0,0
CG32797,0.045601845,0,0.403305984,0.099039483,0,0.069260254
CG32803,4.706689516,4.8591414,4.926210473,4.070306597,3.696453062,3.730102424
CG32806,0,0.549122661,0.343441058,0,0,0
CG32808,2.662402971,1.993428657,1.750716776,3.318644205,1.717673025,3.307621211
CG32811,0.045601845,0.120151752,0.075540634,0.033774261,0.043373527,0.102682134
CG32813,4.062085142,3.646392069,3.746054773,4.102492188,3.844795359,4.554539658
CG32814,0.214831388,0.761109441,0.569299184,0,0.687432158,0.16728912
CG32815,7.062093525,6.48333797,6.459053818,7.047361222,7.200380897,6.853130772
CG32816,0,0,0.147321929,0.033774261,0,0
CG32817,1.399333176,1.838558782,1.605362592,1.977152498,1.845695598,2.151371889
CG32829,0,0.300531207,0.280984078,0,0.085481031,0
CG33695,4.743475319,4.768576139,5.293532575,5.105256926,4.691750456,4.804769144
CG32834,0,0,0,0.066775902,0.043373527,0
CR32835,0.132696544,0,0,0,0,0
Dh31-R,4.124509339,4.020373829,3.205493296,4.206104492,3.759584109,3.936493378
CG32845,0.797937693,0.549122661,0.147321929,0.46360926,1.388243933,0.229126454
CG32846,0.824342362,0.36680871,0.280984078,0.2787941,0.384278962,0
CG32847,0,0.19503084,0.403305984,0,0,0.16728912
CG32850,4.075887259,4.470032443,4.421372871,4.751514559,4.834392596,4.635267388
CG32855,0,0.605110328,0,0,1.048393528,0
CG32856,4.519392531,4.728176785,4.789880474,4.005826497,3.616139981,3.823267279
alphagamma-element:CR32865,3.199904988,2.974728471,3.21387608,3.311777775,3.31804124,3.891785574
CG32944,8.112323927,8.128627022,8.108883321,7.073982716,7.38530484,7.057097397
CG32971,1.363770477,1.308265359,1.553463943,1.127194515,1.190217021,0.93342433
CG32982,5.498905069,5.144182025,5.45605586,5.750107125,5.301060774,5.57576789
CG32984,0,0,0,0,0,0.035045714
CG32985,0,0.081202514,0,0,0,0
mRpL27,5.432870598,5.602686987,5.823680593,5.72771171,5.612280131,5.547223552
CG33012,0,0,0,0,0.085481031,0
CG33017,0,0.041172495,0.343441058,0,0.204896494,0.069260254
CG33051,4.142984047,4.325452608,4.569170407,3.436959381,3.86003745,3.203643179
CG33052,1.727782409,1.390218998,1.526797288,2.508420766,2.294739378,2.739875223
CG33054,2.406871204,2.409664977,2.938422218,3.72490596,4.196589314,4.0734348
CG33056,3.079014106,3.484177277,2.755288299,5.024616657,4.784139344,4.850982574
CG33057,0.900774972,0.549122661,1.161168219,0.250347622,0.74110543,1.005874807
CG33061,0,0,0,0,0.043373527,0
CG33080,1.501045839,1.665042273,2.732131067,1.247216179,0.043373527,0.93342433
CG33082,3.287919547,3.15433616,2.420677362,2.932113957,2.67856081,2.832430862
LRP1,7.242721267,7.189343045,7.314240609,6.533992696,6.548435006,6.405160454
P5CDh2,0.715694033,0.490874211,0.620641262,1.497677144,1.783103912,1.172521885
CG33093,0,0.231061681,0,0,0,0
Synd,6.67647142,6.366714382,6.243638263,5.821336195,6.014940887,6.230028816
CG33096,2.788458589,3.359508856,3.10991715,1.44844109,2.092788633,0.837424361
CG33098,0,0,0,0,1.319338022,0.669156436
CG33099,0.949569261,0.785544823,0.343441058,0,0,0.035045714
4EHP,6.689547407,6.739310759,6.750946153,6.859734856,6.874237558,6.90289246
CG33107,4.451136902,4.670303227,4.983715633,4.808721637,5.084568938,4.991425615
CG33108,5.042341641,5.207719529,5.19111308,4.44918538,4.684919214,4.860782963
CG33109,0,0,0,0.033774261,0.417626289,0.646672929
CG33110,0.470264926,0.081202514,0,0,0,0
CG33111,2.240370452,2.501032948,2.041887442,2.834884778,3.159530669,2.979110882
Rtnl1,10.10117175,10.19206622,10.0824605,9.391802724,9.410415338,9.484226839
CG33116,7.759818457,7.859537352,7.775009113,7.665337882,7.865245755,7.854408515
Victoria,0,0.041172495,0,0,0,0
CG33120,0.567258051,0.924055416,2.041887442,0,1.388243933,0
Spn28Db,0.292540976,0.231061681,0,0.774503582,0,0
LeuRS,6.011692572,5.67149797,5.389160603,5.351111046,5.101340681,5.396203677
CG33124,0,0,0,0,0,0.035045714
CG33125,0,0,0,0,0.043373527,0
NLaz,6.224911894,6.377806109,6.481793141,7.299841416,7.373404107,7.460857944
CG33127,0.132696544,0.158077041,0.670218812,0.066775902,0,0
CG33128,0,0.266214546,0,0.033774261,0.043373527,0
CG33129,9.376474383,9.552225193,9.335306909,8.132482406,8.062115498,8.088367796
CG33136,1.064789212,0.605110328,1.228908645,0,0.714518384,0
CG33137,0.089806327,0.334050524,0.075540634,0.099039483,0.085481031,0
AGBE,5.327203883,5.412807148,5.257493488,7.540391746,7.349304025,7.03481561
Ranbp11,3.754054905,3.29714247,3.644289046,3.555051307,4.12268537,3.740756192
CG33140,0,0.158077041,0.147321929,0.033774261,0,0
CG33143,6.344901871,6.75408964,6.528746048,6.631997969,6.671895903,6.471024692
CG33144,4.676207876,4.689853506,4.467673843,5.270185469,5.413806483,5.425389308
GalT1,7.177967017,7.163647196,7.099187895,8.641813965,8.415180556,8.321581211
Hs3st-A,5.326049394,5.338370102,5.207996708,6.308968432,6.364016718,6.667380629
CG33155,5.695880085,5.990055354,6.125309778,5.42455822,5.364425405,5.369851079
CG33156,5.672452459,5.427438647,5.571451177,5.637231706,5.434317652,5.250054198
CG33158,6.510568592,6.363167238,6.44220699,7.093381122,7.057951915,7.105814577
CG33159,0,0,0,0.066775902,0,0
CG33160,0,0,0,0.033774261,0,0.16728912
CG33169,1.861288273,0.632309912,1.228908645,3.064635825,2.230513023,2.817411421
CG33170,5.250171672,5.3165271,5.141442173,5.854197865,5.879394656,6.073432511
CG33172,3.040116015,3.773994225,3.746054773,3.424282333,3.313619381,4.096429171
CG33177,0.132696544,0,0.147321929,0,0.279346616,0.373031704
CG33178,0.254209339,0.266214546,0.936477292,0.692297297,0.482093952,0.198539073
beat-IIIb,6.395308988,6.621242782,6.436845807,7.155102588,7.059933292,7.018764849
Ranbp16,5.784281653,5.66410391,5.757844013,5.018303885,5.45152576,5.557805707
CG33181,6.730698764,6.729504588,6.882309482,8.861891945,8.866589236,8.992260257
Kdm4B,4.861326812,4.809365271,4.820394138,4.215332246,3.893013771,4.418494914
CG33189,0.174348395,0.081202514,0,0.413175903,0.767211364,0.035045714
CG33191,0.401779573,0.36680871,0.976440789,1.09556136,1.404968185,0.713098814
MtnD,0,0,0,0.066775902,0,0
sav,3.132824261,3.205036213,2.778079691,2.820444122,2.153430023,2.24414781
CheA29a,0.628476965,0.334050524,0.147321929,0.250347622,0,0
dpy,5.438223279,3.461607826,4.256687635,3.052330187,2.26756314,2.837402796
pen-2,5.829792673,6.164387688,6.026456598,5.046496333,4.800032337,4.560565533
CG33199,5.338698245,5.745763105,5.121530489,7.26649407,7.741700871,7.607036605
VepD,4.410321795,4.498027153,4.752966556,5.214211675,5.264871761,5.079041419
dpr11,5.644013012,5.394058316,5.04842104,5.179742995,4.955703296,5.113265298
CG33203,6.028824042,5.890075723,6.040663428,8.68380226,8.558362826,8.525180724
pxb,9.057369008,8.880554681,8.839135886,7.849811922,6.945274377,7.449131394
Mical,7.158316907,7.106906852,7.21333298,7.863669612,7.78446845,7.603575229
CG33213,4.622675574,4.729751707,5.060091455,3.698827001,3.838653146,3.913135744
CG33217,4.470074614,4.604870714,4.48855244,4.191216207,4.414596026,4.39844946
CR33218,0.045601845,0.120151752,0,0.46360926,0.602981688,0
CR33221,0.715694033,0.041172495,1.324904867,0,0,0
CR33222,0.045601845,0.081202514,0.280984078,0.033774261,0,0
CG33223,0,0.120151752,0.075540634,2.459556263,2.586260277,1.508021199
CG33225,0.174348395,0.120151752,0.075540634,0,0,0
CG33229,5.785962,6.154454318,6.039484855,5.590480148,5.593252493,5.513450845
CG33230,3.694465609,3.92735753,4.47815091,3.817495508,3.987647894,3.53580205
CG33233,0.771040734,0.785544823,0.516062327,0.692297297,1.02694508,1.683937117
CG33234,0.292540976,0.879346663,0.569299184,1.188453103,1.354202323,0.669156436
Ste:CG33236,0.045601845,0,0,0,0,0
CG33257,0,0.120151752,0,0,0,0
CG33258,0.045601845,0,0.147321929,0,0,0
CG33260,0.089806327,0.632309912,0.670218812,0.996274402,0.659827649,0.553062079
CG33263,0,0,0,0,0,0.135347252
CG33267,0.567258051,0.659006168,1.053192621,1.218133808,1.928998307,2.251616425
CG33270,0,0,0.075540634,0.099039483,0.126394328,0.317180035
CG33271,0.045601845,0,0,0,0,0
CG33272,0,0,0.075540634,0,0,0
CG33276,1.755490258,1.651811622,1.703873911,1.850214657,1.485799341,1.759224431
CG33278,0.089806327,0.120151752,0.075540634,0,0,0
CG33281,0,0,0.147321929,0,0,0
CG33282,0,0,0,0,0,0.069260254
CR33283,0.132696544,0.120151752,0,0,0,0
CG33284,0.089806327,0.300531207,0,0.066775902,0.279346616,0.069260254
CG33285,0.535646052,0.120151752,1.015327048,0.2787941,0.513278718,0.646672929
CG33286,0,0.19503084,0.403305984,0,0,0
CG33287,0.535646052,0,0,0,0,0
CG33288,1.289901972,1.357994016,1.526797288,0.250347622,2.556629725,1.363851994
ppk5,0,0,0,0.926071582,0.74110543,1.278685825
CG33290,0,0.041172495,0,0,0.384278962,0
CG33293,0,0.158077041,0.764538089,0,0,0
CR33294,0.771040734,0.71096088,0,0,0,0
CG33296,0,0.120151752,0,1.203369782,1.577173781,1.108154106
CG33299,0.045601845,1.14788529,0.516062327,0.306690511,0,0.373031704
Muc30E,1.796079106,2.835386896,2.833531017,0.692297297,0,1.023432869
CG33301,0.045601845,0,0.147321929,0,0,0
Cpr31A,0,0.081202514,0.147321929,0.033774261,0.085481031,0.102682134
CG33303,8.522030118,8.668647686,8.662646871,6.197910147,5.972795531,5.977041642
CG33306,0,0,0,0.334057725,0.043373527,0.035045714
CG33307,0,0.158077041,0.075540634,0,0.085481031,0.16728912
CG33309,0,0,0,0.130597294,0,0
CG33310,1.517322013,1.929080246,1.630628187,1.556949428,2.930358577,2.478611437
CR33315,0.045601845,0.158077041,0.460785459,0,0,0
CR33317,0.089806327,0.158077041,0.215700384,0.099039483,0.126394328,0.135347252
CR33318,0.045601845,0.081202514,0.147321929,0,0.043373527,0
CR33319,0,0,0.075540634,0,0,0
CG33322,0,0.398839565,0,0,0.384278962,0.135347252
CG33325,0.089806327,0.120151752,0.075540634,0.099039483,0,0
Sp212,0,0.041172495,0,0,0,0
CG33337,0.045601845,0.36680871,0.343441058,0,0,0
CG33340,0.43642859,0,0,0,0,0
CG33341,0,0,0,0,0.085481031,0
CG33346,1.549333635,0.785544823,1.053192621,0,0,0
CheB42a,0.089806327,0.120151752,0.343441058,0,0.126394328,0.069260254
ppk25,0,0.120151752,0.215700384,0.605122262,0,0.288421873
CG33458,0.214831388,0,0.764538089,0.033774261,0,0
CG33459,0,0,0.075540634,0,0,0
CG33465,0,0,0,0,0.043373527,0
CG33467,0,0,0,0,0.126394328,0
CG33468,0.797937693,0.71096088,0.403305984,0.53610018,0.279346616,0.035045714
CG33469,0,0.120151752,0,0.334057725,0,0
Ir48a,0,0.081202514,0,0,0.24260175,0
CG33475,0.254209339,0,0.215700384,0,0,0
CG33476,0.214831388,0.041172495,0,0,0,0
CG33477,0.045601845,0.041172495,0,0,0,0
dpr7,8.707012051,9.019825044,8.84454456,8.336540975,8.598333814,8.572353899
CG33489,0,0,0,0,0,0.102682134
CG33490,0,0,0,0.033774261,0,0.069260254
CG33493,1.796079106,1.166611482,1.605362592,1.985806041,1.485799341,2.182964763
CG33494,0.715694033,1.274134361,0.215700384,0.306690511,0,0.259078775
Cyp12d1-d,0,0,0,0.033774261,0.085481031,0
U3-55K,3.249463271,3.848369879,4.377273094,2.22386743,2.822449795,2.646648315
CG33506,4.977644942,5.483591258,5.61798845,6.54061527,6.28264734,6.398868101
ppk13,0.089806327,0,0.075540634,0,0.891092845,0.400167095
CG33509,0,0.081202514,0,0,0,0.259078775
CG33510,0.598192202,1.291300791,0.460785459,0.066775902,0.24260175,0
CG33511,0.132696544,0,0.147321929,0,1.485799341,0.035045714
dpr4,3.672832317,3.29714247,4.194511216,3.510767824,4.127731841,4.483370258
Nmdar2,6.543225611,6.712082162,6.673287729,8.479442902,8.37330258,8.135300655
CG33514,1.451085688,1.050424986,1.261622271,1.397465162,1.577173781,1.936503445
dpr3,6.239701694,5.758163177,5.553398845,6.40605336,6.661494197,6.526336171
Dop2R,2.406871204,2.823635755,2.406119653,4.433456189,4.539134748,4.456153868
Unc-89,1.129748022,0.081202514,0.147321929,0.559476377,0.602981688,0.876594188
Vap-33B,6.385367477,6.589501327,6.539624243,6.311552197,6.199411927,5.894767247
PNUTS,8.408946968,8.129969475,8.156681897,8.710967473,8.841276085,8.678159222
SIFa,3.388675562,3.636351061,3.507779194,1.71102097,4.213302155,3.547985294
Acp53C14c,0,0,0,0.066775902,0.085481031,0
Ddr,6.603070019,6.572487407,6.397829667,6.922492926,6.764714737,6.63061909
upd3,0.329880465,0,0,0,0,0.069260254
CG33543,9.067075911,8.961620274,8.870459624,9.234874996,9.20237841,9.212933372
Vkor,1.416791103,1.716783909,1.471938095,1.013304027,2.22109989,1.889404113
Rim,8.057555041,8.204919887,7.994941046,9.449099792,9.603167465,9.549780688
SmydA-8,0.949569261,0.120151752,0.075540634,1.289769207,1.069527769,0
CG33552,0,0.041172495,0.075540634,0.360915446,0,0
Nipped-A,6.634186759,7.180732558,6.919301981,6.544281385,6.684793452,6.182954155
form3,4.191968874,4.300235265,4.272825213,5.531858823,5.588684873,5.535033846
mim,8.111654086,7.666238126,7.707972517,7.817455142,7.770621871,7.96260783
CG33630,0,0,0.403305984,0,0,0
CG33631,0,0,0.147321929,0.066775902,0,0
CG33632,0,0,0.075540634,0.438612949,0.085481031,0.069260254
CG33635,5.157154732,5.377073984,5.347862984,4.897387655,4.681491425,4.735881051
CG33639,5.369283217,5.619775236,5.398383817,3.147955969,3.904820706,3.172504789
CG33640,0.254209339,0.120151752,0.460785459,0.099039483,0.315178801,0.400167095
CG33641,0.254209339,0.120151752,0,0.221328946,0.513278718,0.288421873
CG33642,0.366277874,0.36680871,0.343441058,0.733985886,1.048393528,0.45295311
CG33643,0.292540976,0.334050524,0.075540634,0.306690511,0.417626289,0.035045714
CG33644,0,0,0,0,0.085481031,0
CG33645,0,0.041172495,0.147321929,0,0,0
Cadps,5.676987415,6.484271287,6.305737902,5.80431461,6.045261131,5.947454659
CG33654,0.045601845,0.19503084,0.075540634,0,0,0
CG33664,0,0,0,0.033774261,0,0
CG33667,0.089806327,0,0.075540634,0,0,0.16728912
CG33668,0,0.041172495,0,0.250347622,0,0.102682134
CG33673,0.535646052,0.158077041,0.075540634,0,0.085481031,0
CG33679,0.132696544,0.041172495,0.075540634,0.066775902,0,0.035045714
CG33680,0,0,0,0.066775902,0,0
CG33687,0,0,0,0,0,0.069260254
CG33688,0,0,0,0.033774261,0,0
CNMaR,2.096124414,2.471215304,2.696682994,3.531602713,4.276011181,3.966303698
CG33700,0.214831388,0,0.075540634,0.2787941,0,0
CG33702,0.089806327,0,0,0,0,0
CG33703,0.174348395,0,0,0,0,0
CG33704,0,0,0,0.066775902,0,0
CG33725,0,0.081202514,0,0,0,0
CG33766,0,0,0,0,0.043373527,0
CG33767,0,0,0,0,0.085481031,0
CG33768,0,0,0,0,0.166179293,0
CG33772,0,0,0,0.066775902,0,0
CG33773,0,0.041172495,0,0,0,0
CG33774,5.155855755,4.78684716,5.193234371,3.636993636,3.259472137,3.520426871
CG33775,0.045601845,0,0,0,0,0
CG33777,0.329880465,0.231061681,0.460785459,0.066775902,0.482093952,0.16728912
CG33792,0,0,0,0.161479554,0,0
His1:CG33801,0.174348395,0.158077041,0.215700384,0,0.043373527,0.035045714
His-Psi:CR33867,0.089806327,0.36680871,0.147321929,0.066775902,0,0.069260254
His2B:CG33868,0.824342362,0.945900736,1.195435982,0.033774261,0.043373527,0
CG33912,0,0,0,0.130597294,0.043373527,0
CG33914,3.571255535,3.932837416,3.813798683,4.958013176,5.121718705,4.957575677
CG33919,0.045601845,0,0,0,0,0
CG33920,0.045601845,0,0,0,0,0
CG33923,0,0.19503084,0.075540634,0,0,0
CG33926,0,0,0.280984078,0,0,0
CG33927,0.045601845,0,0,0,0,0
CG33958,1.345654897,1.569773665,0.460785459,1.358015262,1.02694508,0
CR33963,1.434040296,0.632309912,0.936477292,0.46360926,0,0.198539073
CG33965,0,0,0,0,0.085481031,0
CG33966,0,0,0,0.033774261,0,0
CG33969,5.515205277,5.843557212,5.576335588,5.273723184,5.284210141,5.780664103
CG33970,2.483429492,2.579989363,1.944506093,4.06214674,2.643755906,2.771391493
Ir62a,0.366277874,0.266214546,0.569299184,0.713292167,2.518714686,0.876594188
CG33977,5.454163186,5.471405015,5.717144806,4.92464732,4.740332632,5.111214075
CG33978,3.100779598,3.56403637,2.635595844,3.732638599,4.184531912,2.491285186
obst-H,0,0,0,0.033774261,0,0.069260254
CG33985,0,0,0.075540634,0,0,0
CR33987,0.089806327,0,0,0,0,0
Mid1,7.147247096,6.462177104,6.408824456,7.803603046,8.118339286,8.100697303
CG33993,4.21958642,3.359508856,3.873221119,3.730065655,3.331226076,2.866879851
CG33998,0.089806327,0,0,0.099039483,0.279346616,0
CG34001,3.940618111,3.959928907,3.940430904,2.612666178,3.159530669,2.540895325
NimB3,0.132696544,0,0,0,0,0
CR34006,0,0,0,0.649368125,0,0.069260254
CG34007,0.824342362,0.632309912,0.075540634,0,0,0.035045714
CG34008,2.170049465,1.597641216,1.605362592,0.692297297,1.547354071,1.140696948
CG34010,0,0,0,0,0.450220187,0
CG34011,0,0.081202514,0.147321929,0,0,0
CG34012,0.214831388,0,0.147321929,0,0,0
CG34015,5.819984718,6.248642806,6.186219444,5.199407249,5.605061067,5.263969474
CG34021,0,0.041172495,0,0,0,0
CR34024,0,0,0,0.033774261,0,0
CG34025,0.132696544,0.081202514,0.075540634,0.033774261,0.043373527,0.035045714
CG34026,0,0.041172495,0,0,0.126394328,0.035045714
CG34027,0.132696544,0.334050524,0.516062327,0.413175903,0,0.691294921
CG34028,0.174348395,0.36680871,0.215700384,0.46360926,0.166179293,0.45295311
CG34030,0.045601845,0.158077041,0,0.033774261,0,0.035045714
CG34033,0,0,0,0,0,0.035045714
CG34034,0.132696544,0.041172495,0,0,0,0
CG34038,0,0,0.147321929,0,0,0
CG34039,3.457771073,3.833798334,4.08909488,4.005826497,4.236846711,3.756590767
CG34041,0,0.19503084,0.075540634,0,0,0
CG34043,0.132696544,0,0,0.033774261,0.417626289,0
CR34044,0.174348395,0.158077041,0,0,0,0.035045714
CG34045,0.503325831,0.520292387,0.670218812,0.099039483,0.24260175,0.069260254
CR34046,0,0.041172495,0,0,0,0
CG34051,0.850272436,0.685217387,0.936477292,0.488179846,0.573696073,0.734578078
CR34052,0.045601845,0,0.215700384,0.161479554,0.043373527,0.102682134
CG34054,0,0,0,0,0.166179293,0
CG34056,0.628476965,0.19503084,0.764538089,0.360915446,0.602981688,1.954920908
CG34057,1.873983732,1.452586776,1.293610521,0.413175903,0.81804741,1.074860222
ND-AGGG,7.143647425,7.317410362,7.342708451,7.241645331,7.104449761,7.105041728
CR40005,0.089806327,0.081202514,0.075540634,0,0.085481031,0.035045714
CG40006,0,0.19503084,0.075540634,0.033774261,0,0
CG40045,7.84952856,8.144654588,8.255916738,6.692390105,6.662363876,6.750450171
CR40053,0,0,0,0,0,0.035045714
CG40160,1.019799334,0.490874211,1.796086408,0.19171458,0,0.135347252
CG40178,8.907105432,9.243222378,8.972019821,9.017759005,9.230285316,9.196943784
CR40182,0,0.120151752,0.147321929,0,0,0
CG40191,4.731317306,5.34763109,5.228827124,4.219006885,3.669022267,3.941119865
CG40198,0,0.398839565,0.147321929,0,0,0
MFS17,6.965678288,7.33872416,7.085548526,7.791160272,8.117863843,8.098110359
CR40354,0.535646052,1.597641216,1.355534777,0,0,0
CG40439,5.054939974,5.276140898,5.036655448,4.472462224,4.383289238,4.182956277
CR40469,0.503325831,0.19503084,0.718149104,0.582479838,0.543803643,0.426801509
CG40470,0.949569261,1.541357195,1.053192621,0.692297297,2.294739378,1.973106214
pain,0.132696544,0.856461751,0.718149104,0.2787941,0.166179293,0.16728912
Yu,0,0.158077041,0,0,0.126394328,0
CG13164,0,0.041172495,0.620641262,0,0.043373527,0
HSPC300,4.919127352,4.742289565,4.966455437,3.492666691,3.212743299,3.14067947
Nup153,4.961378878,4.788359351,4.300638777,4.646278591,4.858877684,4.506965614
His2B:CG17949,0.132696544,0.334050524,0.075540634,0,0,0
CG18003,0.254209339,0.577388071,0.075540634,0.066775902,0.085481031,0.373031704
CG30270,0,0.041172495,0,0,0,0
Ube3a,5.473061474,4.376614273,4.667049301,4.970056527,4.722096964,4.776572289
Zwilch,0,0.120151752,0.075540634,0,1.02694508,1.091603205
loj,4.331972976,4.539924289,4.761569369,3.372429943,3.538688888,3.256568731
endos,8.806805355,9.006244007,8.920613642,8.338336986,8.41827294,8.518618037
Ctr1C,0.174348395,0,0,0,0,0
Ctr1B,0.771040734,0.231061681,0.516062327,0.512338969,0.35014255,0.373031704
Ctr1A,1.911413256,1.569773665,2.150681236,2.98486634,3.436651595,3.144696241
CG17680,7.396920946,7.664180526,7.657394167,8.623301855,8.679187101,8.578491585
Cisd2,6.848752863,7.092289579,7.138248353,7.858819826,7.654569267,7.847031868
CG13197,4.224551481,4.98184629,4.847584689,5.278133163,5.072842448,5.112240051
CG16984,0.214831388,0.081202514,0.215700384,0.387282298,0.043373527,0.102682134
Or19b,0,0,0.516062327,0,0.204896494,0
pncr009:3L,0.292540976,0.80957322,0,0.2787941,0.126394328,0.069260254
pncr016:2R,0,0,0.215700384,0,0,0
CG31808,6.926604327,6.995779614,6.813648123,9.433765014,9.669499744,9.553090093
pncr002:3R,1.108418423,1.940006276,2.097309615,0,0,0.16728912
CG31275,0.045601845,0,0,0,0,0
CR31429,0.045601845,0.081202514,0.215700384,0,0,0.259078775
Gpb5,6.047856867,6.17425313,6.024075132,5.399679646,6.154376624,5.386059694
Uhg2,2.698537383,2.74482761,2.491340747,2.117637312,2.143498487,1.991065144
GstE9,0.329880465,0.081202514,0.075540634,0.130597294,0,0.229126454
GstE8,0.214831388,0.231061681,0.215700384,0,0,0.970104318
GstE7,0.771040734,0.158077041,0.569299184,0.438612949,0,0
GstE6,0.743632778,0.490874211,1.385527878,1.625004195,1.881987279,0.623833477
GstE5,0.254209339,0.158077041,0,0.438612949,0,0
GstE4,0.470264926,1.185097719,0.976440789,4.157144949,4.0096841,4.013194378
GstE3,0.503325831,0.736253047,1.355534777,0.627414808,0,1.780032676
GstE2,0.045601845,0,0.403305984,3.193492447,4.162571345,3.780021456
GstE10,0,0.158077041,0,0,0,0
CG6006,0.214831388,0.158077041,0.343441058,1.850214657,1.131134066,0.345376129
CG32335,0.628476965,0,0.569299184,1.67936262,0,1.879796878
CG40228,6.62904702,6.921237119,6.639459848,6.356868854,6.366687125,6.385351981
Kaz1-ORFB,0.254209339,0.632309912,1.015327048,0,0.659827649,0.198539073
CG33722,0.254209339,0.120151752,0.075540634,0.033774261,0.043373527,0.16728912
RpL5,9.254798354,9.502420514,9.556590892,8.665151203,8.824474283,8.833590603
Rdh,3.771122787,3.891221739,3.835691071,4.211648224,4.036764303,3.896557436
Idgf5,0.045601845,0.334050524,0,0,0.126394328,0.713098814
CG7600,6.353426314,5.990055354,5.915197086,5.990507738,6.193407605,5.956623142
CG31178,0,0.231061681,0,0.066775902,0,0
Arpc3B,0,0.041172495,0,0,0,0
AlkB,3.4106255,4.127005407,4.219704242,3.647939413,2.600850423,3.005855618
snoRNA:Psi28S-291,0.089806327,0.158077041,0.075540634,0.066775902,0.043373527,0
RNaseMRP:RNA,0.598192202,0.901874222,1.090089724,0.926071582,1.151098443,1.908428757
snRNA:7SK,7.276881015,7.290984424,7.271712282,7.342787549,7.254731491,7.690118627
ppk10,0,0,0,0.099039483,0.043373527,0
RpL41,7.662558132,7.374401291,7.606570556,5.72771171,5.416901811,5.637643507
LpR1,6.577102013,6.940746974,7.122750843,7.150299378,7.309886402,6.850366498
GlcAT-I,5.068810289,5.190666771,5.324828594,5.822544373,5.886110901,5.64829249
CheB42c,0.628476965,0.924055416,0.809481815,1.896842161,1.663104036,1.172521885
CheB42b,0,0,0.516062327,0,0,0.035045714
dyl,0.174348395,0,0.280984078,0.130597294,0,0
Rab9D,0.254209339,0,0,0,0,0
GlcT-1,5.71805346,5.568771223,5.165411283,4.929140939,4.952862686,5.199783243
CheB38a,0,0,0.075540634,0,0,0
Cby,0,0.158077041,0.147321929,0.033774261,0,0
CG33331,7.167047528,7.158686511,7.450387805,5.966116413,6.067754446,5.771601383
CG33332,4.280454337,3.99963551,4.327926252,2.699399957,2.771771392,3.057902139
dbr,3.54371029,3.773994225,3.740263196,3.701456213,4.076454739,4.081838855
att-ORFA,1.809358867,3.042194573,2.876406888,2.936584415,2.953280391,2.61804156
Patj,7.934364203,7.34977631,7.175742783,8.217714197,8.207583509,8.220307295
IM14,0,0,0,0.099039483,0.043373527,0.035045714
eca,5.83629446,6.02895236,6.118628574,4.611753383,4.667698242,4.51939377
Porin2,0.174348395,0.605110328,0.147321929,0.306690511,0,0.229126454
CG4681,0,0,0,0.033774261,0,0
CG41128,5.819164371,5.58365314,5.705302415,6.597478064,6.24250242,6.420979326
CG41106,0.045601845,0,0,0,0,0
CG40498,8.147387726,8.519111913,8.352564055,7.495648909,7.550605668,7.506833612
CG40485,0,0,0,0,0.043373527,0
tmod,9.718378473,9.625648374,9.673171996,9.931286241,9.687073313,9.604486725
sprt,0.900774972,2.065044865,1.882757398,3.05644374,3.268638986,2.266438654
akirin,8.175863514,8.256636206,8.255663015,7.220033112,7.395539993,7.480656353
pps,4.704914195,4.894676064,5.232957358,4.888185426,5.091042703,5.224663388
snoRNA:Me28S-G3255b,0,0,0,0,0.085481031,0
snoRNA:Me28S-G2703a,0,0.041172495,0,0,0,0
snoRNA:Psi28S-612,0.089806327,0,0,0.033774261,0,0.035045714
snoRNA:Psi28S-3571,0,0,0,0,0,0.035045714
snoRNA:Psi28S-3405a,0.045601845,0,0,0,0,0
snoRNA:Psi28S-3385b,0,0.041172495,0,0,0,0.069260254
snoRNA:Psi28S-3385a,0,0.041172495,0.147321929,0,0,0.069260254
snoRNA:Psi28S-3378,0,0.081202514,0,0,0,0
snoRNA:Psi28S-3305c,0.089806327,0.081202514,0.215700384,0.099039483,0.085481031,0.102682134
snoRNA:Psi28S-3091b,0,0,0.075540634,0,0,0
snoRNA:Psi28S-2996,0,0,0,0.033774261,0,0
snoRNA:Psi28S-2444,0,0,0,0.033774261,0,0
snoRNA:Psi28S-2442b,0,0,0,0.033774261,0,0
snoRNA:Psi28S-1232,0,0,0.075540634,0,0,0
snoRNA:Psi28S-1192d,0,0,0,0,0,0.035045714
snoRNA:Psi28S-1153,0.254209339,0,0.343441058,0.099039483,0,0.069260254
snoRNA:Psi28S-1135c,0,0,0,0,0,0.035045714
snoRNA:Psi28S-1135b,0.045601845,0.041172495,0,0,0,0.035045714
snoRNA:Psi28S-1135a,0,0,0.075540634,0,0,0
snoRNA:Psi28S-1060,0,0.041172495,0,0,0,0.135347252
snoRNA:Psi18S-996,0.045601845,0,0,0,0,0
snoRNA:Psi18S-841d,0,0.041172495,0,0,0,0
snoRNA:Psi18S-640g,0,0.041172495,0,0,0,0
snoRNA:Psi18S-531,0.850272436,0.685217387,0.343441058,0.334057725,0.417626289,0.16728912
snoRNA:Psi18S-525k,0.045601845,0,0,0,0,0
snoRNA:Psi18S-525j,0.089806327,0,0,0,0,0
snoRNA:Psi18S-525d,0,0,0,0,0,0.035045714
snoRNA:Psi18S-301,0,0,0,0,0,0.035045714
snoRNA:Psi18S-1854c,0,0,0,0.033774261,0,0
snoRNA:Psi18S-1854b,0,0.081202514,0,0.033774261,0,0
snoRNA:Psi18S-1389b,0,0,0,0,0.043373527,0.035045714
snoRNA:Psi18S-1389a,0,0,0,0,0,0.069260254
snoRNA:Psi18S-1377e,0,0,0,0.099039483,0,0.035045714
snoRNA:Psi18S-1377d,0,0.041172495,0,0,0,0
snoRNA:Psi18S-1377c,0,0,0,0.033774261,0,0
snoRNA:Psi18S-1377b,0,0,0,0.066775902,0.043373527,0
snoRNA:Psi18S-1347a,0.045601845,0,0,0,0,0
snoRNA:Psi18S-1086,0,0,0,0.033774261,0.043373527,0
CG33947,6.048556988,6.242036399,6.027645859,5.019357934,4.927042327,4.974599921
Uhg8,1.467932039,1.906976767,2.060599064,1.303679131,1.246975234,0.895787384
Uhg7,0.598192202,0.967420201,0.764538089,0.221328946,0.085481031,0.288421873
Uhg5,4.156036907,4.737600628,4.308488006,5.386669249,5.508737478,5.130583941
Uhg4,4.559240846,5.109518652,4.871625593,4.636694523,4.262309503,4.719816254
Spn28B,0.089806327,0,0,0,0,0
Neb-cGP,8.658878826,8.709028661,8.856974998,9.007902287,8.88877452,8.945320599
Frq2,5.953819953,5.97020638,5.826416591,6.562111899,6.514641839,6.212914052
BG642163,0,0.041172495,0,0,0.043373527,0
RhoU,1.995147922,1.569773665,0.895375166,1.331102989,1.170790315,0.553062079
CG34107,1.580650349,0.80957322,0.403305984,1.17338058,0.74110543,0.623833477
CG34109,0.214831388,0.71096088,0.280984078,0.438612949,0.543803643,0.45295311
lobo,1.381661402,1.929080246,1.655458917,0,1.336875487,0.528678517
CG34113,5.516217951,5.497525578,5.46661733,5.379299008,4.927042327,4.944962302
CG34114,7.568551148,7.102962608,6.740104763,7.837165388,7.924986978,7.980275721
CG34115,0.089806327,0,0.215700384,0,0,0
CG34117,5.412347343,5.461012565,5.463105424,5.745018737,5.722293298,5.902497577
CG34120,0,0.158077041,0.215700384,0.066775902,0,0.069260254
CG34124,1.434040296,0,0.620641262,0,1.283610278,1.377570087
CG34125,5.496854533,5.917974398,5.809922226,6.775527311,6.421653293,6.711376313
CG34126,5.58249723,5.230147454,5.582822518,6.405650341,5.919230984,6.695719361
Nlg3,6.862753354,7.049735922,7.035587163,6.906345462,6.782022787,6.88619534
CG34132,7.132464042,7.297636426,7.38924948,5.920016764,5.874899726,6.007689019
CG34133,4.3181039,4.281028714,4.08909488,3.785636782,4.015140958,4.247878837
CG34134,1.533416609,1.638458511,1.414910112,2.573016407,2.423434135,1.964042215
CG34136,5.10156488,5.244540837,5.145829918,1.994407988,2.007752473,1.748706671
CG34137,1.212046198,2.055029075,2.218904359,2.51441408,3.203213121,3.321881853
Nlg4,5.032466308,4.949771496,4.86897408,4.6612118,4.410460832,3.879786407
CG34141,0,0.856461751,0.280984078,0,0.714518384,1.569074485
CG17672,2.096124414,1.611375695,2.684670739,0,0,0
Ir10a,0.214831388,0.36680871,1.126066663,1.792196519,0.24260175,0.135347252
RunxA,3.302080417,3.111486712,2.755288299,1.473269147,1.228302843,0.713098814
mRpL34,3.470365998,2.990579946,3.437936094,3.688261973,3.062725462,3.575027147
CG34148,4.181793591,4.362470936,4.252624877,4.415953675,4.362034136,4.295626091
CG34149,2.747651708,2.787796885,2.491340747,2.376442634,2.356227934,2.413516834
CG34150,2.89195003,2.920595882,2.778079691,4.290600003,4.364173793,4.293818583
snRNA:U11,0.214831388,0.081202514,0.280984078,0.099039483,0.166179293,0.373031704
sphinx,0.045601845,0.081202514,0.215700384,0.19171458,0,0.102682134
CG34155,6.251303699,5.816391748,5.702326566,3.365815368,3.488572151,3.367278829
Mkp,0.628476965,1.109687544,1.293610521,1.261540434,0.631684635,1.023432869
CG41434,0,0,0,0.033774261,0,0
CR41443,0.214831388,0,0,0,0,0
CR41440,0.900774972,0.901874222,0.764538089,0.033774261,0.043373527,0
CG34159,8.659795541,8.87860384,8.733413407,6.996081903,6.891400421,7.050689761
CG34161,0,0,0,0.033774261,0,0
CG34163,2.841132103,2.76339994,3.017168594,2.2528356,2.040231221,2.198505493
CG34165,0,0,0.280984078,0,0,0
CG34166,0.824342362,1.583774727,0.895375166,0.774503582,0.315178801,0.16728912
CG34167,1.611301687,2.09468167,1.903635333,1.752179603,1.577173781,1.650428231
CG34169,0,0.120151752,0,0,0,0
CG34170,0,0,0,0,0.043373527,0
CG34171,0,0.120151752,0,0,0,0
CG34172,0,0.081202514,0,0,0,0
CG34174,3.754054905,4.13177826,4.335628806,2.863339563,2.487648473,2.974604824
CG34175,0.174348395,0,0.075540634,0,0.166179293,0
CG34178,0,0.158077041,0.075540634,0,0,0
CG34180,0.132696544,0.19503084,0.215700384,0.582479838,0.35014255,0.400167095
CG34181,0.045601845,0,0,0,0,0
RpS28-like,0,0,0.075540634,0,0,0
CG34183,3.91012501,4.190143642,3.920082447,3.693554158,3.391210526,3.624763219
CG34185,0,0.081202514,0,0,0,0
CG34188,0.715694033,0.19503084,1.355534777,0.627414808,0.659827649,0.528678517
CG34189,0,0,0.215700384,0.250347622,0,0.259078775
CG34190,0.132696544,0.120151752,0.280984078,0,0,0.069260254
CG34191,5.370403635,5.794736459,5.563273564,4.742606789,4.872470097,4.794579391
CG34193,0,0,0,0,0,0.035045714
CG34194,0,0.36680871,0.075540634,0,0,0
CG34195,2.475120899,2.558880767,2.708596057,2.834884778,2.061484493,2.98360291
CG34196,0,0.041172495,0,0,0,0
CG34198,0,0,0.215700384,0,0,0
CG34199,0,0,0,0.033774261,0,0
CG34200,3.089937898,2.817724095,3.118872309,3.682950303,3.357239674,3.504886069
CG34201,0.875744677,0,1.053192621,0.033774261,0.043373527,0.102682134
CG34202,0,0.266214546,0,0,0,0
CG34205,0.174348395,0.659006168,0.147321929,0,0.417626289,0.623833477
CG34206,0,0.398839565,0.280984078,0,0,0.503875743
CG34208,0,0.041172495,0.147321929,0,0.24260175,0
CG34210,0.045601845,0,0.403305984,0,0,0
CG34212,0,0,0,0.413175903,0.35014255,0.776600407
CG34213,2.733788825,3.334884872,3.045624549,2.936584415,2.487648473,2.866879851
CG34214,0.045601845,0.334050524,0.280984078,0.627414808,0.631684635,0.373031704
CG34215,0,0.041172495,0.343441058,0.099039483,0.085481031,0
CG34216,0.132696544,0.761109441,1.126066663,0.387282298,0,0.035045714
CG34219,1.809358867,2.142762288,2.251843045,3.072781655,2.67856081,2.718475266
CG34220,1.212046198,1.906976767,1.293610521,5.165531169,5.114110637,4.992540381
CG34221,0.743632778,0.833207966,0.460785459,0.033774261,0.166179293,0.102682134
CG34228,4.176678909,4.155408506,4.168870426,5.519992157,5.277414391,5.374134191
CG34231,2.910554553,2.565951338,2.376555991,3.039918684,3.590782154,3.53580205
CG34232,1.549333635,1.665042273,2.079071103,1.602674079,0.513278718,0.16728912
CG34234,0.174348395,0.081202514,0,0.033774261,0,0.102682134
CG34236,0.089806327,0,0,0,0,0
CG34238,0,0,0,0.066775902,0,0
CG34242,3.089937898,3.106646141,2.907747749,4.162879664,3.913612926,3.872538709
CG34244,0,0.158077041,0,0.794343545,0,0
CG34245,0,0,0.075540634,0,0,0
CG34247,0.174348395,0.398839565,2.218904359,0,0,0
CG34250,5.035294736,4.771637423,5.214277473,5.00240004,4.688338878,4.758337585
CG34251,0.174348395,0,0.280984078,0.438612949,0.631684635,0.035045714
CG34253,0.503325831,1.109687544,0.343441058,0.066775902,0,0
CG34254,0,0,0,0.033774261,0,0
Blos3,3.547677671,3.57108178,3.862597499,3.522710293,3.240961828,3.14067947
CG34256,0,0,0,0,0.126394328,0.478639091
CG34260,0.132696544,0.19503084,0.075540634,0.161479554,0,0.135347252
CG34261,0.949569261,1.325032758,1.053192621,3.167104471,2.778204406,3.360386984
CG34264,0.045601845,0,0,0,0.043373527,0
CG34269,0,0.158077041,0.147321929,0.099039483,1.131134066,0.135347252
CG34273,0,0.041172495,0,0,0,0
CG34276,0,0,0,0,0.085481031,0.102682134
CG34279,0.687203533,0.71096088,0.516062327,1.013304027,0.24260175,0.914728587
CG34283,0.254209339,0.120151752,0.147321929,0,0,0.035045714
CG34284,0.174348395,0,0,0,0,0
CR34285,0,0,0,0.221328946,0,0
CG34286,0,0,0,0,0.043373527,0
CG34287,0,0,0.280984078,0,0,0.035045714
CG34289,0,0.041172495,0,0,0,0
CG34291,0,0.041172495,0,0,0,0
CG34292,0,0.041172495,0,0,0,0
CG34293,4.586493926,4.774692225,4.892664072,4.422342821,4.848216554,4.694008723
CG34296,0.292540976,0.041172495,0.075540634,0,0,0
CG34298,0,0,0,0,0,0.035045714
CG34299,0,0,0,0.033774261,0,0.426801509
CG34300,0.045601845,0.120151752,0.147321929,0,0.085481031,0.035045714
CG34302,0,0,0,0.033774261,0,0
CG34303,0,0,0.147321929,0,0.126394328,0.069260254
CG34305,0.292540976,0.266214546,0.670218812,0.438612949,0.204896494,0.345376129
CG34307,0,0.041172495,0,0.066775902,0,0
CG34308,0.045601845,0,0,0,0.043373527,0
CG34310,4.920657837,5.362935175,5.353564573,4.290600003,4.362034136,3.879786407
CR34311,0,0,0,0,0.043373527,0
CG34316,0.43642859,0.685217387,0.147321929,1.247216179,0.81804741,0.229126454
inaF-C,0.329880465,0.36680871,1.053192621,0,0.126394328,0.259078775
inaF-A,0,0,0,0,0.085481031,0
CG34324,0.214831388,0.041172495,0,3.280467892,3.452827079,3.267661658
CG34325,1.65609121,1.541357195,1.882757398,0,0,0
CG34327,0,0,0.075540634,0,0,0
CG34328,0.214831388,0.231061681,0.403305984,0,0.126394328,0.102682134
Diedel3,0.089806327,0.120151752,0,0,0,0.102682134
CG34330,0.567258051,0.19503084,0.280984078,0,0,0.426801509
CG34331,0.214831388,0.300531207,0.147321929,0.130597294,0.74110543,0.478639091
CG34332,0,0.158077041,0,0,0,0
Vml,0.254209339,0.460843657,0.620641262,0,0.417626289,1.417958665
CG34338,0,0.120151752,0.147321929,0.066775902,0,0.102682134
Drgx,1.129748022,1.754407614,0.895375166,0.605122262,0.792853288,0.229126454
Pde11,6.68234773,6.477256646,6.667958795,6.507194142,6.599729831,6.434577441
CG34342,1.363770477,1.482787903,1.228908645,1.700545187,1.676941004,1.898947794
CG34345,0.045601845,0.231061681,0,0,0,0
CG34347,5.710110247,6.120640198,6.165840581,4.033218219,3.576089308,3.917837622
CG34348,6.324813412,6.230401889,6.395067827,5.842334592,5.576740935,6.22054569
CG34351,2.617812027,2.864352688,2.391413548,2.709884029,2.970235874,3.711266898
CG34353,9.266280065,9.220438352,9.148286785,8.606303874,8.507485462,8.630260638
CG34354,6.085867655,6.061835107,5.619566714,5.162671926,5.902397951,5.281404975
CG34355,5.126978298,5.232371189,4.86897408,5.408556715,5.148035362,5.193010778
CG34356,6.678734373,5.448633276,5.457821483,7.863522888,7.985135593,8.011955055
CG34357,2.815035725,3.163687866,2.584792649,3.778183773,3.976502272,3.874958656
shakB,9.5342574,9.812488929,9.629583901,7.068646659,7.168903313,7.167325991
Dgk,6.823204416,6.978661464,6.77451426,7.224610036,7.305717776,7.067184975
CG34362,6.128211195,6.202884168,5.872151832,5.730932419,5.882383514,5.84008251
Shawl,6.213094816,5.824521534,5.926717176,6.57040593,6.454157355,6.67121465
CG34367,0.850272436,1.638458511,1.015327048,0.2787941,0.126394328,0.691294921
Fili,2.230532028,1.512369747,1.526797288,1.079480821,0.842809102,1.249141988
ppk9,0.628476965,0.398839565,0.895375166,0.53610018,0,0.755742239
CG34370,6.455146001,6.502351323,6.318426572,6.627857464,6.773595958,6.858949126
CG34371,4.854937112,5.144182025,5.012832437,5.14249697,5.272866041,4.84235228
CG34375,0,0.19503084,1.526797288,0.130597294,0.631684635,0.069260254
CG34376,5.457330142,5.256608687,5.497845616,5.067030081,4.703627843,4.790739602
Pvf3,6.474031503,6.783959039,6.614349797,5.969392514,5.992985442,5.928941018
Shroom,4.762376138,5.300719965,5.092275145,4.313123141,3.916531798,4.242266455
CG34380,9.83344891,8.896505434,8.856305814,8.424307134,8.665046374,8.564504344
TrissinR,5.269518503,4.916967352,5.519986267,6.205339035,6.715704103,6.597299587
CG34382,1.108418423,2.014255748,1.903635333,0.75438697,0.085481031,1.140696948
CG34383,7.870071483,8.05515684,8.031561141,6.08867336,5.872646998,6.33438741
CG34384,5.216923822,5.167611612,4.738513545,6.676442018,7.305717776,7.011909443
dpr12,8.003696652,7.754564978,7.499643189,7.422835934,7.750724455,7.611215611
CG34386,2.904379665,2.055029075,3.222210437,0.066775902,1.319338022,0.135347252
natalisin,0,0.36680871,0.280984078,2.201753086,0.891092845,0.857142206
Rgk2,3.414975695,2.361715268,1.924215439,5.310354665,5.061019862,5.26212184
DIP-delta,4.919127352,5.064048298,4.83405347,3.872193034,3.83248467,4.131260352
Epac,7.004082793,6.336540393,6.304757212,9.310932281,9.127046628,8.867252791
CG34393,5.687813502,5.541231981,5.590890377,5.258627615,5.298825362,5.172500515
CG34394,6.333457025,6.142679758,6.064034942,7.397522088,6.95524426,7.232468184
nub,0.366277874,0.490874211,0.147321929,0.512338969,1.170790315,1.108154106
CG34396,1.251499213,1.741975081,0.895375166,1.218133808,1.283610278,1.769666069
Rgk3,3.062471748,3.29714247,2.33104259,4.110427631,3.878117908,3.889393712
CG34398,0.089806327,0.041172495,1.385527878,0.033774261,0.043373527,0.229126454
Nox,0.996767095,0.736253047,2.022929939,0.066775902,0.315178801,0.035045714
CG34401,7.515605821,7.533897407,7.360750667,7.90830727,7.677119409,7.712278527
CG34402,3.06800697,2.82952329,3.473280255,6.189974814,6.126916866,6.542029576
pan,6.527240678,6.812851106,6.440422142,6.498527511,6.846192011,6.585157996
CG34404,7.169946034,6.903554443,7.007533408,7.544790647,7.7517463,7.563254581
NaCP60E,8.42911512,8.434482023,8.461298205,9.945599874,9.963455248,9.863614511
Not1,7.232898916,7.632327719,7.652006091,7.721952373,7.801345138,7.638533157
CG34408,6.058323161,5.674772094,5.916481648,5.881118772,5.539357626,5.445066438
CG34409,2.138829956,1.940006276,2.251843045,2.434489017,1.881987279,2.198505493
Lgr4,1.501045839,1.467766366,2.610417859,0.099039483,0.482093952,0.229126454
NKAIN,8.725955824,8.609140376,8.696128587,9.869064062,9.937286635,9.850571051
spri,4.929806805,4.424079359,4.884810552,3.75305861,4.416659187,3.091585123
mute,4.696004676,5.088804671,4.670098736,4.775419162,4.605752607,4.348824385
CG34417,1.983479289,1.009519467,1.727485453,0.852277114,0.687432158,1.800545063
sif,8.510896536,8.598404825,8.487247823,9.889383935,9.841575359,10.01346584
Snoo,4.900633763,4.60658608,5.130414072,5.298247223,4.732072255,4.386626352
htk,7.402956028,5.913130912,5.511510796,7.450646481,7.335193801,7.40082836
CG34423,0,0,0,0,0.043373527,0
CG34424,1.670717286,1.597641216,1.324904867,0.670992382,0,0.373031704
CG34425,0,0,0,0.161479554,1.606389595,0
CG34426,0,0.041172495,0,0,0,0
CG34427,0.43642859,0.334050524,0,0,0,0
CG34430,1.251499213,1.090202596,1.015327048,0.627414808,1.005172941,1.278685825
CG34431,1.363770477,1.467766366,0.620641262,0.46360926,2.092788633,1.218980474
CG34435,0.089806327,0,0,0.033774261,0,0
CG34437,0,0,0,0.033774261,0,0
ND-MWFE,7.037617601,7.106603831,7.17466959,8.273886113,7.977468862,8.061131849
CG34443,0,0.041172495,0,0,0,0
CG34444,0,0,0,0,0,0.035045714
CG34445,0,0.231061681,0,0.670992382,0,0
CG34446,0.254209339,0.120151752,0,0,0.043373527,0
CG34447,0,0.041172495,0,0,0.043373527,0.035045714
CG34448,0,0.300531207,0,0,0,0
CG34449,4.586493926,4.235193329,4.414115886,4.248071837,4.441189685,4.167246225
CG34450,0.089806327,0.490874211,0.853067622,0.413175903,0,0
CG34451,0,0.081202514,0.075540634,0,0,0
CG34452,0,0,0,0.413175903,0,0
CG34453,0.132696544,0.231061681,0.343441058,0,0.085481031,0.776600407
CG34454,0.089806327,0.36680871,0.147321929,0,0,0.102682134
Pdxk,6.368083739,6.526110888,6.566057005,5.699712732,5.179966526,5.816356192
CG34456,0.132696544,0.081202514,0.075540634,0,0,0
CG34457,0,0,0,0.033774261,0,0
CG34458,0,0,0,0.360915446,0,0
CG34459,0,0,0,0,0.166179293,0
Mst77Y-16Psi,0,0.081202514,0,0,0.043373527,0.035045714
CR40601,0,0,0,0,0,0.035045714
CG40635,0.045601845,0.041172495,0,0,0,0
CR41243,0,0,0,0,0.043373527,0
CR41320,0.743632778,0.490874211,0.215700384,0.559476377,0.543803643,0.553062079
CG41378,5.925895553,6.354516261,6.301811137,5.066010305,5.161631047,4.950709328
CR41423,0.715694033,0,0,0,0,0.035045714
CG41561,0,0.081202514,0,0,0,0
CR40190,2.029598029,2.508392052,2.041887442,1.303679131,1.336875487,1.991065144
CR40450,0.598192202,0.520292387,0.215700384,0.250347622,0.315178801,0.069260254
CG40472,6.319602276,6.527016949,6.499044247,6.480271167,6.331033396,6.53439558
CR40502,0.214831388,0.334050524,0,0,0.126394328,0.135347252
CR40561,0.045601845,0,0,0,0,0.035045714
CR40571,0,0,0,0.066775902,0.166179293,0
CR40573,0,0,0,0,0.043373527,0
CR40582,0,0.041172495,0,0.066775902,0,0
CR40594,0.089806327,0,0,0,0,0
28SrRNA-Psi:CR40596,7.002999591,7.581337298,7.427594547,6.356451856,6.64354926,6.55075902
CR40611,0.401779573,0.577388071,0.215700384,0.306690511,0.417626289,0.373031704
CR40613,0,0.081202514,0,0.033774261,0,0
CR40621,0.254209339,0.901874222,0.075540634,0.130597294,1.131134066,0.288421873
CR40639,2.705656916,3.309833296,2.886929673,2.68883914,2.622462659,3.476483662
CR40640,1.399333176,2.448440547,2.079071103,1.435864971,1.547354071,1.604503555
CR40641,3.111540432,3.476693289,3.19706152,2.471928424,2.692251019,2.760962381
CR40642,0.089806327,0.334050524,0.147321929,0.099039483,0.166179293,0.102682134
CR40668,5.873911806,6.430568694,5.992752936,5.027762714,5.452531638,5.537327275
CR40679,0.174348395,0.120151752,0.280984078,0.033774261,0.126394328,0.198539073
CR40712,0,0.081202514,0.075540634,0,0,0.069260254
28SrRNA-Psi:CR40741,0.132696544,0.231061681,0.147321929,0.130597294,0.085481031,0.035045714
CR40766,1.270828368,1.778955809,1.414910112,1.046771834,1.02694508,0.895787384
CR40959,0.214831388,0.520292387,0.147321929,0.130597294,0.417626289,0.669156436
CR41379,0.045601845,0,0,0,0,0.102682134
CR41501,0,0,0,0.066775902,0.867152957,0.069260254
CR41535,7.342294885,7.982540267,7.373902024,6.572561771,6.912022461,7.148696428
CR41544,6.094707561,7.61666575,7.588552163,5.673170115,6.19641289,6.228137171
CR41550,0,0,0.075540634,0.033774261,0.043373527,0.035045714
CR41571,0,0.041172495,0,0,0,0
CR41583,0.132696544,0.081202514,0.075540634,0.099039483,0.085481031,0.229126454
CR41590,0.658139045,1.203350074,0.718149104,0.53610018,1.131134066,0.776600407
CR41591,0,0,0,0,0,0.035045714
18SrRNA-Psi:CR41602,0.687203533,1.256761209,1.261622271,0.692297297,0.659827649,0.817433287
CR41607,0.132696544,0.520292387,0.516062327,0.19171458,0.417626289,0.345376129
28SrRNA-Psi:CR41609,0.658139045,1.090202596,0.670218812,0.2787941,0.417626289,0.317180035
CR41613,0,0.266214546,0.280984078,0.130597294,0,0.198539073
CR41619,0.089806327,0.266214546,0.343441058,0.066775902,0.482093952,0.135347252
CR41620,0.292540976,0.266214546,0.343441058,0.161479554,0.24260175,0.259078775
CR42195,0.329880465,0.549122661,0.853067622,0.221328946,0.417626289,0.503875743
snoRNA:Me28S-A2589a,0,0,0,0,0.043373527,0
snoRNA:Me18S-A1597,0.045601845,0,0,0,0,0
snoRNA:Or-CD12,0,0.081202514,0,0,0,0
snoRNA:Me18S-A1494,0,0.081202514,0,0,0,0
snoRNA:Me18S-A1806,0,0.081202514,0,0,0,0
snoRNA:Me28S-A30,0.045601845,0,0,0,0,0
snama,6.656862092,6.56103229,6.591210041,5.929579573,6.116165842,6.06444922
Dbp21E2,5.092088033,5.254422028,4.741415754,4.066232437,3.785360749,4.436628406
Prosalpha2,7.920279993,8.332189032,8.363201525,6.272301285,6.22377167,6.160316759
CR42490,0,0,0.075540634,0,0,0
del,3.946640146,4.169403076,4.093644499,4.923521725,3.931038232,4.469025561
rumi,3.361887065,3.355433935,3.295129178,1.358015262,1.704223059,1.954920908
CG6084,6.963823752,6.959325417,7.122750843,6.412887517,6.793579506,6.571049007
psd,0.824342362,0.490874211,0.764538089,0,0,0
Vm26Ac,0.045601845,0.430174687,0.215700384,0.033774261,0,0
ALiX,8.551224004,8.138590998,8.107478035,9.1278953,8.982721082,8.924079771
Myo31DF,3.100779598,3.314038884,3.534796412,4.909945638,5.788316587,5.254707552
se,0.214831388,0.041172495,0.460785459,0.130597294,0,1.307636778
tef,3.491116234,4.146002802,3.386952842,3.219406423,3.492489703,3.882194238
Tpi,7.866502486,7.937421147,8.069585938,10.11583589,9.981250958,10.02215729
tum,1.270828368,1.873173316,1.443705866,0.926071582,0.126394328,0.691294921
Sec61alpha,8.677103344,8.739151655,8.780204114,6.818548164,7.18533314,7.184743039
Tab2,2.691382541,2.142762288,1.944506093,1.88763644,2.439757656,1.800545063
Invadolysin,5.047954487,4.753171514,4.709165761,5.141529185,5.623934608,5.273172314
alph,5.699450806,5.595794608,5.11930102,6.59571253,6.731121823,6.577377986
spn-F,4.30644361,4.668662015,4.362268432,4.606151861,4.502694561,3.828270838
Orct2,2.873102452,1.009519467,2.133109169,2.51441408,1.79584138,1.557068777
t,0,0,0,0.033774261,0,0.069260254
tw,1.064789212,0.231061681,0.516062327,0.099039483,0,0
sra,6.552139909,6.669225193,6.424258355,9.052798752,8.974341298,9.003570309
poly,5.516217951,5.688604814,5.647684144,4.732358674,5.186026931,5.040756397
lap,4.692425404,4.408430537,4.44292734,5.643397905,5.893536907,5.742742166
Alg-2,6.179610428,6.577306555,6.618302166,5.901270741,6.267866458,5.846878456
Mer,1.755490258,2.25201121,2.463489333,1.52167906,2.356227934,2.497580553
stl,1.434040296,0.945900736,1.553463943,1.142754737,0.166179293,0.600626626
mib2,5.34782825,4.615132444,4.712127551,5.620658487,5.768259496,5.621160857
AsnRS,7.760032201,7.617941992,7.615693778,7.095381664,6.97357893,6.727200043
l(2)37Cb,4.209604739,4.317095707,4.190269272,4.014310246,3.344291506,4.008793688
l(2)37Cd,3.393092348,3.172979344,2.660341949,3.46198411,3.33559438,2.522490858
DCTN6-p27,4.886606316,4.90447091,5.247320764,4.181832398,4.0096841,4.196563625
l(2)37Cg,2.594988841,2.713332332,3.145409019,2.267104443,2.018660167,1.860388321
Gpi1,5.092088033,5.358869933,5.263562869,3.645210745,3.919444778,4.284746918
su(r),0.254209339,0,0.403305984,1.802029689,0.914641953,2.755719417
l(2)k09022,5.288609318,4.940280428,4.720976611,5.02671479,4.483139311,5.088456009
RpS25,9.060843261,9.298059259,9.438387133,8.296669641,8.086781002,8.140464312
Cpr47Eg,0.089806327,0.430174687,0.460785459,0.161479554,0.35014255,0
Spt-I,3.499333477,3.721135808,3.797158585,4.390110327,4.359891301,4.379826532
Ubi-p5E,6.126222769,6.08293711,6.195773029,7.001425998,6.686504446,6.782383433
snoRNA:Psi28S-3436b,0.045601845,0,0,0,0,0.16728912
CG12484,8.285052572,7.714958943,7.546857629,8.10419871,8.213232537,8.162670292
CG9853,6.289119268,6.591235053,6.763849189,6.614666916,6.204794533,6.418907778
CG34112,2.01820582,1.918070837,1.630628187,1.67936262,2.303685542,2.734554919
CG33342,0.214831388,0,0.075540634,0.033774261,0,0
Ino80,3.575147986,2.75104499,3.31084474,3.223070712,1.869991204,3.256568731
jing,7.591793048,7.670754544,7.383222988,6.592883173,6.515123337,6.480987633
shrb,7.445572676,7.757463105,7.652777049,6.658287134,6.970773333,6.879582519
IKKepsilon,5.26108617,5.171093461,5.154565575,4.653085581,4.909568396,5.093659911
snoRNA:Psi28S-1180,0,0.041172495,0,0,0,0
snoRNA:Psi28S-2566,0.045601845,0,0,0,0,0
snoRNA:Psi28S-3186,0,0.041172495,0,0.033774261,0,0.069260254
snoRNA:Psi28S-2149,0,0,0,0,0,0.069260254
snoRNA:Psi18S-1377a,0,0,0,0,0,0.069260254
snoRNA:Psi28S-3436a,0,0.041172495,0,0,0.043373527,0
snoRNA:Psi28S-2622,0,0,0.075540634,0,0,0.035045714
snoRNA:Psi28S-2876,0,0,0,0,0,0.069260254
snoRNA:Or-aca5,0.045601845,0,0,0,0,0.035045714
CG13272,0.089806327,0,0.403305984,0,0,0.035045714
Tango13,7.927529598,6.965019777,6.724788631,7.029946944,7.308775946,7.370922118
fne,10.03832377,10.17814662,9.946498319,8.847794594,8.80472009,8.927653839
spin,5.552208732,5.663280004,5.573081152,5.420574451,4.766452428,5.381811893
jeb,7.05200383,7.199039873,6.952867759,9.659533143,9.755505878,9.664206516
p,7.613957116,7.42655815,7.610147387,6.922211189,7.091270746,7.285047922
vvl,5.237946813,4.667018934,5.003191982,4.228152741,4.112539163,4.17315756
Mst36Fa,1.231907565,0.577388071,0.403305984,0.066775902,0.573696073,0
Spf45,6.942135088,6.988562093,6.959114276,6.298586852,6.319501723,6.055409642
l(3)L1231,7.226107047,6.837528633,6.758845045,7.483288392,7.581508809,7.699023474
Desat1,6.923554343,7.152828488,7.059621863,8.596714445,8.595490788,8.662047991
Plp,3.888389754,4.645486827,4.806604244,3.890742359,4.229823602,2.771391493
UK114,0.628476965,0.520292387,0.569299184,0.627414808,0,1.495494259
iav,0.996767095,1.128912832,0.764538089,0,0.126394328,0.288421873
Bre1,6.141397787,5.799243611,5.145829918,5.938522326,6.076915423,5.83511982
hd,2.92892221,3.149637476,2.518664653,2.59014277,2.636693019,2.426772842
frtz,2.64027977,1.884529365,2.022929939,1.545288185,1.704223059,2.452924959
stops,0.715694033,0.833207966,0.853067622,0.130597294,0.24260175,0.623833477
pix,8.409355831,8.509287943,8.741227393,8.596979229,8.663961213,8.537358134
ncm,6.142709841,5.938549967,5.938146006,5.685838764,5.971392652,5.983784092
stv,6.508534578,6.251934699,6.353941387,6.838094252,6.935594866,7.189854524
RpL30,6.695817785,6.7949085,6.933964273,5.410164876,5.428194863,5.264892404
mol,1.086768738,0.549122661,0.403305984,1.013304027,0.81804741,1.683937117
Egm,6.38758263,6.115227926,6.459935067,7.543509019,7.468706575,7.348677089
cbs,6.218082231,6.128422252,6.120859082,5.653616696,5.804951694,5.12449519
chinmo,7.380054046,7.654262987,7.250987199,7.728089986,7.808433823,7.795908646
Pcmt,6.454617858,6.46643418,6.659544783,5.718006218,5.446485823,6.057541703
nAChRalpha7,9.555839493,9.594166888,9.625073209,8.292207038,8.253034495,8.37448946
step,4.663466987,4.881984179,4.973877964,3.241253842,4.09718479,3.759213048
amn,2.684192039,2.909521287,3.386952842,3.359170326,2.947583989,2.88139556
stmA,6.79552806,6.573364814,6.660311724,9.552881899,9.670094397,9.560720012
Vps36,4.02841115,4.640471907,4.308488006,4.224501353,4.426930964,3.683925124
CG17078,6.814175074,7.054770916,7.005120473,6.452446039,6.613285848,6.763243105
CG11555,4.764082179,5.430347224,5.24118252,4.601936401,4.45128889,4.310005205
pea,4.390577756,3.833798334,4.288784276,4.198679555,4.496855767,3.917837622
dgo,0,0.041172495,0,0,0.085481031,0.035045714
cv-c,3.169331729,2.799842368,3.263174958,3.922640632,4.825102481,4.848522039
Nacalpha,7.463008421,7.656955726,7.786295097,7.086105813,7.058942943,7.148696428
sls,0.925378394,0.856461751,1.414910112,0.605122262,0.204896494,1.705851653
Cyt-c-d,0.366277874,0.041172495,0.718149104,0.713292167,0.315178801,0.528678517
egg,5.199377746,4.762434013,4.377273094,4.760367667,4.490993247,4.94611354
CG31751,4.853335256,5.135890942,5.440067254,6.974233576,7.206058142,7.196641787
mbm,2.499904491,2.09468167,2.346373815,1.275723862,2.040231221,3.203643179
Rab26,7.128165027,7.170331677,6.922502136,7.886810938,8.114690211,7.9863038
Mst77F,1.641315334,2.558880767,2.133109169,2.044969659,2.22109989,1.431174109
spok,0.658139045,1.256761209,0.718149104,0,0.043373527,0.069260254
Rfabg,4.150829926,4.635439495,4.019070649,3.653381316,3.866089481,3.922524226
rtp,0.470264926,0.605110328,0.075540634,1.657864397,0.937812835,0.45295311
bbg,1.983479289,2.312116942,2.133109169,0.161479554,1.090356876,0.16728912
e(y)3,6.326546282,5.88372347,6.097264962,6.727319012,6.586045229,6.379398625
CG41520,1.565076965,1.452586776,1.090089724,0.53610018,1.246975234,1.557068777
5-HT2A,2.647691929,3.962610285,3.318638787,3.531602713,3.046828689,3.241644223
Karybeta3,5.244072191,4.756265626,4.617360812,5.509528146,5.760970134,5.946879689
Spc25,0.174348395,0.549122661,0.343441058,0,0.24260175,0
AGO2,7.350550853,7.34310374,7.486729623,7.42542258,7.271642977,7.304253507
Sbp2,5.294523759,5.523181616,5.438279755,4.636694523,4.84362327,5.466887077
alphaTub67C,0,0.785544823,0.343441058,0.692297297,1.905684269,1.964042215
rdo,7.517124144,7.249866446,7.362636788,7.754599654,7.814901328,7.847802031
psidin,5.864400225,5.234591501,5.273622104,4.54305548,4.866444829,5.192040682
puc,5.094802061,5.198649815,4.663993407,4.963499893,5.207635985,5.802439421
cnir,6.482864444,6.653546005,6.758128749,3.812639725,3.623303957,4.255328212
eater,0,0.081202514,0,0,0,0.035045714
Vrp1,7.200821369,7.241334719,7.319590951,8.219320351,8.158498058,8.383121889
Tb,0.366277874,0.685217387,0.147321929,0.099039483,0.384278962,0.895787384
gfzf,2.230532028,1.929080246,2.648021954,3.519733931,2.39859724,0.817433287
Prosbeta7,8.391531249,8.494541211,8.613398054,7.262938562,6.931271927,7.02067854
kra,10.79599481,11.13397451,11.08832807,9.835870188,9.891662235,9.899268448
CG42232,6.534255889,6.848805308,7.047361434,6.124870088,6.366153439,6.197045135
CG42233,6.429574505,6.019325983,6.322308432,5.652937691,5.967175814,6.021407293
CG42235,2.754533515,3.271420916,3.541472396,4.064191035,3.623303957,3.176434041
vari,4.697790987,5.191809914,4.685249968,5.129864835,5.698749067,5.261197135
Chd1,4.499047886,4.278878783,4.46416451,5.150215972,4.835935149,5.374989289
beta-Spec,8.017350916,8.075272471,8.07822037,7.577540617,7.826392676,7.67908282
alpha-Spec,7.779773241,7.63569185,7.882768713,7.364309116,7.241116317,7.114544721
alphaSnap,10.26815455,10.37930765,10.25262707,10.11114713,10.27312571,10.25457074
UQCR-C2,9.538188513,9.216371761,9.274619245,10.40906572,10.34875197,10.39542134
Jon65Aiv,0,0,0,0.066775902,0,0
AGO3,0.535646052,0.398839565,0,0.559476377,0.085481031,0.259078775
CG33521,2.475120899,2.732311886,3.007557168,3.997292564,3.655108773,3.903685765
meigo,6.751917546,6.843359858,6.912236553,5.939636283,5.999882479,5.757899655
CG14644,0.366277874,0,0,0.099039483,0,0
CG34222,0.214831388,0,0,0,0,0.478639091
gish,7.952058954,8.347913325,8.043368182,7.742363544,7.771629725,7.692349997
CG33655,0.366277874,0.041172495,0.215700384,0.033774261,0.085481031,0.069260254
CG34160,0,0.041172495,0,0,0,0
whip,1.171483865,0.856461751,1.161168219,0.90797381,0.279346616,0.623833477
CG12547,6.494729461,6.839353424,6.799793285,6.67877879,6.58787736,6.365697992
BG642167,0.089806327,0,0,0,0,0
CG34461,0,0,0,0.926071582,0,0
CG33308,0,0.334050524,0,0.033774261,0,0
CG15394,1.345654897,1.274134361,1.579646626,0.221328946,0.35014255,0
CG8628,0,0.041172495,0.147321929,0.130597294,0,0
CG30415,8.043575564,8.136069333,8.20925023,8.716339669,8.786986196,8.956074901
CG2016,1.150766861,1.754407614,1.727485453,1.331102989,2.123427925,3.234123669
CG17575,0.366277874,0,0,0,0,0
Prosalpha6,7.907601335,8.213106179,8.391190526,6.368496127,6.468648063,6.678159598
CG1288,0,0,0.075540634,0,0.384278962,0
glob2,0,0.158077041,0,0,0,0.135347252
CG14034,0.132696544,0.231061681,0.215700384,0.19171458,0.279346616,0
26-29-p,8.752194976,8.749766168,8.868635758,8.109899983,8.234587064,8.092402702
rig,5.549243557,5.311277276,5.041373205,3.528644659,4.182108292,4.814887432
CG42237,0,0.120151752,0,0,0,0
CG42238,3.551634171,3.367624332,3.638073273,4.010074607,3.898929317,4.299234328
CG42239,6.777904008,6.903554443,7.047361434,4.239051782,3.884094722,4.052207954
CG42240,6.009536764,5.522273143,5.322892357,6.154915026,6.525675835,6.659681885
pot,0.366277874,0.19503084,0,0,0,0.102682134
ttm50,6.825657187,6.467850419,6.500758066,6.829406392,6.810546714,6.71205321
Sema-5c,1.399333176,1.526936274,1.261622271,0.033774261,0.043373527,0
CG34434,0,0.300531207,0.147321929,0.871082608,0.602981688,0.317180035
Pgk,8.495959609,8.215777827,8.371421226,9.939940158,9.724508621,10.04042929
Cht3,2.854005383,2.72601307,3.459246325,2.295225609,1.454008243,2.127214766
beat-VII,7.287892555,6.208542817,6.208413521,9.276851995,9.120099865,9.066390859
Octbeta3R,5.338698245,5.22121808,5.351666546,6.311552197,6.200609798,6.169710084
CG42246,0.045601845,0,0,0.19171458,0.279346616,0
DCX-EMAP,1.108418423,2.152189073,1.526797288,1.977152498,3.919444778,3.363837022
CG42249,0.045601845,0,0,0,0,0
futsch,9.481505627,9.532565555,9.539809882,10.05876349,10.0642436,10.0594372
mmd,8.467578163,8.359531507,8.174239384,8.327208065,8.237361966,8.231799471
Ndae1,6.908206948,6.46501655,6.450211594,6.373862815,6.515123337,6.71036037
CR42254,4.153435765,4.591073871,4.673141738,4.734927536,4.705316659,4.508525001
DNApol-alpha180,1.064789212,1.341607518,1.053192621,1.158148923,0.937812835,1.263989531
glo,6.642094151,6.48799853,6.67100631,5.989970165,5.649598699,5.902497577
CG42255,0.045601845,0,0.215700384,0.130597294,0.126394328,0.135347252
CG42258,7.091946013,6.491716169,6.208413521,7.373817948,7.091916425,7.627632255
CG42260,8.115000189,8.069531501,8.106634206,8.503465085,8.193513821,8.118677175
CG42261,2.279066639,2.361715268,2.299882543,4.498396469,3.936800208,4.117019797
CG42263,0.045601845,0.041172495,0.403305984,0.066775902,0,0
CG42264,0.214831388,0.605110328,0,0.099039483,0.085481031,0.069260254
CG42265,6.999020877,7.173517687,7.021926878,6.547207583,6.19821306,6.36009473
CG42266,0.045601845,0.041172495,0.075540634,1.317456221,0.767211364,0.16728912
Clbn,4.599929808,4.516392987,4.973877964,5.715407022,5.836116586,5.864643083
RunxB,1.04246964,0.334050524,0.147321929,0.360915446,0.085481031,0.895787384
CG42268,7.718401473,7.569512837,7.45702374,8.883325846,8.958408279,8.725440721
CG42269,0,0.041172495,0,0,0,0.288421873
CG42271,6.006657332,5.207719529,5.633693927,5.834570821,6.122499672,5.987143536
CG42272,0,0,0.718149104,0,0.043373527,0
mnb,8.778176487,9.010299362,8.916125554,7.429789444,7.513735075,7.592222097
alpha-Man-Ia,3.229843768,3.271420916,3.136617572,3.620417667,3.922351887,3.957196723
Pde9,6.031659613,6.428630592,6.205263766,7.480994825,7.341451888,7.397886514
corn,5.457330142,5.527715424,5.422091812,5.376011221,5.596896206,5.772250611
Nedd4,5.274314942,5.444802795,5.267594983,5.563997663,5.686831279,5.665867962
ome,3.559514768,3.659672286,3.716861553,2.51441408,2.986994398,2.956438517
bun,9.540554492,9.574581415,9.280617153,9.789359745,10.0484468,9.995125011
5PtaseI,7.552845892,7.634851553,7.794702021,7.63540191,7.698686787,7.631930968
CG42284,0,0,0,2.22386743,2.123427925,1.945741566
CG42287,0.045601845,0.120151752,0,0,0,0
CG42288,0.045601845,0.577388071,0.215700384,0,0,0
Ir60b,0,0,0,0.033774261,0,0
Ir60c,0,0,0,0.033774261,0,0
Ir60d,1.231907565,0.041172495,0.147321929,0,1.869991204,0
Ir7f,0.329880465,0.158077041,0.936477292,0,0,0.069260254
Ir7e,0,0,0,0.033774261,0.126394328,0
Ir7d,0.089806327,0,0,0,0.126394328,0
CG42296,0.470264926,2.003879786,1.195435982,0.627414808,0,0.069260254
Ir94d,0,0,0,0,0,0.102682134
CG42299,0,0,0,0.334057725,0.35014255,0
CG42300,0,0,0,0.033774261,0.043373527,0
CG42302,0.824342362,1.569773665,1.195435982,0.733985886,0.450220187,0
CG42307,2.46676418,2.45607215,2.610417859,2.980543238,2.74574859,3.360386984
Mlp60A,0.824342362,0.430174687,0.215700384,0.033774261,0.659827649,1.544962321
prom,1.019799334,0.833207966,1.053192621,0.066775902,0,0.102682134
grh,1.434040296,0.967420201,1.161168219,0,0,0.069260254
cno,4.703136688,4.102901384,4.236258459,7.260489057,7.307942542,7.468689783
CG42313,7.967134392,8.105915337,8.085661972,7.211757879,7.528835029,7.275233893
PMCA,8.542304027,8.625306933,8.561382361,8.175668537,8.324140043,8.320027977
Ir93a,1.484583944,0.231061681,1.161168219,1.410378996,0.842809102,0.102682134
RhoGAP102A,4.081371345,4.503561494,4.515928708,5.922835941,4.758340676,5.364694503
CG42319,0,0,0.147321929,0.033774261,0,0
CG42321,5.766518825,5.870934435,6.075580234,6.824892058,7.077318277,7.159654917
CG42322,8.72124315,8.480694817,8.363201525,9.984776767,9.86980405,9.821382884
CG42323,0,0,0.343441058,0.221328946,0.81804741,0.035045714
CG42324,6.049256768,5.599244913,5.322892357,5.300850243,5.624827219,5.374134191
CG42326,0.214831388,0,0,0.099039483,0.513278718,0.135347252
CG42327,5.693196232,6.11823725,6.505033728,3.489627631,3.424399841,2.933404153
C3G,5.096157164,4.880567053,5.008020262,5.435654601,5.779525801,5.636217685
CG42329,0,0.041172495,0.075540634,0,0,0
lectin-22C,0,0,0.147321929,0,0,0
CCKLR-17D1,5.159749183,5.390079954,5.326762236,5.068049137,5.167768802,4.157339854
CG42331,0.174348395,0.430174687,0,1.232748274,0.126394328,0.288421873
Camta,5.62911227,5.397034904,5.606891992,7.169654382,7.315978681,6.721496581
comm3,1.251499213,1.291300791,0.460785459,0.306690511,0.085481031,0.623833477
CG42335,1.191907582,1.291300791,1.553463943,0.161479554,0,1.495494259
CG42336,6.971227635,7.070082172,7.222189962,6.349763445,6.128805816,6.215303278
CG42337,5.740757867,5.798493396,5.656936149,5.9840436,6.003318672,6.026858285
CG42339,8.297475473,7.903634216,7.909141732,7.220949659,6.770776041,7.325199092
CG42340,5.813408841,6.259041471,6.134170191,5.332573844,5.319923215,5.217053557
Pka-R1,6.642094151,6.715265565,6.500758066,7.056888725,7.258474815,7.346498998
CG42342,8.005680943,7.8034324,7.888998397,8.535314736,8.440243149,8.341075648
DIP-beta,5.5600862,5.817132716,5.773524046,4.737491831,5.121718705,5.024499506
brp,10.88234724,10.75348155,10.79896474,11.02614599,10.98859941,10.90925157
laccase2,0.875744677,0.120151752,0.853067622,0.306690511,0.602981688,0.035045714
Mob2,6.996483243,6.478193904,6.298859034,8.777346736,8.787982686,8.601597781
Mob3,6.279608811,6.638113924,6.773096798,6.443443154,6.2563926,6.501101153
Mob4,8.95932419,9.065908953,9.133035444,7.867918128,7.934377717,7.901013543
DNApol-alpha60,1.755490258,1.741975081,2.041887442,1.289769207,1.283610278,0.988100422
CG42346,3.268819541,3.476693289,3.386952842,2.945483987,2.803653393,3.495480592
sqa,1.086768738,1.906976767,1.924215439,3.827158318,3.42849533,3.019044331
Pkcdelta,0.401779573,0.460843657,0,0.033774261,0.085481031,0.102682134
Jabba,1.911413256,1.716783909,1.195435982,0.774503582,1.996761682,0.45295311
Ir40a,0,0.300531207,0.147321929,0.099039483,0,0
crb,1.782675972,0.924055416,1.818247164,0.670992382,1.676941004,0.988100422
nvd,0.43642859,0.158077041,0.280984078,0.099039483,0,0.035045714
CG42354,0.628476965,0.736253047,0.569299184,1.358015262,1.090356876,1.156697169
CG42355,0,0,0,0,0.543803643,0.198539073
Nsun5,4.397189171,4.505401567,4.598277377,4.271263413,3.869106003,4.17315756
CG42359,5.936525206,5.945343792,5.965707819,4.09651183,4.089445886,4.383230448
CG42361,7.083089117,7.217679083,7.434784215,5.658360808,5.999882479,6.154850432
CG42364,0.292540976,0.300531207,0.343441058,0.099039483,0,0.259078775
CG42365,4.113845162,4.100468683,4.629944292,3.75305861,3.27320066,2.866879851
CG42366,0.598192202,0.158077041,0.516062327,3.477406967,3.424399841,3.136651485
CG42367,0.045601845,0,0,0.488179846,0.043373527,0
DIP-epsilon,2.353477901,3.602367154,2.978332615,4.800161204,4.84208892,4.311792559
CG42369,0.996767095,1.291300791,0.215700384,2.053226971,0.126394328,0.503875743
CG42370,0.089806327,0.856461751,0.343441058,1.752179603,0,1.091603205
CG42376,4.952428567,5.172252213,5.389160603,5.661739933,5.538410518,5.913133186
CG42382,1.809358867,2.234367945,2.097309615,1.460908527,0.937812835,1.057920648
Nost,1.947896209,1.541357195,1.499628432,1.67936262,3.42849533,2.266438654
CG42389,7.039027468,6.935297106,6.940924344,6.864434941,7.090301684,7.006953302
CG42390,0.089806327,0.36680871,0,0.033774261,0.543803643,0.035045714
CG42391,0,0.334050524,0.075540634,0.161479554,0.085481031,0.478639091
CG42392,2.994337654,3.284339015,3.494078455,7.193196742,7.459479703,7.495672896
CG42393,0.132696544,0,0.075540634,0,0,0.259078775
CG42394,4.772582251,4.988439715,4.931302918,5.20960159,4.85279526,4.719816254
CG42395,0,0,0,0.066775902,0,1.532753413
CG42360,3.590613615,3.359508856,3.740263196,3.9427804,3.942539263,3.460459539
wech,6.641630208,6.314144661,6.162596388,5.932939605,5.555364043,6.053808526
mmy,7.475557904,7.334848753,7.464068588,7.464836941,7.533833429,7.356274616
pzg,6.22924127,5.445761369,5.152386614,5.297378506,5.392999491,5.215144811
vfl,5.205668727,4.971233729,4.817646684,7.576287767,7.760098242,8.144356308
bora,2.540287217,2.123721891,1.414910112,0,0,0.035045714
sinah,0,0.520292387,0,0,0.043373527,0
loopin-1,0,1.14788529,0.764538089,0,1.783103912,0
CG42399,3.00014002,3.140193948,3.145409019,3.636993636,3.669022267,3.023413912
CG42402,5.770767949,5.987424549,6.337732259,6.524001482,6.645749655,6.637405452
Ca-beta,8.764498675,7.967934846,7.799931579,7.850848477,7.881955395,8.047519741
CG42404,7.156694311,7.367083129,7.193336176,6.534361415,6.84925038,6.494034239
Hip14,5.161044661,4.896079406,4.744312136,4.864919733,5.37825396,5.548740049
CG34229,1.923677036,2.312116942,2.696682994,2.573016407,1.963277813,2.413516834
out,0.503325831,0.901874222,0.976440789,0.066775902,0,1.091603205
Su(Ste):CR42407,0,0,0,0,0,0.259078775
Su(Ste):CR42415,0.089806327,0.041172495,0,0.066775902,0,0.035045714
Su(Ste):CR42425,0,0,0,0,0.126394328,0
Su(Ste):CR42426,0,0,0,0.033774261,0,0.035045714
Su(Ste):CR42430,0,0.120151752,0,0.033774261,0,0.102682134
Su(Ste):CR42432,0.045601845,0,0,0,0,0
Su(Ste):CR42433,0,0.041172495,0,0,0,0
Su(Ste):CR42439,0,0.041172495,0,0,0.204896494,0.069260254
Cap-G,3.2831682,2.858605868,3.246928461,3.631489448,3.264062842,3.394521623
Fs,1.835557205,2.1332735,1.984250833,0.512338969,0.543803643,0.317180035
NimC1,0,0.041172495,0,0.033774261,0.085481031,0
CG42445,0.045601845,0,0.343441058,0.53610018,0,0.035045714
inaF-B,0.292540976,0,0,0,0,0.069260254
Skadu,0.214831388,0.231061681,0.460785459,0,0,0
4-Sep,8.341561036,8.002384305,7.856573965,7.477547623,7.408297463,7.507418633
CG42449,0.850272436,0.430174687,0,0.512338969,0,0
CG42450,5.586359509,5.905486714,5.592498549,7.055604895,7.460979967,7.321433516
CG42458,4.983514698,4.625321699,4.986164604,2.839666387,1.562340969,2.2138806
Uhg3,2.847583102,2.903951946,3.188580174,2.164125461,2.018660167,2.646648315
Nop60B,6.035196257,6.012225592,5.95199273,4.715548646,4.997654629,4.944962302
cwo,3.436532061,3.05732562,3.409023783,3.492666691,3.916531798,3.9730964
Sfp33A1,0,0,0,0,0,0.198539073
Sfp33A3,0,0,0.075540634,0.221328946,0,0.035045714
Sfp51E,0,0,0,0,0,0.069260254
Sfp53D,0.174348395,0.334050524,0,0,0,0
Sfp65A,0.743632778,0.334050524,0.460785459,0.413175903,0,0.503875743
Sfp77F,0,0,0.075540634,0.033774261,0,0
Sfp84E,0.045601845,0,0,0,0,0
Tdc1,0.687203533,0.081202514,0,0,0,0
vlc,7.661185475,7.657990058,7.53645184,7.297453824,7.293139136,7.038328338
CG17337,7.035853328,7.060727238,7.15630209,7.758076708,7.484036745,7.476877668
l(2)35Cc,4.397189171,4.539924289,4.679208556,3.886127338,3.623303957,3.644754637
kuz,6.11690704,6.059958262,5.703815258,5.15406004,5.075456584,5.148697514
Mppe,5.652327538,5.854426154,6.065193637,5.061923978,4.993513966,5.02993885
nab,0,0.081202514,0,0,0,0
CG42489,1.064789212,1.203350074,0.670218812,0.130597294,0.085481031,0.317180035
CR42491,7.401038512,7.435995403,7.424889157,6.806692123,6.803468428,6.673649187
CG42492,9.93040891,9.409854384,9.322524248,8.420921043,8.502151912,8.557647847
CR40341,0.43642859,0.158077041,0.075540634,0.19171458,0.166179293,0.102682134
CG17570,0.771040734,1.050424986,0.516062327,0.250347622,0.043373527,1.321897267
Dys,8.846196315,8.688928851,8.769047971,8.011893953,8.076215053,8.064183581
Snmp1,0,0.266214546,0.075540634,0.670992382,0,0
wtrw,1.741702851,2.1332735,1.053192621,3.140224834,3.399579709,3.417944243
drd,0.174348395,0.081202514,0.403305984,1.71102097,0.043373527,0.035045714
CG42493,0,0,0.075540634,0.161479554,0,0
UQCR-11,8.78007475,8.983650969,9.033101143,9.001115694,8.793550347,8.819604354
NimC4,1.212046198,0.605110328,1.324904867,0.099039483,0.602981688,1.336018175
pds5,5.851619776,5.760476371,5.364900593,4.904251011,6.120602441,5.483633412
CG42494,0.366277874,0.685217387,0.809481815,0.099039483,0.35014255,0.914728587
CG42495,3.511572247,3.695574851,3.238736085,4.450748908,4.174812906,3.948031896
flr,8.271322662,8.233648496,8.004636608,6.22511667,6.641345504,6.242732953
Xport-B,0,0.041172495,0,0.066775902,0,0
CG42512,0.254209339,0,0,0,0,0
E(var)3-9,5.718933346,6.004439646,6.03120777,5.235230361,4.912495455,5.001427638
mtg,1.108418423,0,0.075540634,1.423178261,0.279346616,0
CG42514,3.148583574,3.499029781,3.17146642,4.779157627,5.352619892,5.210361868
CG42518,1.231907565,1.611375695,1.579646626,1.896842161,1.43784607,2.069223525
CG17147,0,0,0.215700384,0,0,0.069260254
Su(var)3-3,4.758957993,4.449152138,4.350911629,3.255637123,3.813819402,3.756590767
gwl,0.658139045,0.520292387,1.090089724,0.066775902,0.043373527,0
elav,8.491203597,7.388428717,7.390174403,7.605709053,7.714705738,7.824359891
mRpS23,4.674394624,5.060297927,4.750087514,4.727207188,4.514301731,4.520939788
CG42523,0.132696544,0,0.147321929,0.19171458,0.043373527,0
CG42524,3.370871946,3.682622513,3.791568961,2.281233543,2.526377828,3.083237815
CG42525,0,0,0,0.033774261,0,0
CG42526,0.598192202,0.549122661,0.569299184,0.871082608,1.151098443,1.661684559
Pp2A-29B,9.445013218,9.233472085,9.282237304,8.514720649,8.646157037,8.48930323
spdo,0.973361179,0.266214546,0.764538089,0,0,0.857142206
RpS12,8.788167024,8.918941278,9.051487912,7.542776149,7.564628944,7.751822124
rhea,7.438645774,7.285372941,7.381828677,7.001425998,7.164613008,7.082970497
Not10,6.154464941,6.190928264,6.183020805,6.351438457,6.691199244,6.901706196
GABA-B-R1,8.356056122,8.108036159,7.92868943,8.88339821,8.886450331,9.073651322
CR11386,0,0,0,0.033774261,0.166179293,0
CalpC,2.250142238,1.993428657,1.964515325,2.465755606,2.853242961,2.956438517
CG13984,0.045601845,0.158077041,0,0.413175903,0,0.035045714
CG4806,4.386153254,4.31079611,4.019070649,3.785636782,3.361530033,3.551015097
PGRP-LD,0.214831388,0.398839565,0.075540634,0.670992382,0.687432158,0.837424361
CG14106,0.045601845,0,0,0,0,0
mRpS34,5.234259064,5.40494258,5.650774743,5.824957696,5.601437943,5.843175546
Rcd7,0.900774972,0.80957322,1.796086408,0.605122262,0.867152957,1.023432869
CG12163,8.6880409,8.52977377,8.674083877,7.313010461,7.600464071,7.659564667
CG7071,0.214831388,0.19503084,0.620641262,0.360915446,0.279346616,0.102682134
CG7950,2.602636757,2.508392052,2.299882543,2.502402451,2.871408236,2.24414781
CR14578,0.045601845,0,0,0,0,0
CG30002,0,0,0.460785459,0,0,0
CG30059,1.467932039,0.081202514,0.075540634,0.250347622,0.315178801,0.16728912
CG30283,0,0,0.147321929,0,0,0
CG32295,0,0.231061681,0,0,0,0.837424361
CG32454,1.327308948,0.685217387,0.215700384,0.033774261,0,0.797161305
CG32599,0.045601845,0,0,0,0.085481031,0.069260254
HIP,7.774281389,7.863308851,7.886706379,5.314654244,5.398229439,5.145694335
Ziz,7.902188665,8.152161709,8.457111433,8.593444774,8.173521852,8.240622841
CG42534,2.085247541,2.269441312,2.435089642,2.259987662,3.655108773,1.661684559
qvr,8.471107569,8.342519366,8.334178234,9.24920939,9.423683805,9.491489695
dl,0.567258051,1.070450879,0.569299184,3.20835738,3.259472137,2.446431239
eIF4G2,6.472467119,6.769867291,7.029070118,6.223288285,6.122499672,6.256254669
Diap1,8.098022442,7.667882096,7.851210285,6.870872657,6.660623993,6.797451155
gammaTub23C,6.426345962,6.601593882,6.740104763,7.17935326,7.134218232,6.759973665
Antp,0.254209339,0.659006168,0.215700384,1.232748274,1.048393528,1.20365991
CG42537,0,0,0,0.066775902,0,0.035045714
Rrp40,4.124509339,4.400542009,4.421372871,3.997292564,3.823182222,3.850574557
serp,1.086768738,1.665042273,0.764538089,0.926071582,0.085481031,0
l(3)76BDm,4.891297303,4.686613469,5.385454744,4.039466206,4.465310049,4.667731114
CG42540,7.601129147,7.659230278,7.384151781,7.855577554,8.22623019,7.957193622
CG42541,8.864998942,9.069256087,8.925885311,7.350974304,7.50455016,7.561189879
CG42542,7.65728917,7.745640914,7.82716539,7.634714275,7.723899216,7.550443383
Mp,8.25973002,8.202795161,8.140557965,7.500186154,7.776457646,7.905902951
CG42544,0,0.120151752,0.075540634,0.066775902,0.043373527,0.069260254
CR42545,0,0,0,0.033774261,0,0
CR42546,0,0,0.075540634,0,0,0
CR42547,3.701605215,3.807192824,3.813798683,5.068049137,5.36335616,5.163620349
CR42549,6.503436962,6.96066729,6.761706681,7.432363664,7.506488692,7.511118268
CG3281,5.320263049,5.386090591,5.199579592,5.256841236,5.593252493,4.499143295
CG12213,7.415222435,7.252607887,7.024907527,6.329934986,6.424219212,6.552649757
GC1,4.654296966,4.969901653,4.863656388,6.464105131,6.797938985,6.865656982
Tango9,7.474776751,7.588515937,7.665056677,7.725347439,7.715124897,7.864794618
mfas,5.746810031,5.672317198,5.553398845,4.976583498,5.598714617,4.755713711
Ect3,0.925378394,0.577388071,0,0.306690511,0,0.857142206
CG5010,7.035853328,7.144882237,7.244864569,8.165230697,8.183552466,8.49167046
CG5004,4.064856149,3.442526433,3.587358793,3.853402103,3.31804124,3.838226195
Utx,5.464692782,5.328009908,5.381739341,4.098508039,4.142766194,4.676081129
Mulk,6.763051029,7.008810581,7.005120473,6.335446774,6.189792981,6.227190418
Pdfr,2.096124414,2.152189073,2.251843045,3.560854386,3.236296903,3.557055681
CG42553,3.636039962,3.913566054,3.797158585,2.68883914,3.598072841,3.049357066
CG42554,3.268819541,3.484177277,3.920082447,3.967019881,3.766071574,3.667267826
CG42556,0.658139045,0.266214546,0.516062327,0.649368125,0,0
CG42560,0,0,0,0.033774261,0,0
CG42561,0.174348395,0.300531207,0,0.033774261,0.126394328,0
CG42562,0.875744677,1.291300791,0.853067622,1.079480821,0.767211364,0.600626626
CG42564,1.108418423,0.460843657,0.718149104,0.692297297,0.166179293,0.426801509
CG42566,0,0,0,0.943945139,0,0
Larp7,5.467836733,5.604404949,5.297481907,4.840080097,4.589384305,4.649471897
CG42570,0.174348395,0,0.280984078,0,0.085481031,0.259078775
CG42571,0,0,0.215700384,0,0,0.229126454
GatA,4.582632007,4.525488966,4.536125298,5.838159292,5.463550253,5.541903224
wisp,0.174348395,0.158077041,0,1.509728016,2.230513023,1.639083386
mxc,6.565408923,6.852424223,7.023716006,6.199305981,6.662798519,6.330425372
2mit,6.30795414,6.352984219,6.357728978,5.4181789,5.755275057,6.035537259
ctrip,7.304107289,6.966022334,6.846366749,7.306764755,7.319842233,6.954431414
NaPi-III,8.162827954,8.051855493,7.899430071,8.51135319,8.536946925,8.653263721
Gprk1,8.458255714,8.879490913,8.754576417,8.564943242,8.512437676,8.522482056
p120ctn,8.889726442,9.146163369,9.119713813,8.713656071,8.800973536,8.934848011
inaF-D,0.797937693,0.577388071,0.403305984,0,0,0
gkt,5.374876628,5.093705373,5.071668222,5.035076944,4.780939628,4.953001744
Sec22,7.711786769,7.899092241,8.191320469,6.586852301,6.901011611,6.937455519
Membrin,3.967521492,4.048410842,4.549434307,4.567761812,4.152702755,4.470626478
Bet1,5.00242813,5.224573075,5.145829918,4.75278262,4.657266117,4.775277426
Ykt6,4.537460598,4.78684716,4.895272441,2.834884778,3.504178935,3.211323887
Bet3,5.453105987,5.707111034,5.475359875,5.766521524,5.670498039,5.708552973
Bet5,5.564987865,5.964866872,5.903584265,5.442743183,5.377194918,5.419599225
Trs23,5.754554265,5.548389363,5.903584265,5.319796882,5.156701973,5.468490367
Vti1a,5.771616274,5.813424067,5.763565581,5.757074484,6.108528357,5.857930501
dnr1,1.363770477,0.833207966,1.324904867,0.306690511,0.482093952,1.263989531
CG42577,0,0.300531207,0.147321929,0,0,0
CG42578,0,0,0,0,0.24260175,0
CG42579,0,0.041172495,0,0,0,0
CG42580,0,0,0,0.099039483,0,0
Ir76a,3.491116234,3.528283795,3.950498508,4.580672335,4.542917555,4.585898371
cuff,2.821604207,3.351347471,3.073530072,1.994407988,1.532209851,2.035008104
rempA,1.923677036,1.838558782,2.003720007,1.435864971,2.423434135,2.23664033
par-1,6.925080141,7.00068003,6.721117841,6.65286374,6.972878042,6.864439689
Vps15,4.807745564,4.564843685,4.569170407,4.719445304,4.414596026,4.802228445
scny,6.602593353,5.9880827,5.699344566,6.180111696,5.927212661,6.006585901
tay,7.886806812,7.819422136,7.763990972,7.952984916,7.972042732,7.993003202
lsn,6.032367635,6.286053532,6.186219444,5.878216802,5.807312556,5.822010949
app,6.214343287,6.334989132,6.297873655,4.213491411,4.305259135,4.334828875
bond,1.191907582,0.490874211,0.516062327,0,0,0
Rbp6,10.52846168,10.33766596,10.24855284,10.23364891,10.10006936,10.22131788
Rbp1,7.451143303,7.626421547,7.528072829,7.662473291,7.620516644,7.593508386
Atg1,7.841875136,7.584387145,7.687803008,7.915118996,8.121979155,8.279159741
CG42587,0.045601845,0,0.075540634,0,0,0
MCPH1,0.329880465,0.266214546,0.403305984,1.111464636,0.81804741,0.102682134
Baldspot,8.295117438,8.199815277,8.086803434,9.186957031,9.370260912,9.33884944
pic,5.340986169,5.175722894,5.605299794,5.180685491,5.067599923,5.269498219
Vmat,4.142984047,2.180105394,3.136617572,6.542816057,7.22295705,8.235453009
CG42588,3.491116234,3.585070214,3.945473488,4.409536109,3.19842432,3.641915625
CG42590,0,0.041172495,0,0,0,0
CG42591,0,0,0,0.2787941,0.279346616,0
CG42592,0.045601845,0,0,0,0,0
Ubr3,8.540438736,8.602708637,8.596467397,8.39891808,8.490323743,8.508133196
CG42594,3.916275409,3.92185675,3.975364376,3.653381316,3.766071574,4.229085359
alc,6.703839861,6.657274926,6.933329871,8.681640074,8.614039675,8.721328125
RfC4,5.793499436,5.912437657,5.987873202,4.898533818,5.004529433,4.632409626
mei-38,0.658139045,0.520292387,0.718149104,0.306690511,1.388243933,0
vtd,5.707452762,6.007688898,5.749218891,5.277252245,5.872646998,5.625478866
yata,4.656135639,5.158285387,4.85296184,4.849593313,4.572828161,4.632409626
Incenp,1.484583944,1.950850182,0.976440789,0.979041354,1.421500783,0
dpr21,7.571233355,7.90537733,7.912364479,7.715951081,7.750315514,7.624399794
asl,3.482851919,3.218559776,2.918045209,2.90499634,2.249157015,3.353462059
TER94,8.297769956,7.935545754,7.817227789,6.394726046,6.527108851,6.565066852
Pif1A,0.628476965,0.632309912,0.147321929,0,0.450220187,0.373031704
clos,0.43642859,1.638458511,1.126066663,3.163295049,1.663104036,2.516303489
wol,5.744219355,5.618925614,5.769264546,5.157893893,5.25221913,5.296828533
stj,7.529464332,7.839619169,7.761848675,7.545705399,7.55013587,7.420426904
Dscam3,8.590454789,8.382741179,8.238561114,7.815939422,7.586099169,7.796387461
Vps45,6.591105874,7.101138545,7.064844604,6.391880267,6.738150772,6.512414422
Cad86C,0.771040734,0.577388071,0.215700384,0.099039483,1.005172941,1.074860222
Sfp38D,0.132696544,0,0,0,0,0
Sfp78E,0.174348395,0.266214546,0.147321929,0.90797381,0.687432158,0.734578078
Rbsn-5,5.996533823,5.640854792,5.794634919,5.67985169,5.760970134,5.773548193
Cpsf73,5.52530017,5.472346082,5.934346447,4.594883145,5.165316833,5.372422471
LSm1,4.20709849,4.274569286,4.414115886,2.805857459,2.57152107,2.797139129
LSm7,6.01241046,5.954128203,6.120859082,3.881497508,3.696453062,3.769654767
Syt12,8.371946173,8.311303771,8.157225326,7.116221552,7.684629814,7.200264728
Syt14,4.329670702,4.333761379,3.791568961,4.425526814,4.255409555,4.478604523
Sytalpha,1.363770477,0.901874222,1.499628432,4.301039008,4.189366972,4.396766365
Sytbeta,1.670717286,1.090202596,2.097309615,3.365815368,3.339949497,2.900525407
Atg13,3.401885559,3.209558168,3.473280255,2.725468654,2.239865136,2.905268495
mrn,5.788478857,5.877343124,5.916481648,4.658508143,4.0096841,4.43006075
BHD,3.958609326,4.358404384,4.42498772,4.45387089,4.424882451,4.718469411
APP-BP1,6.567364365,6.214179359,6.511848539,5.223387884,5.256832936,5.593509184
Xrp1,5.934254007,5.898502119,6.177673929,6.346407576,6.278682745,6.535925614
Prp19,7.186579882,7.21908138,7.341752582,5.941861619,5.943760278,6.161308415
Alh,8.289945762,7.932129692,8.03688627,7.142580825,7.811377192,7.132101024
Hr39,3.991021572,4.13177826,3.662777281,4.625662769,4.359891301,4.343591966
Vps16A,5.543294861,5.751201255,5.815441328,4.973323704,4.801612049,4.812364505
Psa,8.841356115,8.339814806,8.262497923,7.835520647,7.990859023,7.817142218
inaE,6.68234773,6.920892475,6.881651949,8.055833788,8.163728137,8.147987726
sing,1.270828368,1.467766366,1.727485453,1.44844109,1.421500783,1.58098111
rgn,7.97230923,8.110153867,8.121469672,8.912198309,8.915556175,8.781496569
mgl,7.100411287,6.523843242,6.496469695,5.563997663,6.506431692,6.296527036
plx,5.973861424,6.445501351,6.651081411,5.712151428,5.367628395,5.91607366
CG42613,5.591172863,5.819353337,5.267594983,5.953488649,6.09313101,6.050600953
zuc,0,0.120151752,0.147321929,0.066775902,0.085481031,0
CG42615,0,0.081202514,0,0,0,0.135347252
Cul3,6.957873165,6.947868825,6.869764818,6.204875849,6.366687125,6.305525159
conv,0.567258051,0.120151752,0.147321929,0.250347622,1.228302843,0
SelD,7.696456861,7.7001733,7.742423487,6.814910518,6.874237558,6.815831025
Ero1L,6.160306768,6.060584148,6.341562588,6.320131476,6.148181506,6.318917983
Opa1,7.237511471,6.717648517,6.63009472,7.846846225,8.006011415,7.759373226
rtv,1.809358867,1.884529365,1.861572885,0.438612949,1.110889535,0.528678517
grp,8.449535415,8.382616043,8.423850151,7.036729704,7.085122334,7.276836082
lqfR,7.13609169,6.829839207,6.571775177,6.735680215,6.300633734,6.845439117
SREBP,8.446351283,8.309066839,8.341369428,9.147370389,8.866400559,8.781415949
bou,1.517322013,2.198420619,2.463489333,0.605122262,0.24260175,0.198539073
Ppcs,5.507078194,5.16178979,5.50980971,7.524703539,8.101284192,7.803233064
Mat89Ba,4.08410559,4.221825511,3.883767082,3.34578771,3.816947098,3.282320783
ymp,0,0.120151752,0.147321929,0.130597294,0.279346616,0.035045714
CheB98a,0,0,0,0.794343545,0.543803643,0.755742239
CheB53a,0.174348395,0.081202514,0.343441058,0.19171458,0,0.16728912
CheB53b,0,0.120151752,0,0,0.043373527,0
CheB74a,0.254209339,0.36680871,0.343441058,0,0.659827649,0.288421873
verm,0.254209339,0.231061681,0,0,0,0
Mst36Fb,0.996767095,0.398839565,0.403305984,0.161479554,0,0.102682134
CG42633,4.194501521,4.464367719,4.764425611,3.899928345,5.035738296,4.369566328
PPO3,0.132696544,0.231061681,0.215700384,0.2787941,0.35014255,0.837424361
CG33228,3.503424614,3.816115954,3.878503737,4.737491831,4.823548296,4.721161841
mRpL37,6.11957482,6.412541121,6.566875276,6.524372764,6.5479645,6.906741095
IntS6,3.2831682,3.047255909,3.494078455,3.899928345,3.046828689,3.172504789
scra,3.672832317,2.920595882,3.473280255,2.496358924,2.692251019,2.909996042
Gpa2,0,0,0,0,4.861909306,0
CG17528,5.363668034,5.373048444,5.632131051,4.826896146,4.823548296,4.832425452
alpha-Est5,0.132696544,0,0.075540634,0.221328946,0.204896494,0.713098814
Prosalpha3,8.1243282,8.202936906,8.321870333,6.655238984,6.518969545,6.568808605
Prosalpha3T,0.045601845,0,0,0.306690511,0,0
Rpn3,7.633221091,7.831207508,7.900404184,6.917130494,6.868596535,6.77462815
didum,3.348303946,3.457811684,3.230496923,4.6612118,5.2417838,5.056832138
Ir75c,0,0,0,0.033774261,0,0
sxc,5.492744696,5.630775035,5.592498549,5.725775828,5.936588972,6.018126784
hkb,0.329880465,0.334050524,2.003720007,0,0.043373527,2.413516834
DhpD,3.204938129,3.434822645,2.822609948,4.492336102,4.147743029,3.746053718
CSN8,5.58249723,5.775803606,5.911336522,4.130077351,3.726701843,4.246010468
SdhA,9.387376776,9.222677091,9.219745675,11.05827932,11.08707751,10.89589013
CG3638,7.327083222,6.66305638,6.579904878,6.668401373,7.133277602,6.679198463
sgl,5.41560733,4.992381354,4.910824387,3.504759312,3.472794688,3.910779046
CG13377,1.064789212,0.71096088,0.895375166,0.033774261,0.279346616,0
scaRNA:MeU4-A65,0,0.041172495,0,0,0,0.069260254
hpo,5.026792762,4.604870714,4.54279515,4.608955341,4.246157988,4.255328212
capt,7.158965434,6.990205612,6.888868382,5.574075317,5.576740935,5.529668291
RhoGAP18B,0.658139045,0.632309912,1.053192621,1.203369782,0.867152957,1.650428231
slim,7.279567243,7.478535234,7.507336207,8.184740107,8.128916896,8.283151021
nero,6.235403642,6.405660701,6.562779274,5.83516952,5.690246419,5.915486045
CR42651,0,0,0,0,0,0.198539073
7SLRNA:CR42652,0.174348395,0.081202514,0.147321929,0,0,0
CR42653,0.628476965,0.659006168,0.976440789,0.559476377,0.659827649,0.553062079
CG42655,0,0,0,0.033774261,0,0
haf,4.899081876,4.680111483,4.667049301,4.450748908,4.311925281,4.581460071
NimA,2.733788825,3.214065993,2.060599064,0,0.043373527,0
CR42657,0,0,0.460785459,0,0,0.069260254
lic,7.002999591,6.849167608,6.885592659,7.624360229,7.629883719,7.866771712
NT1,0,0.120151752,0,0,0.043373527,0
ms(2)34Fe,0,0,0,0.099039483,0,0.135347252
nbs,5.150648119,4.893271356,5.105851366,5.292155185,5.117919686,5.380109265
cdm,9.204012846,8.84666335,8.760132074,9.611545873,9.483342143,9.475582467
l(2)34Fd,3.993932349,4.038278495,3.935370633,3.719727745,3.619726415,3.237888846
CG42663,3.888389754,3.816115954,4.138368579,1.994407988,3.500293038,3.087417506
Exn,4.937386874,3.959928907,4.260738984,5.837561833,6.074303932,6.100568627
CG42666,1.65609121,1.972296492,2.284046452,1.410378996,1.547354071,1.377570087
rdgA,6.304441281,6.324083345,6.179815058,6.550857005,6.704348429,6.713406054
CG42668,6.167414802,6.229288932,5.986650686,6.839288482,6.751698211,7.034545046
ps,8.510261359,8.699817516,8.834726358,10.63039781,10.67457978,10.72357463
CG42671,3.478701941,3.3837196,3.222210437,5.156936384,5.303292727,5.349113258
CG42672,8.052677617,7.460626623,7.351757763,7.597792498,7.642279291,7.247487426
CG42673,5.681508162,5.383091312,5.212186921,4.370419404,4.678055473,4.659332489
CG42674,6.882128555,6.909125316,7.067737978,6.941523099,7.165840112,7.082970497
Thor,3.273618301,3.454005527,3.867919088,0.774503582,0.204896494,0.503875743
CG42675,0.214831388,0.80957322,0.569299184,0.387282298,0.35014255,1.569074485
CG42676,5.064663179,5.035043169,5.317068006,5.042354278,4.94001027,5.072730721
wb,0.996767095,0.901874222,0.670218812,0.033774261,0.204896494,1.23414005
Reep1,8.553815309,8.635109719,8.64706167,8.55707137,8.613477671,8.530850733
Lmpt,4.449017284,4.426023581,4.509133189,3.124637153,3.382792509,2.2138806
CG42680,0.045601845,0,0,0,0,0
CG42684,5.934254007,5.887255952,5.514906961,6.248677185,5.986055274,6.073959202
CG42685,0,0,0,0.066775902,0.085481031,0
CoRest,6.065258743,5.580165298,5.546777949,5.463802319,5.438385123,5.553279999
kug,5.374876628,5.556399201,5.842724506,5.049595089,5.143059536,5.203638997
tobi,0.214831388,0.120151752,1.750716776,0.066775902,0.24260175,0.553062079
CG42692,0,0,0,0,0.043373527,0
CG42693,0.045601845,0,0,0,0,0
CG42694,1.231907565,0.988623391,0.215700384,0,0,0.229126454
CG42697,1.416791103,2.014255748,1.161168219,0.582479838,0.687432158,1.20365991
pdm3,7.617028371,7.711974073,7.596588133,6.242371724,6.645749655,6.438672905
RpS6,8.896158728,9.120505252,9.149379777,7.644653042,7.807254791,7.775815452
RpS10b,7.381444023,7.686248816,7.601787612,6.369323072,6.477075436,6.452916161
RpS24,7.953741803,8.19383698,8.150417711,6.249126522,6.301750472,6.397185494
RpS26,7.651540127,7.831574254,7.967627519,6.366840815,6.221413134,6.473821258
RpS29,8.64794808,8.8232498,8.939691714,7.379985766,7.35307947,7.565316333
RpL8,9.544282365,9.546483846,9.618576612,7.925417235,8.342162421,8.400128312
RpL27A,7.281355287,7.506596704,7.654317731,6.127805162,5.971392652,6.138326073
RpL37A,7.16090927,7.485543676,7.582091002,5.761490802,5.677397744,5.9440014
eIF-2alpha,6.293260459,6.376298612,6.204212318,4.928018846,5.05573412,4.854665526
CG42699,4.789433612,4.408430537,4.228005095,4.09651183,4.058068334,3.554038551
CG42700,5.191792179,5.226805412,5.253433002,5.850649115,6.344100563,5.90368319
CngA,2.085247541,2.769537964,2.168041848,3.039918684,3.144670905,2.143364375
Oaz,8.90614004,8.922646897,8.742495441,8.149791975,8.255341939,8.243083745
nej,4.976173764,4.976549768,4.988609425,5.715407022,5.54313985,5.414617733
larp,5.250171672,4.597988785,4.8258734,5.719304063,5.931547763,5.913721761
I-3,1.565076965,0.945900736,0.809481815,0.250347622,1.170790315,0.373031704
GLS,7.777452316,7.365817616,7.335043703,7.800080809,8.055179264,7.836982156
CG42710,0.045601845,0,0.147321929,0,0,0
CG42711,0,0.398839565,0,0,0.384278962,0
CR42719,0.43642859,0,0,0,0,0
CR42721,0.045601845,0,0.147321929,0.099039483,0.573696073,0.577040364
CG42724,6.991030379,6.463124207,6.297873655,5.995336905,6.252932572,6.110871177
Axud1,4.815992956,4.819754639,4.847584689,4.657154412,4.867953507,5.054699027
salm,3.919340804,3.957242537,3.999808915,4.251664128,4.587554088,3.730102424
tinc,8.089032749,7.661294946,7.607366174,6.817639612,6.84235991,6.944961051
tweek,7.044653197,7.47196316,7.342230595,7.048394261,7.196483554,6.954145344
nemy,7.623151334,7.402321066,7.523865004,3.259210649,4.050116143,3.304033915
CG42709,6.771981154,6.886005509,7.00330812,7.79485822,7.758675719,7.884744901
Npc1b,0,0.158077041,0.460785459,0,1.516904971,1.156697169
CG42729,0,0,0,0,0,0.16728912
CG42733,0.174348395,0.041172495,0,0.250347622,0,0
CG42732,7.366922391,7.369105643,7.484999048,7.676572683,7.889959773,7.842093066
CR42735,0.174348395,0.041172495,0.147321929,0,0,0.373031704
CR42736,0,0.266214546,0.280984078,0.161479554,0.204896494,0
gce,4.488766956,4.146002802,4.215535837,5.36693098,5.556300089,5.335120564
CG42741,0.214831388,0.761109441,0.670218812,0.438612949,0.043373527,0
CR42746,0.401779573,0.36680871,0.620641262,0.733985886,0.74110543,0.317180035
nocte,7.253692062,7.02429395,6.788612811,6.25181961,6.856488127,6.675038508
Cpn,0,0,0,1.545288185,1.606389595,0.069260254
fwe,6.429574505,6.599872568,6.486990167,7.360571141,7.525971006,7.452780879
Dbx,1.327308948,0.833207966,0.620641262,0.413175903,0,1.005874807
mi,4.249123668,4.2240621,3.650478154,2.791121807,3.268638986,3.349987091
bru,5.433942724,5.356833008,5.436490039,5.678517848,6.264433872,5.913133186
Ank2,10.93781721,10.74433165,10.79320731,10.91090938,10.89509376,10.63862936
SmD2,8.0347691,8.254723097,8.40841186,7.371549792,7.090947798,7.057896355
SmE,6.6471877,6.871454371,6.910948204,5.290409867,5.235953612,5.377551548
SNRPG,5.587323465,5.725382868,5.845424659,3.827158318,3.838653146,4.210043829
snRNP-U1-C,6.440817846,6.673732284,6.819153017,4.884719401,4.812621865,4.950709328
Trf2,6.27542819,6.366208181,6.149546166,6.044831743,5.989524519,6.040396335
kcc,5.182891644,5.180337518,5.076273043,7.948011633,8.028277074,8.064183581
Dhc64C,7.217727633,7.253976657,7.283209504,7.710903681,7.48526598,7.723735678
dsx-c73A,0.996767095,0.833207966,0.403305984,0,0,0.102682134
LanB1,2.432844665,2.35356639,3.082713241,0.161479554,0.085481031,0.553062079
CG42747,6.760061995,6.116432409,5.955746158,5.204976727,5.545970025,5.518876941
CG42748,7.790276096,7.122876555,7.289171878,7.874485983,8.126555503,7.7200389
CG42749,0.045601845,0,0.075540634,0,0,0.035045714
CG42750,6.98774874,7.087076907,6.720382561,7.041925598,7.336284115,7.074573051
CG42751,0.089806327,0,0,0,0,0
CG42753,0.132696544,0,0,0,0,0
cu,3.740253709,3.567563376,3.674972442,5.555303288,5.513564925,5.160648105
pico,7.522425726,7.509120887,7.453930768,7.188518903,6.851539909,6.82117415
CR42755,0,0,0,0.53610018,0,0.16728912
CG42759,0,0,0.147321929,0,0,0
Bsg,8.249109804,8.340330351,8.169937325,8.652298765,8.598788179,8.578584379
Asx,4.507220204,4.795896624,4.626808696,4.662561731,4.260013185,4.449674698
CG42763,0.973361179,0.549122661,0.460785459,0,0,0.135347252
CG42764,0,0,0,0,0.043373527,0.229126454
CG42766,0.658139045,0.736253047,0.620641262,0.19171458,0.085481031,0.400167095
CR42767,0.470264926,0.158077041,0.569299184,0.033774261,0.602981688,0.069260254
Msp300,9.057455966,9.282181513,9.217272208,10.19955981,10.41003466,10.17131006
CG42780,0,0,0,0.033774261,0,0
Xpd,5.480344468,5.409862956,5.28560133,4.425526814,4.282813529,3.583929621
aPKC,4.970274004,4.872034937,4.941434198,5.351948014,5.633723082,5.781309267
CR42786,0.329880465,1.421739881,0.403305984,0.852277114,0.279346616,1.592790272
CG42788,4.408141309,3.910791867,4.004648512,4.139802751,4.186951468,3.825771228
CG42789,0.254209339,0.300531207,0.147321929,0.19171458,0.279346616,0
CR42790,0,0.081202514,0.075540634,0,0,0
whd,4.825827994,4.329612975,4.260738984,4.633944483,3.682802858,3.886997877
dpr2,6.116239323,6.281765445,6.018104211,6.678111527,6.356513173,6.589216557
scaf6,7.419017477,7.431163498,7.366401649,6.806997345,7.014339986,7.160151057
sdt,6.492672976,6.521572027,6.448436627,7.193430236,7.318463581,7.164855904
l(2)35Be,5.873911806,6.019325983,6.084750403,4.822071953,4.465310049,4.520939788
osa,6.199920226,5.771987036,5.971899107,5.595436121,5.44749522,6.029576078
CG42792,0.535646052,0.36680871,0.853067622,0,0,0
CR42794,0,0.120151752,0.075540634,0,0.043373527,0
CG42795,6.425807169,6.169038653,5.866845862,7.646189146,7.500178916,7.323871187
5-HT2B,2.138829956,1.512369747,2.003720007,3.308332267,3.590782154,4.469025561
vnd,1.289901972,1.221374389,1.773579932,1.533531916,0.450220187,1.508021199
CG42797,6.891524347,6.071182884,6.010906332,7.173210321,7.176228567,7.166338464
SmD1,5.395935988,5.73874094,5.592498549,3.858122831,4.177248803,3.735439142
dikar,7.84952856,7.806420684,7.675336929,8.055320017,8.189899463,8.150112246
mtRNApol,6.110886434,4.880567053,4.781445324,5.809198447,6.521368229,6.086542442
srw,0,0.081202514,0.215700384,0,0,0
TfAP-2,2.540287217,1.651811622,1.355534777,2.656684766,2.258389431,1.639083386
east,6.043648997,5.709507481,5.837308991,6.977762464,6.722391454,6.61983836
kdn,7.291445891,6.936320526,6.797703535,7.782339467,7.784268721,7.851493101
mid,1.727782409,1.611375695,1.126066663,0,0.043373527,1.927205787
CG42806,7.540207198,7.841987516,7.883425737,4.992772894,4.580209914,4.757026245
Psf2,0.658139045,0.879346663,0.147321929,0,0,0
l(2)gd1,2.754533515,2.1332735,2.571807315,2.927629603,2.859323501,2.755719417
Ire1,5.125651852,4.831537306,4.83405347,4.363795583,4.755083161,5.368134267
Ptpmeg,6.999020877,6.388813209,6.282015376,7.022606593,6.901379996,6.801273146
RASSF8,7.614430043,7.940484721,7.793304264,7.554821159,7.924624572,7.49704817
Pxt,0,0,0,0,0.085481031,0.45295311
Gprk2,6.733313811,6.874305166,6.7444511,6.074037947,5.806526031,5.724742977
CG42807,0.045601845,0.19503084,0.403305984,0.221328946,0,0
CG42808,0.132696544,0.266214546,0.215700384,0.033774261,0,0
CG42809,0.132696544,0.158077041,0,0.099039483,0.573696073,0.288421873
CG42810,0,0.041172495,0.280984078,0.066775902,0.166179293,0.623833477
CG42811,0,0.041172495,0,0,0,0
CG42812,0,0.041172495,0,0,0,0
CG42813,8.563644527,8.505845177,8.719314288,7.858378127,7.933297285,7.993560083
CG42814,0.329880465,0,0.147321929,0.130597294,0,0
CG42816,1.484583944,0.120151752,0,0.161479554,0,0.876594188
CG42817,5.594053186,5.56082997,5.769264546,5.879378291,5.933710438,6.144356853
CG42818,0.045601845,0.761109441,0.147321929,0.033774261,0,0.069260254
CG42825,0,0,0,0,0,0.069260254
CG42826,0,0.120151752,0.075540634,0.033774261,0,0
CG42827,0.045601845,0.041172495,0.280984078,0.161479554,0.417626289,0.259078775
CG42828,0.174348395,0.041172495,0.075540634,0.033774261,0.126394328,0.035045714
CG42830,0,0,0,0,0,0.102682134
CadN2,4.455366818,4.11741207,4.403161502,3.714530878,3.641059789,4.0734348
CG42831,0,0,0,0,0,0.035045714
CG42833,0,0,0,0,0,0.069260254
CR42836,0,0.081202514,0,0,0,0.035045714
CR42839,0.045601845,0,0.460785459,0.033774261,0,0
d,2.563985184,2.964063227,2.491340747,1.384434689,1.833392622,2.729214923
CR42844,0,0.041172495,0,0,0,0
CG42846,0.214831388,0.300531207,0.460785459,0,0,0
CG42847,0,0.041172495,0.075540634,0,0,0
Spn77Ba,0.687203533,1.274134361,0.403305984,0.033774261,1.209385607,1.927205787
Csk,5.215677584,5.285808725,5.259519453,4.890491492,4.479196251,4.738541211
CR42848,0,0.19503084,0.280984078,0.130597294,0.279346616,0.229126454
CR42850,0,0,0.343441058,0,0,0
CG42851,0,0,0.215700384,0,0,0
CG42854,0.214831388,0.041172495,0,0,0.126394328,0.345376129
CG42855,1.911413256,1.569773665,1.924215439,1.497677144,1.663104036,1.444269594
Sik3,4.720813975,5.051508961,5.039016255,4.514932392,4.580209914,4.792020668
CG42857,0.214831388,0.300531207,0.403305984,0,0,0
CR42859,0.089806327,0,0,0,0,0.035045714
CR42860,0.132696544,0.231061681,0,0,0,0.035045714
CR42861,4.533464982,4.921108895,4.860990174,4.447620155,4.142766194,4.273785083
CR42862,8.240556981,8.422237271,8.356118601,9.064270788,9.201107198,9.059093672
f,3.348303946,3.636351061,3.036201456,2.179294479,1.663104036,2.135312168
sro,0.658139045,0.761109441,1.053192621,0.979041354,1.717673025,1.249141988
RanBPM,6.88957193,6.530183689,6.351094154,6.41088083,6.172803945,6.191716469
CG17683,7.369726388,7.587647699,7.533524718,7.247504258,7.419657803,7.317658086
RNASEK,8.303060406,8.599697317,8.557064822,9.058962693,8.949885657,8.988004757
IntS3,4.361572924,5.004142065,4.913400157,4.302771522,4.266891203,4.510082705
l(2)41Ab,5.752836913,6.234290494,6.001252954,4.153309103,4.563547538,3.934174558
uex,7.018090908,7.401086103,7.03144336,7.522846601,7.744988708,7.628170295
Sec23,8.714751768,8.362580115,8.418193494,7.914694204,8.037356193,7.961896594
Sec24CD,7.363550385,6.889180112,7.43970641,6.648101488,7.169821006,6.87988376
kibra,2.563985184,1.838558782,2.660341949,2.036664815,2.918759638,2.707655061
trh,0.771040734,0.334050524,0.460785459,0.033774261,0.573696073,0.623833477
CG42866,0,0.300531207,0,0.033774261,0,0
CG42867,0,0.266214546,0,0.670992382,0,0.45295311
CR42868,0,0.120151752,0,0,0,0
MtnE,0.089806327,0.19503084,0.075540634,0.46360926,0.204896494,0.259078775
CR42874,0.329880465,0,0.075540634,0,0,0.345376129
CR42875,1.251499213,1.325032758,1.261622271,1.473269147,1.404968185,1.350002208
CG42876,0,0.398839565,0.147321929,0,0,0
CG9932,4.983514698,4.466258433,4.936377452,5.624126977,5.399273158,4.773981399
betaNACtes5,0,0.041172495,0.147321929,0,0.166179293,0
calypso,6.685952059,6.442142945,6.486990167,6.304651849,6.402522312,5.580223709
ana1,3.507504182,2.858605868,4.028605928,5.307768753,3.951105266,4.143355652
magu,1.345654897,1.497654644,0.976440789,0.221328946,0.631684635,1.457247279
CG42878,0.598192202,0.71096088,0.718149104,0.221328946,0.417626289,0.259078775
CG43049,0.089806327,0,0,0.066775902,0,0
CR43051,0.925378394,1.203350074,1.015327048,1.063219023,0,0.776600407
CG43052,0,0.081202514,0,0,0,0
CR43053,0,0.158077041,0,0,0,0
CG43055,0.045601845,0,0,0,0,0.259078775
CG43056,0,0,0.075540634,0.033774261,0.043373527,0.135347252
CG43060,0.658139045,0.736253047,1.053192621,0.306690511,0,0
CG43062,1.835557205,2.775649983,1.261622271,1.09556136,0,0.288421873
CG43064,1.191907582,0.398839565,1.796086408,0,0,0
Scox,7.28195081,7.46512466,7.554303594,7.239159374,7.115923142,7.234354163
Tl,5.096157164,5.427438647,5.243231505,2.993473875,4.145256757,3.168564807
bru-2,0.925378394,0.80957322,1.161168219,1.384434689,0.573696073,0.45295311
CG43066,8.381007797,8.012609272,7.965457168,10.90452346,10.84203685,10.90818129
FoxP,5.450989262,5.992025314,5.88139058,6.57327967,6.911656784,6.91087433
CG43068,0.132696544,0.785544823,0.343441058,0.387282298,0.35014255,0.345376129
CG43069,0,0,0,0,0.166179293,0
CG43071,0.214831388,0.081202514,0.147321929,0.19171458,0,0
CG43072,0,0.041172495,0,0,0,0
Rbp,6.717992111,6.422313719,6.330040958,7.711229853,7.808237384,7.930540767
CG43074,0.045601845,0.041172495,0,0,0.085481031,0.035045714
CG43077,0.089806327,0.460843657,0.343441058,0,0,0
CG43078,7.170910909,7.299228353,7.38924948,7.585212914,7.306552466,7.607946115
nrm,6.377587548,6.332918185,6.492168538,6.116028866,6.296718326,6.167737618
CR43080,0,0,0.147321929,0.066775902,0,0
Vha44,8.552458539,8.559303059,8.614189916,9.191289238,9.118991607,9.239997095
Vha14-1,7.394444754,7.600831886,7.664674516,8.200624583,8.16556953,8.113306702
Vha16-4,0,0,0,0,0,0.035045714
VhaPPA1-2,0,0.520292387,0,0,0,0.503875743
VhaAC45,8.921031503,8.844393539,9.095392076,9.842771314,9.647927363,9.851684919
Ltn1,3.32074792,3.499029781,3.500945088,4.477072863,4.483139311,4.53630953
Rab8,7.592993366,7.766122716,7.560890121,5.966116413,6.204794533,6.229556138
Mi-2,6.17191993,6.147990206,5.842724506,5.332573844,5.325424381,5.362109287
ver,2.602636757,3.367624332,3.205493296,3.273416888,3.088836921,3.431159819
nsl1,5.964246574,5.479852596,5.463105424,6.285941947,6.153758308,6.330425372
CG43082,0,0,0.147321929,0,0,0
CG43083,0,0.041172495,0,0,0,0.035045714
CG43085,0,0.266214546,0.516062327,0,0.166179293,0
CR43086,0.470264926,1.203350074,1.499628432,0,0,0.817433287
CR43087,0.401779573,0.659006168,0.620641262,0.066775902,0,0
CG43088,0,0,0,0,0.043373527,0
CG43089,0,0,0,0,0,0.069260254
CG43091,0.045601845,0.120151752,0,0,0,0
CG43092,0.366277874,0.231061681,0,0.099039483,0,0
CG43093,0.089806327,0.158077041,0,0.099039483,0.24260175,0.035045714
CR43096,0.089806327,0,0,0,0,0
CR43097,1.270828368,0.577388071,1.126066663,0.250347622,0,0.035045714
CR43100,0.174348395,0.430174687,0,0,0,0
CG43101,0.401779573,0.398839565,0.403305984,0.19171458,0.24260175,0.069260254
Mdh2,9.404637358,9.454946916,9.475028689,10.29648887,10.28415,10.40967866
wcd,4.00551708,3.758647653,4.377273094,2.886630548,3.504178935,2.871734667
CG43102,1.129748022,0.80957322,2.060599064,3.318644205,4.875473321,3.293218198
CG43103,0,0,0,0,0.315178801,0
CR43104,0,0.549122661,0.718149104,0,0,0.198539073
CG43106,0,0,0,0.066775902,0.085481031,0
CG43107,0,0,0,0,0.513278718,0
CG43108,0.045601845,0.231061681,0,0.033774261,0.043373527,0.035045714
CG43109,0,0,0,0.221328946,0,0
CG43110,0.174348395,0.300531207,0,0,0,0.102682134
CG43111,0.214831388,0.36680871,0.403305984,0,0.043373527,0
CG43114,0,0.041172495,0,0,0.126394328,0
CG43115,0,0,0,0,0.085481031,0
CG43116,0,0,0.075540634,0,0,0
CG43117,0.824342362,1.203350074,1.261622271,0.582479838,0.714518384,0.646672929
Ect4,3.466179895,2.73858332,2.988140057,3.81020569,4.167480441,4.924081358
CG43120,0,0.36680871,0.460785459,0.161479554,0.35014255,0.135347252
cic,7.559246786,7.542660046,7.629467182,7.70452854,7.717637295,7.391984764
CG43123,0,0,0.215700384,0,0.085481031,0
CG43124,0.174348395,0,0,0,0,0
CG43125,0,0.081202514,0,0,0,0
Shab,7.175725633,7.284569516,7.181096807,8.076235998,8.139261352,8.01140523
mtsh,2.362515142,1.838558782,1.818247164,3.636993636,3.217484883,3.144696241
SmydA-3,0.132696544,0.081202514,0.620641262,1.111464636,1.547354071,1.005874807
SmB,7.511549131,7.739204691,7.693433992,5.849464256,5.945904737,5.952619098
CG43131,0,0,0,0,0,0.102682134
CG43133,0.132696544,0.71096088,0.403305984,0,0,0
CG43134,0,0,0,0.130597294,0.126394328,0.229126454
CG43136,0.132696544,0.081202514,0,0,0.126394328,0
CG43139,0.43642859,0.334050524,0.280984078,0,0,0
pyd,8.860919212,8.789384885,8.933994736,7.197393867,7.207548448,7.495869444
CG43143,5.60075166,5.730898238,5.564912799,5.642029914,5.897974232,5.971964046
DNA-ligI,3.774512266,3.783124415,3.303008358,3.634244167,3.357239674,3.045065475
CR43144,0.43642859,0.231061681,0.403305984,0.161479554,0.043373527,0.198539073
CR43146,0.366277874,1.274134361,0.516062327,0,0,0.691294921
Tmhs,0.996767095,0.334050524,0.075540634,0,0,0
CR43148,1.171483865,1.128912832,1.355534777,3.552140991,3.309183927,3.278669942
dati,7.929811399,7.919419462,8.11784488,8.067472905,7.973269772,8.050198923
Nup160,4.877178335,4.953820061,4.82313637,4.719445304,4.289583954,4.626677064
Myc,4.741744721,4.911426737,4.399491479,3.773193624,4.213302155,3.908418492
CG43149,0.292540976,0,0,0,0,0
CR43152,0.132696544,0.398839565,0,0.161479554,0.417626289,0.970104318
CG43153,0.089806327,0,0,0,0,0.069260254
CG43155,2.415581085,3.037115418,3.452177832,0.066775902,0,0.102682134
CG43156,0,0.231061681,0,0,0,0
CR43159,0.329880465,0.041172495,0.215700384,0.512338969,0,0.345376129
CR43160,1.086768738,0.490874211,0.718149104,0.774503582,0.659827649,0.797161305
rap,6.379814669,6.361136376,6.277023701,6.57040593,6.480038088,6.728538764
Sap130,5.204412724,4.670303227,4.29669809,5.131815454,4.676334423,4.737211744
Arp3,8.457596928,8.252807447,8.396493623,7.453183786,7.48182148,7.349764903
Skeletor,2.298032348,2.084870226,2.376555991,1.878371602,0.24260175,1.005874807
CG43163,2.947058955,2.522998593,1.903635333,1.247216179,0.315178801,0.035045714
CR43166,0.045601845,0,0,0,0,0
Pal2,7.972124733,8.026931671,8.07045171,11.24429231,11.14535189,11.12877758
CG14446,6.256160978,6.055569437,6.45817203,6.463718009,6.631608786,5.991610662
pncr013:4,2.288580658,2.903951946,2.822609948,0.582479838,1.421500783,0.93342433
mbf1,9.563635992,9.721918119,9.533963341,7.674734156,7.555997381,7.422289469
Src64B,6.444014201,6.574679924,6.575845754,4.431873797,4.594861066,4.61658994
Rbp2,6.520695867,6.326167004,6.072126337,5.098290821,5.239454552,4.821175513
Imp,4.039723371,4.141276854,4.18601482,5.108232133,4.906635386,4.418494914
Vha16-1,8.369426704,8.615117573,8.594863645,8.91941526,9.017632042,8.990238716
mub,9.140332849,8.963294756,8.732866662,8.62581274,8.86300015,8.82031082
norpA,8.138043643,8.092512592,8.181470144,9.853892629,9.828607666,9.867948911
AGO1,7.818052423,7.367841904,7.225821209,8.028479534,8.210262122,7.868897863
Evi5,7.478158696,6.71606032,6.595226226,7.277328621,7.476144743,7.38159825
MRE23,0.470264926,0.266214546,0.895375166,0.360915446,1.151098443,0.951880893
Fas1,9.318516005,9.11516779,9.238997222,12.13064497,11.80858765,12.10419827
Fs(2)Ket,7.227962549,7.120477332,6.910303597,6.785474361,6.882098116,6.490487759
Mdh1,6.814998263,6.926740257,7.117175424,7.557544693,7.401281795,7.525630151
CG43167,0,0,0,0.033774261,0,0
CG43168,0.174348395,0.041172495,0.280984078,0,0,0
CG43169,0.214831388,0,0.075540634,0,0,0.035045714
CR43170,0,0.120151752,0.460785459,0.033774261,0.126394328,0.259078775
CG43172,0,0,0,0.033774261,0,0.069260254
CG43175,0,0,0.075540634,0,0,0
CR43176,0.045601845,0,0.075540634,0,0,0
twr,7.896950002,7.972431798,8.102689799,6.811567933,6.557813039,6.646640623
CG43179,0.132696544,0.632309912,1.126066663,0.033774261,0.417626289,0.135347252
CG43184,0,0,0,0,0,0.035045714
CR43186,0,0,0,0.033774261,0,0
CG43187,0,0.158077041,0.343441058,0,0.543803643,0.135347252
CG43188,0,0,0.075540634,0,0,0
CG43191,1.501045839,2.142762288,1.750716776,2.2528356,2.040231221,2.302841372
CR43193,0.045601845,0.158077041,0.075540634,0,0,0
CR43196,0,0,0,0.033774261,0,0.135347252
CR43199,1.923677036,1.638458511,2.435089642,2.356562981,2.953280391,2.866879851
CG43202,0,0,0,0,0,0.069260254
CG43204,0,0,0,0.066775902,0,0.102682134
CG43207,0,0,0,0,0.085481031,0
CR43212,0.174348395,0.36680871,0.620641262,0.387282298,0.417626289,0.45295311
CG43218,0.089806327,0.231061681,0.403305984,0.130597294,0,0.16728912
CG43219,0.850272436,1.050424986,0.569299184,3.653381316,3.723372017,3.738100117
CG43222,7.536468765,7.5896005,7.747845661,6.841673981,6.651016951,6.770734819
S6kII,4.874021933,4.431840574,4.685249968,6.053089842,5.710569211,5.127542778
Ptr,1.064789212,1.009519467,0,0,0.315178801,1.04077981
Gfrl,8.785334638,9.139217568,8.966759363,8.492690343,8.742342113,8.698283375
axo,2.76138265,2.964063227,2.218904359,2.771237182,3.322449587,3.800534001
lute,4.359317442,4.466258433,4.343290455,4.869602984,4.975432485,4.78174015
milt,4.80443336,5.096149496,4.814893987,6.100176101,6.175852411,6.373420601
CG43229,0.045601845,0.120151752,0.075540634,0.033774261,0.35014255,0.288421873
CG43230,0.089806327,0.041172495,0,0,0,0
CG43231,0.567258051,1.308265359,1.126066663,0.066775902,0.315178801,0
CG43232,0,0,0,0,0,0.069260254
CG43233,0,0,0,0,0,0.16728912
CR43234,0,0.36680871,0,0,0,0
CG43235,0,0.041172495,0.147321929,0,0,0
CG43236,0.089806327,0.041172495,0.075540634,0,0.166179293,0.035045714
CG43237,0.254209339,0.041172495,0,0.306690511,0.166179293,0.035045714
CR43241,2.8084372,2.942493253,2.660341949,2.51441408,2.47186085,3.160652414
CR43242,2.128271498,2.493636113,2.185196033,4.219006885,3.515774216,3.427867257
CR43243,0,0,0,0,0.126394328,0
CG43244,0,0,0.075540634,0.033774261,0,0
CG43245,0.567258051,0.659006168,0.620641262,0.90797381,0,0
CG43248,0.045601845,0,0,0.066775902,0,0
CR43250,0,0.041172495,0.280984078,0,0,0
CR43252,0,0.081202514,0,0,0,0.426801509
CR43253,1.65609121,1.940006276,1.861572885,0,0,0
CR43256,1.129748022,0.80957322,0.460785459,1.046771834,1.151098443,0.317180035
CR43257,0.089806327,0.430174687,0,0.221328946,0,0.259078775
CR43259,0.658139045,0.266214546,0.569299184,0.033774261,1.635025489,0
Rabex-5,4.854937112,5.01967535,5.259519453,4.975497718,4.915416587,5.0069545
CR43264,1.108418423,0.736253047,0.809481815,0.605122262,0.126394328,0.198539073
CR43270,0,0,0,0.066775902,0,0
mt:ND4,3.757484674,3.819078109,3.423552365,3.913598579,4.66075188,4.537837537
Rpb12,6.207463289,6.115227926,6.322308432,5.636544943,5.563766677,5.51267402
RpII140,7.643916141,7.67954147,7.52260026,6.266986209,6.892142021,6.862611822
CG43271,0,0,0,0,0.085481031,0
CG43272,0,0.120151752,0,0.161479554,0.085481031,0.478639091
CG43273,1.727782409,2.216506241,2.022929939,1.646993946,2.258389431,1.04077981
CR43274,0,0,0,0.033774261,0,0
CR43276,0,0.041172495,0,0,0.126394328,0.035045714
CG43277,0.045601845,0,0,0,0,0
CR43278,0,0,0.075540634,0.033774261,0,0
CR43279,0,0,0,0,0,0.102682134
CR43280,0,0,0,1.17338058,0,0
CR43281,0,0.041172495,0.075540634,0,0,0
CR43283,4.565124288,5.15007519,4.860990174,2.56148483,2.47186085,2.540895325
CR43285,0.658139045,0.398839565,0.403305984,0.413175903,0.573696073,0.259078775
cnc,4.59226749,4.713924586,4.572433666,4.461646415,4.554206827,4.386626352
lawc,7.185943652,7.428741463,7.219070173,6.414090192,6.598367198,6.450889999
CR43287,0.996767095,0.430174687,0.569299184,1.17338058,0.631684635,1.124517283
CG43288,0,0,0,0.130597294,0,0
CG43293,1.171483865,1.884529365,1.195435982,0.413175903,0.384278962,0.776600407
CG43294,0.132696544,0,0,0,0,0
CR43298,0,0,0,0.033774261,0,0
CR43299,0,0,0,0,0.085481031,0.713098814
CR43300,0,0,0,0.099039483,0,0
CR43301,0.214831388,0,0.215700384,0.852277114,0.513278718,1.482857594
CR43302,0,0.081202514,0,0,0,0
CR43306,0.045601845,0,0,0,0,0.069260254
CR43309,0.401779573,0.158077041,0.075540634,0,0.043373527,0
CG43312,0.366277874,0.19503084,0.215700384,0.130597294,0.417626289,0.16728912
CG43313,1.809358867,1.803093283,1.261622271,1.317456221,1.246975234,0.45295311
SERCA,10.04632018,9.765612859,9.868253894,10.18198775,10.25601567,10.23389242
CR43314,0.292540976,0.334050524,0.403305984,0,0.043373527,0.646672929
CG43315,0,0.041172495,0.403305984,0.130597294,0,0
CG43317,0.329880465,0.231061681,0,0,0,0
CG43320,4.478412236,4.327534291,4.312396664,4.573514091,4.525816261,4.632409626
CG43322,1.782675972,1.357994016,1.818247164,3.100935225,2.57152107,3.199787437
CG43324,8.957181846,9.207285793,9.375793468,8.806184299,8.9344889,8.886195014
CG43329,0,0,0,0,0.126394328,0
CG43330,0,0.041172495,0,0,0,0
CG43331,0,0,0,0,0.085481031,0
CG43332,0.503325831,0.266214546,0,0.813914366,0.085481031,0.069260254
CG43333,0,0.785544823,0.280984078,0.605122262,0,0
CR43334,2.64027977,3.087119794,2.623061777,3.108879213,3.254866777,2.947268856
CG43335,0,0,0,0,0,0.035045714
CG43336,0.132696544,0,0,0,0,0
CG43337,0,0,0,0,0.043373527,0
CG43342,2.719791439,2.811788112,1.984250833,1.397465162,1.757286554,1.249141988
CG43343,3.116890899,2.393858155,2.518664653,2.573016407,3.587122947,2.771391493
let-7-C,2.138829956,2.25201121,1.984250833,0.996274402,1.485799341,0.577040364
CG43347,5.666079474,4.930726507,4.764425611,5.654295382,5.969988409,5.953191785
Klp54D,4.952428567,4.412358685,4.978805184,6.328234806,6.737325612,6.633480398
CG43340,1.861288273,1.452586776,1.773579932,1.636040967,0.914641953,2.379833935
CG43338,0.174348395,0.266214546,0,0,0,0.069260254
CG43348,0,0,0,0.033774261,0,0
CG43351,0.132696544,0,0,0,0,0
CR43361,1.861288273,1.982901267,1.324904867,2.238424221,1.501435987,1.417958665
CR43363,1.713726341,1.884529365,1.443705866,0.559476377,1.469991358,1.350002208
psq,7.267890625,7.328626367,7.326855042,7.370104561,7.530979321,7.118124188
DnaJ-1,6.621538195,6.945159883,6.536285833,5.724483795,5.669633251,5.631931745
BtbVII,4.011274747,4.431840574,3.791568961,5.534072998,5.895017532,5.664469777
CG43366,1.727782409,2.385889321,1.090089724,2.56148483,0.767211364,0.373031704
CG43367,6.680993781,6.985269427,7.005120473,8.479825828,8.122295231,8.053006721
cac,8.509625902,8.482213931,8.488759833,8.009774138,7.922266712,7.832786993
Mitf,3.06800697,3.783124415,3.222210437,3.328882959,4.068603526,3.627636152
CG43370,0.900774972,1.308265359,0.403305984,0,1.730998758,0.755742239
CG43371,0.045601845,0.041172495,0.147321929,0,0,0
5-HT1B,3.90703995,2.799842368,2.778079691,4.367111295,4.169928739,4.378121557
CG34377,2.353477901,2.225464736,1.655458917,0.512338969,0,1.444269594
tx,0.900774972,0.430174687,0.853067622,1.410378996,1.319338022,1.404621044
Acsl,6.0167103,6.404182046,6.38024805,6.896626877,7.064216964,6.945824566
CG43373,3.632308589,2.713332332,3.466280354,4.439768459,4.287330674,5.067450636
Cht6,3.01167521,1.421739881,0.976440789,2.800962279,1.905684269,1.057920648
ico,5.45943759,5.708709108,5.646136358,6.944578058,6.955953765,7.008331716
vret,2.380421546,1.741975081,2.251843045,3.504759312,3.655108773,3.917837622
bin3,5.858822704,5.767393785,6.167999331,6.288130025,6.300633734,6.276531371
Patronin,5.772464101,5.997919105,5.894486999,6.201164994,6.134457874,6.110357793
Acn,7.064172267,6.567652107,6.71448679,6.582936496,6.437488918,6.618755843
Galk,6.30795414,6.448373776,6.699641083,5.160762611,4.872470097,5.043985907
Galt,6.714025802,6.848805308,6.847714053,6.358952037,6.383661673,6.311343987
CG43376,0.045601845,0,0,0,0,0
CR43382,0.045601845,0,0,0,0,0
CG43386,0,0,0,0.033774261,0,0
Dscam4,8.928182238,8.890533549,8.812646749,7.773932871,7.620740377,7.409200729
Hk,7.581670758,7.157224234,7.11493921,8.335377658,8.430704227,8.422116961
bel,5.871539783,5.704710599,5.856175018,5.311215607,5.190856992,5.236003396
Nxf3,3.234773714,3.223039606,3.017168594,2.329623349,2.936123263,3.234123669
robls54B,0.045601845,0,0,0,0.085481031,0
SP1029,2.362515142,1.950850182,3.082713241,3.369126446,2.936123263,1.769666069
Cdk7,5.112319879,5.429378349,5.273622104,5.406141108,5.215952865,4.817405954
dar1,0,0,0.075540634,0.066775902,0,0
Coop,0.925378394,1.030117199,0.670218812,0,0,0.035045714
Mocs1,8.221746607,8.081144919,8.150144737,7.799160548,7.671082807,7.45095729
CG43389,0.089806327,0,0,0,0,0
vnc,0.658139045,0.80957322,0.853067622,0.360915446,0.631684635,1.156697169
CG43394,1.501045839,1.861727169,1.526797288,1.556949428,1.69064652,0.970104318
Cngl,7.180524342,7.224956188,7.199153284,9.034016951,8.986285169,9.029326471
chas,1.251499213,0.300531207,0.280984078,0.221328946,0.384278962,0.755742239
sel,3.292655298,3.698794847,3.17146642,3.369126446,3.357239674,3.501757718
CG43396,0.292540976,0.19503084,0.343441058,0,0,0.035045714
Fic,6.373681794,6.419388884,6.651081411,5.878216802,5.848396454,5.557805707
scrib,5.703012711,5.831872702,5.911336522,6.524001482,6.778016149,6.670518313
CR43399,0.089806327,0.041172495,0.147321929,0.2787941,0.043373527,0
CG43400,0.045601845,0,0.403305984,0.2787941,0,0
Mrp4,1.108418423,1.166611482,2.299882543,0,0.279346616,0.035045714
CG43401,0,0,0,0,0,0.035045714
CG43402,0,0.605110328,0,0.099039483,0,0
CR43404,0.254209339,0.334050524,0.403305984,0.605122262,0.767211364,0.069260254
CR43408,0.132696544,0.081202514,0.280984078,0.250347622,0.24260175,0.102682134
CR43409,0,0.081202514,0,0,0,0
CR43410,0.254209339,0,0,0,0,0
CR43411,0,0,0,0,0,0.16728912
CR43413,0.089806327,0,0,0,0,0.069260254
CR43418,0,0,0,0,0.043373527,0.600626626
CR43419,0.658139045,0.490874211,0.976440789,0,0,0.035045714
CR43420,0.214831388,0.158077041,0.620641262,0,0,0
CR43422,0,0,0,0.033774261,0,0
CR43424,0,0,0,0.871082608,0,0.069260254
CR43426,2.76138265,3.042194573,3.054986492,2.900426764,2.930358577,2.914708147
CG43427,5.822442965,5.811937935,5.267594983,6.30421948,5.774708154,6.200908204
AP-2mu,3.268819541,2.719686633,2.672557627,2.245647905,2.958954388,3.112244507
Unr,7.119861512,7.512098331,7.277722263,6.931199591,7.059933292,7.077990411
CG11000,4.239344958,4.323367916,4.90565901,8.383139881,8.438594248,8.483268979
CG42784,5.189254767,5.635823717,5.053100541,8.00046315,8.237799621,7.93344601
CG31688,6.187260147,6.14031327,6.019300374,5.898409065,6.175852411,6.22387188
CR43428,1.04246964,0.605110328,0.215700384,0,1.110889535,0
CR43429,0,0.081202514,0,0.161479554,0.043373527,0.198539073
CR43431,2.288580658,2.065044865,2.268034601,3.241253842,3.416173818,2.857120933
CR43432,1.873983732,2.065044865,1.750716776,0,0,0.035045714
CR43433,0.089806327,0.041172495,0.147321929,0.413175903,0.204896494,0.035045714
CR43434,0,0,0,0,0,0.069260254
CR43435,0,0,0.075540634,0,0.043373527,0
CR43436,0,0.430174687,0.343441058,0.2787941,0.631684635,0.069260254
CR43437,0.089806327,0,0,0,0.204896494,0
CR43440,0,0.158077041,0,0,0,0.035045714
CG43441,0.089806327,0,0,0,0,0
Nha2,1.467932039,0.158077041,1.195435982,1.218133808,1.190217021,0.895787384
hts,8.628178675,8.371435268,8.305784987,7.013378321,7.007511884,7.068771322
Tet,8.016635483,8.211134427,7.869896565,7.568027579,7.73489595,7.42332319
hppy,5.500952695,5.280445711,5.326762236,6.029742383,6.482994669,6.403904177
sqd,9.013040487,8.431944628,8.430384206,8.461038863,8.563027306,8.579419263
Ih,7.351685909,7.519856562,7.426693314,10.10622607,10.21396329,10.29641359
CG6364,6.663732868,6.699679696,6.763849189,8.018102956,7.965363385,8.027537623
CG43445,0,0,0,0.161479554,0.043373527,0
CG43446,0.174348395,0.785544823,0,0.360915446,0.166179293,1.005874807
CG43447,0.089806327,0,0,0,0,0
CG43448,0.292540976,0.36680871,0.075540634,0.438612949,0.315178801,0.317180035
CG43449,0,0,0,0.033774261,0,0
CR43454,0.470264926,0.19503084,0,0.033774261,0.166179293,0
CR43458,0,0,0.147321929,0,0,0
CR43459,2.406871204,2.014255748,2.150681236,5.009843657,5.682550954,5.560814977
CR43460,0.503325831,0.231061681,0.569299184,0.130597294,0.482093952,0.259078775
CR43461,2.22062605,1.803093283,2.251843045,1.782295868,1.905684269,1.057920648
CR43464,0.973361179,1.070450879,1.414910112,1.289769207,1.532209851,1.23414005
CR43466,0.292540976,0.081202514,0.075540634,0.413175903,0.482093952,0.259078775
CR43467,0,0,0.075540634,0,0,0.035045714
CR43468,0,0.460843657,0.280984078,0.46360926,0.315178801,0.288421873
CR43469,0.292540976,0.158077041,0.569299184,0,0,0.691294921
CR43470,0,0,0,0.774503582,0.043373527,0
CR43471,0,0.081202514,0,0.066775902,0,0.035045714
CR43476,1.565076965,2.607662155,1.630628187,0.692297297,0.74110543,0.988100422
nwk,5.775004595,5.873786256,5.714193309,8.477910181,8.760426786,8.819133185
CR43480,0.292540976,0.398839565,0.215700384,0.360915446,0.315178801,0.035045714
snoRNA:2R:9445410,0.045601845,0.19503084,0,0,0.043373527,0.035045714
snoRNA:CG32479-a,0.174348395,0,0.075540634,0.033774261,0,0
snoRNA:Dek-a,0,0.041172495,0,0,0.043373527,0.069260254
snoRNA:gcl-a,0,0,0,0.033774261,0,0
snoRNA:kis-a,0,0,0,0,0.043373527,0
snoRNA:lola-a,0.045601845,0.041172495,0.075540634,0.066775902,0.085481031,0
snoRNA:SC35-a,0,0,0.075540634,0.033774261,0,0
snoRNA:SC35-b,0.089806327,0,0,0.066775902,0.085481031,0
snoRNA:Tudor-SN-a,0,0.19503084,0.343441058,0,0.315178801,0.135347252
scaRNA:MeU2-48,0.045601845,0,0,0,0,0
snoRNA:2R:9445205,0,0,0.075540634,0.099039483,0,0.135347252
scaRNA:PsiU2-38.40.42,0,0.041172495,0,0.066775902,0,0
snoRNA:lola-b,0,0,0,0,0.043373527,0.035045714
snoRNA:lola-c,0,0.041172495,0,0,0.085481031,0
scaRNA:PsiU2-55,0.174348395,0.300531207,0.075540634,0,0,0.035045714
scaRNA:PsiU5-44,0,0,0.075540634,0,0,0
mld,7.199876297,7.124673357,6.986893665,7.005155121,7.177749992,7.17716426
CR43481,4.287588878,4.485030526,4.316294761,2.538141418,4.294079983,3.636220785
CR43484,0,0,0.460785459,0.033774261,0,0.069260254
CR43486,0.254209339,0.19503084,0.403305984,0,1.02694508,0.577040364
CR43487,0,0,0.620641262,0.130597294,0,0
CR43488,0.366277874,0.081202514,0.936477292,0.387282298,0.126394328,0.426801509
CR43490,0,0.041172495,0,0.033774261,0,0
CR43492,2.740736918,2.515713808,2.33104259,2.01145953,2.347602683,1.964042215
CR43493,0,0.158077041,0.075540634,1.188453103,0.315178801,0.288421873
CR43495,0,0.158077041,0.075540634,0.033774261,0.043373527,0
CR43496,2.040900983,2.847043093,2.948503801,2.56726214,2.082429209,2.680244095
CR43498,0,0.041172495,0.147321929,0,0,0
nclb,5.401427209,5.557286444,5.770685777,4.458541232,4.574677143,4.27744829
Vsx1,0.535646052,0.231061681,0,0,0.043373527,0.16728912
Vsx2,0.687203533,1.109687544,0.895375166,0,0.937812835,0
CR43606,0,0,0,0.130597294,0.126394328,0
CR43607,0,0,0,0.099039483,0.085481031,0.035045714
CR43608,0.598192202,1.070450879,1.161168219,0.46360926,0.043373527,0.577040364
CR43609,0.132696544,0,0.215700384,1.218133808,0.867152957,0.797161305
CR43611,0,0,0,0.099039483,0,0
CR43614,0.132696544,0,0,0.066775902,0,0.035045714
CR43615,0,0.041172495,0.075540634,0.033774261,0.204896494,0
Lpin,7.514592718,7.301612955,7.127195716,7.328401137,7.183516816,7.262582967
lost,8.539567441,8.252670518,8.318959033,8.193404815,8.213677572,8.246592056
CR43617,0,0,0,0.033774261,0,0
Vha68-2,2.647691929,1.754407614,2.150681236,2.936584415,2.258389431,1.616122503
l(3)72Ab,6.106858694,6.014811597,6.139680442,6.091181769,6.516085851,6.043088767
DNApol-delta,2.424238697,3.011447906,2.168041848,2.667482714,2.439757656,3.356928676
mib1,5.344411265,4.615132444,4.747202715,5.642714072,5.512600727,5.845028189
Tasp1,4.670761267,4.490614852,3.990080745,4.534233588,3.682802858,4.513193075
Zn72D,10.0696158,9.64387863,9.748764696,9.826002225,9.798564464,9.694834582
l(3)72Dn,4.569033294,4.335831117,4.339464716,3.382295287,2.998059566,4.225297105
Hsc20,3.940618111,3.857042682,3.950498508,4.553279967,4.572828161,4.615143148
l(3)72Dp,0.850272436,1.467766366,2.115320432,2.786176286,1.770252983,1.850585242
l(3)72Dr,2.801808356,2.486201158,3.145409019,3.522710293,3.772529997,3.343011945
CR43620,0.045601845,0,0.075540634,0.19171458,0.417626289,0
CR43622,0.089806327,0.36680871,0.075540634,0,0,0
CR43624,0,0,0,0,0,0.035045714
CR43625,0,0.120151752,0.670218812,0,0.043373527,0
CR43626,0.174348395,0.041172495,0,0.066775902,0.043373527,0
CR43627,0.292540976,0.520292387,0.215700384,0,0,0
CR43628,0.254209339,0.605110328,0.403305984,1.17338058,1.283610278,0.45295311
CR43629,3.486989994,3.379712586,3.57439664,3.902215731,4.1201555,3.999951831
CR43632,0,0,0,0.066775902,0,0
CR43634,0.089806327,0,0.075540634,0.066775902,0,0
CR43635,0.658139045,0.120151752,0.280984078,0.250347622,0,0.646672929
CR43636,0.089806327,0,0,0,0,0
CR43637,0.743632778,1.050424986,0.343441058,2.2528356,1.730998758,2.086031671
CG43638,0,0.19503084,0.460785459,0,0.417626289,0.069260254
CR43640,0,0.549122661,0,1.142754737,0,0.135347252
CR43641,0,0.081202514,0.147321929,0.438612949,0.085481031,0.135347252
CR43643,0,0.577388071,0,0,0,0
CG43646,0.214831388,0.158077041,0,0,0,0.288421873
CG43647,0,0.081202514,0,0.033774261,0,0.45295311
CR43649,0.132696544,0,0,0,0,0.035045714
CR43650,0.089806327,0,0,0.221328946,0.126394328,0.035045714
CR43651,0.628476965,0.041172495,0.403305984,0.53610018,0.687432158,0.857142206
CR43652,0,0,0,0,0.126394328,0
CR43653,0,0.081202514,0,0.2787941,0,0
CR43654,1.467932039,1.569773665,1.964515325,2.133300397,2.758818664,2.446431239
CR43655,0.045601845,0,0,0,0,0
CR43656,0.045601845,0.398839565,0,0,0,0.102682134
Lpt,4.311119041,4.09314587,4.129533993,3.223070712,4.46331535,3.838226195
Uba3,6.816643232,6.685141742,6.792116025,6.618497651,6.571303814,6.737875187
Myo10A,0.996767095,0.736253047,0.895375166,0.221328946,0.24260175,0.478639091
CG43658,5.398134985,5.580165298,5.452518118,5.894393159,5.971392652,5.84132052
CR43660,0,0.041172495,0,0.033774261,0,0.069260254
CR43661,0.503325831,0.945900736,1.195435982,1.111464636,0.767211364,0.914728587
Ada2a,4.565124288,4.445323036,4.399491479,3.280467892,3.119559364,4.264586163
eIF-2gamma,7.314622735,7.140448667,7.217507745,6.103161793,6.209562271,6.028489575
CG43667,0,0.158077041,0,0,0,0
CG43668,0,0.549122661,0,0,0,0
CR43669,0,0,0,0.033774261,0,0
CR43670,4.261254579,4.62193327,4.842187421,4.20795477,3.995950965,4.352302151
CR43671,2.22062605,3.1211194,3.255074579,2.484195386,2.406923805,2.534786553
CG43672,0.687203533,1.940006276,0.809481815,0.582479838,0,0.478639091
CG43673,0.132696544,0.231061681,0.343441058,0.306690511,0.126394328,0.776600407
CG43675,0.292540976,0.520292387,0.075540634,0.099039483,0,0
Su(var)3-9,2.524269513,3.857042682,2.876406888,1.013304027,1.151098443,1.639083386
CG43679,0,0,0,0.130597294,0.35014255,1.172521885
CG43680,0,0,0,0.066775902,0,0
CR43682,0.254209339,0.081202514,0,0.438612949,0,0
CR43683,1.65609121,1.357994016,1.195435982,1.142754737,1.649133071,0.951880893
CR43684,0,0.041172495,0.215700384,0,0,0
CR43685,5.389318815,5.871647919,5.605299794,6.597830912,6.49524895,6.435397465
CR43686,0.045601845,0,0,0,0.043373527,0.035045714
CR43687,0,0,0.215700384,0,0,0.069260254
CR43688,0,0,0,0,0,0.035045714
CG43689,7.03267219,6.606745538,6.611973167,6.331208807,6.293353784,6.284744941
fok,4.124509339,4.925238582,4.921099988,4.954711102,4.70024427,5.184256345
CG43691,0,0.36680871,0.075540634,0,1.336875487,0.035045714
CG43693,0,0.081202514,0.147321929,1.71102097,1.69064652,2.110882328
CR43695,0.254209339,0.398839565,0.895375166,0.033774261,0.450220187,0.102682134
CG17684,4.224551481,4.577143809,4.595072117,4.411143179,4.533441874,4.604974771
Hmgcr,2.441399601,2.641523012,3.797158585,3.325478108,2.918759638,2.807310882
CR43605,0.401779573,0,0.215700384,0.066775902,0.085481031,0.16728912
CG34334,0,0,0,0.813914366,0.043373527,0
CG40486,0,0,0.075540634,0,0,0
Gen,2.947058955,2.243216548,1.750716776,4.219006885,3.511919468,3.970835717
Rcd5,6.475073484,6.326167004,6.339648695,5.845903828,6.010849611,5.720039631
CR43700,0.045601845,0,0,0.130597294,0.384278962,0.198539073
CG43702,0.174348395,0.120151752,0.215700384,0,0.126394328,0.16728912
CG43703,0,0,0,0.161479554,0,0.035045714
CR43704,0,0,0,0,0.085481031,0
CG43707,7.753176636,7.226909153,7.091815914,9.015515744,8.773365148,8.746573188
CG43709,0.132696544,0,0,0,0,0
CG43711,0,0.520292387,0,0,0,0
l(2)k12914,6.581946301,6.894806659,6.944706641,5.186327573,5.004529433,5.266736495
BubR1,0.658139045,0.71096088,1.161168219,0.559476377,1.301584745,0.817433287
mRpL45,5.903624655,5.885137501,5.878756969,6.49474311,6.105973517,6.372564572
Dark,3.445065223,3.965286688,3.644289046,3.200944058,3.484643932,3.447510848
CR43716,0.089806327,0.041172495,0.280984078,0,0,0.503875743
CR43718,0,0.266214546,0,0,0,0
CR43719,0,0,0.670218812,0.130597294,0,0
sick,8.441828365,8.489088335,8.538830426,7.733720042,7.730548775,7.665517783
COX8,8.909901421,8.872824531,9.099497843,9.45378558,9.228157692,9.525966816
Ent2,5.046553321,4.837392748,5.148018796,5.615091501,5.540304112,5.731435555
jvl,5.959042683,5.737175807,5.660007012,6.584361655,6.554537657,6.311343987
dally,7.248217093,7.074427135,7.04148631,7.026805651,7.164306069,7.346498998
ebi,6.715349117,6.347865628,6.343473946,6.570765461,6.35382385,6.322025166
esn,3.875820986,3.57108178,3.638073273,2.453330166,3.387007657,2.393401608
CR43723,0,0.041172495,0,0,0.085481031,0.229126454
nonC,3.329991867,2.985315449,3.494078455,4.086489146,3.794909478,3.797985826
CR43724,0.132696544,0,0.403305984,0.250347622,0,0.102682134
jv,1.886568446,2.974728471,1.443705866,2.918618862,2.415202588,2.951860972
qin,2.571798784,1.256761209,2.491340747,0.221328946,1.881987279,0.45295311
CR43727,0.214831388,0.334050524,0.147321929,0.033774261,0,0.035045714
Tim17b,7.836006927,8.13175747,7.999493955,6.672092232,6.577310692,6.585527429
Caf1-55,6.321341414,6.437813475,6.569327307,4.835299862,5.117919686,5.412120523
CG43729,9.880557811,10.05033481,10.0591699,11.76686754,11.81384414,11.86432826
CR43730,0.470264926,0.736253047,0.516062327,1.188453103,1.069527769,1.417958665
CR43734,0,0,0.215700384,0.033774261,0,0
cd,0.715694033,1.357994016,0.718149104,0,0.126394328,0.102682134
spoon,7.517377043,7.17004169,7.304952115,6.452446039,6.609232401,6.357501251
Dic61B,2.39810842,2.931586112,3.19706152,1.61388234,2.657778787,2.559067961
CG43736,7.135432796,6.904600622,6.92951759,6.559215805,6.579614386,6.642385581
CG43737,10.62329891,10.65985519,10.64465079,9.720873443,9.689155027,9.772574235
cpo,11.0224164,10.49917651,10.47505034,9.765372824,9.845409542,9.897707358
CG43740,5.154555607,5.064048298,4.676178336,5.129864835,4.795282796,5.134628879
Ack-like,4.545418785,4.762434013,4.895272441,5.777153916,5.483371009,5.088456009
CG43742,0,0,0,0.582479838,0,0
GluRIB,5.10021485,5.383091312,5.3667813,5.214211675,5.175099805,5.285958457
bru-3,8.249566563,8.441947447,8.288526491,7.771745364,7.919177531,8.004100198
MsR2,2.106919896,2.478727689,1.605362592,3.427462054,3.259472137,2.680244095
Hmx,2.698537383,2.260752584,1.903635333,2.595806673,0.513278718,2.060745443
dysc,9.998795578,10.16616483,10.08346155,10.29128959,10.36182766,10.35768993
tgo,7.950748713,7.605342968,7.60696842,6.482947983,6.706036401,6.862306952
Cnx14D,0.43642859,0.300531207,0.075540634,0.250347622,0.659827649,0.426801509
Flo2,4.654296966,4.160088462,4.17746809,4.299304411,4.225122463,3.759213048
CG43750,0.174348395,0.041172495,0,0,0,0
CR43752,0,0.041172495,0.075540634,0.033774261,0,0
CR43753,0.174348395,0.266214546,0,0,0,0
CR43754,0,0,0.516062327,0,0,0
CG43755,2.579570295,2.72601307,2.079071103,2.002958951,2.479776257,2.594740597
Slob,6.160954402,6.138535854,5.976833078,7.388372698,7.32287064,7.104526265
sli,8.26696753,8.460087974,8.577509776,7.53210748,7.400760756,7.521002212
CG43759,4.011274747,3.692347652,3.521351046,3.549224792,3.723372017,3.639071014
Send2,0.329880465,0.520292387,0.215700384,0,0,0
para,8.407173884,8.452119919,8.388184478,8.934999048,9.21909859,9.184681814
CG43760,0,0,0,0.033774261,0,0
CR43761,0.132696544,0.632309912,0.280984078,0.033774261,0.937812835,0.069260254
CR43762,0.089806327,0,0,0.033774261,0,0
CR43764,0,0,0,0,0,0.069260254
CR43765,0.132696544,0.041172495,0,0,0,0.035045714
CR43766,0,0.158077041,0,0.033774261,0.417626289,0.198539073
CR43767,0.366277874,0.577388071,0.764538089,0.250347622,0.417626289,0.45295311
Sxl,6.914365511,6.856034083,6.941555416,6.403633554,6.422166842,6.600958773
mwh,0.949569261,0.490874211,1.355534777,0,0,0.102682134
Sema-2b,8.867183318,8.822142911,8.70247208,7.311935542,7.596374388,7.259344939
Det,2.117635196,1.972296492,2.33104259,4.302771522,3.907757404,4.281102219
Cyt-b5,7.075895563,7.387930079,7.355077464,6.382899667,6.540888438,6.362252407
CG43774,0,0,0,0,0,0.069260254
CG43783,2.774984138,3.092026213,2.958515421,4.407927247,3.86003745,3.289594864
orb2,6.974178581,6.051796931,5.756410069,7.096380895,7.160925421,7.372421541
CG43778,4.41249899,4.445323036,4.056839367,6.210424295,6.512714239,6.772033764
CR43785,0.254209339,0.266214546,0.403305984,0.488179846,0.891092845,0.691294921
spg,6.268233106,6.27261072,6.489581676,7.140160283,6.593359834,6.51977875
Atg6,4.815992956,5.009338432,5.053100541,5.160762611,4.790517566,5.295925815
DNApol-epsilon255,2.029598029,1.704021429,0.569299184,1.473269147,2.511010623,2.182964763
CR43786,0,0.041172495,0,0,0,0
CR43787,0.567258051,0.577388071,0.569299184,0.649368125,0.81804741,0.776600407
CG43789,0,0,0,0.066775902,0,0
CG43795,1.959855016,1.512369747,1.655458917,4.060099544,3.403746164,4.244139676
CG43797,0,0,0,0,0.085481031,0
CG43799,0.214831388,0.120151752,0,0.250347622,0,0
CG43800,0,0.231061681,0.075540634,0.066775902,0.24260175,0.069260254
CR43801,0,0.041172495,0,0.161479554,0,0.035045714
CR43802,0,0,0,0,0.043373527,0
CR43803,0.366277874,0.460843657,0.343441058,0.250347622,0.659827649,0.373031704
CR43807,0,0.041172495,0.075540634,0,0,0
CR43808,0.089806327,0,0,0,0.602981688,0
CR43809,4.132456058,4.078387786,4.272825213,3.634244167,3.931038232,3.68943509
SNF4Agamma,5.898197017,4.739165301,4.971408029,6.536571755,6.485945203,6.68023658
CR43811,0,0,0,0,0.085481031,0
CR43812,0,0,0,0.066775902,0,0
CG43813,1.171483865,1.467766366,1.090089724,0,0,0
CR43818,0.329880465,0.081202514,0.280984078,0.2787941,0.043373527,0.288421873
CR43820,0.567258051,0.231061681,0.569299184,1.232748274,0.315178801,0.837424361
CR43821,0.43642859,0.460843657,0.403305984,0.512338969,0.35014255,0.373031704
CR43824,0,0,0,0.033774261,0,0
CR43825,0.089806327,0.36680871,0.403305984,0.250347622,0.279346616,0.373031704
CR43826,0.973361179,0.785544823,1.053192621,0.19171458,1.02694508,0.713098814
CR43827,0.292540976,0.266214546,0.215700384,0,0.315178801,0.400167095
CR43828,0.850272436,0.300531207,1.053192621,0.099039483,0.204896494,0.691294921
CR43830,0.366277874,0,0.516062327,0.130597294,0.043373527,0
CR43831,0,0,0,0,0.043373527,0
CR43832,0.132696544,0,0,0.033774261,0,0
CR43836,0.045601845,0,0,0.161479554,0.166179293,0.623833477
CR43837,2.380421546,1.624980653,2.041887442,0,0.043373527,0
Ca-alpha1T,7.183714636,7.204430435,7.118850314,8.62338851,8.871298155,8.845053121
opm,5.958297735,6.251934699,6.238511784,5.658360808,5.584102745,5.395361064
CR43838,0.503325831,0.19503084,0.620641262,0.033774261,0.204896494,0.16728912
CG43841,0,0.041172495,0,0,0.085481031,0.069260254
CR43842,0.089806327,0,0,0,0,0
CG43843,0,0.231061681,0,0.334057725,1.02694508,0
CG43844,0.535646052,0.120151752,0.764538089,0.306690511,0.631684635,0.646672929
CR43845,4.119187104,3.80121326,4.06612905,5.321507029,5.514528478,5.397887428
CR43846,0,0.041172495,0,0.387282298,0.043373527,0
CR43848,0,0.120151752,0,0,0,0
CR43849,0.535646052,0,0,0.099039483,0,0.035045714
CG43850,1.086768738,0.736253047,1.090089724,1.968446736,2.406923805,1.705851653
CR43853,0,0.041172495,0,0,0,0
CR43854,0.089806327,0,0,0,0,0
CR43855,0,0.081202514,0.147321929,0,0,0
CR43856,0.254209339,0.266214546,0.460785459,1.079480821,1.170790315,0.713098814
CR43857,0.366277874,0.632309912,0.895375166,0.033774261,0,0.035045714
CR43858,0,0,0.075540634,0,0,0
CR43859,0.045601845,0,0.075540634,0.438612949,0.891092845,0.373031704
ab,6.978226303,7.260256326,7.257083956,7.269819419,7.233236329,7.20988166
CG43861,2.040900983,2.20749177,1.630628187,2.573016407,2.356227934,1.716685341
CR43862,0,0,0,0.099039483,0,0
CR43864,0.900774972,0.685217387,1.882757398,0.90797381,1.283610278,0.691294921
CR43865,0.292540976,0.041172495,1.053192621,0.250347622,0.315178801,0.503875743
CR43866,0,0,0,0.033774261,0,0
CG43867,8.040939265,7.912502157,7.985485922,8.777580362,8.891373174,8.460287159
CR43870,0.535646052,0.231061681,0,0.649368125,0.450220187,0.600626626
CR43872,0.214831388,0.120151752,0.280984078,0.334057725,1.151098443,1.188174903
CR43875,0.329880465,0.266214546,0.147321929,0.250347622,0.204896494,0.553062079
CR43876,0,0,0,0,0,0.069260254
CR43877,0.925378394,1.090202596,0.460785459,0.889646124,0.384278962,0.776600407
CR43878,1.019799334,1.166611482,0.460785459,0.099039483,1.069527769,0.577040364
CR43879,0,0,0,0.033774261,0,0
CR43883,0,0.398839565,0.075540634,0,0,0.135347252
CG43886,0,0.041172495,0,0,0,0
CR43887,0.598192202,0.490874211,0.343441058,0.649368125,0.74110543,0.691294921
CR43889,1.596057418,2.198420619,1.796086408,1.985806041,1.79584138,2.198505493
CR43890,0.045601845,0.19503084,0.343441058,0.099039483,0.043373527,0.069260254
CR43891,0,0,0,0,0,0.035045714
CR43893,0,0,0.075540634,0,0.043373527,0
CG43896,0.470264926,0,0,0.099039483,0.085481031,0
CG43897,0,1.406065524,1.443705866,0.979041354,1.606389595,1.417958665
Eip93F,5.810935139,5.899901746,5.550092195,5.302582983,5.826061653,5.479663785
how,1.345654897,0.041172495,0.460785459,0.099039483,0.204896494,1.04077981
CkIIalpha,8.232877448,8.537774963,8.63404175,7.634026312,7.711137963,7.912838169
rdx,8.080157895,7.865280471,7.948917696,7.910865438,8.078497344,8.098498697
CG17646,6.510060357,6.426689883,6.273017889,6.07251543,6.304538543,5.879783789
gpp,6.967900589,7.230250955,7.146482614,7.208526871,6.864823563,6.964408266
CR43898,0.658139045,0.659006168,0.718149104,0.605122262,0.631684635,0.646672929
CR43899,0.089806327,0.041172495,0,0.066775902,0.043373527,0
CR43900,0.174348395,0.334050524,0.718149104,0.2787941,0.24260175,0.817433287
CG43901,8.500444154,8.677447415,8.756908814,9.177604402,8.981676267,9.223653726
CG43902,6.042243642,5.746541239,5.291553848,5.980800637,6.412894874,6.212914052
CR43904,0.43642859,0.081202514,0.147321929,0.161479554,0.204896494,0.135347252
CR43905,0.214831388,0,0,0.033774261,0,0
CR43906,0.254209339,0.430174687,0.670218812,1.473269147,0.867152957,0.988100422
CR43907,0.797937693,1.826833554,2.060599064,1.203369782,0.315178801,1.307636778
CR43909,0.329880465,0.430174687,0.569299184,0.19171458,0.81804741,0.069260254
CR43910,0.687203533,0.924055416,0.460785459,1.17338058,1.005172941,1.683937117
CR43912,0,0.231061681,0.075540634,0.033774261,0.085481031,0
CR43914,0,0,0,0.334057725,0,0.069260254
CG43915,0,0,0,0,0.24260175,0
CR43916,0.045601845,0,0.280984078,0,0.085481031,0.069260254
CR43918,0.089806327,0,0,0.066775902,0,0
CG43919,0.132696544,0.041172495,0,0,0,0
CG43921,7.889349303,7.703783779,7.497498939,7.803755992,8.059477054,8.069871736
CG43922,0,0.041172495,0,0.033774261,0.166179293,0.035045714
CG43925,0.214831388,0.120151752,0.215700384,0.360915446,0.085481031,0.16728912
CR43926,0.045601845,0,0,0.250347622,0,0
CR43927,0,0,0,0,0,0.035045714
CR43928,1.231907565,0.967420201,1.015327048,0,0,0
CG43931,0,0,0.853067622,0,0,0
CR43933,0.598192202,0.659006168,0.460785459,0.306690511,0.659827649,0.317180035
Gr39a,0.470264926,0.659006168,0.620641262,1.485524763,1.591855642,1.249141988
garz,4.33656653,4.414318755,3.77466896,3.775690856,4.246157988,3.774847423
Glg1,5.663339554,5.565247173,5.750659997,4.719445304,5.228926144,4.33130868
Hr4,9.469988284,9.587667895,9.376493714,2.356562981,2.18282089,2.503848568
CG43935,0,0.19503084,0.147321929,0.250347622,0,0.102682134
CR43936,0,0,0,0.2787941,0,0
CG43938,0.535646052,0.266214546,0.147321929,0.099039483,0.085481031,0.135347252
CR43939,0,0.19503084,0.075540634,0,0,0
CR43942,0.132696544,0,0,0,0,0
CR43943,0.43642859,0.120151752,0,0.161479554,0.043373527,0.669156436
CR43944,1.769147149,2.161554662,2.315546691,2.459556263,2.564094611,2.24414781
Glut1,10.15108329,10.3341113,10.35180415,9.968735622,9.96803471,9.879293388
PsGEF,7.907601335,7.639886013,7.791555162,7.98071226,8.420716385,8.104311248
CR43948,0.089806327,0,0,0.033774261,0,0
CR43951,1.399333176,1.090202596,1.579646626,1.158148923,0.867152957,1.870125237
Fife,4.42979927,4.477550974,4.569170407,7.222781009,7.130137734,7.035356587
CaMKII,6.887616867,7.185331212,7.225821209,7.28873821,7.609285481,7.358005591
CR43956,0.045601845,0,0.075540634,0.066775902,0,0
CR43957,2.052116072,2.20749177,2.022929939,1.602674079,1.110889535,1.482857594
CR43958,0.797937693,0.879346663,1.195435982,0,0.513278718,0.755742239
Eogt,6.396409384,6.35349508,6.600030936,3.91586441,4.004206523,4.308215633
CR43959,3.278401152,3.411461341,3.334101687,3.839146524,3.370072664,3.414621347
CR43960,0,0.231061681,0,0,0.126394328,0.035045714
CR43961,0,0,0,0,0.043373527,0.135347252
CR43963,0.045601845,0.334050524,0,0.19171458,0,0.16728912
CR43964,0.045601845,0,0,1.397465162,0.35014255,0.135347252
Lst8,6.898919527,6.895859198,6.884280285,4.412748461,4.618356345,4.578493601
ens,7.408693332,6.919513075,6.845692625,7.151501681,7.487721312,7.410660912
mgr,7.333129684,7.518034846,7.593780632,6.267873416,6.224949493,6.139836133
Mhc,0.43642859,0.266214546,1.471938095,0.250347622,0.126394328,1.023432869
CR43966,0,0,0,0,0.043373527,0
CG43968,0,0,0,0.033774261,0,0.102682134
CR43970,0,0,0,0.099039483,0,0
CR43971,0,0,0,0.033774261,0.085481031,0
CR43972,0.174348395,0.120151752,0.809481815,0.961599966,1.532209851,1.124517283
CR43973,0.089806327,0.19503084,0.147321929,0.066775902,0.166179293,0.259078775
CR43974,0.535646052,0.231061681,0.460785459,0.692297297,1.069527769,0.857142206
CR43975,0.366277874,0.231061681,0.460785459,0,0.126394328,0.035045714
RhoGEF3,8.998711324,8.784657382,8.766735133,9.921840468,10.01504858,9.700431039
CG43980,0,0.19503084,0,0.066775902,0.204896494,0
CG1172,5.122995295,4.717103931,4.595072117,5.44195728,5.239454552,5.467688945
CR43981,0.174348395,0.266214546,0,0.161479554,0.085481031,0.102682134
CG43982,0,0,0,0,0.043373527,0
CR43988,0.089806327,0,0.147321929,0,0,0
CR43990,0.329880465,0.334050524,0.403305984,0,0.085481031,0
CR43992,0,0.19503084,0,0.161479554,0.085481031,0
CG43993,0,0,0,0.099039483,0,0.135347252
CR43995,0.174348395,0.158077041,0,0.488179846,0.085481031,0.288421873
CG43996,0,0,0.075540634,0,0,0.400167095
CG43997,0,0,0,0.033774261,0,0.102682134
CG43998,0,0.120151752,0,0,0,0
CG43999,0.045601845,0,0,0,0,0
CG44002,3.33917696,3.284339015,3.154147217,2.766222905,3.309183927,3.116341119
CR44003,4.140359244,4.55243779,4.381000002,4.215332246,4.402154716,4.034998701
CG44004,0.743632778,1.185097719,0.895375166,0.512338969,0.792853288,0
CG44005,0,0.158077041,0,0,0,0
CG44006,1.809358867,2.161554662,2.778079691,0.130597294,1.663104036,1.954920908
CG44008,0.715694033,0.605110328,0.620641262,0.360915446,0.384278962,0.713098814
Vti1b,4.740012043,4.995003143,5.263562869,5.590480148,5.38248237,5.581705929
Rgk1,3.764319846,3.777044046,3.813798683,3.155645895,2.822449795,3.04076108
CG44013,0,0.398839565,0,0,0.166179293,0
CG44014,0,0.041172495,0,0,0.085481031,0
Hph,5.656007557,5.392070506,5.405720167,5.576225686,5.508737478,5.795430367
CR44017,0.254209339,1.050424986,1.161168219,0.774503582,0.687432158,1.172521885
CR44018,2.860399202,3.116311095,2.003720007,4.455429351,4.72376431,4.729209112
CR44019,0.470264926,0.520292387,0.280984078,0.250347622,0.166179293,0.229126454
CR44021,0.174348395,0.120151752,0.460785459,0.250347622,0.085481031,0.135347252
CR44022,0.743632778,0.945900736,1.324904867,0.733985886,1.170790315,0.837424361
CR44023,1.231907565,1.274134361,2.022929939,1.44844109,1.209385607,1.973106214
CR44024,5.426421056,5.958836209,5.766417878,6.572561771,6.592447534,6.660383471
Pburs,0,0,0.569299184,0.033774261,0,0.035045714
Pde1c,6.542728753,6.065581489,5.976833078,7.115728847,7.315425899,7.120165617
koko,6.722386369,7.09320751,7.258097582,5.718655286,5.149276641,5.303131792
pre-lola-G,1.064789212,1.070450879,1.015327048,1.275723862,0.659827649,1.172521885
CR44027,3.116890899,3.334884872,3.514581079,4.102492188,3.850911533,3.815729252
CR44029,2.563985184,2.522998593,2.150681236,2.629330934,2.790985013,3.356928676
CR44030,2.353477901,2.668050881,3.017168594,4.309680847,4.042119876,4.219596009
CR44031,0.132696544,0.120151752,0,0.066775902,0,0
CR44032,0.329880465,0.761109441,0.147321929,0.438612949,0.960617448,0.857142206
CR44033,0.045601845,0,0,0.099039483,0,0
CR44034,0,0,0,0,0,0.623833477
CR44035,0.214831388,0.430174687,0,0.066775902,0,0.102682134
CR44036,0,0,0,0,0,0.035045714
CG44037,0,0,0.075540634,0,0,0
CR44039,0,0,0,0,0,1.350002208
CR44041,0,0,0,0,0.043373527,0
CR44042,4.064856149,4.331688668,4.151519842,2.980543238,2.495477966,2.942662077
CR44043,0.089806327,0.081202514,0.147321929,0.033774261,0.085481031,0
CG44044,0,0,0,0.033774261,0.043373527,0
CR44046,0.174348395,0.081202514,0.343441058,0.19171458,0.24260175,0.135347252
CR44047,0,0.041172495,0,0.2787941,0.204896494,0.373031704
CR44048,0.254209339,0,0,0.161479554,0,0
CR44049,0.254209339,0.158077041,0.280984078,0,0,0.102682134
CR44050,1.04246964,1.482787903,2.041887442,1.158148923,1.319338022,0.713098814
CR44051,0,0,0.147321929,0,0,0
Tep5,0.850272436,0.520292387,1.385527878,0,0,0
vih,8.067087952,8.287841657,8.243943256,6.576505799,6.404082959,6.551893759
AP-2alpha,6.222432119,6.205150292,5.819566842,5.94074938,6.177678404,6.189773882
CR44053,0.174348395,0.430174687,0.403305984,0.559476377,0.81804741,0.069260254
CR44054,0.43642859,0.736253047,0.403305984,0.438612949,0.315178801,0.776600407
CR44055,0,0.041172495,0.215700384,0.221328946,0.842809102,0.035045714
CR44056,0,0.081202514,0,0.387282298,0,0
CR44057,0.045601845,0,0,0,0,0
CR44058,0,0.041172495,0,0,0,0
CR44059,0,0.081202514,0,0,0,0
CR44060,0.132696544,0.041172495,0,0.250347622,0.24260175,0.259078775
CR44062,0,0.041172495,0,0,0,0
CR44064,0,0,0.075540634,0,0,0
CR44065,0.401779573,0.334050524,0.280984078,0.033774261,0.767211364,0
CR44066,0.045601845,0,0.075540634,0,0,0.035045714
CR44067,0.132696544,0.081202514,0,0.099039483,0,0
CR44068,0.089806327,0.231061681,0,0,0,0
CR44069,0.687203533,0.659006168,0.569299184,0.19171458,0,0
CR44071,0.254209339,0.19503084,0.280984078,0,0.126394328,0
CG44072,0.132696544,0,0,0,0,0
CR44073,0,0.041172495,0,0,0,0
CR44075,0.174348395,0.19503084,0,0,0.043373527,0
CR44076,0.174348395,0,0,0,0,0
CR44077,0.045601845,0.266214546,0.516062327,0.033774261,0,0
CR44078,0.254209339,0.266214546,0,0,0,0.16728912
CR44081,0,0,0,0,0,0.069260254
CR44082,0,0.041172495,0,0,0,0.102682134
CR44083,0,0.158077041,0.215700384,1.247216179,1.336875487,1.23414005
CG44085,1.549333635,0.785544823,0.147321929,0.794343545,0.81804741,1.604503555
RapGAP1,7.04324882,7.049105311,6.63009472,7.722437872,7.547549242,7.517134222
CG44088,0,0,0,0.099039483,0,0.623833477
CR44091,0.089806327,0,0,0,0,0
CR44092,1.04246964,0.833207966,0.569299184,0.813914366,0.767211364,0.857142206
CR44093,1.086768738,0.988623391,1.015327048,0.833223249,0.602981688,0.623833477
CG44094,0,0,0,0,0.043373527,0
CR44095,0.366277874,0.081202514,0.215700384,0.75438697,1.151098443,1.156697169
CG44098,2.54822987,2.634814121,1.679869498,5.800640851,6.14195967,6.069212047
pHCl,6.750627367,6.248642806,6.352043856,6.518793484,6.627606565,6.790417766
CG44102,0.214831388,0.120151752,0.147321929,0,0.204896494,0.16728912
CR44103,0,0,0.147321929,0.033774261,0,0
CR44105,0,0,0,0.033774261,0.24260175,0
CR44106,0.366277874,0.041172495,0.075540634,0,0.35014255,0.069260254
CR44107,0,0,0,0.033774261,0.126394328,0.229126454
smt3,9.838113213,10.11808169,10.1424936,8.122339509,8.154485753,8.223515353
CR44109,0.925378394,0.36680871,0,0.774503582,0.043373527,0.069260254
CR44110,0,0,0,0,0.043373527,0
CR44112,0,0,0,0.161479554,0,0
CR44113,0.045601845,0.041172495,0,0,0,0.035045714
CR44114,0.089806327,0,0.343441058,0,0,0
CR44115,0.292540976,0.266214546,0.343441058,0.250347622,0.204896494,0.914728587
CR44116,0.598192202,0.549122661,0.853067622,1.289769207,0.937812835,0.857142206
CR44119,0.824342362,0.856461751,0.670218812,1.218133808,0.315178801,0.16728912
CR44121,0,0,0,0.066775902,0,0
Piezo,4.338857834,4.776217204,4.565899749,6.281555809,6.189189662,5.842557469
fd3F,0.214831388,0.19503084,0.343441058,0,0.043373527,0
CR44124,0.132696544,0.120151752,0.075540634,0,0,0.102682134
CR44125,0,0.334050524,0,0.066775902,0.043373527,0.135347252
CR44127,0,0.266214546,0.075540634,0.438612949,0.417626289,0.503875743
Src42A,7.594911799,7.974592009,7.964215499,6.775839197,6.722808386,6.542029576
CR44129,0,0,0,0,0,0.035045714
CR44130,0,0,0,0.033774261,0,0
Pcf11,6.160306768,6.42814566,6.176602172,6.731505671,6.674053518,6.972340368
Nrg,7.365799264,6.929141295,6.698148075,6.276715606,6.118702712,5.880386125
Slh,5.401427209,4.720276285,5.005608142,3.704080643,4.227474947,4.264586163
CG4267,0,0.041172495,0.075540634,0.387282298,0,0.035045714
CR44131,0.214831388,0.081202514,0.075540634,0,0,0.102682134
CR44133,0,0.231061681,0,0,0,0.069260254
CR44136,0,0,0,0.360915446,0,0
CR44137,0,0,0,0.670992382,1.048393528,0.102682134
CR44138,0,0.081202514,0,0,0.204896494,0.198539073
CG44139,0.045601845,0,0,0,0,0
CG44142,0,0,0,0,0,0.288421873
CR44145,0.174348395,0.041172495,0,0.438612949,0,0
CR44146,0.089806327,0,0.075540634,0.221328946,0.043373527,0.069260254
CR44147,0.292540976,0.430174687,0.569299184,0.250347622,0.126394328,0.288421873
CR44149,0,0,0,0.2787941,0.166179293,0.035045714
CR44150,0.292540976,0.334050524,0,0.130597294,0.450220187,0.035045714
ppk18,0,0.120151752,0,0,0,0
CG44153,5.377107935,5.341463708,5.389160603,6.340515955,6.397830218,6.478602794
koi,4.965833296,5.230147454,5.394701604,5.495204492,5.284210141,5.290497613
Np,1.434040296,0.36680871,0.976440789,0,0,0.035045714
CR43751,0.598192202,1.325032758,0.809481815,0.033774261,0,0.069260254
CR44155,0,0.081202514,0,0,0,0
CR44156,0.132696544,0.398839565,0.075540634,0.033774261,0.085481031,0.198539073
CG44158,0,0.19503084,0,0,0.043373527,0
Irk1,2.632829333,2.260752584,2.376555991,1.358015262,3.073226825,1.616122503
CR44160,0,0.081202514,0.147321929,0,0,0
CR44161,0.045601845,0.081202514,0,0.066775902,0.24260175,0.135347252
Strn-Mlck,0.900774972,1.716783909,1.796086408,2.295225609,0.315178801,0.16728912
FDY,0.045601845,0.19503084,0,0,0.043373527,0
cv-d,2.432844665,1.906976767,2.097309615,0.649368125,0.573696073,1.293233921
CR44164,0,0.041172495,0.075540634,0.250347622,0.085481031,0.229126454
CR44165,0.089806327,0,0,0,0.043373527,0.623833477
CR44166,0.045601845,0.120151752,0,0,0,0.069260254
St3,3.01167521,3.288619471,3.480246356,7.643457162,7.408815787,7.617551831
CR44170,0.875744677,0.833207966,0.215700384,0.649368125,0,0
CR44171,0,0,0,0,0,0.069260254
CR44172,0.045601845,0,0,0,0,0
CR44175,0,0,0,0,0,0.069260254
CR44176,0,0,0.075540634,0,0,0
CR44177,0,0.081202514,0,0.066775902,0.126394328,0.035045714
CR44178,0,0,0,0.713292167,0.126394328,0.400167095
CR44179,0.973361179,1.009519467,1.526797288,0.926071582,0.126394328,0.528678517
CR44181,0,0,0,0.099039483,0,0
CR44182,0.214831388,0.231061681,0.215700384,0.130597294,0.126394328,0.229126454
CR44183,0.089806327,0,0,0,0,0
CR44184,0,0.041172495,0,0,0,0
CR44185,0.089806327,0.041172495,0,0,0,0
CR44186,0.089806327,0,0,0,0,0
CR44187,0,0.041172495,0,0,0,0.198539073
CR44188,0,0,0,0.387282298,0.631684635,0.229126454
CR44189,0.045601845,0.300531207,0.280984078,0,0,0.646672929
CR44190,0.089806327,0,0,0,0,0
Cdep,7.180843689,7.269760204,7.262144979,8.180859274,8.193363404,7.97224599
CG44195,0.089806327,0.300531207,0,0.130597294,0,0.069260254
CR44197,0,0,0,0,0.24260175,0
CR44201,0.658139045,0.659006168,1.161168219,0.033774261,0.279346616,1.363851994
CR44203,0.401779573,0.605110328,0.280984078,0.53610018,0.983067192,0.817433287
Sgt1,6.247040124,6.445022058,6.353941387,6.268316815,6.636042715,6.540506005
Oseg1,2.170049465,2.385889321,2.778079691,3.876852772,3.352936517,2.571057113
CR44205,0.329880465,0.266214546,0.215700384,0.066775902,0.417626289,0.135347252
CR44206,1.363770477,1.665042273,1.679869498,0.794343545,1.336875487,2.110882328
CR44207,0.503325831,0,0.147321929,0.033774261,0.35014255,0
CR44208,0.973361179,1.895796724,0.075540634,0.387282298,0,0.229126454
Spn42Da,4.830720484,5.026098514,4.915971336,4.814805282,5.321025128,4.632409626
Gr2a,0,0,0,0.582479838,0.043373527,0.035045714
Meltrin,5.240400086,5.517722173,5.338309976,4.436615776,5.955160734,5.299533302
Ir47b,0.503325831,0.785544823,0.976440789,0.438612949,0.24260175,1.964042215
CR44212,0,0,0.147321929,0,0.24260175,0
CR44217,0,0,0,0,0,0.069260254
CR44218,2.941038672,2.607662155,2.584792649,2.421790147,2.73916888,2.29563394
CR44220,0,0,0,0,0,0.102682134
CR44221,0.045601845,0.231061681,0.343441058,0.774503582,0.315178801,0.229126454
CR44222,1.549333635,0.833207966,1.630628187,1.232748274,1.301584745,0.035045714
Ir60f,0.401779573,0,0,0,0.35014255,0
CR44224,0,0,0,0,0.043373527,0
CR44225,0,0,0.075540634,0,0,0
CR44228,0.43642859,0.19503084,0,0.488179846,0.043373527,0.288421873
CR44229,0,0.19503084,0,0,0,0
CR44230,0,0,0,0.130597294,0,0
CR44234,0,0.041172495,0,0,0.085481031,0.198539073
CR44235,0,0,0,0,0,0.102682134
CR44236,0,0.158077041,0.147321929,0.099039483,0.24260175,0.317180035
CR44237,0,0.041172495,0,0,0,0.069260254
PIG-V,4.42979927,4.996312253,5.193234371,4.325106896,4.825102481,4.913526448
CG44242,7.218661086,7.304522126,7.481965537,8.494965407,8.360096449,8.488019356
CG44243,2.362515142,2.0749916,1.355534777,2.281233543,2.752298428,2.640972163
CG44245,3.06800697,2.361715268,3.036201456,4.487774062,4.333925904,4.457769124
CG44247,9.038550188,9.348839656,9.361362998,10.90236471,10.74205179,10.81836712
CG44249,2.449904106,2.161554662,2.202148642,2.844432201,2.143498487,1.639083386
CG44250,0,0.041172495,0,0,0.043373527,0
CG44251,0,0.081202514,0,0,0,0.035045714
CG44252,0.089806327,0.736253047,0.280984078,0.099039483,0.891092845,0.135347252
sud1,3.084486341,3.810173337,3.416306362,2.363220015,2.600850423,2.827441735
PIG-S,4.69421615,4.877728617,5.182596589,4.467836802,4.201384201,3.027770298
Glycogenin,4.287588878,4.203806866,4.362268432,3.352494535,3.590782154,4.426765676
Snp,6.135478732,6.479598651,6.356783012,3.909056211,4.172372889,4.268272772
Atf-2,4.690632433,5.173410034,5.271615861,5.194749537,4.978229044,4.741196475
Trpm,2.860399202,3.262744138,3.35698966,4.654443133,4.303030224,4.497573729
CG44257,0,0.490874211,0.280984078,0.19171458,0.74110543,0.713098814
CG44259,0,0.041172495,0.075540634,0,0,0
CR44260,0,0,0,0,0.043373527,0
CG44261,0.254209339,0.231061681,0.075540634,0.066775902,0.35014255,0.426801509
CR44262,0,0,0,0.306690511,0,0
CR44264,0,0,0,0.033774261,0,0
CR44265,0.567258051,0.945900736,0.620641262,0.488179846,0.602981688,0.895787384
CR44266,2.540287217,3.262744138,2.855128227,2.601448428,2.07199486,2.331316337
CR44267,0.401779573,0.041172495,0.075540634,0.066775902,0.043373527,0.198539073
CR44268,0.045601845,0.041172495,0.075540634,0,0,0.069260254
CR44269,0,0,0,0,0.315178801,0
CG44270,0,0,0,0.066775902,0,0
Vha68-1,9.623303006,9.502420514,9.587059794,10.9013288,10.83226476,10.82608684
CG42688,0,0.158077041,0,0,0,0
CG17097,0,0,0,0.033774261,0.631684635,0
CG18234,0,0,0,0,0,0.035045714
CG15425,0.850272436,0.334050524,0.516062327,0,0,0.198539073
CR43239,0,0,0,0,0,0.45295311
CG14717,0,0.081202514,0,0.033774261,0.085481031,1.091603205
CG30060,0.329880465,0,0,0,0.166179293,0
Inx3,2.524269513,1.569773665,2.097309615,1.721421233,2.503265198,2.229093578
l(3)neo38,6.621538195,6.865735826,6.727718553,7.446538308,7.531455398,7.531010718
pncr014:3L,0.567258051,0.490874211,0.147321929,0.066775902,0,0
Dscam2,8.094806159,8.13977614,8.036000113,7.046068882,7.19137109,7.423943067
pAbp,9.62617858,9.383270218,9.365954159,9.303704556,9.358167821,9.375522308
SC35,8.496857634,8.602816067,8.740320961,7.410636272,7.14918549,7.203397268
CR44272,0.045601845,0.266214546,0.215700384,0.099039483,0.543803643,0.646672929
CR44273,0.045601845,0,0,0,0,0
CR44274,1.019799334,0.856461751,1.261622271,0.19171458,0.043373527,0
CR44277,0.089806327,0,0,0,0,0
CR44279,0,0,0,0,0,0.646672929
CR44281,0.045601845,0,0,0,0,0
CR44283,0.089806327,0,0,0.033774261,0,0
CR44284,0.567258051,0.490874211,0.215700384,0,0,0
CR44285,0.045601845,0.158077041,0.147321929,0.033774261,0,0.069260254
CR44287,0,0,0,0,0.085481031,0
CR44288,0.214831388,0,0,0.161479554,0,0
CR44289,0.089806327,0,0,0,0,0
CG44290,0,0,0,0.066775902,0,0
CR44291,1.399333176,1.467766366,1.499628432,0.130597294,0.166179293,0.45295311
CR44292,0,0,0.075540634,0,0,0
CR44294,0.973361179,0.685217387,0.809481815,1.142754737,0.714518384,1.074860222
CR44295,0.132696544,0.490874211,0.075540634,0,0.085481031,0
CG44296,0.045601845,0.120151752,0.075540634,0.033774261,0.043373527,0.229126454
CR44299,0,0.081202514,0.147321929,0.099039483,0.166179293,0.16728912
CR44302,0.045601845,0.081202514,0,0,0.085481031,0
nac,5.694091404,5.96820638,6.077878246,4.441342221,4.309706653,4.467422866
tn,0.503325831,0,0.670218812,0,0.842809102,0.035045714
CG44303,0,0.158077041,0,0,0,0
CR44306,0.045601845,0.041172495,0.280984078,0,0,0.288421873
CR44307,0.045601845,0,0,0,0.043373527,0.16728912
CR44309,0.089806327,0,0,0,0,0
CR44311,0,0,0,0,0.043373527,0
CR44313,0.132696544,0.334050524,0,0,0,0.229126454
CG44314,1.971715508,1.778955809,1.605362592,1.668653552,1.893884428,1.532753413
CR44317,0.687203533,0.577388071,0.343441058,0.250347622,0.983067192,0.035045714
CR44319,0,0,0,0,0.085481031,0.102682134
CR44320,3.586762723,3.524659319,3.17146642,6.169231298,5.902397951,5.885195778
CR44321,0.43642859,0.833207966,0.895375166,0.90797381,0.659827649,1.249141988
CR44322,0,0,0.075540634,0.033774261,0,0.102682134
CG44325,3.676460468,4.252826564,3.819303003,2.526326528,3.863066639,2.718475266
CR44326,0,0,0,0,0.085481031,0
Neto,4.20458788,4.09559094,3.77466896,4.895092595,4.921241167,4.802228445
CR44331,1.327308948,1.778955809,0.764538089,0.438612949,0.767211364,2.198505493
CR44332,0.174348395,0.231061681,0.343441058,0.733985886,0.983067192,0
CR44334,0,0.081202514,0,0,0,0
CG44335,0,0,0,0,0,0.102682134
CR44337,0.045601845,0,0,0,0,0
CR44340,0.715694033,0.785544823,0,0.794343545,0.602981688,0.577040364
CG44341,0.045601845,0,0,0,0.043373527,0
zip,8.155697229,8.209159975,8.15532243,6.681111783,6.664969772,6.320694336
CR44343,0,0.041172495,0,0,0,0
CR44344,0.292540976,0.120151752,0.620641262,0.161479554,0.085481031,0
CR44345,0.401779573,0.685217387,0.215700384,0,0,0.817433287
CR44347,0,0.520292387,0.147321929,1.063219023,1.371323531,0.691294921
CR44348,0.174348395,0.430174687,0.343441058,0.360915446,0.417626289,0.691294921
CR44349,0,0,0,0,0.24260175,0.373031704
CR44350,0.329880465,0.80957322,0.460785459,0.46360926,0.714518384,0.035045714
CR44351,0.329880465,0.041172495,0.280984078,0.130597294,0.043373527,0.035045714
CR44354,0.045601845,0.081202514,0.147321929,0,0.166179293,0.069260254
CR44357,0.214831388,0.300531207,0.343441058,0.996274402,0.384278962,0.755742239
Traf6,7.119528376,6.80540212,6.889522635,5.962832855,6.142583062,6.489698467
CR44360,0.470264926,0.120151752,0.460785459,0,0.085481031,0.069260254
CG44362,0.132696544,0,0.403305984,0,0.043373527,0
CR44363,0,0,0.075540634,0,0,0
mbl,9.719862634,9.93777771,9.810523503,9.315444699,9.440258069,9.379469103
CR44365,0.132696544,0,0,0,0,0
CR44366,0.567258051,0.785544823,0.215700384,0.627414808,0.085481031,0
CR44367,0.045601845,0.266214546,0,0,0.043373527,0
CR44368,0.598192202,1.109687544,0.809481815,1.261540434,0.937812835,1.218980474
CR44369,0.214831388,0.041172495,0,0.360915446,0,0
CR44370,0,0.300531207,0,0.130597294,0,0
CR44372,0.045601845,1.128912832,0.764538089,0.066775902,0,0
CR44373,0,0.19503084,0.075540634,0,0.714518384,0
mlt,7.299114893,6.953945411,6.928244588,7.928085586,8.028108402,8.031068094
Smr,6.368644523,5.972203611,5.890570541,6.143358835,6.807011912,6.906445411
CR44374,0.045601845,0,0,0,0,0
CR44375,0,0.081202514,0,0,0.126394328,0
CR44377,0.089806327,0,0,0.033774261,0.043373527,0.035045714
CR44380,0,0.081202514,0,0.033774261,0,0
CR44381,0.628476965,0.736253047,1.195435982,1.142754737,1.170790315,1.457247279
CR44382,0.797937693,1.291300791,1.195435982,1.218133808,0.279346616,1.417958665
CR44383,2.240370452,2.152189073,2.079071103,0.852277114,0.687432158,0.93342433
CR44384,0.470264926,0.158077041,0.215700384,0.512338969,0,0.16728912
CG44385,0.535646052,1.611375695,1.053192621,0,0.867152957,0.035045714
CR44387,0,0,0,0.161479554,0,0
CR44390,0.900774972,0.659006168,0.936477292,1.09556136,0.891092845,0.102682134
CR44392,0.254209339,0.300531207,1.195435982,0.130597294,0.126394328,0
CR44393,0.132696544,0,0,0,0,0
CR44394,0.089806327,0.19503084,0,0.099039483,0,0
CR44395,0,0,0.147321929,0.033774261,0.085481031,0.16728912
CR44396,0.045601845,0.081202514,0.215700384,0.19171458,0.384278962,0.970104318
CR44397,0,0,0,0.066775902,0,0.669156436
CR44398,0,0,0,0,0,0.035045714
CR44399,0,0.041172495,0,0,0,0
CR44400,0,0,0.075540634,0,0,0
CR44401,0,0,0.075540634,0,0,0
Cdc5,5.672452459,5.403956487,5.59891337,5.326625341,5.139316373,5.227506757
yin,0.687203533,0.577388071,0.075540634,2.756141763,1.577173781,0.755742239
CG44403,0.045601845,0,0,0.306690511,0.482093952,0.135347252
CR44404,0.089806327,0.158077041,0.075540634,0.099039483,0.085481031,0.135347252
CG44405,0.687203533,1.482787903,0.215700384,1.924112038,1.485799341,0
CG44406,0,0,0,0.033774261,0.126394328,0
CR44407,0,0,0.075540634,0,0,0
CR44408,0,0.36680871,0.075540634,0.250347622,0.24260175,0.373031704
CR44409,0,0,0,0,0.085481031,0
CR44411,0.366277874,0.460843657,0.620641262,0.2787941,0.384278962,0.528678517
CR44415,0,0,0,0,0,0.069260254
CR44417,2.491690508,2.892748347,2.844370035,4.665257809,4.821992434,5.163620349
CR44419,0.598192202,0.685217387,0.280984078,1.188453103,0.659827649,0.837424361
CR44420,0,0.120151752,0,0,0,0
CR44421,0.132696544,0,0,0,0,0
CG44422,7.458537504,7.009134852,6.803963725,6.767394527,7.004428663,6.962133918
CR44423,0,0.041172495,0,0,0,0
rad,5.495828171,5.356833008,5.464862445,5.931260567,6.082124267,6.387048437
Bx,5.53032125,5.164121339,4.863656388,5.377656051,5.213581502,5.052562758
Ric,8.319976628,8.368531709,8.096186197,10.40861327,10.49779489,10.44354614
Prosalpha4T1,0.045601845,0.081202514,0.620641262,1.17338058,0.482093952,0.345376129
CG44426,0.43642859,0.19503084,0,0.19171458,0.126394328,0.102682134
CG44428,0,0,0.147321929,0,0.043373527,0
CR44429,1.416791103,1.239176293,1.471938095,0.979041354,0.767211364,1.557068777
CR44430,0.045601845,0.158077041,0.147321929,0.488179846,0,0.288421873
CR44431,0.089806327,0.334050524,0.215700384,1.013304027,0.166179293,0.45295311
Su(z)2,5.327203883,5.691840387,5.521675403,5.549477793,5.687685822,4.870517225
CG44433,0,0,0,1.545288185,0.043373527,0
CG44437,0,0.19503084,0.215700384,0.438612949,0.35014255,0.198539073
sno,3.7778938,4.112591373,3.699057797,3.788112587,4.184531912,3.995510498
CG44439,0.132696544,0,0,0,0,0
CR44440,0.045601845,0.266214546,0.075540634,0,0,0
CR44441,0.045601845,0.520292387,0.147321929,0.413175903,0.204896494,0
CR44442,0.875744677,1.166611482,0.280984078,0.334057725,1.090356876,0
CR44443,0,0,0.343441058,0,0,0
CR44444,0,0.334050524,0.280984078,0,0,0
CR44445,0,0.158077041,0,1.261540434,0.24260175,0.198539073
CR44446,0,0.041172495,0,0,0,0
CR44447,0.214831388,0.605110328,0.895375166,0.161479554,0,0.102682134
CR44448,0.214831388,0.266214546,0.280984078,0,0.126394328,0.259078775
CR44449,0,0,0,0,0.085481031,0
CR44450,0.292540976,0.659006168,0.403305984,0.066775902,0.24260175,0.102682134
CR44451,0.503325831,0,0.075540634,0,0,0
CR44455,0,0.081202514,0,0,0,0
CR44457,0,0.081202514,0,0.130597294,0,0
CR44458,1.596057418,1.166611482,1.015327048,0.2787941,0.513278718,0.914728587
CR44460,0.401779573,0,0,0,0,0
CR44461,0,0,0,0.033774261,0,0
CR44462,0.598192202,0.736253047,0.620641262,0.46360926,0.24260175,0.229126454
CR44464,0,0.081202514,0.280984078,0,0,0
CR44468,0,0,0,0,0.043373527,0
CR44469,0.089806327,0,0,0,0,0
CR44470,0.045601845,0,0.147321929,0,0,0
CR44471,0.132696544,0,0,0.099039483,0.126394328,0.400167095
CR44472,0.973361179,0.80957322,0.895375166,0.512338969,0.81804741,1.218980474
CR44473,0.254209339,0.081202514,0.215700384,0.713292167,0.204896494,0
CR44474,1.150766861,0.685217387,0.895375166,0.961599966,0.914641953,1.005874807
CG44477,0.214831388,0,0.343441058,0,0,0
CR44480,0.089806327,0,0.280984078,0,0,0
CR44484,0,0,0,0,0,0.16728912
CR44486,0,0,0,0,0.043373527,0
CR44492,0,0,0,0,0,0.035045714
CR44493,0,0,0,0,0.085481031,0
CR44495,0.254209339,0,0,0.099039483,0,0
CR44496,0,0,0,0,0,0.069260254
CR44498,0.401779573,0.120151752,0.075540634,0.733985886,0.043373527,0.135347252
CR44500,0,0.041172495,0,0,0.204896494,0
CR44501,0,0,0,0,0,0.069260254
CR44504,0.132696544,0,0,0,0.085481031,0.035045714
CR44506,2.910554553,2.864352688,3.318638787,2.872701126,3.759584109,2.696753091
CR44510,0,0,0,0,0.384278962,0
CR44511,0,0,0.460785459,0,0,0
CR44512,0.292540976,0.430174687,0.280984078,0,0,0
CR44514,0.254209339,0.300531207,0.460785459,1.646993946,1.404968185,1.520440304
CR44517,1.129748022,2.065044865,1.443705866,0.605122262,0.842809102,0
CR44518,0,0,0,0,0.24260175,0
CR44519,0,0,0,0,0,0.102682134
CG44521,0.089806327,0.231061681,0,0,0.24260175,0.069260254
CR44523,0.132696544,0.081202514,0.075540634,0,0.085481031,0
CR44525,0.045601845,0,0,0,0,0
CR44526,0,0,0,0,0.085481031,0
CR44529,0,0.158077041,0.075540634,0,0,0
CR44531,0.132696544,0,0.460785459,0.033774261,0.043373527,0.135347252
NnaD,3.647176523,4.263738885,3.386952842,4.561986507,4.550453544,4.315360637
CR44536,0,0,0,0,0.043373527,0
CR44537,0.089806327,0,0,0,0,0
CR44539,0,0,0.215700384,0,0,0.229126454
CR44541,0,0,0,0,0.166179293,0
CR44542,0,0.081202514,0,0,0,0
CR44544,0,0,0.075540634,0.099039483,0,0
CR44546,0,0,0,0,0.126394328,0
CR44547,0,0,0,0,0.043373527,0
CR44552,0.401779573,0.632309912,0.718149104,0.130597294,0.24260175,0.069260254
CR44553,1.019799334,1.308265359,0.147321929,0.387282298,0.085481031,0.102682134
CR44554,0,0.041172495,0,0,0,0
CR44558,0,0,0,0,0,0.288421873
CR44560,0.132696544,0,0,0,0,0
CR44561,0.045601845,0,0,0,0,0
CR44563,0.43642859,0.430174687,0.764538089,0,0,0.069260254
CR44564,0,0.19503084,0,0,0,0
CR44565,0,0,0,0.334057725,0.126394328,0
CR44566,0.089806327,0.041172495,0.147321929,0.306690511,0.24260175,0.317180035
CR44567,0.045601845,0.081202514,0,0.033774261,0.085481031,0
CR44568,0,0,0,0,0.279346616,0
CG44569,0.089806327,0.398839565,0.516062327,0,0,0.857142206
zyd,3.47453999,3.254014859,2.696682994,3.369126446,2.970235874,2.043638334
PDZ-GEF,3.733303283,3.839644625,4.244464876,4.068270955,3.709975323,4.217690626
CrebB,2.316751964,2.607662155,1.796086408,2.725468654,2.834846043,3.132612222
CR44575,0.089806327,0,0,0,0,0.198539073
CR44576,0.254209339,0.041172495,0,0,0,0
CR44580,0,0,0,0,0.043373527,0
CR44581,0,0,0,0,0.126394328,0
CR44586,0,0.041172495,0,0,0,0
CR44587,0,0,0,0.033774261,0,0.198539073
CR44588,0,0,0,0.033774261,0.043373527,0.035045714
CR44589,0.089806327,0.041172495,0.280984078,0.334057725,0.315178801,0.229126454
CR44592,0,0.19503084,0,0.066775902,0,0.035045714
CR44595,0.089806327,0.120151752,0,0,0,0.102682134
CR44596,0.214831388,0,0,0,0,0
CR44597,0,0.081202514,0,0.099039483,0.043373527,0
CR44598,0,0,0,0.306690511,0.24260175,0
CR44600,0,0.158077041,0,0,0,0
CR44601,0,0,0,0,0,0.16728912
CR44602,0,0,0,0,0.085481031,0.035045714
CR44603,0.254209339,0.120151752,0.403305984,1.079480821,1.190217021,0.288421873
CR44604,0,0,0,0.066775902,0.043373527,0
CR44605,0,0,0,0.066775902,0.204896494,0
CR44606,0,0,0.147321929,0,0.204896494,0.135347252
CR44608,0.329880465,0.158077041,0.147321929,0.306690511,0,0.259078775
CR44611,0.045601845,0,0,0,0,0
CR44612,1.129748022,0.879346663,0.809481815,0.75438697,1.090356876,0.691294921
CR44614,0,0,0.075540634,0,0,0
CR44615,0,0,0,0.066775902,0,0
CR44619,0.254209339,0.334050524,0.764538089,0.306690511,0.126394328,0.198539073
CG44623,0,0,0.147321929,0.033774261,0.043373527,0
CG44624,0,0,0,0,0,0.035045714
CG44625,0,0.081202514,0,0,0,0
CR44627,0,0,0.147321929,0,0,0
CR44628,2.326021468,2.964063227,2.732131067,4.814805282,4.3938005,4.65370612
CR44630,0,0,0,0,0.085481031,0
CR44631,0,0,0,0,0.417626289,0.069260254
CR44632,0,0.041172495,0,0.033774261,0,0.229126454
CR44636,0,0,0,0.033774261,0,0
CR44639,0,0,0,0,0.085481031,0.528678517
CR44640,0,0,0,0,0.043373527,0
CR44642,0.43642859,0.120151752,0.215700384,0.130597294,0.166179293,0
CR44643,0.254209339,0.081202514,0.215700384,0,0,0
CR44646,0,0,0.075540634,0,0,0
CR44651,0.045601845,0.520292387,0.147321929,0,0.126394328,0.198539073
CR44655,0,0.081202514,0.215700384,0,0.043373527,0
CR44657,0.567258051,0.460843657,0,0.813914366,0.35014255,0.288421873
CR44659,0,0,0,0,0,0.035045714
CR44660,0.875744677,1.090202596,1.471938095,1.013304027,1.62077859,0.135347252
CR44662,0.470264926,0.398839565,0.280984078,1.046771834,1.845695598,1.023432869
CR44663,0.824342362,1.638458511,1.195435982,0.413175903,0.166179293,0.069260254
CR44665,0,0,0,0.19171458,0,0
CR44666,0,0.120151752,0,0.250347622,0,0.035045714
CR44668,0,0,0,0.130597294,0,0
CR44670,0.089806327,0,0,0,0,0
CR44671,0,0,0,0.099039483,0,0
CR44676,0,0.081202514,0,0,0.166179293,0.102682134
CR44677,0,0.36680871,0.215700384,0,0,0.478639091
CR44678,0,0,0,0,0,0.035045714
CR44679,0.132696544,0.120151752,0.075540634,0.099039483,0,0
CR44681,0,0,0,0,0,0.069260254
CR44683,0.045601845,0,0,0,0,0
CR44686,0,0.041172495,0,0,0,0
CR44687,0,0,0,0,0,0.035045714
CR44690,2.432844665,2.448440547,2.003720007,2.415398548,2.699047714,3.14067947
CR44691,0,0,0.075540634,0,0,0
CR44692,0.045601845,0.041172495,0,0,0,0.102682134
CR44694,0,0,0,0,0.043373527,0
CR44695,0,0,0,0,0,0.035045714
CR44696,0,0,0,0.066775902,0.315178801,0
CR44701,0,0.081202514,0.147321929,0.221328946,0,0.102682134
CR44702,0.045601845,0.266214546,0.280984078,0.161479554,0,0
CR44703,0.174348395,0.081202514,0.075540634,0.066775902,0,0.069260254
CR44704,0,0.158077041,0.280984078,0.099039483,0.043373527,0.102682134
CR44706,0,0.120151752,0,0,0,0.069260254
CR44707,0.045601845,0.266214546,0,0,0,0
CR44708,0,0.158077041,0.215700384,0,0.166179293,0.16728912
CR44710,0.254209339,0.231061681,0.215700384,0,0.085481031,0
CR44712,0.132696544,0.041172495,0,0,0,0
CR44714,0.045601845,0.041172495,0,0.066775902,0.166179293,0.035045714
CR44715,0,0.041172495,0.215700384,0,0,0.035045714
CR44717,1.108418423,1.972296492,1.414910112,1.752179603,1.783103912,1.307636778
CR44718,0.687203533,0.685217387,1.499628432,0.512338969,1.170790315,0.478639091
coro,5.088007392,4.408430537,4.58541339,4.035303889,4.471277652,4.677468112
CR44724,0.658139045,0.231061681,0.147321929,0.733985886,0.74110543,1.218980474
CR44727,0.045601845,0,0,0,0,0.16728912
CR44728,0,0,0,0,0,0.16728912
CR44731,0,0,0,0.033774261,0.043373527,0
CR44732,0,0.081202514,0,0,0.085481031,0.229126454
CR44733,0,0,0,0.130597294,0,0
CR44735,0,0,0,0,0.043373527,0
CR44737,0.089806327,0,0,0,0,0
CR44738,1.086768738,1.090202596,1.773579932,1.188453103,1.547354071,1.321897267
CR44739,0,0,0.075540634,0.360915446,0,0.503875743
CR44740,0,0,0.075540634,0.099039483,0,0.035045714
CR44741,0,0,0.075540634,0,0,0
CR44743,0.045601845,0,0,0,0,0
CR44744,0.214831388,0.041172495,0.403305984,0.334057725,0.279346616,0.069260254
CR44745,0.045601845,0,0,0,0,0
rdgC,3.787991105,3.84255891,3.480246356,5.70627278,5.439400202,5.724742977
CR44748,0,0,0.343441058,0.033774261,0,0
CR44749,0.329880465,1.050424986,1.126066663,0.90797381,0.35014255,1.023432869
CR44750,0,0,0.075540634,0,0.35014255,0
CR44751,0,0,0.075540634,0,0,0
CR44753,4.034078348,3.714787901,3.716861553,1.44844109,1.283610278,1.249141988
CR44754,0.470264926,0.736253047,0.215700384,0,0,0.135347252
ttv,5.902850527,5.966203603,5.936880598,4.870771425,5.350463017,5.282316822
CR44755,0,0,0,0,0,0.035045714
CR44756,0.132696544,0,0,0.066775902,0,0
CR44757,0,0.041172495,0,0,0,0
CR44759,0,0.041172495,0,0.130597294,0,0
CR44760,0,0.120151752,0,0,0,0.102682134
CR44761,0.089806327,0,0,0.099039483,0.35014255,0
CR44763,0,0.041172495,0,0,0,0
CR44764,0,0,0,0,0,0.102682134
CR44765,0,0,0.075540634,0,0,0
CR44766,0.214831388,0.334050524,0.809481815,0.250347622,0.35014255,0.373031704
mv,4.998085447,4.93346266,4.99105011,5.473064161,5.186026931,5.557052407
Zasp52,1.899044333,1.325032758,1.773579932,2.634843349,3.4407125,1.263989531
CR44768,0,0,0,0,0,0.713098814
CR44769,0,0,0.215700384,0,0,0
CR44770,0.132696544,0,0.075540634,0,0.085481031,0
CR44771,0.132696544,0.334050524,0,0,0.35014255,0.102682134
CR44772,0,0,0,0.130597294,0.126394328,0
Doa,6.851563852,7.038977857,6.869101541,6.887419778,6.409272954,6.783027829
CR44773,0,0,0,0,0,0.035045714
CG44774,5.95157584,6.12124031,6.263963936,5.854197865,5.612280131,5.709231197
CR44775,1.086768738,0.924055416,1.126066663,0.306690511,0.687432158,0.951880893
CR44778,0.045601845,0,0,0,0,0
CR44779,0.401779573,0.71096088,0.670218812,1.063219023,2.356227934,1.321897267
CR44780,0,0,0,0,0,0.069260254
CR44782,0,0,0,0,0.279346616,0
CR44783,0,0,0,0,0,0.069260254
CR44784,0.535646052,0.761109441,0.718149104,0,0.35014255,0.069260254
rudhira,7.377827295,7.100530011,7.186431035,8.249390073,7.948528459,7.858082742
CR44785,0.132696544,0.120151752,0.147321929,0.099039483,0,0.102682134
CR44786,0.045601845,0,0,0.033774261,0,0
CR44788,0,0,0,0.033774261,0.043373527,0
CR44793,0.089806327,0,0.215700384,0,0.085481031,0.102682134
CR44794,0,0.300531207,0,0,0,0.035045714
CR44795,0,0.041172495,0.147321929,0.033774261,0,0
CR44801,0.045601845,0,0,0,0,0
CR44802,0,0,0,0,0.043373527,0.069260254
CR44804,0,0,0,0.161479554,0,0.16728912
CR44805,0,0,0,0,0.043373527,0
CR44806,0.254209339,0.081202514,0.280984078,1.700545187,1.43784607,0.951880893
CR44807,0,0,0.075540634,0.033774261,0,0
CR44808,0,0,0,0.033774261,0.043373527,0
CR44809,0,0,0,0.033774261,0.24260175,0.035045714
CR44810,0,0,0,0.2787941,0,0
CR44811,0.292540976,0.081202514,0,0.066775902,0.384278962,0.198539073
CG44812,0,0,0,0,0,0.035045714
CR44813,0.045601845,1.437245771,0.764538089,1.71102097,1.283610278,1.639083386
CR44814,0.401779573,0.430174687,0.215700384,0.2787941,0,0.345376129
CG44815,0.089806327,0,0,0,0.043373527,0
CR44816,0.850272436,1.050424986,0.764538089,0.794343545,0.450220187,1.172521885
CR44817,0.089806327,0.460843657,0.718149104,0.334057725,0.35014255,0.646672929
Patr-1,5.648638107,5.640854792,5.222609518,4.489296345,4.701937049,4.984718867
GlyS,5.87549099,5.855147847,5.287588233,7.82636562,7.745604344,7.899528627
CR44818,0,0,0.075540634,0,0,0
CR44819,0,0,0.075540634,0,0,0
CR44822,0.292540976,0.36680871,1.053192621,0.099039483,0.043373527,0.135347252
CR44825,0,0,0.215700384,0,0,0
CR44827,0,0,0,0,0.166179293,0.288421873
ocm,5.412347343,5.430347224,5.396543885,4.923521725,4.922693646,5.282316822
Fhos,2.64027977,2.463663595,3.894236513,3.623193589,3.407900622,3.532740095
CR44828,0.132696544,0.605110328,0,1.88763644,1.704223059,2.478611437
CR44829,0.045601845,0,0,0,0,0
CR44830,0.973361179,0.632309912,0,0.649368125,0.983067192,0.623833477
CR44831,0.089806327,0.081202514,0.147321929,0,0,0.069260254
CR44832,2.532300595,2.034786448,2.299882543,4.553279967,5.446485823,8.480987201
CR44834,0.214831388,0.398839565,0.403305984,0.2787941,0.204896494,0.16728912
rg,2.128271498,1.803093283,1.579646626,0.871082608,1.090356876,0.797161305
CG44836,1.467932039,0.36680871,0.343441058,0.033774261,0,0.035045714
CG44837,6.82484006,6.426689883,6.007293881,5.705618116,5.756090017,6.283834628
CG44838,6.515134665,6.808758924,6.499901411,6.614318162,7.014339986,6.982755626
CR44839,0.132696544,0.158077041,0,0.033774261,0,0.229126454
ana3,1.150766861,0.833207966,0,2.415398548,2.123427925,2.812369991
CR44841,1.108418423,1.778955809,1.526797288,1.331102989,1.485799341,1.172521885
CR44842,0,0.120151752,0.075540634,0,1.283610278,0
CR44843,1.289901972,1.090202596,0.670218812,1.046771834,0.867152957,1.417958665
ghi,6.3161177,6.469265268,6.644119714,7.700098419,7.560902712,7.65833597
lov,5.970909828,5.342493438,5.043726311,5.940192939,5.059700241,5.187180396
Gyc76C,0,0,0,0.033774261,0,0
Dop1R2,4.153435765,4.618536865,4.248550646,4.63118919,4.489033768,5.109159931
CR44844,0.045601845,0,0.075540634,0,0.043373527,0.229126454
CR44845,0.045601845,0.120151752,0,0.130597294,0.166179293,0.069260254
CR44846,0,0,0.147321929,0.033774261,0,0.102682134
CR44847,0,0,0.280984078,0,0.417626289,0
CR44849,0.089806327,0.081202514,0,0,0,0
CR44851,0.470264926,0.430174687,0.280984078,0.733985886,0.631684635,0.288421873
CR44852,0,0,0,0.033774261,0,0
CR44855,0.174348395,0.041172495,0.075540634,0.161479554,0,0
CR44864,0.567258051,0,0,0.033774261,0,0
CR44867,0,0.041172495,0,0,0.085481031,0
CR44868,0,0,0,0.066775902,0,0
CR44870,0,0.041172495,0,0,0,0
CR44873,0.045601845,0.120151752,0,0.19171458,0,0
CR44875,0,0,0.075540634,0,0,0
pre-mod(mdg4)-E,0.174348395,0,0.075540634,0,0.450220187,0
pre-mod(mdg4)-B,0.214831388,0.120151752,0.403305984,0.306690511,0.204896494,0
CR44885,0.174348395,0,0.147321929,0,0.085481031,0
CR44886,0,0,0.075540634,0.033774261,0,0
CR44888,0.045601845,0.041172495,0.075540634,0.099039483,0.417626289,0
CR44889,0.045601845,0,0.215700384,0.221328946,0,0.035045714
Vamp7,6.37703023,6.595128335,6.636344889,6.5015479,6.726555362,6.530563381
CR44892,2.159717845,2.1332735,2.168041848,2.148795255,2.615294494,1.321897267
CR44894,0.598192202,0.398839565,0.569299184,0.649368125,0.631684635,1.307636778
CR44895,0,0,0.343441058,0,0,0
CR44896,0.045601845,0,0,0,0,0
CR44897,0.045601845,0.158077041,0.147321929,0,0.085481031,0
CR44898,0,0,0,0,0,0.035045714
CR44899,0,0,0,0.250347622,0,0
CR44900,1.484583944,1.583774727,2.079071103,1.915079231,1.501435987,1.263989531
CR44901,0.254209339,0.266214546,0.343441058,0.066775902,0.24260175,0
CR44903,0,0,0,0,0,0.035045714
CR44906,0.045601845,0,0.075540634,0,0,0.069260254
CR44909,0.470264926,0.19503084,0.343441058,0.306690511,0.126394328,0.035045714
CR44911,0.045601845,0.19503084,0.569299184,0.360915446,0.126394328,0.797161305
CR44913,0.045601845,0,0.075540634,0,0,0
CR44914,1.327308948,1.678152691,2.079071103,1.331102989,1.301584745,1.850585242
CR44915,0.292540976,0.19503084,0.075540634,0.306690511,0.043373527,0.035045714
CR44917,0.089806327,0,0.147321929,0.413175903,0,0
CR44920,0,0,0.075540634,0,0,0
CR44922,4.121850676,4.208332669,4.20716272,5.866550196,5.995058017,6.146361523
CR44923,0,0,0,0.066775902,0.085481031,0.035045714
CR44924,0.470264926,0,0,0,0,0
CR44928,0.132696544,0,0,0.033774261,0,0
CR44930,0,0,0,0,0,0.035045714
CR44936,0,0.041172495,0.460785459,0.161479554,0,0
CR44937,0.045601845,0.490874211,0.620641262,0.306690511,0,0
CR44938,0.292540976,0.430174687,0.343441058,1.17338058,1.79584138,1.307636778
CR44940,0,0,0,0,0.043373527,0
CR44943,0.329880465,0.081202514,0.075540634,0.692297297,0.602981688,0.528678517
CR44944,0,0.158077041,0.215700384,0,0,0
CR44945,0,0.158077041,0,0,0,0.288421873
CR44946,0,0.120151752,0,0.033774261,0,0
CR44949,0,0,0,0.099039483,0,0
CR44950,0,0,0,0,0,0.198539073
CR44951,0.174348395,1.185097719,0,1.545288185,1.283610278,1.336018175
CR44953,0.254209339,0,0.764538089,0,1.131134066,0
CG44954,0,0,0,0,0.085481031,0
CR44955,0,0,0,0.250347622,0.085481031,0
CR44957,1.108418423,1.009519467,1.090089724,0.2787941,0.417626289,0.345376129
CR44958,0,0,0,0.099039483,0.043373527,0.400167095
CR44959,0.045601845,0.041172495,0.280984078,0.099039483,0.043373527,0
FeCH,6.451444936,6.521572027,6.651081411,5.597554909,5.728950245,5.997730461
CR44960,0.687203533,0.80957322,1.630628187,1.88763644,1.151098443,1.074860222
CR44961,0.715694033,0.605110328,0.895375166,1.878371602,0.315178801,1.307636778
CR44962,0.045601845,0,0.215700384,0,0.204896494,0.069260254
CR44964,0.045601845,0.081202514,0.147321929,0,0,0
CR44965,0.045601845,0,0,0.033774261,0.043373527,0
CR44966,0.174348395,0.300531207,0.718149104,0.066775902,0,0.069260254
jnj,4.251558024,3.367624332,3.487178982,3.031584628,3.452827079,3.686682738
Ns3,6.079715834,5.644199121,5.841372532,5.60740165,5.325424381,5.694921117
CR44968,0.132696544,0.398839565,0.460785459,0.387282298,0.126394328,0.069260254
CR44969,0.089806327,0.081202514,0.147321929,0,0,0
CR44970,0,0.041172495,0.075540634,0,0,0.069260254
CR44971,0,0,0,0.221328946,0,0.16728912
CR44972,0.045601845,0,0.075540634,0.033774261,0,0.198539073
CR44974,0.089806327,0.120151752,0.280984078,0.649368125,0.085481031,0.135347252
CR44975,0.045601845,0.158077041,0.147321929,0.033774261,0.043373527,0.035045714
CR44976,0.132696544,0.36680871,0.280984078,0.413175903,0,0.035045714
CR44977,2.288580658,2.448440547,2.315546691,0.099039483,0.960617448,1.249141988
CR44978,7.322169838,7.521221342,7.587342897,6.105645159,6.097638903,6.399708668
CR44979,0.089806327,0.158077041,0,0,0.279346616,0.069260254
CR44981,0.292540976,0.967420201,0.516062327,0.512338969,0,0.734578078
CR44983,0,0.120151752,0,0,0,0
CR44984,0.174348395,0.19503084,0.215700384,0.306690511,0.085481031,0
CR44985,0,0.081202514,0.075540634,0,0.126394328,0
CR44987,4.234430635,4.452971104,4.432190359,4.396614694,4.418719402,4.936877808
CR44989,0.797937693,1.009519467,1.228908645,0.2787941,0,0
CR44990,0,0,0,0,0.043373527,0.102682134
CR44991,0.132696544,0.19503084,0.147321929,0.306690511,0.166179293,0.198539073
CR44992,0,0,0,0.130597294,0,1.108154106
CR44993,0.089806327,0.300531207,0.280984078,0.066775902,0.043373527,0.102682134
CR44994,0,0,0,0.130597294,0,0.577040364
CR44996,0,0.19503084,0,0,0.659827649,0.035045714
CngB,5.13622943,4.638796386,4.539464079,5.417379498,5.744638468,5.808148881
nAChRalpha4,5.199377746,5.570530026,5.24118252,6.112575928,5.657471473,5.816356192
CR44997,2.76138265,3.05229955,3.036201456,2.891243961,2.07199486,2.338348121
CR44998,0.089806327,0.081202514,0,0.670992382,1.404968185,0.623833477
CR44999,0.174348395,0.300531207,0.075540634,0.250347622,0,0
CR45000,0.045601845,0.158077041,0.280984078,0.221328946,0.126394328,0.102682134
CG45002,6.061101396,5.349681039,5.589280411,8.335166045,8.324552153,8.125044638
CR45004,0,1.256761209,0.147321929,0.099039483,0.043373527,0.035045714
CR45005,0,0,0.075540634,0,0,0
CR45006,0.174348395,0,0,0,0,0
CR45007,4.244242598,4.080857975,4.014279271,4.508941235,4.527726446,4.525567928
CR45009,5.124324185,5.359887318,5.313172,4.705105807,4.457314652,4.559061422
CR45013,0,0,0.075540634,0,0,0.035045714
Mtp,5.571822336,5.355813467,5.33447099,3.29446735,4.253102219,2.951860972
CR45016,0.214831388,0.300531207,0.075540634,0.334057725,0,0.288421873
IP3K2,4.363824886,4.278878783,4.384717307,4.849593313,4.218041906,4.522484152
CR45018,0.771040734,1.090202596,0.853067622,0.605122262,0.513278718,0.914728587
Pde8,5.722447531,5.526809801,5.581203518,7.116714089,7.312935757,7.255867541
CR45020,0.045601845,0.041172495,0,0.099039483,0.126394328,0.345376129
CR45024,0.214831388,0,0,0,0.085481031,0
CR45025,0,0,0,0,0.085481031,0
CR45026,0,0.430174687,0.215700384,0.889646124,0.513278718,0.857142206
CR45028,0.875744677,1.030117199,0.936477292,0.334057725,0.482093952,0.623833477
CR45029,0.045601845,0.19503084,0.147321929,0.161479554,0.166179293,0.317180035
CR45030,0.996767095,1.203350074,1.385527878,0.221328946,0.960617448,0.669156436
CR45032,0,0,0.718149104,0.387282298,0,0
CR45035,0.045601845,0.081202514,0.215700384,0.066775902,0.166179293,0
CR45036,1.086768738,1.555635393,0.620641262,1.127194515,1.190217021,1.592790272
CR45041,0.329880465,0.490874211,0.403305984,0.360915446,0.35014255,0
CR45043,0,0.081202514,0.403305984,0.161479554,0,0
CR45044,0.43642859,0.659006168,0.809481815,1.158148923,1.228302843,0.951880893
CR45047,0.045601845,0,0,0,0,0
CR45048,0,0.041172495,0.075540634,0.066775902,0.204896494,0.345376129
CG45049,9.619774071,9.738782999,9.692140072,8.64668225,8.44543122,8.829307564
CG45050,7.046757202,7.003286795,6.851748433,7.145480124,7.196783724,7.311418112
sima,6.4844176,6.389311542,6.748784383,6.494364124,6.545138239,6.661084716
CR45053,1.251499213,1.993428657,1.499628432,1.782295868,1.770252983,2.094362876
CR45054,0.045601845,0.081202514,0.403305984,4.350456002,4.325165874,4.123140112
CR45055,0,0,0,0,0.043373527,0
CR45056,0.658139045,0.833207966,1.015327048,0.889646124,0.867152957,1.172521885
CG45057,5.008198113,5.300719965,5.094546739,6.164951313,6.207180371,5.844410905
wake,4.436233762,5.167611612,4.676178336,5.897836048,5.572120654,5.8670763
CR45059,0,0.041172495,0,0,0.085481031,0.035045714
Ote,3.32074792,3.140193948,3.437936094,3.287484602,2.629595384,3.621884553
RPA3,4.663466987,4.475675012,4.417748942,3.931626367,4.092030136,4.106761218
AstA-R1,3.976378941,4.241831074,4.552742463,5.502007111,5.682550954,5.431156247
CG45061,0.254209339,0.081202514,0.280984078,0.713292167,0,0
CG45062,0.401779573,1.070450879,2.346373815,0,0,0.528678517
CG45063,0,0.041172495,0,0,0,0
CG45066,0.401779573,1.090202596,0,0,0,0
CG45067,0,0.833207966,0.670218812,0,0,0
CG45071,6.092672385,5.869506407,6.080172604,6.139970768,6.216092289,6.001611406
CG45072,0.045601845,0.398839565,0.403305984,0,0,0
CG45076,0.292540976,0.19503084,0.280984078,0.033774261,0.043373527,0.035045714
CG45078,0.174348395,0.081202514,0,0,0,0
Kr-h2,6.84472764,7.339497994,7.12885902,6.250473694,6.373076008,6.447235722
Kr-h1,0,0.19503084,0.764538089,5.194749537,5.266016517,5.234119574
CTPsyn,6.39860766,6.425232636,6.486125295,6.942079027,7.003056224,6.818033532
CG45079,0,0,0,0.033774261,0,0
CG45080,0.045601845,0,0,0.360915446,0.602981688,1.321897267
CG45081,0.470264926,0.549122661,0.460785459,0.19171458,0.513278718,0.035045714
CR45082,0,0,0.147321929,0,0,0
Nsf2,5.106952402,4.520038263,4.94898624,4.132027683,4.355596058,4.211959331
GckIII,6.999383032,6.643137032,6.860451078,6.762052042,7.220301926,6.942367398
Dpit47,5.057724726,5.313379499,5.338309976,4.92464732,4.730414489,4.832425452
stai,9.093353147,9.142620755,8.938269577,7.662641953,7.697626647,7.783886343
CG45095,0,0,0.147321929,0,0,0
CR45102,1.251499213,1.308265359,1.228908645,1.44844109,1.917388382,2.043638334
kis,9.911531227,9.780790951,9.691296067,9.984844217,9.966847207,9.685343745
CR45103,0,0,0,0,0.166179293,0
CR45104,0,0,0.215700384,0.099039483,0.24260175,0
CG45105,0,0.761109441,0,0,0,0.102682134
yar,0.045601845,0,0,0.033774261,0,0
CG42259,0.687203533,0.577388071,0.620641262,1.384434689,0.867152957,1.569074485
CG2982,5.338698245,5.01967535,5.303385706,4.029037811,4.500750921,4.129234573
ebo,6.518676092,6.93016909,7.170368816,5.483795025,5.497085273,5.497834305
CR45108,0.503325831,0.041172495,0,0.794343545,0,0
tau,7.981687395,7.749139516,7.800627424,8.507790103,8.480248471,8.509107222
Gp210,4.343429554,4.129393807,3.830249039,2.900426764,2.90706669,2.151371889
pit,6.148599364,6.249740939,5.961980252,5.783992177,5.279683199,5.473289575
ND-30,7.614666448,7.70878339,7.734433921,8.400941465,8.383227358,8.501002813
CR45111,0.132696544,0,0.718149104,0,0,0
CR45112,0,0,0,0.066775902,0.043373527,0.069260254
CR45115,0,0,0,0.033774261,0,0
CR45117,0.174348395,0.158077041,0.343441058,0.033774261,0.35014255,0.035045714
CR45118,0.089806327,0.041172495,0,0.099039483,0,0.035045714
CR45120,2.587300166,2.551775373,2.672557627,2.363220015,2.699047714,2.159335204
CR45121,0,0,0,1.218133808,1.319338022,0.503875743
Kmn2,3.01167521,2.93704999,2.997881279,2.980543238,3.0144998,2.871734667
Hsc70-4,11.81553409,11.65459805,11.69567933,10.44112792,10.59442908,10.66873194
CR45123,0,0.041172495,0,0,0,0
CR45124,0.743632778,0.71096088,0.569299184,0.512338969,0.417626289,0.646672929
CR45125,0.045601845,0,0,0.161479554,0.085481031,0
CR45126,2.190493354,2.361715268,2.185196033,1.591378059,2.007752473,2.452924959
CR45127,0.045601845,0,0.147321929,0.066775902,0,0
CR45128,0.401779573,0.334050524,0.147321929,0.438612949,0.279346616,1.057920648
CR45129,0.949569261,0.36680871,0.403305984,0.360915446,0.085481031,0.16728912
CR45130,0.214831388,0,0.075540634,0.033774261,0.126394328,1.091603205
CR45131,1.755490258,1.555635393,2.491340747,2.194305663,2.230513023,1.263989531
CR45132,0.503325831,0.549122661,0.764538089,0.559476377,0.659827649,0.345376129
CR45133,0.401779573,0.605110328,0.215700384,0.670992382,0.687432158,0.426801509
CR45134,0.973361179,0.901874222,1.015327048,0.961599966,1.388243933,0.600626626
CR45135,0.089806327,0,0,0,0.085481031,0.135347252
CR45136,0.089806327,0,0.147321929,0.692297297,0,0.426801509
CR45137,1.501045839,1.555635393,1.126066663,0.488179846,1.209385607,0.797161305
CR45140,0.743632778,0.266214546,0.569299184,1.17338058,0.714518384,0.970104318
CR45141,0.628476965,0.761109441,0.809481815,1.063219023,1.005172941,0.553062079
CR45142,1.899044333,1.665042273,2.545480663,0.90797381,1.336875487,2.069223525
CR45143,0.045601845,0,0,0,0,0
CR45145,1.899044333,1.390218998,1.526797288,2.725468654,2.133498108,2.792026232
CR45146,0.089806327,0.081202514,0,0.161479554,0.35014255,0.229126454
CR45149,0.214831388,0.334050524,0.670218812,0.306690511,0.166179293,0.45295311
CR45151,0,0,0,0.066775902,0,0
CR45152,0,0.041172495,0,0,0,0
CR45155,0.132696544,0.19503084,0,0,0.043373527,0.317180035
CR45156,0.401779573,0.659006168,0.620641262,0.250347622,0.543803643,0.895787384
CR45159,0.366277874,0.549122661,0.343441058,0.306690511,0.35014255,0.198539073
CR45160,0.503325831,0.36680871,0.343441058,0.130597294,0,0.646672929
CR45161,1.019799334,0.36680871,0.718149104,2.133300397,1.62077859,1.391158966
CR45162,0.214831388,1.341607518,0.403305984,0.306690511,0.166179293,0.478639091
CR45163,0,0,0,0.066775902,0.043373527,0.102682134
CR45164,0.687203533,0.549122661,0.516062327,1.721421233,0.792853288,1.363851994
Sem1,6.423110178,6.577306555,6.732831642,5.295639499,5.047769017,5.140675101
Exo70,4.840455968,5.109518652,5.132626446,4.737491831,5.176318025,4.993654287
Exo84,3.095368932,3.480440136,3.271230109,2.834884778,2.73916888,2.88139556
Sec3,4.967315051,4.613427217,4.539464079,4.866091971,5.11665112,4.352302151
Sec5,6.785483551,6.343243318,6.123086146,6.717286137,6.616879376,6.47342208
Sec6,4.862919825,5.187231897,4.976343677,4.705105807,4.919787225,4.056478382
Sec8,6.475073484,6.112815939,5.985427132,6.038607,6.601998031,6.783671937
Sec10,7.077268532,7.224397712,7.267691674,6.787022411,6.721139935,6.695034754
Sec15,5.270719108,5.141818002,5.114831719,4.249869101,4.728754816,4.259038524
CR45165,0,0,0,0,0,0.069260254
CR45166,0,0.041172495,0,0,0,0.035045714
CR45167,0.174348395,0.80957322,0.976440789,1.67936262,1.893884428,1.363851994
CR45168,0,0,0,0.099039483,0,0
CR45169,0,0,0.280984078,0.099039483,0.384278962,0
CR45170,1.517322013,1.611375695,1.385527878,0.979041354,1.591855642,1.04077981
CR45171,0.366277874,0.334050524,0.280984078,0.033774261,0,0
CR45174,0,0,0,0.033774261,0,0
CR45175,0.174348395,0.081202514,0,0.413175903,0.417626289,0.426801509
CR45176,0,0.120151752,0,0,0,0.135347252
CR45179,0.174348395,0.460843657,0.215700384,0.627414808,0.085481031,0.16728912
CR45180,1.363770477,1.291300791,1.553463943,0.360915446,0.35014255,0.035045714
CR45181,0.329880465,0.36680871,0.147321929,0,0,0.198539073
CR45182,0.132696544,0,0.215700384,0.099039483,0.126394328,0.069260254
CR45183,0.089806327,0.19503084,0.075540634,0.19171458,0.043373527,0
CR45184,0,0,0,0.033774261,0,0
CG45186,9.746751197,9.626652557,9.730896425,9.024796005,9.139201645,9.080744404
CR45187,0.824342362,1.166611482,0.764538089,0.387282298,0.867152957,0.623833477
CR45188,0.366277874,0.334050524,0.215700384,0.033774261,0,0
CR45189,0,0.081202514,0,0,0,0
CR45190,0.401779573,0.120151752,0,0.649368125,0.126394328,0.600626626
CR45193,0,0,0,0,0,0.102682134
CR45195,0.503325831,0.71096088,0.764538089,0.926071582,0.631684635,1.188174903
CR45196,0.132696544,0,0,0,0.204896494,0
Cep89,0,0,0.280984078,0,0,0
Zmynd10,0.366277874,0.041172495,0,0.19171458,0.043373527,0
hog,0.174348395,0,0.075540634,0,0,0
EloC,8.720035105,8.975874752,8.958053045,8.053520379,8.041038776,8.139835587
Bruce,7.231049757,7.337949911,7.462750296,6.913166435,7.212010152,7.154435111
Unc-13-4B,1.596057418,0.924055416,1.443705866,2.093819148,1.421500783,1.377570087
Snap24,4.976173764,4.853373742,4.787074234,4.399855914,4.379063196,4.763571061
gammaSnap2,5.749396064,6.439739289,6.081318417,6.753842721,6.698000884,6.597665923
Trs33,4.652455947,4.637118917,4.946473283,3.709315222,3.759584109,3.906054069
Trs31,5.960531425,6.18060089,6.134170191,5.509528146,5.589599554,5.500971166
Trs20,4.366073338,4.678481397,4.844888579,4.953608729,4.925594222,5.246320677
CR45198,0.089806327,0.081202514,0,0.2787941,0,0.102682134
CR45199,0.045601845,0,0,0,0.085481031,0
CR45200,0.254209339,0.041172495,0.403305984,0,0,0.135347252
CR45203,0.132696544,0.081202514,0,0.161479554,0,0
CR45207,0,0,0,0,0.043373527,0
CR45208,0.687203533,1.239176293,1.579646626,1.09556136,0.417626289,0.755742239
CR45209,1.191907582,0.833207966,1.053192621,0.582479838,0.24260175,0.135347252
CR45210,0.174348395,0.120151752,0.215700384,0.066775902,0.166179293,0.16728912
CR45211,0.132696544,0.158077041,0.147321929,0.130597294,0.279346616,0.345376129
CR45213,0.132696544,0,0,0.033774261,0,0
CR45214,0,0,0,0,0.384278962,0.035045714
CR45215,0,0,0,0,0.417626289,0
CR45217,1.363770477,1.185097719,0.718149104,1.460908527,0.513278718,0.734578078
CG45218,1.04246964,0.988623391,1.355534777,1.625004195,1.43784607,1.800545063
CR45220,0,0.041172495,0,0,0,0
CR45221,0.045601845,0.041172495,0,0.066775902,0.043373527,0
CR45223,3.903948279,4.743849163,3.93029255,1.657864397,2.511010623,2.629552419
CR45224,0.503325831,1.030117199,0.764538089,0.774503582,0.126394328,0.797161305
CR45225,0.132696544,0.266214546,0.075540634,0,0,0
CR45226,1.108418423,1.704021429,2.060599064,0.813914366,1.090356876,0.373031704
btsz,4.635780192,4.539924289,4.107207901,5.718655286,6.067097859,5.465282003
mfr,0.045601845,0.041172495,0,0,0.450220187,0
Esyt2,0.43642859,1.918070837,0.280984078,2.766222905,2.47186085,2.571057113
CR45231,0.470264926,0.081202514,0.075540634,0,0,0.035045714
CR45233,0.925378394,0.988623391,0.670218812,0.221328946,0.126394328,0.102682134
CR45234,0,0,0,0,0.043373527,0
CR45236,0,0,0,0.033774261,0,0
CR45237,0.045601845,0,0.147321929,0.130597294,0.043373527,0
CR45238,0,0.041172495,0,0,0,0
CR45239,0.045601845,0,0.075540634,0,0,0.135347252
CR45240,0,0,0.075540634,0,0,0.528678517
CR45241,0.089806327,0.300531207,0.147321929,0,0,0
CR45242,0.292540976,0.231061681,0.460785459,0.250347622,0.166179293,0.259078775
CR45245,0.089806327,0,0,0.033774261,0,0
CR45248,0,0.19503084,0,0,0,0
CR45249,0,0.36680871,0,0,0,0
CR45251,0,0,0,0,0,0.069260254
CR45256,0,0,0,0,0,0.317180035
CR45257,0.089806327,0.041172495,0,0,0,0
CR45259,0,0,0,0,0.126394328,0
CR45260,0,0,0,0.161479554,0,0.135347252
CR45262,0,0.19503084,0,0,0.74110543,0
CG45263,7.402134547,7.526894066,7.655087455,7.667860748,7.502366194,7.569431017
CR45264,2.406871204,2.225464736,2.732131067,1.013304027,1.228302843,1.870125237
CR45267,0.366277874,0.430174687,0,0.066775902,0.085481031,0.102682134
CR45268,0,0,0,0.19171458,0,0
CR45269,0,0,0,0,0,0.317180035
CR45270,0.089806327,0.334050524,0.280984078,0,0,0
CR45271,0.628476965,0.430174687,0.516062327,0.774503582,0.687432158,0.691294921
CR45272,0,0,0,0.033774261,0,0
CR45274,0.045601845,0,0.215700384,0,0.085481031,0
CR45275,0.824342362,0.632309912,0.936477292,1.358015262,1.421500783,0.951880893
CR45276,0,0,0,0,0.602981688,0
CR45277,0.045601845,0.334050524,0,0,0,0
CR45279,0.401779573,0.19503084,0,0.90797381,0.573696073,0.600626626
CR45280,0.089806327,0.460843657,0.147321929,0,0.043373527,0
CR45281,0.996767095,1.406065524,1.471938095,2.216533582,3.003560486,1.508021199
CR45282,0,0,0,0.250347622,0,0
CR45283,0.045601845,0.19503084,0,1.460908527,0,0.035045714
CR45284,0.43642859,0.231061681,0.403305984,0.066775902,0.482093952,0.970104318
CR45290,0.875744677,0.577388071,0.280984078,0.19171458,0.543803643,0.288421873
CR45291,0.089806327,0,0,0,0,0
CR45292,0.045601845,0,0,0,0,0
CR45294,0,0.081202514,0,0,0,0
CR45295,0,0,0,0,0,0.317180035
CR45296,0,0.266214546,0,0,0,0.035045714
CR45298,0.089806327,0.081202514,0.280984078,0,0,0.135347252
CR45303,0.254209339,0.081202514,0.403305984,0,0.279346616,0
CR45306,0,0,0,0,0.126394328,0.069260254
CR45308,0,0,0.215700384,0,0.204896494,0.400167095
wap,7.76791855,7.512098331,7.62397359,5.370239502,5.476464677,5.479663785
CR45310,0.132696544,0,0,1.721421233,0.315178801,0
CR45311,0.045601845,0.081202514,0,0,0,0
CR45312,6.436544994,6.691621147,6.711529845,5.019357934,5.277414391,5.187180396
CR45314,0,0,0,0.033774261,0,0.035045714
CR45315,0.366277874,0,0.718149104,0,0,0
CR45316,0,0.158077041,0,0,0,0
CR45319,0.567258051,0.041172495,0.147321929,0,0,0
CR45320,0,0,0,0.221328946,0.166179293,0
CR45321,0,0,0,0.2787941,0,0.135347252
CR45324,0.503325831,0.231061681,0,0.306690511,0.166179293,0.102682134
CR45325,0,0,0,0,0.043373527,0
CR45326,0.43642859,0.334050524,0.215700384,0.033774261,0.166179293,0.135347252
CR45327,0.045601845,0,0,0,0.126394328,0.035045714
CR45329,0.132696544,0.334050524,0,0,0,0.646672929
CR45330,0,0,0,0.033774261,0,0
CR45331,0.045601845,0,0.147321929,0,0,0
CR45332,1.580650349,1.884529365,1.630628187,1.261540434,1.985686517,1.520440304
CR45333,3.184699345,3.191384682,3.341771428,2.730626341,2.381798538,2.484962228
CR45334,0.132696544,0,0,0,0.714518384,0
CR45335,0,0.158077041,0.215700384,0,0,0
CR45337,0.089806327,0,0,0,0,0
CR45338,0.292540976,0,0.075540634,0,0,0
CR45339,0,0,0.075540634,0,0,0.102682134
CR45340,0,0,0,0,0.085481031,0.069260254
CR45341,0,0,0,0,0,0.035045714
CR45343,0,0,0.147321929,0.033774261,0.166179293,0
CR45346,0,0,0,0,0,0.198539073
CR45347,3.515628873,3.84546732,3.841112651,3.468173052,3.31804124,3.045065475
CR45350,2.994337654,3.236396231,3.34940061,3.661505874,3.174238936,3.501757718
CR45351,0,0,0.075540634,0.066775902,0,0
CR45357,0,0.081202514,0,0,0,0
CR45358,0.628476965,0.520292387,0.075540634,0.670992382,0.126394328,0.669156436
CR45359,0,0.460843657,0,0,0,0
CR45361,0,0.158077041,0,0,0.126394328,0
CR45363,0,0.398839565,0,0,0,0
CR45364,0,0,0.075540634,0.161479554,0,0.229126454
CR45366,0.470264926,0.761109441,0.809481815,0.413175903,0.384278962,0.577040364
CR45367,0.045601845,0,0.075540634,0.033774261,0.35014255,0.691294921
CR45370,0,0,0,0,0.126394328,0
CR45371,0.214831388,0.081202514,0.075540634,0,0.126394328,0
CR45372,0.771040734,0.659006168,0.670218812,0,0,0.102682134
CR45375,0.045601845,0.041172495,0.075540634,0.066775902,0,0.102682134
Cenp-C,1.727782409,1.512369747,1.414910112,3.332279793,2.725918746,2.198505493
CG16941,5.884929969,5.463854302,5.33447099,4.321693111,4.665964784,4.727871013
CG32486,6.725016513,6.618695008,6.575845754,7.909160497,7.897550715,7.968285131
CR45376,0.214831388,0,0,0,0,0
CR45378,0,0,0,0,0.085481031,0
CR45379,0,0.158077041,0,0,0,0.229126454
CR45381,0.329880465,0.041172495,0.280984078,0.033774261,0,0.198539073
CR45382,0.366277874,0.71096088,0.215700384,0.2787941,0.450220187,0
CR45384,0.996767095,0.605110328,0.569299184,0.582479838,0.126394328,0.373031704
CR45385,0.214831388,0.041172495,0.075540634,0,0.043373527,0
CR45386,0,0,0,0.130597294,0.043373527,0
CR45387,0.329880465,0.081202514,0.147321929,0.2787941,0.315178801,0.069260254
CR45388,1.108418423,1.482787903,1.195435982,0.713292167,1.301584745,1.616122503
CR45389,0,0,0,0,0,0.035045714
CR45391,0.292540976,0.231061681,0.215700384,0,0,0
CR45392,0.366277874,0.659006168,0.620641262,0,0,0
CR45393,0.089806327,0.041172495,0,0,0,0
CR45394,0,0,0,0.066775902,0,0
CR45396,0,0.120151752,0.147321929,0.19171458,0,0.503875743
CR45397,0.089806327,0.041172495,0.280984078,0.099039483,0.166179293,0.288421873
CR45398,0,0.300531207,0,0,0.166179293,0
CR45399,0.045601845,0,0,0,0,0
CR45400,0,0,0,0,0,0.035045714
CR45401,0,0.120151752,0.215700384,0,0.085481031,0
CR45402,0,0,0.075540634,0,0,0
CR45404,0,0,0,0,0,0.035045714
CR45406,0.214831388,0.041172495,0.280984078,0.099039483,0.204896494,0
CR45409,2.941038672,3.006259146,2.766729001,3.563747196,3.104279921,3.444255434
CR45410,0,0,0.075540634,0,0,0
CR45411,0,0,0,0,0,0.035045714
CR45412,0,0.266214546,0,0,0,0
CR45414,1.835557205,1.390218998,2.315546691,1.533531916,0.573696073,1.140696948
CR45415,0,0,0,0.161479554,0.126394328,0
CR45416,0.045601845,0,0.215700384,0,0.126394328,0
CR45417,0,0.231061681,0,0,0,0
CR45418,0,0.300531207,0.147321929,1.636040967,0.867152957,1.005874807
CR45421,0.132696544,0.334050524,0.075540634,0.033774261,0,0
CR45422,0,0,0.147321929,0,0,0
CR45423,0,0.19503084,0.147321929,0,0,0
CR45424,0,0.081202514,0.075540634,0,0,0.755742239
CR45425,0,0.430174687,0.147321929,0,0,0
CG45428,0,0.266214546,0.215700384,0,0.126394328,0.035045714
CR45429,0,0.041172495,0,0.066775902,0,0
CR45430,0,0,0,0,0.166179293,0
CR45431,0.743632778,0.988623391,0.403305984,0.19171458,1.005172941,1.20365991
CR45432,0.045601845,0.120151752,0.343441058,0.512338969,0.513278718,0.259078775
CR45434,0.045601845,0,0,0,0,0
CR45435,0,0,0,0.066775902,0,0
CR45436,0,0,0,0,0,0.069260254
CR45438,0,0,0.147321929,0,0,0.035045714
CR45439,0,0,0,0,0,0.069260254
CR45440,0,0,0,0,0,0.069260254
CR45441,0,0.081202514,0,0,0.126394328,0
CR45444,1.150766861,1.452586776,1.443705866,0.713292167,0.543803643,0.288421873
CR45445,0.401779573,0.36680871,0.569299184,0,0.573696073,0
Ten-a,8.634371191,8.797104612,8.587423016,8.222184042,8.322903007,8.280757578
unc-104,11.72612027,11.91526074,11.89283674,12.77767153,12.80985902,12.6616592
CR45448,0,0.041172495,0,0,0,0
CR45449,0,0,0.075540634,0,0,0
CR45450,0,0,0.075540634,0.2787941,0,0
CR45454,0,0.300531207,0,0,0.166179293,0.426801509
CR45455,0.045601845,0,0,0,0,0
CR45456,0.214831388,0.041172495,0,0.033774261,0.043373527,0.102682134
CR45457,0.292540976,0.041172495,0.215700384,0,0.417626289,0
CR45458,0,0,0,0.130597294,0.043373527,0
CR45459,0,0,0,0.099039483,0,0
CR45461,0,0,0,0,0.043373527,0
CR45463,0,0.231061681,0,0.033774261,0,0.135347252
CR45464,0.797937693,0.081202514,0,0,0,0.577040364
CR45465,0,0,0,0.306690511,0,0
CR45466,0,0,0,0,0.126394328,0
CR45467,1.727782409,1.512369747,0.895375166,0.926071582,1.421500783,1.091603205
CR45468,0.132696544,0.231061681,0.516062327,0.46360926,0.166179293,0.135347252
CR45469,2.66970262,3.101789275,3.036201456,3.557955765,3.144670905,3.557055681
CR45470,0.045601845,0,0.075540634,0,0,0
CR45471,1.741702851,1.221374389,1.471938095,0.221328946,0,0
CR45472,0.628476965,0.266214546,1.195435982,0.559476377,0.867152957,0
CR45473,0.292540976,0.430174687,0.569299184,0.306690511,0.043373527,0.876594188
CR45474,0.329880465,0.120151752,0.460785459,0,0.659827649,0.069260254
CR45475,0.089806327,0.120151752,0.147321929,0.033774261,0.043373527,0
mamo,9.373823156,9.593518305,9.347977306,8.206420773,8.429555306,8.291779967
CR45478,0,0,0,0,0.043373527,0
CR45479,2.916703125,2.892748347,2.635595844,3.266331255,3.523452951,2.862008643
CR45480,1.416791103,1.950850182,1.228908645,1.657864397,1.857894544,1.495494259
CR45481,0.401779573,0.120151752,0.764538089,0.387282298,0,0.102682134
CR45482,0.045601845,0.334050524,0.280984078,0,0.279346616,0
CR45483,0.089806327,0,0,0,0,0
CR45484,0.045601845,0.158077041,0.280984078,0.360915446,0.24260175,1.005874807
CR45485,0.292540976,0.120151752,0.215700384,0.670992382,0.279346616,0.478639091
CG45490,0,0.041172495,0,0,0,0
CR45499,0.045601845,0,0.147321929,0,0,0
CR45500,0.132696544,0,0.075540634,0,0,0
CR45501,0.045601845,0.158077041,0,0.438612949,1.048393528,0.797161305
CR45502,0,0.041172495,0.670218812,0,0,0
CR45506,0,0,0.343441058,0,1.069527769,0
CR45508,0,0.158077041,0,0,0,0
CR45512,0,0,0,0.033774261,0,0.035045714
CR45513,0,0.081202514,0,0,0,0
CR45517,0.254209339,0.041172495,0.280984078,0,0,1.091603205
CR45519,0,0.120151752,0.343441058,0,0.126394328,0
CR45520,3.334591723,3.705213359,2.886929673,1.636040967,1.820983826,1.495494259
CR45521,0.567258051,0.879346663,0.853067622,0.130597294,0.937812835,0.16728912
CR45522,0.089806327,0.460843657,0,0,0.204896494,0.317180035
CR45523,0.254209339,0.231061681,0.075540634,0,0,0.317180035
CR45524,0.470264926,0.430174687,0.403305984,0.033774261,0,0.069260254
CR45526,0.045601845,0.081202514,0.075540634,0,0,0
CR45527,0.292540976,0.398839565,0.569299184,1.331102989,1.663104036,1.20365991
CR45528,1.019799334,0.71096088,0.936477292,1.303679131,0.960617448,0.577040364
CR45530,0.366277874,0.158077041,0.460785459,0.713292167,0.602981688,0.837424361
CR45531,0.628476965,1.109687544,1.053192621,0.099039483,0.792853288,0.553062079
CR45533,0.535646052,0.736253047,0.516062327,0.961599966,0.842809102,1.218980474
CR45535,0.43642859,0,0,0.488179846,0,0
CR45537,0,0,0,0,0,0.035045714
CR45539,0,0.120151752,0.075540634,0.2787941,0.417626289,0.426801509
CR45540,0.214831388,0.685217387,0.075540634,0.161479554,0,0
CR45541,0,0,0,0.033774261,0,0.069260254
CR45542,0,0,0,0,0.35014255,0
CR45543,0.045601845,0,0,0,0,0
CG45546,0,0.120151752,0,0,0,0
CR45549,0.132696544,0.041172495,0,0.066775902,0.631684635,0.478639091
CR45551,0,0.158077041,0.075540634,0,0.166179293,0.035045714
CR45552,0.045601845,0.967420201,0.215700384,0.099039483,0.384278962,0
CR45553,0,0,0.215700384,0,0,0.102682134
CR45555,0,0,0.075540634,0,0,0
CR45556,0,0.081202514,0,0,0.043373527,0.317180035
CR45557,0.292540976,0.158077041,0,0.559476377,1.606389595,2.540895325
CR45558,0,0,0,0,0.043373527,0
CR45559,0,0,0,0,0,0.035045714
CR45562,0,0,0,0.066775902,0.043373527,0
CR45563,0,0.158077041,0,0.306690511,0,0
CR45564,0,0,0,0,0.043373527,0
CR45565,0,0,0,0,0.043373527,0
CR45566,0.045601845,0.041172495,0,0.130597294,0,0
CR45567,0,0,0.460785459,0,0.043373527,0.035045714
CR45568,0,0,0,0.066775902,0,0
CR45571,0,0,0,0.066775902,0.126394328,0.069260254
CR45572,0,0,0.569299184,0.033774261,0.085481031,0.035045714
CR45573,0,0,0.147321929,0,0,0.135347252
CR45574,0.045601845,0,0,0,0,0
CR45576,0.132696544,0.19503084,0,0,0.043373527,0.400167095
CR45577,0.089806327,0,0,0.360915446,0.085481031,0.577040364
CR45578,0,0,0,0.033774261,0.24260175,0
CR45580,0,0,0,0,0.166179293,0
CR45581,0,0.081202514,0,0,0,0
CR45583,0.045601845,0,0,0,0,0.035045714
CR45585,0,0,0,0,0.085481031,0.035045714
CR45587,0,0.041172495,0,0.099039483,0,0.229126454
CR45588,0,0,0,0.066775902,0,0.288421873
CR45590,0,0.577388071,0,0,0,0
CR45593,0.045601845,0,0.147321929,0.033774261,0,0.426801509
CR45594,0.132696544,0.120151752,0,0,0,0
CR45595,0,0.300531207,0,0.360915446,0,0.345376129
CR45596,0,0,0,0,0,0.069260254
CR45597,0.254209339,0.041172495,0,0.649368125,0.74110543,0.373031704
CR45600,5.015378292,5.183788826,5.069360289,5.396438029,5.537462789,5.396203677
CR45602,0,0,0,0,0,0.035045714
CG45603,0,0.041172495,0,0,0,0
CR45604,2.524269513,2.29519787,2.571807315,2.735765654,2.503265198,2.484962228
CR45605,0.254209339,0,0,0,0,0
CR45606,0,0,0,0,0.573696073,0.035045714
CR45610,0.214831388,0.266214546,0.147321929,0,0.043373527,0.198539073
CR45611,0.567258051,0.460843657,0.718149104,1.460908527,0.24260175,0.345376129
CR45612,0,0,0,0.033774261,0,0.035045714
CR45616,0,0,0.075540634,0,0,0
CR45618,0.045601845,0,0,0.413175903,0,0.069260254
CR45620,1.363770477,1.37419648,1.655458917,1.111464636,2.356227934,2.266438654
CR45621,0.401779573,0.334050524,0.460785459,0.387282298,0.126394328,0
CR45623,0.089806327,0.081202514,0.403305984,0.2787941,0.166179293,0.345376129
CR45625,0.045601845,0.081202514,0.075540634,0.099039483,0,0
CR45626,0.045601845,0,0,0.033774261,0.043373527,0.259078775
CR45629,0,0,0,0.250347622,0.24260175,0
CR45630,0,0,0,0.033774261,0,0
CR45631,0.132696544,0.158077041,0,0,0,0
CR45632,0,0,0.075540634,0,0,0
CR45634,0.045601845,0,0,0,0,0
CR45635,0.045601845,0.041172495,0.075540634,0,0,0
CR45637,0.045601845,0.041172495,0,0.066775902,0.204896494,0.102682134
CR45638,0.045601845,0.081202514,0.147321929,0.033774261,0.043373527,0.102682134
CR45639,0.329880465,0.520292387,0.718149104,1.232748274,1.005172941,0.577040364
CR45640,0.43642859,0.36680871,0.895375166,0.250347622,0.573696073,0.288421873
CR45641,0.470264926,0.901874222,0.853067622,1.384434689,0.204896494,0.102682134
CR45643,0.503325831,0.334050524,0.280984078,0.2787941,0.085481031,0.45295311
CR45645,0,0.041172495,0,0,0,0.069260254
CR45647,0,0,0,0,0,0.102682134
CR45648,0,0,0,0.130597294,0.24260175,0.135347252
CR45649,0.045601845,0,0,0,0,0
CR45650,0,0.081202514,0.403305984,0,0,0
CR45651,0,0,0,0.130597294,0,0
CR45656,0,0,0,0.130597294,0,0.035045714
CR45659,1.416791103,1.256761209,0.936477292,1.127194515,1.151098443,0.857142206
CR45660,1.381661402,1.421739881,1.727485453,0.649368125,0.867152957,1.023432869
CR45661,0,0,0,0.033774261,0,0
CR45662,0,0.041172495,0,0,0,0
CR45668,2.647691929,3.111486712,3.222210437,2.997758461,2.495477966,2.528651805
CR45669,1.626386559,0.736253047,1.126066663,0.90797381,0.937812835,0.776600407
CR45670,0.214831388,0.120151752,0,0.130597294,0,0.035045714
CR45673,0,0.158077041,0.147321929,0,0,0.069260254
CR45674,1.150766861,1.81501225,1.015327048,2.740886725,2.671666678,2.657934059
CR45675,0,0,0.075540634,0,0,0
CG45676,0,0,0.075540634,0.53610018,0.085481031,0.035045714
CR45677,0.045601845,0,0,0,0,0
CR45678,0,0,0,0.033774261,0,0
CR45679,0,0,0,0.75438697,0,0
CR45681,0.045601845,0,0,0,0,0.345376129
CR45682,0.254209339,0,0,0.033774261,0,0.102682134
CR45683,1.231907565,1.070450879,1.630628187,2.849182322,1.388243933,2.008803263
CR45684,0,0.120151752,0.147321929,0.250347622,0.384278962,0.528678517
CR45685,0.045601845,0.266214546,0.075540634,0.221328946,0.384278962,0
CR45686,0.687203533,0.577388071,0.147321929,0.692297297,0.74110543,0.755742239
CR45687,0,0.081202514,0.075540634,0,0,0
CR45688,0,0,0,0.066775902,0,0
Ggamma30A,10.07551022,10.37374674,10.48027167,10.77795694,10.79232696,10.85975072
CG32700,4.650612576,4.208332669,4.453585002,8.25174637,8.140354153,8.202835343
CR45693,0,0.041172495,0.147321929,0.488179846,0,1.074860222
CR45695,0,0.041172495,0,0,0,0
CR45696,0,0,0,0.099039483,0,0
CR45698,0,0,0,0.033774261,0,0
CR45699,0.089806327,0,0,0,0,0
CR45700,0.045601845,0.041172495,0,0,0,0.069260254
CR45701,0,0,0,0.099039483,0,0
CR45706,1.251499213,1.754407614,1.324904867,1.473269147,0.687432158,1.964042215
CR45709,0,0,0.147321929,0,0,0
CR45711,0.045601845,0,0.215700384,0,0.166179293,0
CR45712,0.174348395,0.460843657,0.809481815,0.066775902,0,0.198539073
CR45713,0,0.266214546,0,0,0,0.288421873
CR45717,0,0.081202514,0,0.033774261,0,0
CR45718,0,0.041172495,0,0,0,0
CR45719,0,0.120151752,0,0,0,0
CR45720,0.366277874,0.19503084,0.147321929,0,0,0
CR45728,0.089806327,0,0,0,0,0
CR45732,0,0,0,0,0,0.623833477
CR45734,0,0,0,0,0,0.069260254
CR45737,0,0.041172495,0,0.161479554,0,0.102682134
CR45740,0.045601845,0,0.147321929,0,0.085481031,0
CR45744,0.045601845,0,0,0.130597294,0,0
CR45745,0.045601845,0,0,0,0.043373527,0
CR45746,0.132696544,0.158077041,0.147321929,0,0,0
CR45749,0,0,0,0.033774261,0,0
CR45752,0,0,0.516062327,0,0,0
CR45753,0.089806327,0.577388071,0.569299184,0,0,0
CR45754,0,0,0,0,0,0.069260254
CR45755,0,0,0,0.221328946,0,0.198539073
CR45756,0.089806327,0.120151752,0,0,0,0
CR45758,5.179060255,5.420629076,5.022408899,4.343739671,4.289583954,4.223399242
CR45759,0.292540976,0.334050524,0.343441058,0.413175903,0.35014255,0.069260254
Ntl,0.366277874,0,0,0.360915446,0.983067192,0
Acp33A,0,0,0,0,0.043373527,0
KdelR,7.693102608,7.851422215,7.941365294,6.147703262,6.320052945,6.176592555
Glut4EF,5.780072202,5.996611453,5.815441328,8.564672512,8.510990006,8.533438068
rn,3.348303946,3.037115418,2.477482248,1.52167906,1.820983826,3.132612222
p38c,0,0,0,0,0.204896494,0
squ,1.848480104,2.641523012,2.610417859,2.044969659,1.090356876,0.426801509
LanB2,2.563985184,2.055029075,2.635595844,0,1.354202323,1.470109264
PI4KIIIalpha,4.809398818,4.625321699,4.732691554,7.093381122,6.969017061,7.2007471
Topors,5.632851909,5.209978077,5.07397247,5.596848992,5.684264608,5.266736495
JYalpha,0,0.158077041,0.215700384,0,0,0
l(2)SH0834,6.36471445,6.819522467,6.639459848,6.289004328,6.183748408,6.404741816
mil,0.254209339,0.041172495,0,0,0,0
SelR,6.782961459,6.873236778,7.015347691,8.647278979,8.790968034,8.758417725
sau,6.768160724,6.862868031,6.697400992,6.486763409,6.668869811,6.240857903
Ubc87F,0.254209339,0.081202514,0.147321929,0,0,0
Ubc7,6.600685114,6.720819675,6.793514933,6.777086066,6.714027411,6.501101153
PyK,7.292332859,6.900760919,6.857778928,10.91204485,10.89520937,10.94612988
dop,5.851619776,5.77656571,6.02883414,6.703908775,6.427292303,6.950134408
Yeti,8.479569041,8.71897452,8.667804747,7.781563133,7.934377717,7.631215405
CR45761,0,0.158077041,0.516062327,0.871082608,0,0
CR45762,0,0,0.075540634,0,0,0
AOX1,0,0,0,0.53610018,1.170790315,1.263989531
CR45771,0,0.081202514,0,0,0.126394328,0
CR45778,1.150766861,1.239176293,1.414910112,0.713292167,0.914641953,0.876594188
CR45780,0,0,0.075540634,0,0,0
CG45781,2.719791439,3.111486712,2.406119653,1.968446736,2.415202588,1.748706671
CG45782,3.729815473,3.913566054,3.791568961,1.959688121,2.797333108,2.345345798
Pzl,0.089806327,0.041172495,0.075540634,0.221328946,0.35014255,0.198539073
Myo81F,7.667807921,8.102576306,7.753606938,2.830087269,3.240961828,3.595714771
chp,1.467932039,0.19503084,0.075540634,0.605122262,2.22109989,0.229126454
CR45789,0.567258051,1.050424986,0.460785459,0.670992382,1.336875487,1.495494259
CR45790,0.089806327,0,0,0,0,0
CR45798,0.598192202,0.266214546,0.403305984,0.46360926,0.24260175,0.317180035
CR45800,0.132696544,0,0,0.221328946,0.043373527,0
CR45801,0,0.041172495,0.403305984,0.833223249,0.166179293,0.45295311
CR45803,0,0,0.936477292,0,0,0
CR45804,1.596057418,2.152189073,1.703873911,2.194305663,1.893884428,1.889404113
CR45805,0,0.231061681,0.764538089,0.066775902,0.204896494,0.035045714
CR45807,0.045601845,0.041172495,0.403305984,0.130597294,0.126394328,0
CR45808,0.089806327,0,0,0.161479554,0,0
CR45810,0.045601845,0.120151752,0,0,0,0
CR45811,0,0,0.075540634,0.033774261,0,0
CR45812,0.045601845,0,0,0.161479554,0.085481031,0.035045714
CR45813,0,0,0.075540634,0.033774261,0.417626289,0.646672929
CR45814,0.401779573,0.460843657,0.403305984,0.161479554,0.085481031,0.135347252
CR45815,1.416791103,1.982901267,1.471938095,1.423178261,1.069527769,1.716685341
CR45818,0.089806327,0,0,0,0,0
CR45819,0,0.081202514,0,0.033774261,0.35014255,0.16728912
CR45820,0.174348395,0.398839565,0.976440789,0,0.204896494,0.035045714
CR45821,0.824342362,1.050424986,0.936477292,0.19171458,1.354202323,1.124517283
CR45822,0.329880465,0.158077041,0,0.692297297,0,0.345376129
CR45823,0,0,0.075540634,0,0,0
CR45825,0.658139045,0.430174687,0,0.627414808,0.166179293,0.069260254
CR45827,1.848480104,1.583774727,1.228908645,2.725468654,2.276678885,2.905268495
CR45831,0.045601845,0.081202514,0.075540634,0.066775902,0.126394328,0.035045714
CR45832,0,0,0.075540634,0.033774261,0.166179293,0.426801509
CR45833,0.214831388,0.231061681,0.147321929,0.19171458,0.043373527,0.400167095
CR45834,0.875744677,1.221374389,1.324904867,0.889646124,0.315178801,0.577040364
CR45835,0.401779573,0.231061681,0.215700384,0.130597294,0.085481031,0.259078775
Ptp36E,2.085247541,2.234367945,2.251843045,4.702483243,4.72376431,4.984718867
Ptp61F,7.047808055,6.650639054,6.737199913,6.167806047,6.274707226,5.867683963
Mcr,7.766642607,7.431647418,7.468892042,7.433154808,7.380820538,7.439558429
PRY,0,0,0,0,0.085481031,0
Mst77Y-7,0,0.041172495,0.075540634,0.334057725,0,0
CR45185,0.470264926,0.605110328,0.620641262,0,0,0.16728912
pre-rRNA:CR45845,4.696004676,5.131131698,4.335628806,5.335115713,5.744638468,5.566066144
pre-rRNA:CR45847,0,0,0,0.033774261,0,0
28SrRNA-Psi:CR45848,0.174348395,0.430174687,0.280984078,0.099039483,0.417626289,0.135347252
28SrRNA-Psi:CR45851,0.366277874,0.945900736,0.936477292,0.387282298,0.513278718,0.426801509
28SrRNA-Psi:CR45853,0.214831388,0.266214546,0.147321929,0.130597294,0.085481031,0.135347252
28SrRNA-Psi:CR45855,0,0,0,0,0.085481031,0
pre-rRNA-Psi:CR45856,0.503325831,0.659006168,0,0.774503582,0.659827649,0.857142206
28SrRNA-Psi:CR45859,6.917818185,7.369358258,7.075233705,5.989970165,6.607427206,6.631334949
28SrRNA-Psi:CR45860,0.089806327,0.266214546,0,0.033774261,0.043373527,0.069260254
CR45866,0.214831388,0,0,0,0,0.317180035
CR45867,0.254209339,0.231061681,0,0,0.315178801,0.135347252
CR45868,0.214831388,0.490874211,0,0,0.914641953,0
CR45870,0.089806327,0.158077041,0,0.033774261,0.043373527,0
CR45871,0.401779573,0.041172495,0.403305984,0.066775902,0.35014255,0.102682134
CR45873,0.535646052,0.945900736,0.895375166,0.733985886,0.842809102,0.93342433
CR45874,3.531742263,3.371665015,3.541472396,4.294088071,3.655108773,3.517332075
CR45876,0,0,0,0,0.085481031,0.035045714
CR45877,0,0.081202514,0.147321929,0.033774261,0,0.16728912
CR45878,0,0.120151752,0.280984078,0.19171458,0.659827649,0
CR45879,0,0,0,0,0.043373527,0
CR45880,0.089806327,0,0,0.033774261,0,0.102682134
CR45881,0.045601845,0.334050524,0.280984078,0.161479554,0.166179293,0.198539073
CR45882,0.535646052,0.081202514,0,0.066775902,0.085481031,0
CR45884,0.045601845,0,0,0,0,0
CR45885,0.366277874,0.605110328,0.460785459,0,0,0.135347252
CR45889,0.535646052,0.460843657,0.718149104,0.066775902,0.043373527,0.198539073
CR45890,0,0,0.075540634,0,0,0
CR45892,0.132696544,0.19503084,0.215700384,0,0.085481031,0.16728912
CR45894,0.045601845,0.081202514,0.075540634,0.130597294,0.126394328,0.102682134
CR45895,0.996767095,0.945900736,1.293610521,0.813914366,1.371323531,0.988100422
CR45896,0.900774972,0.231061681,0.280984078,0.360915446,2.133498108,1.945741566
CR45897,0.329880465,0.549122661,0,0.066775902,0.384278962,0
CR45899,0,0,0,0,0.043373527,0
CR45901,0,0,0,0,0,0.069260254
CR45902,0,0,0.343441058,0,0,0.426801509
CR45907,2.594988841,2.486201158,3.026716412,1.933088642,2.303685542,2.175131167
CR45908,1.150766861,1.452586776,1.385527878,0.943945139,0.602981688,0.400167095
CR45909,0,0,0.215700384,0.066775902,0,0
CR45910,2.259848281,3.254014859,2.948503801,2.490289974,1.770252983,2.606438119
CR45911,2.149311703,2.142762288,1.553463943,1.68999278,2.163293657,2.086031671
CR45912,4.02841115,3.622853407,3.662777281,2.945483987,3.550011169,3.172504789
CR45913,0,0.081202514,0,0,0,0
CR45915,0,0,0,0.033774261,0,0
CR45916,0.535646052,0.041172495,1.228908645,0.066775902,0.126394328,0.400167095
CR45918,0.045601845,0.334050524,0.075540634,0.19171458,0.126394328,0
CR45919,0.598192202,1.128912832,1.553463943,2.434489017,2.816211499,1.908428757
CR45920,0,0,0,0.066775902,0,0
CR45921,0.089806327,0.490874211,0.215700384,0,0,0
CR45922,0.089806327,0,0.075540634,0.066775902,0.085481031,0.102682134
CR45923,0,0.632309912,0.343441058,0.221328946,0,0.069260254
CR45924,0,0,0.075540634,0,0,0
CR45925,0.503325831,0.520292387,0.516062327,0.488179846,0.384278962,1.218980474
CR45926,0.535646052,0.300531207,0.280984078,0.161479554,0.417626289,0.400167095
CR45928,1.270828368,1.526936274,1.293610521,2.109741535,2.26756314,2.167254804
CR45929,0.132696544,0.081202514,0,0.130597294,0.043373527,0
CCY,0,0,0,0.033774261,0,0
CR45935,0,0,0,0.033774261,0,0
CR45936,0,0,0.075540634,0,0,0
CR45938,0,0,0.075540634,0.033774261,0.204896494,0
CR45939,0.045601845,0,0,0.2787941,0.204896494,0.317180035
CR45940,0,0.081202514,0.147321929,0,0,0
CR45941,0.824342362,0.231061681,0.343441058,0.46360926,0.482093952,0.503875743
CR45944,0.628476965,0.460843657,0.516062327,0.221328946,0.482093952,0.45295311
CR45945,0,0.081202514,0,0,0,0.035045714
CR45949,0,0,0,0.033774261,0,0.069260254
CR45951,4.670761267,4.577143809,4.457120132,4.498396469,4.732072255,4.643806865
CR45952,0.045601845,0,0.075540634,0,0.126394328,0.035045714
CR45953,0,0,0,0,0.085481031,0
CR45954,0,0.041172495,0,0,0,0
CR45957,0.470264926,0.081202514,0,0,0,0
CR45959,0.045601845,0.041172495,0,0,0,0
CR45960,0.628476965,0.577388071,0.569299184,0.605122262,0.482093952,0.229126454
CR45961,0.628476965,0.924055416,1.228908645,1.460908527,1.704223059,0.503875743
CR45962,3.127532669,2.775649983,3.587358793,2.853916855,2.39859724,3.237888846
CR45963,0.045601845,0.36680871,0.280984078,0,0.279346616,0.16728912
CR45964,0.132696544,0.041172495,0.280984078,0.413175903,0,0
CR45965,2.074288042,2.084870226,2.060599064,1.410378996,0.602981688,2.102646246
CR45966,0,0.081202514,0.075540634,0.033774261,0,0.229126454
CR45967,0.174348395,0.081202514,0,0,0.043373527,0
CR45968,0.132696544,0.158077041,0.147321929,0.221328946,0.384278962,0.373031704
CR45969,0.045601845,0.460843657,0.147321929,0.130597294,0.126394328,0.229126454
CR45970,1.713726341,1.526936274,1.443705866,1.915079231,1.336875487,2.043638334
CR45971,0.949569261,1.14788529,0.670218812,0.360915446,0.891092845,0.797161305
CR45972,0.045601845,0,0,0,0,0
CR45973,0,0.120151752,0,0.033774261,0.043373527,0.102682134
CR45976,0.045601845,0,0,0,0,0
CR45979,1.670717286,1.766733924,1.324904867,1.668653552,1.857894544,1.800545063
CR45981,0,0.120151752,0.075540634,0,0.482093952,0.259078775
CR45982,3.079014106,3.262744138,3.35698966,2.709884029,1.963277813,2.503848568
CR45985,0,0.081202514,0,0,0.043373527,0
CR45993,1.484583944,1.716783909,1.727485453,1.545288185,1.005172941,1.293233921
CR45994,0.366277874,0.231061681,0.516062327,0.130597294,0.450220187,0.288421873
CR45996,0.214831388,0.158077041,0,0.033774261,0.085481031,0
CR45997,0,0.041172495,0,0,0,0
CR45999,1.517322013,1.741975081,1.773579932,1.772326804,2.303685542,2.28839032
CR46003,1.596057418,1.624980653,1.195435982,0.19171458,1.663104036,1.377570087
CR46004,0.292540976,0.300531207,0.403305984,0.53610018,1.110889535,0.817433287
CR46005,0.43642859,0.081202514,0.215700384,1.317456221,2.163293657,1.263989531
CR46006,3.582901524,3.609228279,2.997881279,4.055996417,4.531539246,4.369566328
CR46007,0.089806327,0.266214546,0.620641262,0.488179846,0,0
CR46008,1.308726695,1.341607518,1.324904867,0.559476377,0.315178801,0.577040364
CR46009,1.699531977,2.312116942,1.293610521,1.61388234,1.62077859,0.914728587
CR46010,0.567258051,1.37419648,1.090089724,0.627414808,0.74110543,0.528678517
CR46012,0,0,0,0,0,0.035045714
CR46013,0,0,0,0.066775902,0,0
CR46016,0.535646052,0,0.075540634,0.512338969,1.048393528,1.156697169
CR46017,0,0,0,0,0.659827649,0
CR46020,0.045601845,0.549122661,0.215700384,0.033774261,0.085481031,0.069260254
CR46021,0,0,0,0,0,0.478639091
CR46023,0,0,0,0,0,0.646672929
CR46024,0,0.041172495,0,0,0,0.373031704
CG46025,0.628476965,0.041172495,0,0,0.085481031,0.755742239
CR46027,0,0,0,0,0.043373527,0
CR46029,1.65609121,0.761109441,1.355534777,0.360915446,0.043373527,0.102682134
CR46033,0,0.041172495,0.215700384,0.099039483,0.602981688,0.669156436
Pak,4.227027619,3.87707874,3.746054773,4.088499261,3.901878019,3.694924093
CR46035,1.251499213,1.308265359,1.090089724,0.099039483,0.687432158,0.951880893
CR46036,1.596057418,1.541357195,0.895375166,0.130597294,1.676941004,0.600626626
CR46039,0.045601845,0.19503084,0,0.130597294,0,0.035045714
CR46040,0.045601845,0,0,0,0,0
CR46041,0,0,0,0.130597294,0,0
CR46043,0.401779573,0.300531207,0.215700384,0.066775902,0.126394328,0
CR46044,0.535646052,0.460843657,0.460785459,0.033774261,0.315178801,0.069260254
CR46045,0.366277874,0.231061681,0.764538089,0.221328946,0.126394328,0.229126454
CR46048,0.045601845,0.231061681,0,0.099039483,0.043373527,0.135347252
CR46050,0,0,0,0.066775902,0,0.135347252
CR46055,0.132696544,0.266214546,0,0.53610018,0.573696073,0.426801509
CR46056,0.045601845,0.041172495,0,0.099039483,0.043373527,0.069260254
CG46059,0.089806327,0.041172495,0,0,0,0
Pen,1.086768738,1.526936274,1.015327048,0.033774261,0.24260175,0
otk2,2.138829956,2.142762288,2.505067387,1.44844109,1.562340969,1.140696948
CR46060,0.292540976,0.19503084,0,0.334057725,0.513278718,0.646672929
CR46061,0.089806327,0,0.075540634,0.099039483,0.543803643,0.669156436
CR46062,0.045601845,0,0,0.387282298,0.417626289,0
CR46064,6.07422544,6.269365721,6.556201385,6.156353063,6.154994675,6.136814431
CR46065,0,0.120151752,0.075540634,0,0,0
CR46066,0.658139045,0.490874211,0.343441058,0.19171458,0.74110543,0.035045714
CR46067,0.292540976,0.659006168,0.620641262,0.413175903,0.315178801,0.45295311
CR46068,0,0.120151752,0,0,0,0
CR46070,0.132696544,0.231061681,0.403305984,0,0,0.16728912
CR46073,0.366277874,0.577388071,1.053192621,0.943945139,0.513278718,0.102682134
CR46075,0,0,0.075540634,0.438612949,0.279346616,0.135347252
CR46076,0,0,0,0,0.204896494,0.259078775
CR46077,0,0,0,0.130597294,0,0.102682134
CR46078,0.598192202,0.490874211,0.215700384,0.334057725,0.085481031,0.600626626
CR46079,0.132696544,0.659006168,0.460785459,0,0,0.035045714
CR46080,0,0.120151752,0,0,0,0
CR46082,0.43642859,0.041172495,0.516062327,0.794343545,0.482093952,0.623833477
CR46083,0.214831388,0.120151752,0.075540634,0,0.043373527,0.069260254
CR46084,0.214831388,0.685217387,0.569299184,1.423178261,1.319338022,2.060745443
CR46085,0.132696544,0,0,0,0,0
CR46087,0,0,0,0,0,0.035045714
CR46088,0.470264926,1.109687544,0.516062327,0.066775902,0.714518384,0.229126454
CR46089,1.971715508,2.170859845,1.984250833,0,0.767211364,0
CR46091,0.900774972,0.120151752,0.403305984,0.221328946,0.659827649,0.914728587
CR46092,0.174348395,0.041172495,0.215700384,0.733985886,1.209385607,0
CR46093,2.353477901,2.68113411,2.235467704,1.924112038,1.606389595,2.577014533
CR46094,0,0,0,0.250347622,0.043373527,0
CR46095,0.089806327,0.231061681,0,0.19171458,0.204896494,0.069260254
CR46096,0.329880465,0.231061681,0.147321929,0.19171458,0.085481031,0
CR46097,0,0,0,0,0.204896494,0.259078775
CR46098,0.174348395,0.041172495,0,0,0,0
CR46099,0.329880465,0.520292387,0.516062327,0.2787941,0.204896494,0.426801509
CR46100,1.019799334,0.605110328,1.015327048,0.099039483,0.767211364,0
CR46101,0,0,0,0,0,0.035045714
CR46102,0.214831388,0.334050524,0.215700384,0,0.166179293,0
CR46103,0,0,0.147321929,0,0,0
CR46104,0.628476965,0.460843657,0.403305984,0.413175903,0.315178801,0.259078775
CR46105,0.401779573,0.549122661,0.764538089,0.713292167,0.35014255,0.45295311
CR46106,0.292540976,0.334050524,0.280984078,0,0.204896494,0
CR46107,1.641315334,1.929080246,1.703873911,0.066775902,0.35014255,0.229126454
CR46108,0,0,0,1.37128545,0.279346616,0.069260254
CR46109,1.191907582,1.070450879,1.261622271,1.802029689,2.02948601,1.820769885
CR46110,0,0.081202514,0,0,0,0
CR46111,0,0,0,0,0,0.035045714
CR46113,0,0,0,0.161479554,0,0
CR46114,0,0,0,0.033774261,0,0
CR46117,0.132696544,0,0,0,0,0
CR46118,0.045601845,0.120151752,0.075540634,0.033774261,0,0
CR46120,0,0,0,0,0.166179293,0
rump,8.314020256,7.880779979,7.806874966,7.464836941,7.329456089,7.415656061
HnRNP-K,7.988270764,7.650941933,7.581281319,6.81582079,7.22619558,6.997267346
rgr,3.370871946,3.15433616,3.091838325,2.612666178,2.771771392,1.350002208
CR45232,0.771040734,0.231061681,0.343441058,0.033774261,0.35014255,0.102682134
CR43174,0,0,0.620641262,0.099039483,0.204896494,0.259078775
CG32138,5.499929246,5.673954259,5.663071353,4.31655724,4.944307143,4.871729402
CG46121,2.298032348,1.716783909,2.376555991,1.127194515,1.354202323,0.317180035
CR46122,0.329880465,0,0,0,0.043373527,0
CR46123,0.925378394,1.14788529,0.670218812,0.130597294,0,0.102682134
CR46125,0.214831388,1.239176293,0.853067622,0.670992382,1.516904971,1.889404113
CR46126,0,0,0,0.033774261,0,0
CR46127,0.132696544,0.231061681,0.280984078,0.46360926,0.126394328,0.259078775
CR46128,0,0.231061681,0.936477292,0.250347622,0.085481031,0.135347252
CR46129,0,0,0,0.033774261,0,0
CR46131,0,0,0,0,0.043373527,0
CR46132,0.045601845,0,0.280984078,0,0,0.035045714
CR46133,0.401779573,0.231061681,0.343441058,1.09556136,0.659827649,0.373031704
CR46134,0,0.266214546,0,0.161479554,0.043373527,0.035045714
CR46135,1.416791103,1.109687544,1.261622271,1.331102989,1.170790315,1.091603205
CR46136,0,0,0,0.774503582,0.687432158,0.069260254
CR46137,0.045601845,0.081202514,0,0.130597294,0.085481031,0.259078775
CR46138,0.254209339,0.231061681,0,0.582479838,0.891092845,0
CR46139,1.108418423,1.14788529,1.053192621,2.993473875,2.725918746,3.070625592
CR46140,0.850272436,1.325032758,0.895375166,1.568517169,1.283610278,1.124517283
CR46142,0.045601845,0,0,0,0,0
CR46143,0,0,0.147321929,0,0,0
CR46144,0.43642859,0,0.075540634,0.099039483,0.24260175,0.45295311
CR46145,3.153798654,3.092026213,2.948503801,2.389545164,2.406923805,2.077652076
da,6.930027869,6.177141939,6.283011642,6.966330197,7.033624634,6.85190286
Gmer,5.686014787,5.922801678,6.121973044,4.269492622,4.583886674,4.795857053
PRAS40,6.206208847,6.001834965,6.107424012,5.942973001,5.708044463,5.650412887
Fatp,6.887225536,6.472090812,6.603225209,7.537451676,7.477380718,7.686678997
Syx7,7.325350996,7.429952989,7.449056948,6.739203111,6.765119617,6.811100012
Maf1,7.511295208,7.838889664,7.469767304,6.768021756,7.098036012,6.847904911
CR46152,0,0,0,0,0,0.426801509
CR46156,0.214831388,0.041172495,0,0.033774261,0.315178801,0
CR46167,0,0,0,0,0,0.035045714
MRE16,9.167094417,8.508485365,8.935896229,9.493960187,8.863567442,9.128682589
trol,4.048149705,3.84546732,4.219704242,4.258821986,5.103903731,3.780021456
CanA-14F,6.895810386,6.522935185,6.329076655,6.424073679,6.765119617,6.735213797
CR46194,1.670717286,2.385889321,2.532134963,2.941041063,1.783103912,1.04077981
CR46195,0,0,0.075540634,0.130597294,0,0
CR46197,0,0.266214546,0.147321929,0,0,0
CR46199,0,0.041172495,0,0,0,0
CR46200,0.089806327,0.081202514,0,0,0.085481031,0
CR46202,0.045601845,0,0,0,0,0
CR46204,0.329880465,0,0.147321929,0.813914366,1.02694508,0.691294921
CR46206,0,0,0,0,0,0.069260254
CR46207,0,0,0.280984078,0,0,0
CR46208,0.089806327,0.19503084,0.147321929,0.221328946,0.043373527,0.734578078
CR46209,0,0.120151752,0,0,0,0
CR46212,0,0,0,0,0.085481031,0
CR46214,0.089806327,0.120151752,0,0.649368125,0,0.16728912
CR46217,0,0.158077041,0.075540634,0,0,0
CR46218,0.045601845,0,0.280984078,0,0,0
CR46219,0,0,0,0.033774261,0,0
CR46220,0.045601845,0,0,0,0,0
CR46226,0,0,0,0,0.043373527,0
CR46227,0,0,0.075540634,0,0,0
CR46228,0,0.19503084,0.075540634,0,0,0
CR46230,0,0,0,0,0,0.135347252
CR46231,0,0,0,0,0,0.198539073
CR46232,0.214831388,0,0.147321929,0,0,0
CR46233,0.089806327,0.266214546,0.075540634,0,0.085481031,0
CR46234,0.045601845,0.041172495,0.147321929,0,0,0
CR46235,0,0.081202514,0.075540634,0.066775902,0.126394328,0
CR46236,0,0,0,0,0.166179293,0
CR46237,0,0,0,0,0,0.035045714
CR46238,0,0.041172495,0,0.033774261,0,0
CR46241,0,0,0,0,0,0.035045714
CR46245,0,0,0,0.033774261,0.417626289,0.035045714
CR46246,0,0.158077041,0,0.066775902,0.166179293,0
corolla,0,0.19503084,0.147321929,0,0,0
CR46247,0.045601845,0.71096088,0.147321929,0.130597294,0,0.288421873
CR46248,0.174348395,0.158077041,0.343441058,0,0.043373527,0.600626626
Der-1,7.378384305,7.515982662,7.613715371,7.181238145,7.004771568,7.13108908
vib,7.565863946,7.265151854,7.104269597,7.648745691,7.543306548,7.40418314
Tim23,7.622211029,7.86259123,7.941049751,7.115482431,7.313212652,7.373705522
mh,2.684192039,2.817724095,2.766729001,3.382295287,4.357745278,4.329545356
ap,2.475120899,0.120151752,0.516062327,0.774503582,0.659827649,0.528678517
CR46250,0,0.081202514,0,0,0,0
CR46251,0.045601845,0,0.075540634,0,0.043373527,0.069260254
CR46252,0,0,0,0,0,0.102682134
CR46254,0.045601845,0,0,0.512338969,0.659827649,0.198539073
CR46256,0.329880465,0.879346663,1.161168219,1.435864971,0.914641953,0.069260254
CR46257,0.089806327,0.158077041,0.075540634,0.161479554,0.085481031,0.069260254
CR46258,2.747651708,2.82952329,3.318638787,1.933088642,3.424399841,2.008803263
CR46259,0,0,0.075540634,0.066775902,1.005172941,0.317180035
CR46260,0,0.041172495,0,0.692297297,0,0
CR46262,0.329880465,0.605110328,0.516062327,0.413175903,0.279346616,0.45295311
CR46263,0.174348395,0.334050524,0.075540634,0.979041354,0.602981688,0.951880893
ltl,2.085247541,2.084870226,2.168041848,0.692297297,3.519618693,2.23664033
zf30C,6.977123505,6.926740257,6.818466052,6.341780472,6.384188923,6.168724188
CG4836,0,0,1.324904867,0,0,0.102682134
AsnS,4.832347633,4.847582933,5.311220045,3.385568801,3.583454435,3.71397279
betaGlu,6.39860766,6.212490708,6.449324384,5.246976418,5.000408483,5.486009956
VAChT,6.64533758,6.071182884,5.869501286,7.659264943,8.106246167,7.441192363
CR46264,0,0,0,0,0,0.035045714
CR46265,0,0,0,0,0.085481031,0
CR46266,0,0.19503084,0,0,0,0
PheRS-m,6.259793235,6.437813475,6.516938605,6.844352961,6.592447534,7.076414174
CR46268,2.180307622,1.884529365,2.060599064,1.731747058,2.390222339,1.188174903
CR46269,0,0,0,0,0.043373527,0.035045714
CG46270,0,0,0.215700384,0.221328946,0.126394328,0
dmt,2.788458589,3.067325535,3.045624549,2.288246539,1.869991204,1.627648623
Dsp1,7.050606594,6.959325417,6.957243159,6.951497183,6.717797232,7.089757614
acal,0,0,0.215700384,0.099039483,0.085481031,0.035045714
FASN1,7.280163504,7.644068018,7.453930768,8.504500508,8.60807126,8.430778312
CR46271,0.535646052,0.081202514,0.718149104,0,0.085481031,0.102682134
CR46279,0,0,0,0.033774261,0,0
PPO1,2.138829956,0.041172495,0.075540634,0.033774261,1.151098443,1.604503555
CG46280,7.154744784,6.93427296,6.914166922,7.095131748,7.082525669,7.310300985
CG46281,0.401779573,0.36680871,0.280984078,0.099039483,0.043373527,0
vas,0.292540976,0,0.147321929,0,0,0
Glo1,5.47618726,5.755073136,5.878756969,3.732638599,3.97929676,4.320696264
br,8.005140044,7.915619049,7.759345301,7.564421388,7.702074011,7.799097746
Drs,0.132696544,0.19503084,0.215700384,0,0.043373527,0.035045714
Pol32,2.953054221,3.087119794,3.145409019,3.477406967,3.357239674,2.928752816
slmb,7.104793677,6.581237556,6.460815778,7.00675037,7.033960671,7.271335439
Vps4,4.846909984,4.866318697,5.010428356,5.426943211,5.55067468,5.798620522
wupA,0,0.334050524,0,0,0.714518384,0.035045714
S6k,8.169923608,7.602122206,7.659313613,7.607462404,7.641176863,7.850417514
S6KL,5.279095488,5.39604339,5.347862984,5.851833002,5.495134056,5.661669334
Dhc16F,0.743632778,0,1.195435982,0.75438697,0.085481031,0
SF2,7.613484035,7.330184481,7.053796557,6.759846431,6.708564663,7.050689761
und,7.901219977,8.029970931,8.04307418,7.022606593,6.834665035,6.823681731
Alp1,0,0.081202514,0,0,0.043373527,0
Alp2,0,0,0.075540634,0,0,0
Adk2,4.687039792,4.886227226,4.946473283,5.287787925,5.131800784,5.257492377
InR,6.764756273,6.867882937,6.868437959,5.463027808,5.585937343,5.412953407
Sac1,8.044628737,7.829555996,7.804795456,8.376779966,8.325101449,8.30406629
Neurl4,5.116332423,4.964561015,4.983715633,4.855507374,5.179966526,5.301333669
nw,3.850350105,3.822034194,5.050762687,0.306690511,0,0.035045714
Phm,7.932848198,7.995036133,8.107196814,8.782865757,8.91901702,8.960425491
Pal1,6.821157249,6.599441918,6.765275762,6.468742512,6.777614873,6.676773281
lola,8.464695952,8.281815377,8.261740086,8.827703642,8.779089632,8.774789793
l(2)10685,5.296882763,5.083887265,5.156741249,5.829772265,5.592340125,5.975914831
Duox,1.416791103,0.833207966,0.670218812,0.066775902,0.043373527,0.135347252
Vha26,10.30553664,10.37704817,10.29626855,10.67618586,10.81430595,10.76900741
Vha13,9.533194786,9.712938467,9.791396949,10.27662562,10.292846,10.36765879
vilya,0.875744677,0.36680871,0.853067622,0.033774261,0.842809102,0.426801509
CG46298,1.327308948,1.009519467,1.526797288,0,1.048393528,0.229126454
CR46300,0.089806327,0,0,0.250347622,0.279346616,0
elgi,7.188486889,6.9730208,7.304461586,7.086860135,7.212900839,7.137654063
CG46301,6.253734383,5.933091777,5.845424659,6.570765461,6.443572473,6.775923596
Rpp30,2.563985184,3.087119794,3.473280255,2.830087269,1.928998307,2.571057113
Tlk,5.894307593,6.05116722,5.976833078,5.661739933,5.812806258,5.847494684
muc,7.227035096,7.101746822,7.155758313,8.399525393,8.249132295,8.460186434
THG,4.034078348,4.241831074,4.439357217,3.477406967,3.361530033,3.641915625
Rap2l,4.822557092,5.02993873,5.010428356,4.898533818,4.835935149,5.117359017
mCD8-GFP,13.63624153,13.90376452,14.01047562,13.83818139,13.7077056,13.62605034