batch	genotype	stage	n_counts	n_genes	PN_type	MARS	HDBSCAN	MARS_2way_matched	MARS_2way_matched_PN_type	lineage	X24h_HDBSCAN	matched_type_with_stage	mannually_matched	cell
0	VT033006-GFP	0h	7028534	5076	VA6	8	18	0	VA6	adPN	na	VA6: 0h	VA6	PN_0h_VTGAL4_P1_A12
0	VT033006-GFP	0h	6937168	3751	DA1_fru+	26	15	15	DA1_fru+	lPN	na	DA1_fru+: 0h	nan	PN_0h_VTGAL4_P1_A15
0	VT033006-GFP	0h	3927134	1320	nan	18	18	nan	nan	adPN	na	nan: 0h	nan	PN_0h_VTGAL4_P1_A18
0	VT033006-GFP	0h	2151156	2448	DC2	6	33	18	DC2	adPN	na	DC2: 0h	nan	PN_0h_VTGAL4_P1_A19
0	VT033006-GFP	0h	1619574	2016	nan	14	15	nan	nan	lPN	na	nan: 0h	nan	PN_0h_VTGAL4_P1_A1
0	VT033006-GFP	0h	5445194	2803	MARS_9	11	-1	9	MARS_9	lPN	na	MARS_9: 0h	MARS_9	PN_0h_VTGAL4_P1_A20
0	VT033006-GFP	0h	6980964	3314	DL1	17	20	8	DL1	adPN	na	DL1: 0h	DL1	PN_0h_VTGAL4_P1_A21
0	VT033006-GFP	0h	9217776	3470	DL1	17	20	8	DL1	adPN	na	DL1: 0h	DL1	PN_0h_VTGAL4_P1_A2
0	VT033006-GFP	0h	746054	1520	nan	7	18	nan	nan	adPN	na	nan: 0h	nan	PN_0h_VTGAL4_P1_A3
0	VT033006-GFP	0h	3791040	2524	nan	23	24	nan	nan	adPN	na	nan: 0h	nan	PN_0h_VTGAL4_P1_A4
0	VT033006-GFP	0h	6965128	2555	nan	23	24	nan	nan	adPN	na	nan: 0h	nan	PN_0h_VTGAL4_P1_A5
0	VT033006-GFP	0h	3156937	2448	DA1_fru-	13	15	23	DA1_fru-	lPN	na	DA1_fru-: 0h	nan	PN_0h_VTGAL4_P1_A6
0	VT033006-GFP	0h	3438642	2608	DC2	6	33	18	DC2	adPN	na	DC2: 0h	nan	PN_0h_VTGAL4_P1_A9
0	VT033006-GFP	0h	7319421	3316	DM2	20	25	11	DM2	lPN	na	DM2: 0h	nan	PN_0h_VTGAL4_P1_B10
0	VT033006-GFP	0h	8482149	3857	nan	7	18	nan	nan	adPN	na	nan: 0h	nan	PN_0h_VTGAL4_P1_B11
0	VT033006-GFP	0h	4600183	3828	MARS_9	11	37	9	MARS_9	lPN	na	MARS_9: 0h	MARS_9	PN_0h_VTGAL4_P1_B13
0	VT033006-GFP	0h	2689098	2043	D	5	-1	12	D	adPN	na	D: 0h	D	PN_0h_VTGAL4_P1_B14
0	VT033006-GFP	0h	8076524	4098	MARS_7	4	32	7	MARS_7	adPN	na	MARS_7: 0h	MARS_7	PN_0h_VTGAL4_P1_B15
0	VT033006-GFP	0h	149740	1290	nan	18	-1	nan	nan	lPN	na	nan: 0h	nan	PN_0h_VTGAL4_P1_B17
0	VT033006-GFP	0h	526476	1641	nan	12	15	nan	nan	lPN	na	nan: 0h	nan	PN_0h_VTGAL4_P1_B18
0	VT033006-GFP	0h	1861489	1384	nan	18	15	nan	nan	lPN	na	nan: 0h	nan	PN_0h_VTGAL4_P1_B1
0	VT033006-GFP	0h	5091494	2458	VA1d	22	24	10	VA1d	adPN	na	VA1d: 0h	nan	PN_0h_VTGAL4_P1_B20
0	VT033006-GFP	0h	624388	1738	nan	NaN	24	nan	nan	adPN	na	nan: 0h	nan	PN_0h_VTGAL4_P1_B23
0	VT033006-GFP	0h	3927224	4961	VA6	8	18	0	VA6	adPN	na	VA6: 0h	VA6	PN_0h_VTGAL4_P1_B24
0	VT033006-GFP	0h	2270420	1228	nan	23	24	nan	nan	adPN	na	nan: 0h	nan	PN_0h_VTGAL4_P1_B4
0	VT033006-GFP	0h	5629956	2557	VM7 or VM5v #1	2	0	nan	nan	adPN	na	VM7 or VM5v #1: 0h	VM7 or VM5v #1	PN_0h_VTGAL4_P1_B5
0	VT033006-GFP	0h	3182345	2064	nan	NaN	24	nan	nan	adPN	na	nan: 0h	nan	PN_0h_VTGAL4_P1_B6
0	VT033006-GFP	0h	659890	1016	nan	NaN	15	nan	nan	lPN	na	nan: 0h	nan	PN_0h_VTGAL4_P1_B7
0	VT033006-GFP	0h	3311788	2245	D	5	33	12	D	adPN	na	D: 0h	D	PN_0h_VTGAL4_P1_B8
0	VT033006-GFP	0h	365135	1112	nan	12	24	nan	nan	adPN	na	nan: 0h	nan	PN_0h_VTGAL4_P1_C11
0	VT033006-GFP	0h	6857598	3397	VM7 or VM5v #1	2	0	nan	nan	adPN	na	VM7 or VM5v #1: 0h	VM7 or VM5v #1	PN_0h_VTGAL4_P1_C12
0	VT033006-GFP	0h	2248068	3213	DA1_fru+	26	22	15	DA1_fru+		na	DA1_fru+: 0h	nan	PN_0h_VTGAL4_P1_C14
0	VT033006-GFP	0h	4206246	2953	DL3	15	15	24	DL3	lPN	na	DL3: 0h	nan	PN_0h_VTGAL4_P1_C15
0	VT033006-GFP	0h	211289	1774	nan	18	18	nan	nan	adPN	na	nan: 0h	nan	PN_0h_VTGAL4_P1_C16
0	VT033006-GFP	0h	554353	1677	nan	12	15	nan	nan	lPN	na	nan: 0h	nan	PN_0h_VTGAL4_P1_C19
0	VT033006-GFP	0h	4570425	2892	VA5	10	38	26	VA5	lPN	na	VA5: 0h	VA5	PN_0h_VTGAL4_P1_C1
0	VT033006-GFP	0h	145895	1662	DC2	6	33	18	DC2	adPN	na	DC2: 0h	nan	PN_0h_VTGAL4_P1_C20
0	VT033006-GFP	0h	379647	1336	DL3	15	15	24	DL3	lPN	na	DL3: 0h	nan	PN_0h_VTGAL4_P1_C21
0	VT033006-GFP	0h	874542	2194	nan	12	15	nan	nan	lPN	na	nan: 0h	nan	PN_0h_VTGAL4_P1_C22
0	VT033006-GFP	0h	109106	1343	nan	18	0	nan	nan	APL	na	nan: 0h	nan	PN_0h_VTGAL4_P1_C23
0	VT033006-GFP	0h	6471306	2800	D	5	33	12	D	adPN	na	D: 0h	D	PN_0h_VTGAL4_P1_C24
0	VT033006-GFP	0h	8992120	2899	nan	14	15	nan	nan	lPN	na	nan: 0h	nan	PN_0h_VTGAL4_P1_C2
0	VT033006-GFP	0h	2167243	1457	VM2	1	0	13	VM2		na	VM2: 0h	VM2	PN_0h_VTGAL4_P1_C3
0	VT033006-GFP	0h	4189342	2430	nan	12	15	nan	nan	lPN	na	nan: 0h	nan	PN_0h_VTGAL4_P1_C6
0	VT033006-GFP	0h	503562	1369	nan	12	15	nan	nan	lPN	na	nan: 0h	nan	PN_0h_VTGAL4_P1_C7
0	VT033006-GFP	0h	5265786	3547	DC3	25	24	20	DC3	adPN	na	DC3: 0h	nan	PN_0h_VTGAL4_P1_C9
0	VT033006-GFP	0h	2611492	2252	nan	18	15	nan	nan	adPN	na	nan: 0h	nan	PN_0h_VTGAL4_P1_D14
0	VT033006-GFP	0h	7440468	3788	VM2	1	0	13	VM2	adPN	na	VM2: 0h	VM2	PN_0h_VTGAL4_P1_D15
0	VT033006-GFP	0h	5654241	2872	DC3	25	24	20	DC3	adPN	na	DC3: 0h	nan	PN_0h_VTGAL4_P1_D1
0	VT033006-GFP	0h	198341	1463	VA1v	0	0	6	VA1v	adPN	na	VA1v: 0h	VA1v	PN_0h_VTGAL4_P1_D21
0	VT033006-GFP	0h	519503	1724	D	5	-1	12	D	adPN	na	D: 0h	D	PN_0h_VTGAL4_P1_D22
0	VT033006-GFP	0h	4908285	2704	DL3	15	15	24	DL3	lPN	na	DL3: 0h	nan	PN_0h_VTGAL4_P1_D23
0	VT033006-GFP	0h	7724098	4394	DA4l	9	18	nan	nan	adPN	na	DA4l: 0h	DA4l	PN_0h_VTGAL4_P1_D3
0	VT033006-GFP	0h	2784638	2178	nan	7	18	nan	nan	adPN	na	nan: 0h	nan	PN_0h_VTGAL4_P1_D5
0	VT033006-GFP	0h	1392567	1600	VA1d	22	24	10	VA1d	adPN	na	VA1d: 0h	nan	PN_0h_VTGAL4_P1_D7
0	VT033006-GFP	0h	5884361	3988	DA4l	9	18	nan	nan	adPN	na	DA4l: 0h	DA4l	PN_0h_VTGAL4_P1_E11
0	VT033006-GFP	0h	2426516	1349	MARS_7	4	-1	7	MARS_7		na	MARS_7: 0h	MARS_7	PN_0h_VTGAL4_P1_E13
0	VT033006-GFP	0h	152346	1131	nan	23	24	nan	nan	adPN	na	nan: 0h	nan	PN_0h_VTGAL4_P1_E17
0	VT033006-GFP	0h	5547196	3661	DC3	25	24	20	DC3	adPN	na	DC3: 0h	nan	PN_0h_VTGAL4_P1_E19
0	VT033006-GFP	0h	2383407	2646	nan	12	15	nan	nan	lPN	na	nan: 0h	nan	PN_0h_VTGAL4_P1_E1
0	VT033006-GFP	0h	3539066	2377	VM7 or VM5v #1	2	0	nan	nan	adPN	na	VM7 or VM5v #1: 0h	VM7 or VM5v #1	PN_0h_VTGAL4_P1_E20
0	VT033006-GFP	0h	112837	1016	nan	NaN	0	nan	nan	lPN	na	nan: 0h	nan	PN_0h_VTGAL4_P1_E22
0	VT033006-GFP	0h	3549857	2482	DC2	6	33	18	DC2	adPN	na	DC2: 0h	nan	PN_0h_VTGAL4_P1_E4
0	VT033006-GFP	0h	3313183	2278	DL3	15	15	24	DL3	lPN	na	DL3: 0h	nan	PN_0h_VTGAL4_P1_E8
0	VT033006-GFP	0h	3938342	5021	VA6	8	18	0	VA6	adPN	na	VA6: 0h	VA6	PN_0h_VTGAL4_P1_F11
0	VT033006-GFP	0h	1415893	1806	VM7 or VM5v #2	3	0	28	VM7 or VM5v #2	lPN	na	VM7 or VM5v #2: 0h	VM7 or VM5v #2	PN_0h_VTGAL4_P1_F13
0	VT033006-GFP	0h	763947	1999	MARS_5	16	20	nan	nan	adPN	na	MARS_5: 0h	MARS_5	PN_0h_VTGAL4_P1_F14
0	VT033006-GFP	0h	512037	1354	DL3	15	15	24	DL3	lPN	na	DL3: 0h	nan	PN_0h_VTGAL4_P1_F16
0	VT033006-GFP	0h	1706280	3600	D	5	33	12	D	adPN	na	D: 0h	D	PN_0h_VTGAL4_P1_F18
0	VT033006-GFP	0h	3930131	2125	VA6	8	18	0	VA6	adPN	na	VA6: 0h	VA6	PN_0h_VTGAL4_P1_F1
0	VT033006-GFP	0h	579702	3911	nan	NaN	15	nan	nan	lPN	na	nan: 0h	nan	PN_0h_VTGAL4_P1_F21
0	VT033006-GFP	0h	366621	3297	nan	14	15	nan	nan	lPN	na	nan: 0h	nan	PN_0h_VTGAL4_P1_F22
0	VT033006-GFP	0h	1954538	3186	VA6	8	18	0	VA6	adPN	na	VA6: 0h	VA6	PN_0h_VTGAL4_P1_F23
0	VT033006-GFP	0h	3450876	3066	DA1_fru+	26	22	15	DA1_fru+	lPN	na	DA1_fru+: 0h	nan	PN_0h_VTGAL4_P1_F24
0	VT033006-GFP	0h	6185425	2612	nan	23	24	nan	nan	adPN	na	nan: 0h	nan	PN_0h_VTGAL4_P1_F6
0	VT033006-GFP	0h	2613297	2365	VA1v	0	0	6	VA1v	adPN	na	VA1v: 0h	VA1v	PN_0h_VTGAL4_P1_F9
0	VT033006-GFP	0h	1476104	2600	VA6	8	18	0	VA6	adPN	na	VA6: 0h	VA6	PN_0h_VTGAL4_P1_G14
0	VT033006-GFP	0h	269207	3767	DA1_fru+	26	15	15	DA1_fru+	lPN	na	DA1_fru+: 0h	nan	PN_0h_VTGAL4_P1_G16
0	VT033006-GFP	0h	387201	1491	nan	14	15	nan	nan	lPN	na	nan: 0h	nan	PN_0h_VTGAL4_P1_G17
0	VT033006-GFP	0h	340126	1445	VM7 or VM5v #1	2	0	nan	nan	adPN	na	VM7 or VM5v #1: 0h	VM7 or VM5v #1	PN_0h_VTGAL4_P1_G19
0	VT033006-GFP	0h	3853661	2253	VM7 or VM5v #1	2	0	nan	nan	adPN	na	VM7 or VM5v #1: 0h	VM7 or VM5v #1	PN_0h_VTGAL4_P1_G22
0	VT033006-GFP	0h	6732897	3134	D	5	33	12	D	adPN	na	D: 0h	D	PN_0h_VTGAL4_P1_G2
0	VT033006-GFP	0h	5169764	2529	DL3	15	15	24	DL3	lPN	na	DL3: 0h	nan	PN_0h_VTGAL4_P1_G5
0	VT033006-GFP	0h	5515294	1871	DA1_fru-	13	15	23	DA1_fru-	lPN	na	DA1_fru-: 0h	nan	PN_0h_VTGAL4_P1_G6
0	VT033006-GFP	0h	5719190	3132	VA5	10	38	26	VA5	lPN	na	VA5: 0h	VA5	PN_0h_VTGAL4_P1_G7
0	VT033006-GFP	0h	2754331	1053	nan	18	18	nan	nan	APL	na	nan: 0h	nan	PN_0h_VTGAL4_P1_G8
0	VT033006-GFP	0h	3872366	3000	DL3	15	15	24	DL3	lPN	na	DL3: 0h	nan	PN_0h_VTGAL4_P1_G9
0	VT033006-GFP	0h	248138	695	nan	18	-1	nan	nan	adPN	na	nan: 0h	nan	PN_0h_VTGAL4_P1_H13
0	VT033006-GFP	0h	459654	1451	VM7 or VM5v #2	3	0	28	VM7 or VM5v #2	adPN	na	VM7 or VM5v #2: 0h	VM7 or VM5v #2	PN_0h_VTGAL4_P1_H16
0	VT033006-GFP	0h	2713602	2024	DA1_fru-	13	15	23	DA1_fru-	lPN	na	DA1_fru-: 0h	nan	PN_0h_VTGAL4_P1_H18
0	VT033006-GFP	0h	6143134	3866	VA1d	22	24	10	VA1d	adPN	na	VA1d: 0h	nan	PN_0h_VTGAL4_P1_H1
0	VT033006-GFP	0h	456001	4866	VA6	8	18	0	VA6		na	VA6: 0h	VA6	PN_0h_VTGAL4_P1_H20
0	VT033006-GFP	0h	7016945	3531	D	5	33	12	D	adPN	na	D: 0h	D	PN_0h_VTGAL4_P1_H24
0	VT033006-GFP	0h	3542901	2189	DL3	15	15	24	DL3	lPN	na	DL3: 0h	nan	PN_0h_VTGAL4_P1_H3
0	VT033006-GFP	0h	3844170	1300	nan	18	18	nan	nan	adPN	na	nan: 0h	nan	PN_0h_VTGAL4_P1_H4
0	VT033006-GFP	0h	5556892	2992	MARS_5	16	20	nan	nan	adPN	na	MARS_5: 0h	MARS_5	PN_0h_VTGAL4_P1_H6
0	VT033006-GFP	0h	1173443	1525	nan	23	24	nan	nan	adPN	na	nan: 0h	nan	PN_0h_VTGAL4_P1_H7
0	VT033006-GFP	0h	5611829	2894	VM2	1	0	13	VM2	adPN	na	VM2: 0h	VM2	PN_0h_VTGAL4_P1_I16
0	VT033006-GFP	0h	7362328	3431	VA5	10	38	26	VA5	lPN	na	VA5: 0h	VA5	PN_0h_VTGAL4_P1_I17
0	VT033006-GFP	0h	7268417	3349	VM2	1	0	13	VM2	adPN	na	VM2: 0h	VM2	PN_0h_VTGAL4_P1_I18
0	VT033006-GFP	0h	6631555	3237	MARS_7	4	32	7	MARS_7	adPN	na	MARS_7: 0h	MARS_7	PN_0h_VTGAL4_P1_I20
0	VT033006-GFP	0h	2369255	2638	VC2	27	22	16	VC2	lPN	na	VC2: 0h	VC2	PN_0h_VTGAL4_P1_I23
0	VT033006-GFP	0h	3900904	3939	DC2	6	33	18	DC2	adPN	na	DC2: 0h	nan	PN_0h_VTGAL4_P1_I2
0	VT033006-GFP	0h	4885278	3629	VA1v	0	0	6	VA1v	adPN	na	VA1v: 0h	VA1v	PN_0h_VTGAL4_P1_I4
0	VT033006-GFP	0h	7510581	4241	VC2	27	22	16	VC2	lPN	na	VC2: 0h	VC2	PN_0h_VTGAL4_P1_I5
0	VT033006-GFP	0h	6257609	3288	DL3	15	15	24	DL3	lPN	na	DL3: 0h	nan	PN_0h_VTGAL4_P1_I6
0	VT033006-GFP	0h	2692308	2138	nan	12	15	nan	nan	lPN	na	nan: 0h	nan	PN_0h_VTGAL4_P1_I7
0	VT033006-GFP	0h	6599154	4198	MARS_5	16	20	nan	nan	adPN	na	MARS_5: 0h	MARS_5	PN_0h_VTGAL4_P1_I9
0	VT033006-GFP	0h	1826184	2133	DC3	25	24	20	DC3	adPN	na	DC3: 0h	nan	PN_0h_VTGAL4_P1_J12
0	VT033006-GFP	0h	1136746	2019	nan	12	15	nan	nan	lPN	na	nan: 0h	nan	PN_0h_VTGAL4_P1_J13
0	VT033006-GFP	0h	1145805	1252	VM7 or VM5v #2	3	0	28	VM7 or VM5v #2	adPN	na	VM7 or VM5v #2: 0h	VM7 or VM5v #2	PN_0h_VTGAL4_P1_J14
0	VT033006-GFP	0h	860872	813	nan	18	18	nan	nan	APL	na	nan: 0h	nan	PN_0h_VTGAL4_P1_J16
0	VT033006-GFP	0h	4479158	2449	nan	12	15	nan	nan	lPN	na	nan: 0h	nan	PN_0h_VTGAL4_P1_J18
0	VT033006-GFP	0h	3427673	3597	VA6	8	18	0	VA6	adPN	na	VA6: 0h	VA6	PN_0h_VTGAL4_P1_J19
0	VT033006-GFP	0h	2143048	2269	nan	12	15	nan	nan	lPN	na	nan: 0h	nan	PN_0h_VTGAL4_P1_J20
0	VT033006-GFP	0h	6679845	2376	nan	12	15	nan	nan	lPN	na	nan: 0h	nan	PN_0h_VTGAL4_P1_J24
0	VT033006-GFP	0h	2441040	1371	VA5	10	-1	26	VA5		na	VA5: 0h	VA5	PN_0h_VTGAL4_P1_J6
0	VT033006-GFP	0h	4166845	2344	nan	23	24	nan	nan	adPN	na	nan: 0h	nan	PN_0h_VTGAL4_P1_J7
0	VT033006-GFP	0h	4609314	2155	DL3	15	15	24	DL3	lPN	na	DL3: 0h	nan	PN_0h_VTGAL4_P1_J8
0	VT033006-GFP	0h	874162	1905	VA1d	22	24	10	VA1d	adPN	na	VA1d: 0h	nan	PN_0h_VTGAL4_P1_J9
0	VT033006-GFP	0h	5314215	3149	nan	14	15	nan	nan	lPN	na	nan: 0h	nan	PN_0h_VTGAL4_P1_K12
0	VT033006-GFP	0h	2852366	2415	D	5	-1	12	D	adPN	na	D: 0h	D	PN_0h_VTGAL4_P1_K14
0	VT033006-GFP	0h	5760241	3051	MARS_7	4	-1	7	MARS_7		na	MARS_7: 0h	MARS_7	PN_0h_VTGAL4_P1_K15
0	VT033006-GFP	0h	6400427	2828	nan	23	24	nan	nan	adPN	na	nan: 0h	nan	PN_0h_VTGAL4_P1_K16
0	VT033006-GFP	0h	4382446	3260	DA1_fru-	13	15	23	DA1_fru-	lPN	na	DA1_fru-: 0h	nan	PN_0h_VTGAL4_P1_K17
0	VT033006-GFP	0h	5297488	3470	MARS_9	11	37	9	MARS_9	lPN	na	MARS_9: 0h	MARS_9	PN_0h_VTGAL4_P1_K19
0	VT033006-GFP	0h	3751535	3229	DL3	15	15	24	DL3	lPN	na	DL3: 0h	nan	PN_0h_VTGAL4_P1_K20
0	VT033006-GFP	0h	192521	776	nan	18	18	nan	nan	adPN	na	nan: 0h	nan	PN_0h_VTGAL4_P1_K22
0	VT033006-GFP	0h	786446	2001	nan	12	15	nan	nan	lPN	na	nan: 0h	nan	PN_0h_VTGAL4_P1_K23
0	VT033006-GFP	0h	3278433	2178	DA1_fru+	26	15	15	DA1_fru+	lPN	na	DA1_fru+: 0h	nan	PN_0h_VTGAL4_P1_K24
0	VT033006-GFP	0h	4951011	3531	VC2	27	22	16	VC2	lPN	na	VC2: 0h	VC2	PN_0h_VTGAL4_P1_K4
0	VT033006-GFP	0h	7062485	3966	VA5	10	38	26	VA5	lPN	na	VA5: 0h	VA5	PN_0h_VTGAL4_P1_K5
0	VT033006-GFP	0h	3162888	1829	nan	NaN	18	nan	nan	adPN	na	nan: 0h	nan	PN_0h_VTGAL4_P1_K6
0	VT033006-GFP	0h	4905830	2800	VA1v	0	0	6	VA1v	adPN	na	VA1v: 0h	VA1v	PN_0h_VTGAL4_P1_K9
0	VT033006-GFP	0h	1657206	2142	D	5	33	12	D	adPN	na	D: 0h	D	PN_0h_VTGAL4_P1_L19
0	VT033006-GFP	0h	3231608	1723	DL3	15	15	24	DL3	lPN	na	DL3: 0h	nan	PN_0h_VTGAL4_P1_L1
0	VT033006-GFP	0h	4238572	3436	VA6	8	18	0	VA6	adPN	na	VA6: 0h	VA6	PN_0h_VTGAL4_P1_L20
0	VT033006-GFP	0h	372742	1559	DL3	15	15	24	DL3	lPN	na	DL3: 0h	nan	PN_0h_VTGAL4_P1_L23
0	VT033006-GFP	0h	115975	1282	DM2	20	25	11	DM2	APL	na	DM2: 0h	nan	PN_0h_VTGAL4_P1_L24
0	VT033006-GFP	0h	2792125	2344	DC3	25	24	20	DC3	adPN	na	DC3: 0h	nan	PN_0h_VTGAL4_P1_L6
0	VT033006-GFP	0h	2868008	1890	nan	NaN	18	nan	nan	adPN	na	nan: 0h	nan	PN_0h_VTGAL4_P1_L8
0	VT033006-GFP	0h	1884474	2559	DA1_fru-	13	15	23	DA1_fru-	lPN	na	DA1_fru-: 0h	nan	PN_0h_VTGAL4_P1_M11
0	VT033006-GFP	0h	429232	1326	nan	12	15	nan	nan	lPN	na	nan: 0h	nan	PN_0h_VTGAL4_P1_M15
0	VT033006-GFP	0h	1336849	1567	nan	12	15	nan	nan	lPN	na	nan: 0h	nan	PN_0h_VTGAL4_P1_M16
0	VT033006-GFP	0h	3407622	3185	VA6	8	18	0	VA6	adPN	na	VA6: 0h	VA6	PN_0h_VTGAL4_P1_M17
0	VT033006-GFP	0h	5003460	3249	VC2	27	22	16	VC2	lPN	na	VC2: 0h	VC2	PN_0h_VTGAL4_P1_M18
0	VT033006-GFP	0h	337370	1160	DC3	25	24	20	DC3	adPN	na	DC3: 0h	nan	PN_0h_VTGAL4_P1_M19
0	VT033006-GFP	0h	578080	1615	D	5	33	12	D	adPN	na	D: 0h	D	PN_0h_VTGAL4_P1_M1
0	VT033006-GFP	0h	2665699	2823	DC3	25	24	20	DC3		na	DC3: 0h	nan	PN_0h_VTGAL4_P1_M20
0	VT033006-GFP	0h	7692286	3171	VA1v	0	0	6	VA1v	adPN	na	VA1v: 0h	VA1v	PN_0h_VTGAL4_P1_M22
0	VT033006-GFP	0h	7945108	2410	DL1	17	20	8	DL1	adPN	na	DL1: 0h	DL1	PN_0h_VTGAL4_P1_M23
0	VT033006-GFP	0h	6705931	3451	nan	21	25	nan	nan	lPN	na	nan: 0h	nan	PN_0h_VTGAL4_P1_M2
0	VT033006-GFP	0h	8097560	4642	VA6	8	18	0	VA6	adPN	na	VA6: 0h	VA6	PN_0h_VTGAL4_P1_M4
0	VT033006-GFP	0h	8402628	3045	DL3	15	15	24	DL3	lPN	na	DL3: 0h	nan	PN_0h_VTGAL4_P1_M5
0	VT033006-GFP	0h	3605520	3258	DA4l	9	18	nan	nan	adPN	na	DA4l: 0h	DA4l	PN_0h_VTGAL4_P1_M6
0	VT033006-GFP	0h	2985439	2134	DA1_fru-	13	15	23	DA1_fru-	lPN	na	DA1_fru-: 0h	nan	PN_0h_VTGAL4_P1_M7
0	VT033006-GFP	0h	4267610	2601	VA1d	22	24	10	VA1d	adPN	na	VA1d: 0h	nan	PN_0h_VTGAL4_P1_M8
0	VT033006-GFP	0h	7863831	3492	DA1_fru+	26	15	15	DA1_fru+	lPN	na	DA1_fru+: 0h	nan	PN_0h_VTGAL4_P1_M9
0	VT033006-GFP	0h	6915282	3191	DC2	6	33	18	DC2	adPN	na	DC2: 0h	nan	PN_0h_VTGAL4_P1_N10
0	VT033006-GFP	0h	3864358	2611	D	5	33	12	D	adPN	na	D: 0h	D	PN_0h_VTGAL4_P1_N13
0	VT033006-GFP	0h	1568232	1994	VA1v	0	0	6	VA1v	adPN	na	VA1v: 0h	VA1v	PN_0h_VTGAL4_P1_N14
0	VT033006-GFP	0h	6475833	2936	nan	23	24	nan	nan	adPN	na	nan: 0h	nan	PN_0h_VTGAL4_P1_N15
0	VT033006-GFP	0h	2467757	2113	VA6	8	18	0	VA6		na	VA6: 0h	VA6	PN_0h_VTGAL4_P1_N16
0	VT033006-GFP	0h	3202984	2155	DL3	15	15	24	DL3	lPN	na	DL3: 0h	nan	PN_0h_VTGAL4_P1_N19
0	VT033006-GFP	0h	3772614	2603	nan	12	15	nan	nan	lPN	na	nan: 0h	nan	PN_0h_VTGAL4_P1_N22
0	VT033006-GFP	0h	7872172	3284	VA1d	22	24	10	VA1d	adPN	na	VA1d: 0h	nan	PN_0h_VTGAL4_P1_N23
0	VT033006-GFP	0h	3843658	2277	nan	14	15	nan	nan	lPN	na	nan: 0h	nan	PN_0h_VTGAL4_P1_N3
0	VT033006-GFP	0h	6473609	3602	VA6	8	18	0	VA6	adPN	na	VA6: 0h	VA6	PN_0h_VTGAL4_P1_N8
0	VT033006-GFP	0h	8289033	3326	D	5	33	12	D	adPN	na	D: 0h	D	PN_0h_VTGAL4_P1_O10
0	VT033006-GFP	0h	7667091	4014	DM2	20	25	11	DM2	lPN	na	DM2: 0h	nan	PN_0h_VTGAL4_P1_O11
0	VT033006-GFP	0h	8238483	2707	DL3	15	15	24	DL3	lPN	na	DL3: 0h	nan	PN_0h_VTGAL4_P1_O13
0	VT033006-GFP	0h	991840	1875	nan	12	15	nan	nan	lPN	na	nan: 0h	nan	PN_0h_VTGAL4_P1_O16
0	VT033006-GFP	0h	3311414	1489	DC3	25	24	20	DC3		na	DC3: 0h	nan	PN_0h_VTGAL4_P1_O17
0	VT033006-GFP	0h	692719	824	nan	18	-1	nan	nan	APL	na	nan: 0h	nan	PN_0h_VTGAL4_P1_O20
0	VT033006-GFP	0h	736383	1903	nan	NaN	-1	nan	nan	lPN	na	nan: 0h	nan	PN_0h_VTGAL4_P1_O21
0	VT033006-GFP	0h	3666489	2788	nan	12	15	nan	nan	lPN	na	nan: 0h	nan	PN_0h_VTGAL4_P1_O22
0	VT033006-GFP	0h	1793192	1442	D	5	-1	12	D	adPN	na	D: 0h	D	PN_0h_VTGAL4_P1_O24
0	VT033006-GFP	0h	767733	1725	DL3	15	15	24	DL3	lPN	na	DL3: 0h	nan	PN_0h_VTGAL4_P1_O4
0	VT033006-GFP	0h	1502351	3087	VA6	8	18	0	VA6	adPN	na	VA6: 0h	VA6	PN_0h_VTGAL4_P1_O5
0	VT033006-GFP	0h	1351376	2356	VM2	1	0	13	VM2	adPN	na	VM2: 0h	VM2	PN_0h_VTGAL4_P1_O6
0	VT033006-GFP	0h	397190	1626	D	5	33	12	D	adPN	na	D: 0h	D	PN_0h_VTGAL4_P1_O8
0	VT033006-GFP	0h	526384	1733	DC3	25	24	20	DC3	adPN	na	DC3: 0h	nan	PN_0h_VTGAL4_P1_O9
0	VT033006-GFP	0h	1842504	3104	VA6	8	18	0	VA6	adPN	na	VA6: 0h	VA6	PN_0h_VTGAL4_P1_P14
0	VT033006-GFP	0h	5987176	3459	MARS_9	11	37	9	MARS_9	lPN	na	MARS_9: 0h	MARS_9	PN_0h_VTGAL4_P1_P15
0	VT033006-GFP	0h	7137165	3451	D	5	33	12	D	adPN	na	D: 0h	D	PN_0h_VTGAL4_P1_P16
0	VT033006-GFP	0h	1778999	2625	DC2	6	33	18	DC2	adPN	na	DC2: 0h	nan	PN_0h_VTGAL4_P1_P17
0	VT033006-GFP	0h	6562844	4114	nan	21	25	nan	nan	lPN	na	nan: 0h	nan	PN_0h_VTGAL4_P1_P18
0	VT033006-GFP	0h	501411	1293	nan	23	24	nan	nan	adPN	na	nan: 0h	nan	PN_0h_VTGAL4_P1_P19
0	VT033006-GFP	0h	185293	1323	nan	NaN	0	nan	nan	adPN	na	nan: 0h	nan	PN_0h_VTGAL4_P1_P5
0	VT033006-GFP	0h	248090	937	nan	18	-1	nan	nan	APL	na	nan: 0h	nan	PN_0h_VTGAL4_P1_P6
0	VT033006-GFP	0h	788140	2353	nan	21	-1	nan	nan	lPN	na	nan: 0h	nan	PN_0h_VTGAL4_P1_P7
0	VT033006-GFP	0h	3513549	2897	VA5	10	38	26	VA5	lPN	na	VA5: 0h	VA5	PN_0h_VTGAL4_P1_P8
0	VT033006-GFP	0h	306660	1654	DL3	15	15	24	DL3	lPN	na	DL3: 0h	nan	PN_0h_VTGAL4_P1_P9
0	VT033006-GFP	0h	115701	1240	nan	14	15	nan	nan	lPN	na	nan: 0h	nan	PN_0h_VTGAL4_P2_C10
0	VT033006-GFP	0h	218630	1356	D	5	33	12	D	adPN	na	D: 0h	D	PN_0h_VTGAL4_P2_C12
0	VT033006-GFP	0h	5086062	3194	DC3	25	24	20	DC3	adPN	na	DC3: 0h	nan	PN_0h_VTGAL4_P2_C5
0	VT033006-GFP	0h	4045938	2831	DL1	17	20	8	DL1	adPN	na	DL1: 0h	DL1	PN_0h_VTGAL4_P2_C6
0	VT033006-GFP	0h	4248672	2434	VA5	10	38	26	VA5	lPN	na	VA5: 0h	VA5	PN_0h_VTGAL4_P2_D10
0	VT033006-GFP	0h	7687937	3329	VM7 or VM5v #2	3	0	28	VM7 or VM5v #2	adPN	na	VM7 or VM5v #2: 0h	VM7 or VM5v #2	PN_0h_VTGAL4_P2_D11
0	VT033006-GFP	0h	1865923	1999	VA1d	22	24	10	VA1d	adPN	na	VA1d: 0h	nan	PN_0h_VTGAL4_P2_D4
0	VT033006-GFP	0h	4882612	2029	nan	23	24	nan	nan	adPN	na	nan: 0h	nan	PN_0h_VTGAL4_P2_D6
0	VT033006-GFP	0h	4538258	2896	VA1v	0	0	6	VA1v	adPN	na	VA1v: 0h	VA1v	PN_0h_VTGAL4_P2_E3
0	VT033006-GFP	0h	3815557	2470	MARS_9	11	37	9	MARS_9	lPN	na	MARS_9: 0h	MARS_9	PN_0h_VTGAL4_P2_E4
0	VT033006-GFP	0h	3373567	2271	DA4l	9	18	nan	nan	adPN	na	DA4l: 0h	DA4l	PN_0h_VTGAL4_P2_E5
0	VT033006-GFP	0h	4530464	2342	VM2	1	0	13	VM2	adPN	na	VM2: 0h	VM2	PN_0h_VTGAL4_P2_E7
0	VT033006-GFP	0h	2486776	1967	VA1d	22	24	10	VA1d		na	VA1d: 0h	nan	PN_0h_VTGAL4_P2_E9
0	VT033006-GFP	0h	2113580	1701	nan	12	15	nan	nan	lPN	na	nan: 0h	nan	PN_0h_VTGAL4_P2_F10
0	VT033006-GFP	0h	3014808	3363	VM2	1	0	13	VM2	adPN	na	VM2: 0h	VM2	PN_0h_VTGAL4_P2_F11
0	VT033006-GFP	0h	357739	1187	nan	23	-1	nan	nan		na	nan: 0h	nan	PN_0h_VTGAL4_P2_F12
0	VT033006-GFP	0h	3048482	1780	nan	23	24	nan	nan	adPN	na	nan: 0h	nan	PN_0h_VTGAL4_P2_F13
0	VT033006-GFP	0h	5260033	3467	DC2	6	33	18	DC2	adPN	na	DC2: 0h	nan	PN_0h_VTGAL4_P2_F3
0	VT033006-GFP	0h	5518826	3102	DA1_fru+	26	15	15	DA1_fru+	lPN	na	DA1_fru+: 0h	nan	PN_0h_VTGAL4_P2_F8
0	VT033006-GFP	0h	4933283	2944	DA1_fru-	13	15	23	DA1_fru-	lPN	na	DA1_fru-: 0h	nan	PN_0h_VTGAL4_P2_F9
0	VT033006-GFP	0h	3052809	1819	DA1_fru-	13	15	23	DA1_fru-	lPN	na	DA1_fru-: 0h	nan	PN_0h_VTGAL4_P2_G12
0	VT033006-GFP	0h	1669234	2318	DA1_fru+	26	-1	15	DA1_fru+	lPN	na	DA1_fru+: 0h	nan	PN_0h_VTGAL4_P2_G13
0	VT033006-GFP	0h	2039454	1472	DA1_fru-	13	15	23	DA1_fru-	lPN	na	DA1_fru-: 0h	nan	PN_0h_VTGAL4_P2_G14
0	VT033006-GFP	0h	329158	1042	nan	12	15	nan	nan	lPN	na	nan: 0h	nan	PN_0h_VTGAL4_P2_G15
0	VT033006-GFP	0h	1581152	1978	VA1v	0	0	6	VA1v	adPN	na	VA1v: 0h	VA1v	PN_0h_VTGAL4_P2_G16
0	VT033006-GFP	0h	5099610	2383	DA1_fru-	13	15	23	DA1_fru-	lPN	na	DA1_fru-: 0h	nan	PN_0h_VTGAL4_P2_G3
0	VT033006-GFP	0h	995761	2377	MARS_5	16	20	nan	nan	adPN	na	MARS_5: 0h	MARS_5	PN_0h_VTGAL4_P2_G5
0	VT033006-GFP	0h	1149683	992	nan	18	18	nan	nan	APL	na	nan: 0h	nan	PN_0h_VTGAL4_P2_G6
0	VT033006-GFP	0h	4869295	2209	nan	14	15	nan	nan	lPN	na	nan: 0h	nan	PN_0h_VTGAL4_P2_G7
0	VT033006-GFP	0h	4812300	3261	VM7 or VM5v #1	2	0	nan	nan	adPN	na	VM7 or VM5v #1: 0h	VM7 or VM5v #1	PN_0h_VTGAL4_P2_G8
0	VT033006-GFP	0h	2237447	2072	nan	23	24	nan	nan	adPN	na	nan: 0h	nan	PN_0h_VTGAL4_P2_H10
0	VT033006-GFP	0h	1136791	1650	D	5	32	12	D	adPN	na	D: 0h	D	PN_0h_VTGAL4_P2_H11
0	VT033006-GFP	0h	3777064	2168	VM7 or VM5v #1	2	0	nan	nan	adPN	na	VM7 or VM5v #1: 0h	VM7 or VM5v #1	PN_0h_VTGAL4_P2_H13
0	VT033006-GFP	0h	625344	1442	nan	12	15	nan	nan	lPN	na	nan: 0h	nan	PN_0h_VTGAL4_P2_H14
0	VT033006-GFP	0h	482773	1479	nan	23	24	nan	nan	adPN	na	nan: 0h	nan	PN_0h_VTGAL4_P2_H17
0	VT033006-GFP	0h	4898739	2580	VM2	1	0	13	VM2	adPN	na	VM2: 0h	VM2	PN_0h_VTGAL4_P2_H4
0	VT033006-GFP	0h	5006848	3697	VA1d	22	24	10	VA1d	adPN	na	VA1d: 0h	nan	PN_0h_VTGAL4_P2_H6
0	VT033006-GFP	0h	391558	978	DL3	15	15	24	DL3	lPN	na	DL3: 0h	nan	PN_0h_VTGAL4_P2_I11
0	VT033006-GFP	0h	1116132	1636	nan	NaN	24	nan	nan	adPN	na	nan: 0h	nan	PN_0h_VTGAL4_P2_I13
0	VT033006-GFP	0h	4443759	2517	VM2	1	0	13	VM2	adPN	na	VM2: 0h	VM2	PN_0h_VTGAL4_P2_I15
0	VT033006-GFP	0h	5477264	3700	MARS_9	11	37	9	MARS_9	lPN	na	MARS_9: 0h	MARS_9	PN_0h_VTGAL4_P2_I5
0	VT033006-GFP	0h	3548292	3877	VA6	8	18	0	VA6	adPN	na	VA6: 0h	VA6	PN_0h_VTGAL4_P2_I6
0	VT033006-GFP	0h	1403724	2178	VA1d	22	24	10	VA1d	adPN	na	VA1d: 0h	nan	PN_0h_VTGAL4_P2_J11
0	VT033006-GFP	0h	4321795	2252	VA1v	0	0	6	VA1v	adPN	na	VA1v: 0h	VA1v	PN_0h_VTGAL4_P2_J13
0	VT033006-GFP	0h	3087781	1900	nan	12	15	nan	nan	lPN	na	nan: 0h	nan	PN_0h_VTGAL4_P2_J14
0	VT033006-GFP	0h	1147848	2142	nan	19	18	nan	nan	adPN	na	nan: 0h	nan	PN_0h_VTGAL4_P2_J17
0	VT033006-GFP	0h	3134318	2507	VA5	10	-1	26	VA5	lPN	na	VA5: 0h	VA5	PN_0h_VTGAL4_P2_J18
0	VT033006-GFP	0h	459210	1659	MARS_9	11	37	9	MARS_9	lPN	na	MARS_9: 0h	MARS_9	PN_0h_VTGAL4_P2_J19
0	VT033006-GFP	0h	127798	1186	nan	18	24	nan	nan	adPN	na	nan: 0h	nan	PN_0h_VTGAL4_P2_J2
0	VT033006-GFP	0h	7046985	3152	nan	14	15	nan	nan	lPN	na	nan: 0h	nan	PN_0h_VTGAL4_P2_J4
0	VT033006-GFP	0h	1929782	2488	VA1v	0	0	6	VA1v	adPN	na	VA1v: 0h	VA1v	PN_0h_VTGAL4_P2_J5
0	VT033006-GFP	0h	4293530	2305	nan	23	24	nan	nan	adPN	na	nan: 0h	nan	PN_0h_VTGAL4_P2_J6
0	VT033006-GFP	0h	3994865	2889	VA5	10	38	26	VA5	lPN	na	VA5: 0h	VA5	PN_0h_VTGAL4_P2_J8
0	VT033006-GFP	0h	260014	1390	nan	12	15	nan	nan	lPN	na	nan: 0h	nan	PN_0h_VTGAL4_P2_K10
0	VT033006-GFP	0h	3361027	2037	DA1_fru-	13	15	23	DA1_fru-	lPN	na	DA1_fru-: 0h	nan	PN_0h_VTGAL4_P2_K11
0	VT033006-GFP	0h	914259	2032	nan	23	24	nan	nan	adPN	na	nan: 0h	nan	PN_0h_VTGAL4_P2_K14
0	VT033006-GFP	0h	2453017	2431	DC3	25	24	20	DC3	adPN	na	DC3: 0h	nan	PN_0h_VTGAL4_P2_K16
0	VT033006-GFP	0h	4241388	3525	VA6	8	18	0	VA6	adPN	na	VA6: 0h	VA6	PN_0h_VTGAL4_P2_K18
0	VT033006-GFP	0h	3603323	2599	nan	12	15	nan	nan	lPN	na	nan: 0h	nan	PN_0h_VTGAL4_P2_K2
0	VT033006-GFP	0h	5228580	2570	nan	23	24	nan	nan	adPN	na	nan: 0h	nan	PN_0h_VTGAL4_P2_K5
0	VT033006-GFP	0h	4360024	2280	nan	23	24	nan	nan	adPN	na	nan: 0h	nan	PN_0h_VTGAL4_P2_K6
0	VT033006-GFP	0h	5240414	2697	DC2	6	33	18	DC2	adPN	na	DC2: 0h	nan	PN_0h_VTGAL4_P2_K7
0	VT033006-GFP	0h	1193039	1982	DC3	25	24	20	DC3	adPN	na	DC3: 0h	nan	PN_0h_VTGAL4_P2_K9
0	VT033006-GFP	0h	3371927	1849	VM7 or VM5v #2	3	0	28	VM7 or VM5v #2	adPN	na	VM7 or VM5v #2: 0h	VM7 or VM5v #2	PN_0h_VTGAL4_P2_L10
0	VT033006-GFP	0h	5758257	2364	nan	12	15	nan	nan	lPN	na	nan: 0h	nan	PN_0h_VTGAL4_P2_L11
0	VT033006-GFP	0h	851071	1874	nan	18	18	nan	nan		na	nan: 0h	nan	PN_0h_VTGAL4_P2_L14
0	VT033006-GFP	0h	217909	603	nan	18	18	nan	nan	APL	na	nan: 0h	nan	PN_0h_VTGAL4_P2_L15
0	VT033006-GFP	0h	5936742	3075	VA5	10	38	26	VA5	lPN	na	VA5: 0h	VA5	PN_0h_VTGAL4_P2_L18
0	VT033006-GFP	0h	1761836	2064	nan	23	24	nan	nan	adPN	na	nan: 0h	nan	PN_0h_VTGAL4_P2_L19
0	VT033006-GFP	0h	498352	876	nan	18	-1	nan	nan	adPN	na	nan: 0h	nan	PN_0h_VTGAL4_P2_L2
0	VT033006-GFP	0h	2363621	1795	nan	18	15	nan	nan	lPN	na	nan: 0h	nan	PN_0h_VTGAL4_P2_L4
0	VT033006-GFP	0h	3307662	1831	DL3	15	15	24	DL3	lPN	na	DL3: 0h	nan	PN_0h_VTGAL4_P2_L5
0	VT033006-GFP	0h	6206690	2993	DM2	20	25	11	DM2	lPN	na	DM2: 0h	nan	PN_0h_VTGAL4_P2_L6
0	VT033006-GFP	0h	4452913	2745	VA5	10	38	26	VA5	lPN	na	VA5: 0h	VA5	PN_0h_VTGAL4_P2_L7
0	VT033006-GFP	0h	2435312	2261	MARS_7	4	32	7	MARS_7		na	MARS_7: 0h	MARS_7	PN_0h_VTGAL4_P2_L8
0	VT033006-GFP	0h	7011513	3340	VA5	10	38	26	VA5	lPN	na	VA5: 0h	VA5	PN_0h_VTGAL4_P2_M10
0	VT033006-GFP	0h	1651737	1074	nan	18	18	nan	nan	adPN	na	nan: 0h	nan	PN_0h_VTGAL4_P2_M11
0	VT033006-GFP	0h	2872674	2016	VM2	1	0	13	VM2		na	VM2: 0h	VM2	PN_0h_VTGAL4_P2_M12
0	VT033006-GFP	0h	155499	555	DL3	15	15	24	DL3	APL	na	DL3: 0h	nan	PN_0h_VTGAL4_P2_M13
0	VT033006-GFP	0h	6255957	2926	MARS_5	16	20	nan	nan	adPN	na	MARS_5: 0h	MARS_5	PN_0h_VTGAL4_P2_M15
0	VT033006-GFP	0h	1761246	1751	DL3	15	15	24	DL3	lPN	na	DL3: 0h	nan	PN_0h_VTGAL4_P2_M16
0	VT033006-GFP	0h	2455514	1288	nan	18	18	nan	nan	adPN	na	nan: 0h	nan	PN_0h_VTGAL4_P2_M20
0	VT033006-GFP	0h	1891949	2244	VM7 or VM5v #1	2	0	nan	nan	adPN	na	VM7 or VM5v #1: 0h	VM7 or VM5v #1	PN_0h_VTGAL4_P2_M21
0	VT033006-GFP	0h	1359093	1785	VA6	8	18	0	VA6	adPN	na	VA6: 0h	VA6	PN_0h_VTGAL4_P2_M2
0	VT033006-GFP	0h	6011158	3070	VM7 or VM5v #2	3	0	28	VM7 or VM5v #2	adPN	na	VM7 or VM5v #2: 0h	VM7 or VM5v #2	PN_0h_VTGAL4_P2_M5
0	VT033006-GFP	0h	7526377	3618	VM2	1	0	13	VM2	adPN	na	VM2: 0h	VM2	PN_0h_VTGAL4_P2_M6
0	VT033006-GFP	0h	6469727	3756	VA5	10	38	26	VA5	lPN	na	VA5: 0h	VA5	PN_0h_VTGAL4_P2_M7
0	VT033006-GFP	0h	6023199	2678	VM2	1	0	13	VM2		na	VM2: 0h	VM2	PN_0h_VTGAL4_P2_M8
0	VT033006-GFP	0h	4827139	2767	DA4l	9	18	nan	nan	adPN	na	DA4l: 0h	DA4l	PN_0h_VTGAL4_P2_M9
0	VT033006-GFP	0h	5533666	2330	VM7 or VM5v #2	3	0	28	VM7 or VM5v #2	adPN	na	VM7 or VM5v #2: 0h	VM7 or VM5v #2	PN_0h_VTGAL4_P2_N10
0	VT033006-GFP	0h	4528040	2789	VA5	10	38	26	VA5	lPN	na	VA5: 0h	VA5	PN_0h_VTGAL4_P2_N13
0	VT033006-GFP	0h	1287569	1937	D	5	33	12	D	adPN	na	D: 0h	D	PN_0h_VTGAL4_P2_N17
0	VT033006-GFP	0h	131640	1045	nan	NaN	15	nan	nan	lPN	na	nan: 0h	nan	PN_0h_VTGAL4_P2_N19
0	VT033006-GFP	0h	2621966	2272	nan	12	15	nan	nan	lPN	na	nan: 0h	nan	PN_0h_VTGAL4_P2_N20
0	VT033006-GFP	0h	1809371	1935	nan	14	15	nan	nan	lPN	na	nan: 0h	nan	PN_0h_VTGAL4_P2_N21
0	VT033006-GFP	0h	1046656	2028	DL3	15	15	24	DL3	lPN	na	DL3: 0h	nan	PN_0h_VTGAL4_P2_N2
0	VT033006-GFP	0h	1920723	2306	D	5	33	12	D	adPN	na	D: 0h	D	PN_0h_VTGAL4_P2_N3
0	VT033006-GFP	0h	4842716	3608	VA6	8	18	0	VA6	adPN	na	VA6: 0h	VA6	PN_0h_VTGAL4_P2_N4
0	VT033006-GFP	0h	5475235	2752	nan	14	15	nan	nan	lPN	na	nan: 0h	nan	PN_0h_VTGAL4_P2_N6
0	VT033006-GFP	0h	6934158	3688	DM2	20	25	11	DM2	lPN	na	DM2: 0h	nan	PN_0h_VTGAL4_P2_N7
0	VT033006-GFP	0h	3890250	2403	VM7 or VM5v #2	3	0	28	VM7 or VM5v #2	adPN	na	VM7 or VM5v #2: 0h	VM7 or VM5v #2	PN_0h_VTGAL4_P2_N8
0	VT033006-GFP	0h	5654407	2842	DA1_fru-	13	15	23	DA1_fru-	lPN	na	DA1_fru-: 0h	nan	PN_0h_VTGAL4_P2_N9
0	VT033006-GFP	0h	4092834	2691	VM7 or VM5v #1	2	0	nan	nan	adPN	na	VM7 or VM5v #1: 0h	VM7 or VM5v #1	PN_0h_VTGAL4_P2_O10
0	VT033006-GFP	0h	1882783	2173	nan	12	15	nan	nan	lPN	na	nan: 0h	nan	PN_0h_VTGAL4_P2_O11
0	VT033006-GFP	0h	7349952	4762	VA6	8	18	0	VA6	adPN	na	VA6: 0h	VA6	PN_0h_VTGAL4_P2_O13
0	VT033006-GFP	0h	4235007	2346	nan	12	15	nan	nan	lPN	na	nan: 0h	nan	PN_0h_VTGAL4_P2_O19
0	VT033006-GFP	0h	4596523	3174	VA1d	22	24	10	VA1d	adPN	na	VA1d: 0h	nan	PN_0h_VTGAL4_P2_O4
0	VT033006-GFP	0h	4453953	2814	nan	12	15	nan	nan	lPN	na	nan: 0h	nan	PN_0h_VTGAL4_P2_O5
0	VT033006-GFP	0h	1214981	2982	D	5	33	12	D	adPN	na	D: 0h	D	PN_0h_VTGAL4_P2_O6
0	VT033006-GFP	0h	2912771	2772	MARS_9	11	-1	9	MARS_9	lPN	na	MARS_9: 0h	MARS_9	PN_0h_VTGAL4_P2_O8
0	VT033006-GFP	0h	246530	2639	VM7 or VM5v #2	3	0	28	VM7 or VM5v #2	adPN	na	VM7 or VM5v #2: 0h	VM7 or VM5v #2	PN_0h_VTGAL4_P2_O9
0	VT033006-GFP	0h	3695822	3020	VM2	1	0	13	VM2	adPN	na	VM2: 0h	VM2	PN_0h_VTGAL4_P2_P11
0	VT033006-GFP	0h	4860485	2744	D	5	33	12	D	adPN	na	D: 0h	D	PN_0h_VTGAL4_P2_P12
0	VT033006-GFP	0h	2116612	2016	nan	12	15	nan	nan	lPN	na	nan: 0h	nan	PN_0h_VTGAL4_P2_P13
0	VT033006-GFP	0h	2917798	1955	DA1_fru-	13	15	23	DA1_fru-	lPN	na	DA1_fru-: 0h	nan	PN_0h_VTGAL4_P2_P15
0	VT033006-GFP	0h	2981775	3474	nan	21	25	nan	nan	lPN	na	nan: 0h	nan	PN_0h_VTGAL4_P2_P3
0	VT033006-GFP	0h	1791355	4439	VC2	27	22	16	VC2	lPN	na	VC2: 0h	VC2	PN_0h_VTGAL4_P3_A14
0	VT033006-GFP	0h	975112	1192	nan	7	18	nan	nan	adPN	na	nan: 0h	nan	PN_0h_VTGAL4_P3_A16
0	VT033006-GFP	0h	3110981	5243	VA6	8	18	0	VA6	adPN	na	VA6: 0h	VA6	PN_0h_VTGAL4_P3_A18
0	VT033006-GFP	0h	1248046	3195	nan	23	24	nan	nan	adPN	na	nan: 0h	nan	PN_0h_VTGAL4_P3_A19
0	VT033006-GFP	0h	223231	3055	DA1_fru-	13	15	23	DA1_fru-	lPN	na	DA1_fru-: 0h	nan	PN_0h_VTGAL4_P3_A1
0	VT033006-GFP	0h	865970	3435	MARS_7	4	32	7	MARS_7	adPN	na	MARS_7: 0h	MARS_7	PN_0h_VTGAL4_P3_A21
0	VT033006-GFP	0h	2236377	3172	DA1_fru-	13	15	23	DA1_fru-	lPN	na	DA1_fru-: 0h	nan	PN_0h_VTGAL4_P3_A22
0	VT033006-GFP	0h	1949150	4046	DL1	17	20	8	DL1	adPN	na	DL1: 0h	DL1	PN_0h_VTGAL4_P3_A23
0	VT033006-GFP	0h	2033266	3829	VA1d	22	24	10	VA1d	adPN	na	VA1d: 0h	nan	PN_0h_VTGAL4_P3_A3
0	VT033006-GFP	0h	1813246	3698	D	5	33	12	D	adPN	na	D: 0h	D	PN_0h_VTGAL4_P3_A4
0	VT033006-GFP	0h	3092067	2444	nan	12	15	nan	nan	lPN	na	nan: 0h	nan	PN_0h_VTGAL4_P3_A6
0	VT033006-GFP	0h	1059266	2305	D	5	33	12	D	adPN	na	D: 0h	D	PN_0h_VTGAL4_P3_A7
0	VT033006-GFP	0h	1604142	1228	nan	23	24	nan	nan	adPN	na	nan: 0h	nan	PN_0h_VTGAL4_P3_A8
0	VT033006-GFP	0h	1105730	1410	VM7 or VM5v #2	3	0	28	VM7 or VM5v #2	adPN	na	VM7 or VM5v #2: 0h	VM7 or VM5v #2	PN_0h_VTGAL4_P3_A9
0	VT033006-GFP	0h	2252359	2948	nan	12	15	nan	nan	lPN	na	nan: 0h	nan	PN_0h_VTGAL4_P3_B10
0	VT033006-GFP	0h	1003995	2804	VA5	10	38	26	VA5	lPN	na	VA5: 0h	VA5	PN_0h_VTGAL4_P3_B11
0	VT033006-GFP	0h	2110643	4602	DA4l	9	18	nan	nan	adPN	na	DA4l: 0h	DA4l	PN_0h_VTGAL4_P3_B12
0	VT033006-GFP	0h	1298270	4047	VA1v	0	0	6	VA1v	adPN	na	VA1v: 0h	VA1v	PN_0h_VTGAL4_P3_B13
0	VT033006-GFP	0h	1732161	4322	VA5	10	38	26	VA5	lPN	na	VA5: 0h	VA5	PN_0h_VTGAL4_P3_B15
0	VT033006-GFP	0h	576939	3426	VA5	10	38	26	VA5	lPN	na	VA5: 0h	VA5	PN_0h_VTGAL4_P3_B16
0	VT033006-GFP	0h	1757363	3483	VM2	1	0	13	VM2	adPN	na	VM2: 0h	VM2	PN_0h_VTGAL4_P3_B20
0	VT033006-GFP	0h	1794027	3392	VM2	1	0	13	VM2	adPN	na	VM2: 0h	VM2	PN_0h_VTGAL4_P3_B21
0	VT033006-GFP	0h	2201919	3401	DA1_fru+	26	15	15	DA1_fru+	lPN	na	DA1_fru+: 0h	nan	PN_0h_VTGAL4_P3_B22
0	VT033006-GFP	0h	2087267	1651	nan	18	18	nan	nan		na	nan: 0h	nan	PN_0h_VTGAL4_P3_B24
0	VT033006-GFP	0h	743897	3194	DA1_fru+	26	15	15	DA1_fru+	lPN	na	DA1_fru+: 0h	nan	PN_0h_VTGAL4_P3_B2
0	VT033006-GFP	0h	216754	2395	VA5	10	38	26	VA5	lPN	na	VA5: 0h	VA5	PN_0h_VTGAL4_P3_B3
0	VT033006-GFP	0h	1722638	2262	VM2	1	0	13	VM2	adPN	na	VM2: 0h	VM2	PN_0h_VTGAL4_P3_B6
0	VT033006-GFP	0h	1288747	1988	nan	14	15	nan	nan	lPN	na	nan: 0h	nan	PN_0h_VTGAL4_P3_B8
0	VT033006-GFP	0h	1844528	2738	MARS_5	16	20	nan	nan	adPN	na	MARS_5: 0h	MARS_5	PN_0h_VTGAL4_P3_B9
0	VT033006-GFP	0h	1732466	2405	VA5	10	38	26	VA5	lPN	na	VA5: 0h	VA5	PN_0h_VTGAL4_P3_C10
0	VT033006-GFP	0h	1698856	2548	VM2	1	0	13	VM2	adPN	na	VM2: 0h	VM2	PN_0h_VTGAL4_P3_C11
0	VT033006-GFP	0h	1518495	2729	VM7 or VM5v #1	2	0	nan	nan	adPN	na	VM7 or VM5v #1: 0h	VM7 or VM5v #1	PN_0h_VTGAL4_P3_C15
0	VT033006-GFP	0h	2168806	2915	VM7 or VM5v #2	3	0	28	VM7 or VM5v #2	adPN	na	VM7 or VM5v #2: 0h	VM7 or VM5v #2	PN_0h_VTGAL4_P3_C16
0	VT033006-GFP	0h	597121	859	nan	18	18	nan	nan	APL	na	nan: 0h	nan	PN_0h_VTGAL4_P3_C17
0	VT033006-GFP	0h	867675	3288	VM7 or VM5v #1	2	0	nan	nan	adPN	na	VM7 or VM5v #1: 0h	VM7 or VM5v #1	PN_0h_VTGAL4_P3_C1
0	VT033006-GFP	0h	2165452	3489	nan	23	24	nan	nan	adPN	na	nan: 0h	nan	PN_0h_VTGAL4_P3_C20
0	VT033006-GFP	0h	1245102	3114	nan	14	15	nan	nan	lPN	na	nan: 0h	nan	PN_0h_VTGAL4_P3_C23
0	VT033006-GFP	0h	1095015	3899	DA1_fru+	26	22	15	DA1_fru+	lPN	na	DA1_fru+: 0h	nan	PN_0h_VTGAL4_P3_C24
0	VT033006-GFP	0h	793177	974	nan	19	-1	nan	nan	adPN	na	nan: 0h	nan	PN_0h_VTGAL4_P3_C2
0	VT033006-GFP	0h	1738204	3371	D	5	33	12	D	adPN	na	D: 0h	D	PN_0h_VTGAL4_P3_C3
0	VT033006-GFP	0h	1433620	3978	MARS_5	16	20	nan	nan	adPN	na	MARS_5: 0h	MARS_5	PN_0h_VTGAL4_P3_C5
0	VT033006-GFP	0h	1258373	3293	nan	7	18	nan	nan	adPN	na	nan: 0h	nan	PN_0h_VTGAL4_P3_C7
0	VT033006-GFP	0h	1609001	2150	nan	12	15	nan	nan	lPN	na	nan: 0h	nan	PN_0h_VTGAL4_P3_D11
0	VT033006-GFP	0h	2258106	4781	VA6	8	18	0	VA6	adPN	na	VA6: 0h	VA6	PN_0h_VTGAL4_P3_D13
0	VT033006-GFP	0h	124289	3197	VA5	10	-1	26	VA5	lPN	na	VA5: 0h	VA5	PN_0h_VTGAL4_P3_D14
0	VT033006-GFP	0h	600196	3198	DA1_fru+	26	15	15	DA1_fru+	lPN	na	DA1_fru+: 0h	nan	PN_0h_VTGAL4_P3_D16
0	VT033006-GFP	0h	1585081	3635	VA1d	22	24	10	VA1d	adPN	na	VA1d: 0h	nan	PN_0h_VTGAL4_P3_D1
0	VT033006-GFP	0h	1839442	3581	nan	23	24	nan	nan	adPN	na	nan: 0h	nan	PN_0h_VTGAL4_P3_D20
0	VT033006-GFP	0h	2413084	3664	VM7 or VM5v #1	2	0	nan	nan	adPN	na	VM7 or VM5v #1: 0h	VM7 or VM5v #1	PN_0h_VTGAL4_P3_D21
0	VT033006-GFP	0h	2488199	3136	VM7 or VM5v #2	3	0	28	VM7 or VM5v #2	adPN	na	VM7 or VM5v #2: 0h	VM7 or VM5v #2	PN_0h_VTGAL4_P3_D22
0	VT033006-GFP	0h	2209642	2983	VM7 or VM5v #2	3	0	28	VM7 or VM5v #2	adPN	na	VM7 or VM5v #2: 0h	VM7 or VM5v #2	PN_0h_VTGAL4_P3_D23
0	VT033006-GFP	0h	1487507	3363	VM7 or VM5v #1	2	0	nan	nan	adPN	na	VM7 or VM5v #1: 0h	VM7 or VM5v #1	PN_0h_VTGAL4_P3_D2
0	VT033006-GFP	0h	1592377	3460	nan	21	25	nan	nan	lPN	na	nan: 0h	nan	PN_0h_VTGAL4_P3_D4
0	VT033006-GFP	0h	1957321	2517	VA1d	22	24	10	VA1d	adPN	na	VA1d: 0h	nan	PN_0h_VTGAL4_P3_D9
0	VT033006-GFP	0h	220134	653	nan	18	-1	nan	nan		na	nan: 0h	nan	PN_0h_VTGAL4_P3_E10
0	VT033006-GFP	0h	1641693	1992	DA1_fru-	13	15	23	DA1_fru-	lPN	na	DA1_fru-: 0h	nan	PN_0h_VTGAL4_P3_E12
0	VT033006-GFP	0h	1577884	2542	MARS_9	11	37	9	MARS_9	lPN	na	MARS_9: 0h	MARS_9	PN_0h_VTGAL4_P3_E13
0	VT033006-GFP	0h	2193860	3923	VA1d	22	24	10	VA1d	adPN	na	VA1d: 0h	nan	PN_0h_VTGAL4_P3_E14
0	VT033006-GFP	0h	1516448	4090	MARS_5	16	20	nan	nan	adPN	na	MARS_5: 0h	MARS_5	PN_0h_VTGAL4_P3_E15
0	VT033006-GFP	0h	2113513	3677	VA1d	22	24	10	VA1d	adPN	na	VA1d: 0h	nan	PN_0h_VTGAL4_P3_E1
0	VT033006-GFP	0h	2564241	3483	VA5	10	38	26	VA5	lPN	na	VA5: 0h	VA5	PN_0h_VTGAL4_P3_E20
0	VT033006-GFP	0h	562631	3373	DA1_fru-	13	15	23	DA1_fru-	lPN	na	DA1_fru-: 0h	nan	PN_0h_VTGAL4_P3_E2
0	VT033006-GFP	0h	684940	3742	VA5	10	38	26	VA5	lPN	na	VA5: 0h	VA5	PN_0h_VTGAL4_P3_E3
0	VT033006-GFP	0h	1640491	3210	nan	14	15	nan	nan	lPN	na	nan: 0h	nan	PN_0h_VTGAL4_P3_E4
0	VT033006-GFP	0h	1041147	4570	VA6	8	18	0	VA6	adPN	na	VA6: 0h	VA6	PN_0h_VTGAL4_P3_E5
0	VT033006-GFP	0h	987336	3683	VA6	8	18	0	VA6	adPN	na	VA6: 0h	VA6	PN_0h_VTGAL4_P3_E6
0	VT033006-GFP	0h	996313	1939	DA4l	9	18	nan	nan	adPN	na	DA4l: 0h	DA4l	PN_0h_VTGAL4_P3_E7
0	VT033006-GFP	0h	1815211	2859	MARS_9	11	-1	9	MARS_9	lPN	na	MARS_9: 0h	MARS_9	PN_0h_VTGAL4_P3_E8
0	VT033006-GFP	0h	1913944	2121	nan	NaN	15	nan	nan	lPN	na	nan: 0h	nan	PN_0h_VTGAL4_P3_E9
0	VT033006-GFP	0h	1619684	3202	VM7 or VM5v #1	2	0	nan	nan	adPN	na	VM7 or VM5v #1: 0h	VM7 or VM5v #1	PN_0h_VTGAL4_P3_F10
0	VT033006-GFP	0h	461853	883	nan	NaN	24	nan	nan	adPN	na	nan: 0h	nan	PN_0h_VTGAL4_P3_F12
0	VT033006-GFP	0h	214474	609	nan	12	15	nan	nan	lPN	na	nan: 0h	nan	PN_0h_VTGAL4_P3_F13
0	VT033006-GFP	0h	2106811	1977	VA6	8	18	0	VA6	adPN	na	VA6: 0h	VA6	PN_0h_VTGAL4_P3_F17
0	VT033006-GFP	0h	2838123	3429	D	5	33	12	D	adPN	na	D: 0h	D	PN_0h_VTGAL4_P3_F19
0	VT033006-GFP	0h	1676154	3445	VM2	1	0	13	VM2	adPN	na	VM2: 0h	VM2	PN_0h_VTGAL4_P3_F1
0	VT033006-GFP	0h	2208841	3322	DC2	6	33	18	DC2	adPN	na	DC2: 0h	nan	PN_0h_VTGAL4_P3_F21
0	VT033006-GFP	0h	1598051	3492	DA1_fru+	26	15	15	DA1_fru+	lPN	na	DA1_fru+: 0h	nan	PN_0h_VTGAL4_P3_F22
0	VT033006-GFP	0h	644929	3245	D	5	33	12	D	adPN	na	D: 0h	D	PN_0h_VTGAL4_P3_F23
0	VT033006-GFP	0h	996505	3343	VM7 or VM5v #1	2	0	nan	nan	adPN	na	VM7 or VM5v #1: 0h	VM7 or VM5v #1	PN_0h_VTGAL4_P3_F3
0	VT033006-GFP	0h	1338919	3629	MARS_7	4	32	7	MARS_7	adPN	na	MARS_7: 0h	MARS_7	PN_0h_VTGAL4_P3_F4
0	VT033006-GFP	0h	1243920	3613	DA1_fru+	26	15	15	DA1_fru+	lPN	na	DA1_fru+: 0h	nan	PN_0h_VTGAL4_P3_F5
0	VT033006-GFP	0h	1401488	4241	DM2	20	25	11	DM2	lPN	na	DM2: 0h	nan	PN_0h_VTGAL4_P3_F6
0	VT033006-GFP	0h	1108183	1944	nan	12	0	nan	nan	adPN	na	nan: 0h	nan	PN_0h_VTGAL4_P3_F7
0	VT033006-GFP	0h	278475	693	nan	18	15	nan	nan	lPN	na	nan: 0h	nan	PN_0h_VTGAL4_P3_F9
0	VT033006-GFP	0h	2233409	2738	VA1d	22	24	10	VA1d	adPN	na	VA1d: 0h	nan	PN_0h_VTGAL4_P3_G10
0	VT033006-GFP	0h	1699197	1968	VM7 or VM5v #2	3	0	28	VM7 or VM5v #2	adPN	na	VM7 or VM5v #2: 0h	VM7 or VM5v #2	PN_0h_VTGAL4_P3_G14
0	VT033006-GFP	0h	1699430	2474	DA1_fru+	26	15	15	DA1_fru+	lPN	na	DA1_fru+: 0h	nan	PN_0h_VTGAL4_P3_G15
0	VT033006-GFP	0h	2311347	1602	nan	23	24	nan	nan	adPN	na	nan: 0h	nan	PN_0h_VTGAL4_P3_G18
0	VT033006-GFP	0h	700227	1757	nan	7	18	nan	nan	adPN	na	nan: 0h	nan	PN_0h_VTGAL4_P3_G1
0	VT033006-GFP	0h	2674638	3188	VM7 or VM5v #1	2	0	nan	nan	adPN	na	VM7 or VM5v #1: 0h	VM7 or VM5v #1	PN_0h_VTGAL4_P3_G20
0	VT033006-GFP	0h	1016344	3403	VA1d	22	24	10	VA1d	adPN	na	VA1d: 0h	nan	PN_0h_VTGAL4_P3_G22
0	VT033006-GFP	0h	1247429	3648	VA1d	22	24	10	VA1d	adPN	na	VA1d: 0h	nan	PN_0h_VTGAL4_P3_G23
0	VT033006-GFP	0h	141535	1055	nan	18	24	nan	nan		na	nan: 0h	nan	PN_0h_VTGAL4_P3_G2
0	VT033006-GFP	0h	1180615	4420	nan	7	18	nan	nan	adPN	na	nan: 0h	nan	PN_0h_VTGAL4_P3_G4
0	VT033006-GFP	0h	887417	3245	VM7 or VM5v #1	2	0	nan	nan	adPN	na	VM7 or VM5v #1: 0h	VM7 or VM5v #1	PN_0h_VTGAL4_P3_G5
0	VT033006-GFP	0h	1147557	4113	DC2	6	33	18	DC2	adPN	na	DC2: 0h	nan	PN_0h_VTGAL4_P3_G6
0	VT033006-GFP	0h	803772	3167	VA1v	0	0	6	VA1v	adPN	na	VA1v: 0h	VA1v	PN_0h_VTGAL4_P3_G7
0	VT033006-GFP	0h	1347708	3885	MARS_9	11	37	9	MARS_9	lPN	na	MARS_9: 0h	MARS_9	PN_0h_VTGAL4_P3_G8
0	VT033006-GFP	0h	1521165	4463	DA4l	9	18	nan	nan	adPN	na	DA4l: 0h	DA4l	PN_0h_VTGAL4_P3_G9
0	VT033006-GFP	0h	1687404	3103	DC2	6	33	18	DC2	adPN	na	DC2: 0h	nan	PN_0h_VTGAL4_P3_H11
0	VT033006-GFP	0h	519909	1598	MARS_5	16	20	nan	nan	adPN	na	MARS_5: 0h	MARS_5	PN_0h_VTGAL4_P3_H12
0	VT033006-GFP	0h	163236	586	nan	18	0	nan	nan	lPN	na	nan: 0h	nan	PN_0h_VTGAL4_P3_H13
0	VT033006-GFP	0h	1775336	2559	MARS_9	11	37	9	MARS_9	lPN	na	MARS_9: 0h	MARS_9	PN_0h_VTGAL4_P3_H15
0	VT033006-GFP	0h	2138755	3021	nan	14	15	nan	nan	lPN	na	nan: 0h	nan	PN_0h_VTGAL4_P3_H16
0	VT033006-GFP	0h	1075316	1618	DL3	15	15	24	DL3	lPN	na	DL3: 0h	nan	PN_0h_VTGAL4_P3_H1
0	VT033006-GFP	0h	2255562	1602	DL3	15	15	24	DL3	lPN	na	DL3: 0h	nan	PN_0h_VTGAL4_P3_H20
0	VT033006-GFP	0h	2373498	3621	VM7 or VM5v #2	3	0	28	VM7 or VM5v #2	adPN	na	VM7 or VM5v #2: 0h	VM7 or VM5v #2	PN_0h_VTGAL4_P3_H22
0	VT033006-GFP	0h	1309699	4530	VA6	8	18	0	VA6	adPN	na	VA6: 0h	VA6	PN_0h_VTGAL4_P3_H4
0	VT033006-GFP	0h	548576	1157	nan	NaN	0	nan	nan	adPN	na	nan: 0h	nan	PN_0h_VTGAL4_P3_H6
0	VT033006-GFP	0h	1734742	3081	VM2	1	0	13	VM2	adPN	na	VM2: 0h	VM2	PN_0h_VTGAL4_P3_H8
0	VT033006-GFP	0h	1443516	3200	DA1_fru-	13	15	23	DA1_fru-	lPN	na	DA1_fru-: 0h	nan	PN_0h_VTGAL4_P3_H9
0	VT033006-GFP	0h	1444005	5148	nan	NaN	18	nan	nan	adPN	na	nan: 0h	nan	PN_0h_VTGAL4_P3_I10
0	VT033006-GFP	0h	2427385	2355	nan	14	15	nan	nan	lPN	na	nan: 0h	nan	PN_0h_VTGAL4_P3_I11
0	VT033006-GFP	0h	1680663	2361	nan	14	15	nan	nan	lPN	na	nan: 0h	nan	PN_0h_VTGAL4_P3_I12
0	VT033006-GFP	0h	1278523	1513	nan	12	15	nan	nan	lPN	na	nan: 0h	nan	PN_0h_VTGAL4_P3_I13
0	VT033006-GFP	0h	941593	908	nan	NaN	15	nan	nan	lPN	na	nan: 0h	nan	PN_0h_VTGAL4_P3_I14
0	VT033006-GFP	0h	2313717	1719	DL3	15	15	24	DL3	lPN	na	DL3: 0h	nan	PN_0h_VTGAL4_P3_I18
0	VT033006-GFP	0h	3353169	3494	nan	14	15	nan	nan	lPN	na	nan: 0h	nan	PN_0h_VTGAL4_P3_I21
0	VT033006-GFP	0h	729724	1019	nan	18	15	nan	nan	APL	na	nan: 0h	nan	PN_0h_VTGAL4_P3_I23
0	VT033006-GFP	0h	1241470	2066	DA1_fru-	13	15	23	DA1_fru-	lPN	na	DA1_fru-: 0h	nan	PN_0h_VTGAL4_P3_I6
0	VT033006-GFP	0h	1691650	4690	VC2	27	22	16	VC2	lPN	na	VC2: 0h	VC2	PN_0h_VTGAL4_P3_I7
0	VT033006-GFP	0h	1327969	3829	DC3	25	24	20	DC3	adPN	na	DC3: 0h	nan	PN_0h_VTGAL4_P3_I9
0	VT033006-GFP	0h	1504344	3147	DA1_fru-	13	15	23	DA1_fru-	lPN	na	DA1_fru-: 0h	nan	PN_0h_VTGAL4_P3_J10
0	VT033006-GFP	0h	2691561	2846	nan	23	24	nan	nan	adPN	na	nan: 0h	nan	PN_0h_VTGAL4_P3_J11
0	VT033006-GFP	0h	1043996	2272	VA1d	22	24	10	VA1d	adPN	na	VA1d: 0h	nan	PN_0h_VTGAL4_P3_J14
0	VT033006-GFP	0h	577641	984	nan	23	24	nan	nan	adPN	na	nan: 0h	nan	PN_0h_VTGAL4_P3_J16
0	VT033006-GFP	0h	1120446	1604	DA4l	9	18	nan	nan	adPN	na	DA4l: 0h	DA4l	PN_0h_VTGAL4_P3_J19
0	VT033006-GFP	0h	357233	1048	nan	18	18	nan	nan	APL	na	nan: 0h	nan	PN_0h_VTGAL4_P3_J23
0	VT033006-GFP	0h	1832831	3292	MARS_9	11	37	9	MARS_9	lPN	na	MARS_9: 0h	MARS_9	PN_0h_VTGAL4_P3_J24
0	VT033006-GFP	0h	1834846	1938	DA1_fru+	26	-1	15	DA1_fru+	lPN	na	DA1_fru+: 0h	nan	PN_0h_VTGAL4_P3_J2
0	VT033006-GFP	0h	2081431	2913	VC2	27	22	16	VC2	lPN	na	VC2: 0h	VC2	PN_0h_VTGAL4_P3_J4
0	VT033006-GFP	0h	1966270	3081	VA6	8	18	0	VA6	adPN	na	VA6: 0h	VA6	PN_0h_VTGAL4_P3_J6
0	VT033006-GFP	0h	1011078	4789	VA6	8	18	0	VA6	adPN	na	VA6: 0h	VA6	PN_0h_VTGAL4_P3_J8
0	VT033006-GFP	0h	1175832	3108	nan	23	24	nan	nan	adPN	na	nan: 0h	nan	PN_0h_VTGAL4_P3_J9
0	VT033006-GFP	0h	254962	1051	nan	18	18	nan	nan	adPN	na	nan: 0h	nan	PN_0h_VTGAL4_P3_K12
0	VT033006-GFP	0h	730698	1129	D	5	33	12	D	adPN	na	D: 0h	D	PN_0h_VTGAL4_P3_K13
0	VT033006-GFP	0h	297115	708	nan	19	-1	nan	nan	APL	na	nan: 0h	nan	PN_0h_VTGAL4_P3_K15
0	VT033006-GFP	0h	2521887	3462	VA6	8	18	0	VA6	adPN	na	VA6: 0h	VA6	PN_0h_VTGAL4_P3_K22
0	VT033006-GFP	0h	2300733	3907	DM2	20	25	11	DM2	lPN	na	DM2: 0h	nan	PN_0h_VTGAL4_P3_K2
0	VT033006-GFP	0h	1822630	3387	VM2	1	0	13	VM2	adPN	na	VM2: 0h	VM2	PN_0h_VTGAL4_P3_K3
0	VT033006-GFP	0h	2201179	3065	DL3	15	15	24	DL3	lPN	na	DL3: 0h	nan	PN_0h_VTGAL4_P3_K4
0	VT033006-GFP	0h	523580	773	nan	18	-1	nan	nan	adPN	na	nan: 0h	nan	PN_0h_VTGAL4_P3_K5
0	VT033006-GFP	0h	1676349	3826	D	5	33	12	D	adPN	na	D: 0h	D	PN_0h_VTGAL4_P3_K7
0	VT033006-GFP	0h	1047075	1567	nan	23	24	nan	nan	adPN	na	nan: 0h	nan	PN_0h_VTGAL4_P3_K8
0	VT033006-GFP	0h	2661198	3952	D	5	33	12	D	adPN	na	D: 0h	D	PN_0h_VTGAL4_P3_L10
0	VT033006-GFP	0h	1503217	2306	nan	7	18	nan	nan	adPN	na	nan: 0h	nan	PN_0h_VTGAL4_P3_L11
0	VT033006-GFP	0h	3131234	2635	DA1_fru-	13	15	23	DA1_fru-	lPN	na	DA1_fru-: 0h	nan	PN_0h_VTGAL4_P3_L12
0	VT033006-GFP	0h	3020162	2707	VM2	1	0	13	VM2	adPN	na	VM2: 0h	VM2	PN_0h_VTGAL4_P3_L13
0	VT033006-GFP	0h	3514441	3714	VA6	8	18	0	VA6	adPN	na	VA6: 0h	VA6	PN_0h_VTGAL4_P3_L17
0	VT033006-GFP	0h	3652653	2567	DA1_fru+	26	15	15	DA1_fru+	lPN	na	DA1_fru+: 0h	nan	PN_0h_VTGAL4_P3_L19
0	VT033006-GFP	0h	1636290	3923	DL1	17	20	8	DL1	adPN	na	DL1: 0h	DL1	PN_0h_VTGAL4_P3_L1
0	VT033006-GFP	0h	2896276	1971	nan	12	15	nan	nan	lPN	na	nan: 0h	nan	PN_0h_VTGAL4_P3_L20
0	VT033006-GFP	0h	1227290	2761	nan	NaN	-1	nan	nan	lPN	na	nan: 0h	nan	PN_0h_VTGAL4_P3_L23
0	VT033006-GFP	0h	1254709	881	nan	18	18	nan	nan	adPN	na	nan: 0h	nan	PN_0h_VTGAL4_P3_L2
0	VT033006-GFP	0h	2322543	2884	DA4l	9	18	nan	nan	adPN	na	DA4l: 0h	DA4l	PN_0h_VTGAL4_P3_L4
0	VT033006-GFP	0h	1495582	3908	VA5	10	38	26	VA5	lPN	na	VA5: 0h	VA5	PN_0h_VTGAL4_P3_L7
0	VT033006-GFP	0h	1784054	4236	DA1_fru+	26	22	15	DA1_fru+	lPN	na	DA1_fru+: 0h	nan	PN_0h_VTGAL4_P3_L8
0	VT033006-GFP	0h	2855674	3792	VM7 or VM5v #1	2	0	nan	nan	adPN	na	VM7 or VM5v #1: 0h	VM7 or VM5v #1	PN_0h_VTGAL4_P3_L9
0	VT033006-GFP	0h	2829770	3517	nan	14	15	nan	nan	lPN	na	nan: 0h	nan	PN_0h_VTGAL4_P3_M10
0	VT033006-GFP	0h	593960	992	nan	NaN	-1	nan	nan	adPN	na	nan: 0h	nan	PN_0h_VTGAL4_P3_M11
0	VT033006-GFP	0h	294597	1857	DC3	25	-1	20	DC3	adPN	na	DC3: 0h	nan	PN_0h_VTGAL4_P3_M12
0	VT033006-GFP	0h	3088579	2648	nan	12	15	nan	nan	lPN	na	nan: 0h	nan	PN_0h_VTGAL4_P3_M15
0	VT033006-GFP	0h	1616574	3104	VA6	8	18	0	VA6	adPN	na	VA6: 0h	VA6	PN_0h_VTGAL4_P3_M17
0	VT033006-GFP	0h	997471	1173	DL3	15	15	24	DL3	lPN	na	DL3: 0h	nan	PN_0h_VTGAL4_P3_M18
0	VT033006-GFP	0h	2345939	2872	VA5	10	38	26	VA5	lPN	na	VA5: 0h	VA5	PN_0h_VTGAL4_P3_M19
0	VT033006-GFP	0h	2582071	3097	nan	14	15	nan	nan	lPN	na	nan: 0h	nan	PN_0h_VTGAL4_P3_M1
0	VT033006-GFP	0h	4286731	2391	nan	12	15	nan	nan	lPN	na	nan: 0h	nan	PN_0h_VTGAL4_P3_M23
0	VT033006-GFP	0h	544240	1133	nan	NaN	-1	nan	nan		na	nan: 0h	nan	PN_0h_VTGAL4_P3_M2
0	VT033006-GFP	0h	1882294	3592	VM2	1	0	13	VM2	adPN	na	VM2: 0h	VM2	PN_0h_VTGAL4_P3_M3
0	VT033006-GFP	0h	736970	2187	DA1_fru+	26	15	15	DA1_fru+	lPN	na	DA1_fru+: 0h	nan	PN_0h_VTGAL4_P3_M5
0	VT033006-GFP	0h	179177	561	nan	18	-1	nan	nan	APL	na	nan: 0h	nan	PN_0h_VTGAL4_P3_M6
0	VT033006-GFP	0h	525438	1099	nan	NaN	0	nan	nan	adPN	na	nan: 0h	nan	PN_0h_VTGAL4_P3_M7
0	VT033006-GFP	0h	2841772	3608	nan	23	24	nan	nan	adPN	na	nan: 0h	nan	PN_0h_VTGAL4_P3_M8
0	VT033006-GFP	0h	498429	602	nan	18	-1	nan	nan	APL	na	nan: 0h	nan	PN_0h_VTGAL4_P3_M9
0	VT033006-GFP	0h	318195	3195	DA1_fru-	13	15	23	DA1_fru-	lPN	na	DA1_fru-: 0h	nan	PN_0h_VTGAL4_P3_N10
0	VT033006-GFP	0h	669876	1021	nan	12	15	nan	nan	lPN	na	nan: 0h	nan	PN_0h_VTGAL4_P3_N13
0	VT033006-GFP	0h	107223	715	nan	18	20	nan	nan		na	nan: 0h	nan	PN_0h_VTGAL4_P3_N14
0	VT033006-GFP	0h	5671118	3222	DA4l	9	18	nan	nan	adPN	na	DA4l: 0h	DA4l	PN_0h_VTGAL4_P3_N15
0	VT033006-GFP	0h	107846	576	nan	18	18	nan	nan	adPN	na	nan: 0h	nan	PN_0h_VTGAL4_P3_N16
0	VT033006-GFP	0h	809170	1822	nan	NaN	0	nan	nan	adPN	na	nan: 0h	nan	PN_0h_VTGAL4_P3_N18
0	VT033006-GFP	0h	3155248	2137	DA1_fru-	13	15	23	DA1_fru-	lPN	na	DA1_fru-: 0h	nan	PN_0h_VTGAL4_P3_N22
0	VT033006-GFP	0h	2161008	2820	DL3	15	15	24	DL3	lPN	na	DL3: 0h	nan	PN_0h_VTGAL4_P3_N2
0	VT033006-GFP	0h	1852330	4050	DC2	6	33	18	DC2	adPN	na	DC2: 0h	nan	PN_0h_VTGAL4_P3_N4
0	VT033006-GFP	0h	1053124	1958	DL3	15	15	24	DL3	lPN	na	DL3: 0h	nan	PN_0h_VTGAL4_P3_N7
0	VT033006-GFP	0h	590079	755	nan	18	-1	nan	nan	adPN	na	nan: 0h	nan	PN_0h_VTGAL4_P3_N8
0	VT033006-GFP	0h	327272	861	nan	NaN	15	nan	nan	lPN	na	nan: 0h	nan	PN_0h_VTGAL4_P3_O11
0	VT033006-GFP	0h	937797	2968	DC3	25	24	20	DC3	adPN	na	DC3: 0h	nan	PN_0h_VTGAL4_P3_O13
0	VT033006-GFP	0h	2439772	2138	nan	14	15	nan	nan	lPN	na	nan: 0h	nan	PN_0h_VTGAL4_P3_O14
0	VT033006-GFP	0h	4870189	2947	VM7 or VM5v #1	2	0	nan	nan	adPN	na	VM7 or VM5v #1: 0h	VM7 or VM5v #1	PN_0h_VTGAL4_P3_O19
0	VT033006-GFP	0h	2713814	3535	DC3	25	24	20	DC3	adPN	na	DC3: 0h	nan	PN_0h_VTGAL4_P3_O1
0	VT033006-GFP	0h	3388601	2225	VA1v	0	0	6	VA1v	adPN	na	VA1v: 0h	VA1v	PN_0h_VTGAL4_P3_O21
0	VT033006-GFP	0h	3857493	2786	DC3	25	24	20	DC3	adPN	na	DC3: 0h	nan	PN_0h_VTGAL4_P3_O23
0	VT033006-GFP	0h	2330098	2125	MARS_9	11	-1	9	MARS_9	lPN	na	MARS_9: 0h	MARS_9	PN_0h_VTGAL4_P3_O2
0	VT033006-GFP	0h	1721629	4567	nan	7	18	nan	nan	adPN	na	nan: 0h	nan	PN_0h_VTGAL4_P3_O3
0	VT033006-GFP	0h	1866234	3695	DA1_fru+	26	15	15	DA1_fru+	lPN	na	DA1_fru+: 0h	nan	PN_0h_VTGAL4_P3_O5
0	VT033006-GFP	0h	2443939	3607	DA1_fru+	26	15	15	DA1_fru+	lPN	na	DA1_fru+: 0h	nan	PN_0h_VTGAL4_P3_O7
0	VT033006-GFP	0h	1978362	2414	MARS_9	11	-1	9	MARS_9		na	MARS_9: 0h	MARS_9	PN_0h_VTGAL4_P3_O8
0	VT033006-GFP	0h	2356812	3627	VM7 or VM5v #2	3	0	28	VM7 or VM5v #2	adPN	na	VM7 or VM5v #2: 0h	VM7 or VM5v #2	PN_0h_VTGAL4_P3_O9
0	VT033006-GFP	0h	1157005	1495	DL3	15	15	24	DL3	lPN	na	DL3: 0h	nan	PN_0h_VTGAL4_P3_P13
0	VT033006-GFP	0h	1103440	2012	DL1	17	20	8	DL1	adPN	na	DL1: 0h	DL1	PN_0h_VTGAL4_P3_P22
0	VT033006-GFP	0h	2345869	2471	nan	7	18	nan	nan		na	nan: 0h	nan	PN_0h_VTGAL4_P3_P23
0	VT033006-GFP	0h	2776741	2907	nan	14	15	nan	nan	lPN	na	nan: 0h	nan	PN_0h_VTGAL4_P3_P2
0	VT033006-GFP	0h	2003011	3744	MARS_9	11	37	9	MARS_9	lPN	na	MARS_9: 0h	MARS_9	PN_0h_VTGAL4_P3_P3
0	VT033006-GFP	0h	979317	3322	DA1_fru+	26	15	15	DA1_fru+	lPN	na	DA1_fru+: 0h	nan	PN_0h_VTGAL4_P3_P4
0	VT033006-GFP	0h	269256	3399	DA1_fru-	13	15	23	DA1_fru-	lPN	na	DA1_fru-: 0h	nan	PN_0h_VTGAL4_P3_P5
0	VT033006-GFP	0h	530774	2267	nan	12	15	nan	nan	lPN	na	nan: 0h	nan	PN_0h_VTGAL4_P3_P6
0	VT033006-GFP	0h	1018065	3017	MARS_7	4	32	7	MARS_7	adPN	na	MARS_7: 0h	MARS_7	PN_0h_VTGAL4_P4_A16
0	VT033006-GFP	0h	925117	3096	DA1_fru-	13	15	23	DA1_fru-	lPN	na	DA1_fru-: 0h	nan	PN_0h_VTGAL4_P4_A19
0	VT033006-GFP	0h	1631171	3646	DL1	17	20	8	DL1	adPN	na	DL1: 0h	DL1	PN_0h_VTGAL4_P4_A22
0	VT033006-GFP	0h	1106979	2811	MARS_7	4	32	7	MARS_7	adPN	na	MARS_7: 0h	MARS_7	PN_0h_VTGAL4_P4_A24
0	VT033006-GFP	0h	153000	3667	VA6	8	18	0	VA6	adPN	na	VA6: 0h	VA6	PN_0h_VTGAL4_P4_A2
0	VT033006-GFP	0h	553034	2124	DC3	25	24	20	DC3	adPN	na	DC3: 0h	nan	PN_0h_VTGAL4_P4_A7
0	VT033006-GFP	0h	2452100	1765	DL3	15	15	24	DL3	lPN	na	DL3: 0h	nan	PN_0h_VTGAL4_P4_B10
0	VT033006-GFP	0h	1604455	2976	DC3	25	24	20	DC3	adPN	na	DC3: 0h	nan	PN_0h_VTGAL4_P4_B11
0	VT033006-GFP	0h	743862	2834	VM2	1	0	13	VM2	adPN	na	VM2: 0h	VM2	PN_0h_VTGAL4_P4_B12
0	VT033006-GFP	0h	884907	3696	VA1d	22	24	10	VA1d	adPN	na	VA1d: 0h	nan	PN_0h_VTGAL4_P4_B13
0	VT033006-GFP	0h	1520470	1081	VM7 or VM5v #1	2	0	nan	nan	adPN	na	VM7 or VM5v #1: 0h	VM7 or VM5v #1	PN_0h_VTGAL4_P4_B15
0	VT033006-GFP	0h	1398279	2715	nan	23	24	nan	nan	adPN	na	nan: 0h	nan	PN_0h_VTGAL4_P4_B16
0	VT033006-GFP	0h	1647529	1551	DL3	15	15	24	DL3	lPN	na	DL3: 0h	nan	PN_0h_VTGAL4_P4_B17
0	VT033006-GFP	0h	1798209	3401	VA5	10	38	26	VA5	lPN	na	VA5: 0h	VA5	PN_0h_VTGAL4_P4_B19
0	VT033006-GFP	0h	910325	3688	MARS_9	11	37	9	MARS_9	lPN	na	MARS_9: 0h	MARS_9	PN_0h_VTGAL4_P4_B20
0	VT033006-GFP	0h	1784983	3645	VA1d	22	24	10	VA1d	adPN	na	VA1d: 0h	nan	PN_0h_VTGAL4_P4_B21
0	VT033006-GFP	0h	747704	2774	DL3	15	15	24	DL3	lPN	na	DL3: 0h	nan	PN_0h_VTGAL4_P4_B3
0	VT033006-GFP	0h	2205775	2141	DL3	15	15	24	DL3	lPN	na	DL3: 0h	nan	PN_0h_VTGAL4_P4_B4
0	VT033006-GFP	0h	2036126	2539	DA1_fru-	13	15	23	DA1_fru-	lPN	na	DA1_fru-: 0h	nan	PN_0h_VTGAL4_P4_B5
0	VT033006-GFP	0h	1744275	1303	nan	23	24	nan	nan	adPN	na	nan: 0h	nan	PN_0h_VTGAL4_P4_B7
0	VT033006-GFP	0h	2018999	2139	DC2	6	33	18	DC2	adPN	na	DC2: 0h	nan	PN_0h_VTGAL4_P4_B8
0	VT033006-GFP	0h	1346530	2462	MARS_5	16	20	nan	nan	adPN	na	MARS_5: 0h	MARS_5	PN_0h_VTGAL4_P4_B9
0	VT033006-GFP	0h	316451	2164	VM7 or VM5v #2	3	0	28	VM7 or VM5v #2	adPN	na	VM7 or VM5v #2: 0h	VM7 or VM5v #2	PN_0h_VTGAL4_P4_C11
0	VT033006-GFP	0h	2124388	2200	MARS_9	11	37	9	MARS_9	lPN	na	MARS_9: 0h	MARS_9	PN_0h_VTGAL4_P4_C12
0	VT033006-GFP	0h	1842378	3354	VA6	8	18	0	VA6	adPN	na	VA6: 0h	VA6	PN_0h_VTGAL4_P4_C14
0	VT033006-GFP	0h	2155669	2161	nan	23	24	nan	nan	adPN	na	nan: 0h	nan	PN_0h_VTGAL4_P4_C15
0	VT033006-GFP	0h	1770035	3715	DA1_fru+	26	15	15	DA1_fru+	lPN	na	DA1_fru+: 0h	nan	PN_0h_VTGAL4_P4_C18
0	VT033006-GFP	0h	1222997	3060	nan	12	15	nan	nan	lPN	na	nan: 0h	nan	PN_0h_VTGAL4_P4_C19
0	VT033006-GFP	0h	750303	1580	MARS_5	16	20	nan	nan	adPN	na	MARS_5: 0h	MARS_5	PN_0h_VTGAL4_P4_C20
0	VT033006-GFP	0h	1140157	3032	DA1_fru-	13	15	23	DA1_fru-	lPN	na	DA1_fru-: 0h	nan	PN_0h_VTGAL4_P4_C21
0	VT033006-GFP	0h	1313890	4224	VC2	27	22	16	VC2	lPN	na	VC2: 0h	VC2	PN_0h_VTGAL4_P4_C23
0	VT033006-GFP	0h	879794	4841	VA6	8	18	0	VA6	adPN	na	VA6: 0h	VA6	PN_0h_VTGAL4_P4_C24
0	VT033006-GFP	0h	947790	1000	nan	18	15	nan	nan		na	nan: 0h	nan	PN_0h_VTGAL4_P4_C2
0	VT033006-GFP	0h	742016	1401	VA6	8	18	0	VA6		na	VA6: 0h	VA6	PN_0h_VTGAL4_P4_C4
0	VT033006-GFP	0h	1598359	3666	MARS_7	4	32	7	MARS_7	adPN	na	MARS_7: 0h	MARS_7	PN_0h_VTGAL4_P4_C5
0	VT033006-GFP	0h	628192	765	DA4l	9	18	nan	nan	adPN	na	DA4l: 0h	DA4l	PN_0h_VTGAL4_P4_C7
0	VT033006-GFP	0h	2085072	2021	nan	14	15	nan	nan	lPN	na	nan: 0h	nan	PN_0h_VTGAL4_P4_C8
0	VT033006-GFP	0h	2586481	1938	MARS_9	11	-1	9	MARS_9	adPN	na	MARS_9: 0h	MARS_9	PN_0h_VTGAL4_P4_D10
0	VT033006-GFP	0h	2089892	3119	nan	14	15	nan	nan	lPN	na	nan: 0h	nan	PN_0h_VTGAL4_P4_D11
0	VT033006-GFP	0h	1808115	1403	DL3	15	15	24	DL3	lPN	na	DL3: 0h	nan	PN_0h_VTGAL4_P4_D12
0	VT033006-GFP	0h	2131725	1426	DA1_fru-	13	15	23	DA1_fru-	lPN	na	DA1_fru-: 0h	nan	PN_0h_VTGAL4_P4_D13
0	VT033006-GFP	0h	1386364	1945	D	5	-1	12	D	adPN	na	D: 0h	D	PN_0h_VTGAL4_P4_D14
0	VT033006-GFP	0h	2425487	2504	nan	12	15	nan	nan	lPN	na	nan: 0h	nan	PN_0h_VTGAL4_P4_D15
0	VT033006-GFP	0h	1560605	4183	VC2	27	22	16	VC2	lPN	na	VC2: 0h	VC2	PN_0h_VTGAL4_P4_D16
0	VT033006-GFP	0h	1867283	1437	DL3	15	15	24	DL3	lPN	na	DL3: 0h	nan	PN_0h_VTGAL4_P4_D19
0	VT033006-GFP	0h	1121303	3392	VA1v	0	0	6	VA1v	adPN	na	VA1v: 0h	VA1v	PN_0h_VTGAL4_P4_D1
0	VT033006-GFP	0h	562045	3135	DA1_fru-	13	15	23	DA1_fru-	lPN	na	DA1_fru-: 0h	nan	PN_0h_VTGAL4_P4_D21
0	VT033006-GFP	0h	1082216	3368	VM2	1	0	13	VM2	adPN	na	VM2: 0h	VM2	PN_0h_VTGAL4_P4_D22
0	VT033006-GFP	0h	439621	3448	VA1d	22	24	10	VA1d	adPN	na	VA1d: 0h	nan	PN_0h_VTGAL4_P4_D23
0	VT033006-GFP	0h	658083	3496	DA1_fru+	26	15	15	DA1_fru+	lPN	na	DA1_fru+: 0h	nan	PN_0h_VTGAL4_P4_D24
0	VT033006-GFP	0h	2143843	3869	MARS_7	4	32	7	MARS_7	adPN	na	MARS_7: 0h	MARS_7	PN_0h_VTGAL4_P4_D3
0	VT033006-GFP	0h	1650441	3219	VM7 or VM5v #2	3	0	28	VM7 or VM5v #2	adPN	na	VM7 or VM5v #2: 0h	VM7 or VM5v #2	PN_0h_VTGAL4_P4_D4
0	VT033006-GFP	0h	1442542	4233	DM2	20	25	11	DM2	lPN	na	DM2: 0h	nan	PN_0h_VTGAL4_P4_D5
0	VT033006-GFP	0h	2496081	2120	DL3	15	15	24	DL3	lPN	na	DL3: 0h	nan	PN_0h_VTGAL4_P4_D6
0	VT033006-GFP	0h	966530	517	nan	18	18	nan	nan	APL	na	nan: 0h	nan	PN_0h_VTGAL4_P4_D8
0	VT033006-GFP	0h	2388866	2019	nan	NaN	-1	nan	nan	lPN	na	nan: 0h	nan	PN_0h_VTGAL4_P4_E10
0	VT033006-GFP	0h	2228588	2980	VA6	8	18	0	VA6	adPN	na	VA6: 0h	VA6	PN_0h_VTGAL4_P4_E11
0	VT033006-GFP	0h	1683691	1911	DA1_fru-	13	15	23	DA1_fru-	lPN	na	DA1_fru-: 0h	nan	PN_0h_VTGAL4_P4_E12
0	VT033006-GFP	0h	1999043	3094	VA6	8	18	0	VA6	adPN	na	VA6: 0h	VA6	PN_0h_VTGAL4_P4_E14
0	VT033006-GFP	0h	2473622	2464	nan	7	18	nan	nan	adPN	na	nan: 0h	nan	PN_0h_VTGAL4_P4_E15
0	VT033006-GFP	0h	1317482	3275	D	5	33	12	D	adPN	na	D: 0h	D	PN_0h_VTGAL4_P4_E18
0	VT033006-GFP	0h	1572815	4928	nan	NaN	18	nan	nan	adPN	na	nan: 0h	nan	PN_0h_VTGAL4_P4_E21
0	VT033006-GFP	0h	998061	3685	MARS_7	4	32	7	MARS_7	adPN	na	MARS_7: 0h	MARS_7	PN_0h_VTGAL4_P4_E22
0	VT033006-GFP	0h	1061092	3623	VM2	1	0	13	VM2	adPN	na	VM2: 0h	VM2	PN_0h_VTGAL4_P4_E23
0	VT033006-GFP	0h	762389	3409	DC3	25	24	20	DC3	adPN	na	DC3: 0h	nan	PN_0h_VTGAL4_P4_E2
0	VT033006-GFP	0h	1470841	2788	VM7 or VM5v #2	3	0	28	VM7 or VM5v #2	adPN	na	VM7 or VM5v #2: 0h	VM7 or VM5v #2	PN_0h_VTGAL4_P4_E3
0	VT033006-GFP	0h	2038080	3409	MARS_9	11	37	9	MARS_9	lPN	na	MARS_9: 0h	MARS_9	PN_0h_VTGAL4_P4_E4
0	VT033006-GFP	0h	1983218	2704	nan	7	18	nan	nan	adPN	na	nan: 0h	nan	PN_0h_VTGAL4_P4_E6
0	VT033006-GFP	0h	947660	2005	nan	7	18	nan	nan	adPN	na	nan: 0h	nan	PN_0h_VTGAL4_P4_E7
0	VT033006-GFP	0h	1415285	3469	MARS_9	11	37	9	MARS_9	lPN	na	MARS_9: 0h	MARS_9	PN_0h_VTGAL4_P4_F11
0	VT033006-GFP	0h	3081115	2632	D	5	33	12	D	adPN	na	D: 0h	D	PN_0h_VTGAL4_P4_F14
0	VT033006-GFP	0h	2121724	3149	MARS_7	4	32	7	MARS_7	adPN	na	MARS_7: 0h	MARS_7	PN_0h_VTGAL4_P4_F15
0	VT033006-GFP	0h	2771302	3098	DA1_fru+	26	-1	15	DA1_fru+	lPN	na	DA1_fru+: 0h	nan	PN_0h_VTGAL4_P4_F18
0	VT033006-GFP	0h	1605360	3312	MARS_9	11	37	9	MARS_9	lPN	na	MARS_9: 0h	MARS_9	PN_0h_VTGAL4_P4_F21
0	VT033006-GFP	0h	793640	2401	VA6	8	18	0	VA6	adPN	na	VA6: 0h	VA6	PN_0h_VTGAL4_P4_F22
0	VT033006-GFP	0h	720029	3459	MARS_7	4	32	7	MARS_7	adPN	na	MARS_7: 0h	MARS_7	PN_0h_VTGAL4_P4_F23
0	VT033006-GFP	0h	412884	3696	VA5	10	38	26	VA5	lPN	na	VA5: 0h	VA5	PN_0h_VTGAL4_P4_F24
0	VT033006-GFP	0h	1588680	3418	VA1d	22	24	10	VA1d	adPN	na	VA1d: 0h	nan	PN_0h_VTGAL4_P4_F4
0	VT033006-GFP	0h	1199354	3382	DA1_fru+	26	15	15	DA1_fru+	lPN	na	DA1_fru+: 0h	nan	PN_0h_VTGAL4_P4_F5
0	VT033006-GFP	0h	1552478	2863	MARS_9	11	-1	9	MARS_9	lPN	na	MARS_9: 0h	MARS_9	PN_0h_VTGAL4_P4_F9
0	VT033006-GFP	0h	2084580	2375	VA5	10	38	26	VA5	lPN	na	VA5: 0h	VA5	PN_0h_VTGAL4_P4_G12
0	VT033006-GFP	0h	1708899	3586	D	5	33	12	D	adPN	na	D: 0h	D	PN_0h_VTGAL4_P4_G13
0	VT033006-GFP	0h	1889071	2936	VA5	10	-1	26	VA5	lPN	na	VA5: 0h	VA5	PN_0h_VTGAL4_P4_G16
0	VT033006-GFP	0h	1955220	2694	MARS_7	4	32	7	MARS_7	adPN	na	MARS_7: 0h	MARS_7	PN_0h_VTGAL4_P4_G17
0	VT033006-GFP	0h	2152336	1933	DL3	15	15	24	DL3	lPN	na	DL3: 0h	nan	PN_0h_VTGAL4_P4_G19
0	VT033006-GFP	0h	1742711	2159	DL3	15	15	24	DL3	lPN	na	DL3: 0h	nan	PN_0h_VTGAL4_P4_G20
0	VT033006-GFP	0h	1075062	3995	VA5	10	38	26	VA5	lPN	na	VA5: 0h	VA5	PN_0h_VTGAL4_P4_G22
0	VT033006-GFP	0h	1656489	1499	VA1d	22	-1	10	VA1d	adPN	na	VA1d: 0h	nan	PN_0h_VTGAL4_P4_G23
0	VT033006-GFP	0h	1506442	3887	VA5	10	38	26	VA5	lPN	na	VA5: 0h	VA5	PN_0h_VTGAL4_P4_G2
0	VT033006-GFP	0h	1858986	2991	nan	12	-1	nan	nan		na	nan: 0h	nan	PN_0h_VTGAL4_P4_G3
0	VT033006-GFP	0h	1347870	4854	nan	7	18	nan	nan	adPN	na	nan: 0h	nan	PN_0h_VTGAL4_P4_G5
0	VT033006-GFP	0h	1717039	4909	VA6	8	18	0	VA6	adPN	na	VA6: 0h	VA6	PN_0h_VTGAL4_P4_G7
0	VT033006-GFP	0h	1990773	3276	DA1_fru-	13	15	23	DA1_fru-	lPN	na	DA1_fru-: 0h	nan	PN_0h_VTGAL4_P4_G8
0	VT033006-GFP	0h	2309508	2815	D	5	33	12	D	adPN	na	D: 0h	D	PN_0h_VTGAL4_P4_G9
0	VT033006-GFP	0h	2471103	1751	DA1_fru-	13	15	23	DA1_fru-	lPN	na	DA1_fru-: 0h	nan	PN_0h_VTGAL4_P4_H10
0	VT033006-GFP	0h	2315014	3367	VM2	1	0	13	VM2	adPN	na	VM2: 0h	VM2	PN_0h_VTGAL4_P4_H11
0	VT033006-GFP	0h	2601499	3081	DM2	20	25	11	DM2	lPN	na	DM2: 0h	nan	PN_0h_VTGAL4_P4_H12
0	VT033006-GFP	0h	1813471	1784	DA1_fru-	13	15	23	DA1_fru-	lPN	na	DA1_fru-: 0h	nan	PN_0h_VTGAL4_P4_H13
0	VT033006-GFP	0h	2220355	2425	D	5	33	12	D	adPN	na	D: 0h	D	PN_0h_VTGAL4_P4_H20
0	VT033006-GFP	0h	1638768	3465	VM2	1	0	13	VM2	adPN	na	VM2: 0h	VM2	PN_0h_VTGAL4_P4_H21
0	VT033006-GFP	0h	850007	3337	nan	14	15	nan	nan	lPN	na	nan: 0h	nan	PN_0h_VTGAL4_P4_H22
0	VT033006-GFP	0h	1715504	2846	DA1_fru-	13	15	23	DA1_fru-	lPN	na	DA1_fru-: 0h	nan	PN_0h_VTGAL4_P4_H23
0	VT033006-GFP	0h	1035296	3621	MARS_7	4	32	7	MARS_7	adPN	na	MARS_7: 0h	MARS_7	PN_0h_VTGAL4_P4_H2
0	VT033006-GFP	0h	1018807	582	nan	18	-1	nan	nan		na	nan: 0h	nan	PN_0h_VTGAL4_P4_H4
0	VT033006-GFP	0h	1574199	3584	D	5	33	12	D	adPN	na	D: 0h	D	PN_0h_VTGAL4_P4_H5
0	VT033006-GFP	0h	1288577	3524	D	5	33	12	D	adPN	na	D: 0h	D	PN_0h_VTGAL4_P4_H6
0	VT033006-GFP	0h	1891981	3407	D	5	33	12	D	adPN	na	D: 0h	D	PN_0h_VTGAL4_P4_H8
0	VT033006-GFP	0h	1787085	2953	DL1	17	20	8	DL1	adPN	na	DL1: 0h	DL1	PN_0h_VTGAL4_P4_H9
0	VT033006-GFP	0h	2054960	2408	nan	NaN	-1	nan	nan	lPN	na	nan: 0h	nan	PN_0h_VTGAL4_P4_I11
0	VT033006-GFP	0h	2197467	2661	VA5	10	-1	26	VA5	lPN	na	VA5: 0h	VA5	PN_0h_VTGAL4_P4_I12
0	VT033006-GFP	0h	1393877	796	nan	18	-1	nan	nan	adPN	na	nan: 0h	nan	PN_0h_VTGAL4_P4_I13
0	VT033006-GFP	0h	2509280	1538	nan	12	15	nan	nan	lPN	na	nan: 0h	nan	PN_0h_VTGAL4_P4_I14
0	VT033006-GFP	0h	1811087	1874	MARS_9	11	37	9	MARS_9	lPN	na	MARS_9: 0h	MARS_9	PN_0h_VTGAL4_P4_I15
0	VT033006-GFP	0h	1709423	1525	VM7 or VM5v #2	3	0	28	VM7 or VM5v #2	adPN	na	VM7 or VM5v #2: 0h	VM7 or VM5v #2	PN_0h_VTGAL4_P4_I18
0	VT033006-GFP	0h	2172251	4513	DA4l	9	18	nan	nan	adPN	na	DA4l: 0h	DA4l	PN_0h_VTGAL4_P4_I19
0	VT033006-GFP	0h	966663	3148	VM7 or VM5v #1	2	0	nan	nan	adPN	na	VM7 or VM5v #1: 0h	VM7 or VM5v #1	PN_0h_VTGAL4_P4_I1
0	VT033006-GFP	0h	575454	3067	VA1v	0	0	6	VA1v	adPN	na	VA1v: 0h	VA1v	PN_0h_VTGAL4_P4_I20
0	VT033006-GFP	0h	607064	2061	DA4l	9	18	nan	nan	adPN	na	DA4l: 0h	DA4l	PN_0h_VTGAL4_P4_I21
0	VT033006-GFP	0h	1717245	1581	nan	23	24	nan	nan	adPN	na	nan: 0h	nan	PN_0h_VTGAL4_P4_I22
0	VT033006-GFP	0h	108053	3324	VA5	10	-1	26	VA5	lPN	na	VA5: 0h	VA5	PN_0h_VTGAL4_P4_I24
0	VT033006-GFP	0h	893279	3863	MARS_5	16	20	nan	nan	adPN	na	MARS_5: 0h	MARS_5	PN_0h_VTGAL4_P4_I2
0	VT033006-GFP	0h	1116278	3169	DC3	25	24	20	DC3	adPN	na	DC3: 0h	nan	PN_0h_VTGAL4_P4_I3
0	VT033006-GFP	0h	1443735	2934	DA1_fru-	13	15	23	DA1_fru-	lPN	na	DA1_fru-: 0h	nan	PN_0h_VTGAL4_P4_I4
0	VT033006-GFP	0h	750480	3303	VM2	1	0	13	VM2	adPN	na	VM2: 0h	VM2	PN_0h_VTGAL4_P4_I5
0	VT033006-GFP	0h	1432287	3068	nan	14	15	nan	nan	lPN	na	nan: 0h	nan	PN_0h_VTGAL4_P4_I6
0	VT033006-GFP	0h	610973	602	nan	18	18	nan	nan	adPN	na	nan: 0h	nan	PN_0h_VTGAL4_P4_I7
0	VT033006-GFP	0h	1194150	2714	VA5	10	38	26	VA5	lPN	na	VA5: 0h	VA5	PN_0h_VTGAL4_P4_I9
0	VT033006-GFP	0h	2239936	2826	DM2	20	25	11	DM2	lPN	na	DM2: 0h	nan	PN_0h_VTGAL4_P4_J11
0	VT033006-GFP	0h	2230298	3020	nan	7	18	nan	nan	adPN	na	nan: 0h	nan	PN_0h_VTGAL4_P4_J12
0	VT033006-GFP	0h	2609654	2090	VA1d	22	24	10	VA1d	adPN	na	VA1d: 0h	nan	PN_0h_VTGAL4_P4_J14
0	VT033006-GFP	0h	2769298	2420	DL3	15	15	24	DL3	lPN	na	DL3: 0h	nan	PN_0h_VTGAL4_P4_J16
0	VT033006-GFP	0h	2019288	1662	nan	23	24	nan	nan	adPN	na	nan: 0h	nan	PN_0h_VTGAL4_P4_J17
0	VT033006-GFP	0h	2721131	2039	nan	23	24	nan	nan	adPN	na	nan: 0h	nan	PN_0h_VTGAL4_P4_J20
0	VT033006-GFP	0h	682294	807	nan	18	15	nan	nan	lPN	na	nan: 0h	nan	PN_0h_VTGAL4_P4_J22
0	VT033006-GFP	0h	601140	3290	VA5	10	-1	26	VA5	lPN	na	VA5: 0h	VA5	PN_0h_VTGAL4_P4_J24
0	VT033006-GFP	0h	1222987	4509	nan	21	25	nan	nan	lPN	na	nan: 0h	nan	PN_0h_VTGAL4_P4_J3
0	VT033006-GFP	0h	2502989	2629	DA1_fru+	26	15	15	DA1_fru+	lPN	na	DA1_fru+: 0h	nan	PN_0h_VTGAL4_P4_J5
0	VT033006-GFP	0h	1482406	2296	nan	14	15	nan	nan	lPN	na	nan: 0h	nan	PN_0h_VTGAL4_P4_J7
0	VT033006-GFP	0h	809089	975	nan	18	-1	nan	nan	APL	na	nan: 0h	nan	PN_0h_VTGAL4_P4_J9
0	VT033006-GFP	0h	2407205	2710	DC2	6	33	18	DC2	adPN	na	DC2: 0h	nan	PN_0h_VTGAL4_P4_K10
0	VT033006-GFP	0h	238490	557	DL3	15	15	24	DL3	APL	na	DL3: 0h	nan	PN_0h_VTGAL4_P4_K12
0	VT033006-GFP	0h	1529309	1265	nan	NaN	-1	nan	nan	adPN	na	nan: 0h	nan	PN_0h_VTGAL4_P4_K13
0	VT033006-GFP	0h	2772747	2420	DA1_fru+	26	15	15	DA1_fru+	lPN	na	DA1_fru+: 0h	nan	PN_0h_VTGAL4_P4_K14
0	VT033006-GFP	0h	1039452	805	nan	18	18	nan	nan	APL	na	nan: 0h	nan	PN_0h_VTGAL4_P4_K18
0	VT033006-GFP	0h	1993279	2724	nan	23	24	nan	nan	adPN	na	nan: 0h	nan	PN_0h_VTGAL4_P4_K19
0	VT033006-GFP	0h	1167423	1050	nan	12	15	nan	nan	lPN	na	nan: 0h	nan	PN_0h_VTGAL4_P4_K22
0	VT033006-GFP	0h	1462975	2433	DC3	25	24	20	DC3	adPN	na	DC3: 0h	nan	PN_0h_VTGAL4_P4_K4
0	VT033006-GFP	0h	2072195	3500	VA1d	22	24	10	VA1d	adPN	na	VA1d: 0h	nan	PN_0h_VTGAL4_P4_K5
0	VT033006-GFP	0h	2010138	3454	VA1v	0	0	6	VA1v	adPN	na	VA1v: 0h	VA1v	PN_0h_VTGAL4_P4_K6
0	VT033006-GFP	0h	3646943	2586	VM7 or VM5v #1	2	0	nan	nan	adPN	na	VM7 or VM5v #1: 0h	VM7 or VM5v #1	PN_0h_VTGAL4_P4_L10
0	VT033006-GFP	0h	2601171	2193	nan	12	15	nan	nan	lPN	na	nan: 0h	nan	PN_0h_VTGAL4_P4_L11
0	VT033006-GFP	0h	2944327	1812	nan	14	15	nan	nan	lPN	na	nan: 0h	nan	PN_0h_VTGAL4_P4_L14
0	VT033006-GFP	0h	2178206	1395	DL3	15	15	24	DL3	lPN	na	DL3: 0h	nan	PN_0h_VTGAL4_P4_L15
0	VT033006-GFP	0h	3286361	2805	DC2	6	33	18	DC2	adPN	na	DC2: 0h	nan	PN_0h_VTGAL4_P4_L16
0	VT033006-GFP	0h	3457655	2059	DA1_fru+	26	15	15	DA1_fru+	lPN	na	DA1_fru+: 0h	nan	PN_0h_VTGAL4_P4_L18
0	VT033006-GFP	0h	1772871	4258	VA6	8	18	0	VA6	adPN	na	VA6: 0h	VA6	PN_0h_VTGAL4_P4_L19
0	VT033006-GFP	0h	523793	677	nan	18	-1	nan	nan	APL	na	nan: 0h	nan	PN_0h_VTGAL4_P4_L1
0	VT033006-GFP	0h	2589244	2726	nan	12	-1	nan	nan		na	nan: 0h	nan	PN_0h_VTGAL4_P4_L20
0	VT033006-GFP	0h	2156991	1496	nan	23	24	nan	nan	adPN	na	nan: 0h	nan	PN_0h_VTGAL4_P4_L23
0	VT033006-GFP	0h	259313	1299	D	5	33	12	D	adPN	na	D: 0h	D	PN_0h_VTGAL4_P4_L24
0	VT033006-GFP	0h	726120	3249	DA1_fru-	13	15	23	DA1_fru-	lPN	na	DA1_fru-: 0h	nan	PN_0h_VTGAL4_P4_L4
0	VT033006-GFP	0h	218244	983	nan	18	24	nan	nan	adPN	na	nan: 0h	nan	PN_0h_VTGAL4_P4_L6
0	VT033006-GFP	0h	2487026	3378	VA1d	22	24	10	VA1d	adPN	na	VA1d: 0h	nan	PN_0h_VTGAL4_P4_L8
0	VT033006-GFP	0h	240818	1887	VA6	8	18	0	VA6	adPN	na	VA6: 0h	VA6	PN_0h_VTGAL4_P4_M10
0	VT033006-GFP	0h	2702718	3011	nan	14	15	nan	nan	lPN	na	nan: 0h	nan	PN_0h_VTGAL4_P4_M11
0	VT033006-GFP	0h	2361683	3006	DL1	17	20	8	DL1	adPN	na	DL1: 0h	DL1	PN_0h_VTGAL4_P4_M12
0	VT033006-GFP	0h	2272587	2170	VM7 or VM5v #1	2	0	nan	nan	adPN	na	VM7 or VM5v #1: 0h	VM7 or VM5v #1	PN_0h_VTGAL4_P4_M13
0	VT033006-GFP	0h	2240601	1562	VM2	1	9	13	VM2	adPN	na	VM2: 0h	VM2	PN_0h_VTGAL4_P4_M16
0	VT033006-GFP	0h	2921275	3326	nan	7	18	nan	nan	adPN	na	nan: 0h	nan	PN_0h_VTGAL4_P4_M18
0	VT033006-GFP	0h	2516984	1986	MARS_9	11	37	9	MARS_9	lPN	na	MARS_9: 0h	MARS_9	PN_0h_VTGAL4_P4_M19
0	VT033006-GFP	0h	1639425	1994	VA5	10	-1	26	VA5	lPN	na	VA5: 0h	VA5	PN_0h_VTGAL4_P4_M20
0	VT033006-GFP	0h	109492	662	nan	12	15	nan	nan	lPN	na	nan: 0h	nan	PN_0h_VTGAL4_P4_M21
0	VT033006-GFP	0h	1400126	1739	VA1d	22	24	10	VA1d	adPN	na	VA1d: 0h	nan	PN_0h_VTGAL4_P4_M23
0	VT033006-GFP	0h	1029808	1734	DL3	15	15	24	DL3	lPN	na	DL3: 0h	nan	PN_0h_VTGAL4_P4_M7
0	VT033006-GFP	0h	604665	3265	nan	14	15	nan	nan	lPN	na	nan: 0h	nan	PN_0h_VTGAL4_P4_M8
0	VT033006-GFP	0h	2943480	2498	nan	23	24	nan	nan	adPN	na	nan: 0h	nan	PN_0h_VTGAL4_P4_N10
0	VT033006-GFP	0h	2609812	3269	DM2	20	25	11	DM2	lPN	na	DM2: 0h	nan	PN_0h_VTGAL4_P4_N12
0	VT033006-GFP	0h	882883	3483	VM2	1	0	13	VM2	adPN	na	VM2: 0h	VM2	PN_0h_VTGAL4_P4_N13
0	VT033006-GFP	0h	1927696	1790	D	5	33	12	D	adPN	na	D: 0h	D	PN_0h_VTGAL4_P4_N18
0	VT033006-GFP	0h	1274843	1761	VA5	10	-1	26	VA5		na	VA5: 0h	VA5	PN_0h_VTGAL4_P4_N19
0	VT033006-GFP	0h	1806448	1427	nan	NaN	15	nan	nan	lPN	na	nan: 0h	nan	PN_0h_VTGAL4_P4_N22
0	VT033006-GFP	0h	931648	3825	DM2	20	25	11	DM2	lPN	na	DM2: 0h	nan	PN_0h_VTGAL4_P4_N2
0	VT033006-GFP	0h	639144	3601	VM2	1	0	13	VM2	adPN	na	VM2: 0h	VM2	PN_0h_VTGAL4_P4_N3
0	VT033006-GFP	0h	1140701	4405	DA4l	9	18	nan	nan	adPN	na	DA4l: 0h	DA4l	PN_0h_VTGAL4_P4_N4
0	VT033006-GFP	0h	956326	3758	VA5	10	38	26	VA5	lPN	na	VA5: 0h	VA5	PN_0h_VTGAL4_P4_N5
0	VT033006-GFP	0h	2602005	2568	nan	NaN	33	nan	nan	adPN	na	nan: 0h	nan	PN_0h_VTGAL4_P4_N8
0	VT033006-GFP	0h	1324704	3512	VA5	10	38	26	VA5	lPN	na	VA5: 0h	VA5	PN_0h_VTGAL4_P4_N9
0	VT033006-GFP	0h	2120764	1941	DL3	15	15	24	DL3	lPN	na	DL3: 0h	nan	PN_0h_VTGAL4_P4_O13
0	VT033006-GFP	0h	1351191	1801	nan	7	18	nan	nan	adPN	na	nan: 0h	nan	PN_0h_VTGAL4_P4_O14
0	VT033006-GFP	0h	3434382	2478	MARS_9	11	-1	9	MARS_9	lPN	na	MARS_9: 0h	MARS_9	PN_0h_VTGAL4_P4_O15
0	VT033006-GFP	0h	1457916	2922	VA6	8	18	0	VA6	adPN	na	VA6: 0h	VA6	PN_0h_VTGAL4_P4_O17
0	VT033006-GFP	0h	950878	2591	VA6	8	18	0	VA6	adPN	na	VA6: 0h	VA6	PN_0h_VTGAL4_P4_O20
0	VT033006-GFP	0h	2003755	1531	DA1_fru-	13	15	23	DA1_fru-	lPN	na	DA1_fru-: 0h	nan	PN_0h_VTGAL4_P4_O21
0	VT033006-GFP	0h	2210014	2531	DC2	6	-1	18	DC2	adPN	na	DC2: 0h	nan	PN_0h_VTGAL4_P4_O23
0	VT033006-GFP	0h	1401928	3171	nan	14	15	nan	nan	lPN	na	nan: 0h	nan	PN_0h_VTGAL4_P4_O2
0	VT033006-GFP	0h	839293	3411	VM2	1	0	13	VM2	adPN	na	VM2: 0h	VM2	PN_0h_VTGAL4_P4_O3
0	VT033006-GFP	0h	991831	3995	DL1	17	20	8	DL1	adPN	na	DL1: 0h	DL1	PN_0h_VTGAL4_P4_O4
0	VT033006-GFP	0h	1773393	3907	DC2	6	33	18	DC2	adPN	na	DC2: 0h	nan	PN_0h_VTGAL4_P4_O7
0	VT033006-GFP	0h	471788	1111	nan	18	15	nan	nan		na	nan: 0h	nan	PN_0h_VTGAL4_P4_O9
0	VT033006-GFP	0h	3763989	3047	MARS_5	16	20	nan	nan	adPN	na	MARS_5: 0h	MARS_5	PN_0h_VTGAL4_P4_P10
0	VT033006-GFP	0h	1439924	3421	nan	23	24	nan	nan	adPN	na	nan: 0h	nan	PN_0h_VTGAL4_P4_P11
0	VT033006-GFP	0h	2773603	3376	D	5	33	12	D	adPN	na	D: 0h	D	PN_0h_VTGAL4_P4_P12
0	VT033006-GFP	0h	3023636	2322	VM7 or VM5v #1	2	0	nan	nan	adPN	na	VM7 or VM5v #1: 0h	VM7 or VM5v #1	PN_0h_VTGAL4_P4_P13
0	VT033006-GFP	0h	4427466	2387	nan	14	15	nan	nan	lPN	na	nan: 0h	nan	PN_0h_VTGAL4_P4_P14
0	VT033006-GFP	0h	489903	3230	VA6	8	18	0	VA6		na	VA6: 0h	VA6	PN_0h_VTGAL4_P4_P16
0	VT033006-GFP	0h	2969859	3442	VA5	10	38	26	VA5	lPN	na	VA5: 0h	VA5	PN_0h_VTGAL4_P4_P17
0	VT033006-GFP	0h	1551079	3297	nan	12	15	nan	nan	lPN	na	nan: 0h	nan	PN_0h_VTGAL4_P4_P1
0	VT033006-GFP	0h	2591611	3364	VM7 or VM5v #2	3	0	28	VM7 or VM5v #2	adPN	na	VM7 or VM5v #2: 0h	VM7 or VM5v #2	PN_0h_VTGAL4_P4_P20
0	VT033006-GFP	0h	2717258	2572	nan	14	15	nan	nan	lPN	na	nan: 0h	nan	PN_0h_VTGAL4_P4_P21
0	VT033006-GFP	0h	2675363	2230	DA1_fru-	13	15	23	DA1_fru-	lPN	na	DA1_fru-: 0h	nan	PN_0h_VTGAL4_P4_P22
0	VT033006-GFP	0h	2012242	3090	nan	23	24	nan	nan	adPN	na	nan: 0h	nan	PN_0h_VTGAL4_P4_P24
0	VT033006-GFP	0h	1580662	2771	MARS_9	11	37	9	MARS_9	lPN	na	MARS_9: 0h	MARS_9	PN_0h_VTGAL4_P4_P2
0	VT033006-GFP	0h	1064022	4761	nan	7	18	nan	nan	adPN	na	nan: 0h	nan	PN_0h_VTGAL4_P4_P5
0	VT033006-GFP	0h	2278854	4266	DL1	17	20	8	DL1	adPN	na	DL1: 0h	DL1	PN_0h_VTGAL4_P4_P7
0	VT033006-GFP	0h	1144708	1045	DL3	15	15	24	DL3	lPN	na	DL3: 0h	nan	PN_0h_VTGAL4_P4_P9
0	VT033006-GFP	0h	681610	1462	VA1d	22	-1	10	VA1d	adPN	na	VA1d: 0h	nan	PN_0h_VTGAL4_P5_A10
0	VT033006-GFP	0h	1263055	2180	VM2	1	0	13	VM2	adPN	na	VM2: 0h	VM2	PN_0h_VTGAL4_P5_A11
0	VT033006-GFP	0h	468342	2462	D	5	33	12	D	adPN	na	D: 0h	D	PN_0h_VTGAL4_P5_A12
0	VT033006-GFP	0h	356838	1513	nan	12	15	nan	nan	lPN	na	nan: 0h	nan	PN_0h_VTGAL4_P5_A14
0	VT033006-GFP	0h	387527	657	nan	18	15	nan	nan	APL	na	nan: 0h	nan	PN_0h_VTGAL4_P5_A15
0	VT033006-GFP	0h	833162	2595	D	5	33	12	D	adPN	na	D: 0h	D	PN_0h_VTGAL4_P5_A16
0	VT033006-GFP	0h	1559455	4035	DM2	20	25	11	DM2	lPN	na	DM2: 0h	nan	PN_0h_VTGAL4_P5_A17
0	VT033006-GFP	0h	491242	954	nan	18	-1	nan	nan	APL	na	nan: 0h	nan	PN_0h_VTGAL4_P5_A19
0	VT033006-GFP	0h	1514821	3068	DA1_fru-	13	15	23	DA1_fru-	lPN	na	DA1_fru-: 0h	nan	PN_0h_VTGAL4_P5_A21
0	VT033006-GFP	0h	322736	2628	nan	14	15	nan	nan	lPN	na	nan: 0h	nan	PN_0h_VTGAL4_P5_A22
0	VT033006-GFP	0h	948146	2782	nan	14	15	nan	nan	lPN	na	nan: 0h	nan	PN_0h_VTGAL4_P5_A23
0	VT033006-GFP	0h	1093298	3349	VA1d	22	24	10	VA1d	adPN	na	VA1d: 0h	nan	PN_0h_VTGAL4_P5_A24
0	VT033006-GFP	0h	1106752	3540	VM2	1	0	13	VM2	adPN	na	VM2: 0h	VM2	PN_0h_VTGAL4_P5_A2
0	VT033006-GFP	0h	1769256	4686	VA6	8	18	0	VA6	adPN	na	VA6: 0h	VA6	PN_0h_VTGAL4_P5_A3
0	VT033006-GFP	0h	1039499	3751	MARS_5	16	20	nan	nan	adPN	na	MARS_5: 0h	MARS_5	PN_0h_VTGAL4_P5_A4
0	VT033006-GFP	0h	1837898	4679	VA6	8	18	0	VA6	adPN	na	VA6: 0h	VA6	PN_0h_VTGAL4_P5_A5
0	VT033006-GFP	0h	774769	3456	D	5	33	12	D	adPN	na	D: 0h	D	PN_0h_VTGAL4_P5_A6
0	VT033006-GFP	0h	978950	2367	D	5	33	12	D	adPN	na	D: 0h	D	PN_0h_VTGAL4_P5_A7
0	VT033006-GFP	0h	1370587	2487	DC3	25	24	20	DC3	adPN	na	DC3: 0h	nan	PN_0h_VTGAL4_P5_A9
0	VT033006-GFP	0h	704046	2866	nan	23	24	nan	nan	adPN	na	nan: 0h	nan	PN_0h_VTGAL4_P5_B10
0	VT033006-GFP	0h	1427151	2692	D	5	33	12	D	adPN	na	D: 0h	D	PN_0h_VTGAL4_P5_B11
0	VT033006-GFP	0h	1415673	2716	VC2	27	22	16	VC2	lPN	na	VC2: 0h	VC2	PN_0h_VTGAL4_P5_B12
0	VT033006-GFP	0h	1420022	2626	MARS_7	4	32	7	MARS_7	adPN	na	MARS_7: 0h	MARS_7	PN_0h_VTGAL4_P5_B13
0	VT033006-GFP	0h	975250	2573	MARS_5	16	20	nan	nan	adPN	na	MARS_5: 0h	MARS_5	PN_0h_VTGAL4_P5_B14
0	VT033006-GFP	0h	831086	2233	DC3	25	24	20	DC3		na	DC3: 0h	nan	PN_0h_VTGAL4_P5_B17
0	VT033006-GFP	0h	1368732	2089	nan	14	15	nan	nan	lPN	na	nan: 0h	nan	PN_0h_VTGAL4_P5_B18
0	VT033006-GFP	0h	1092225	1516	nan	18	18	nan	nan	adPN	na	nan: 0h	nan	PN_0h_VTGAL4_P5_B19
0	VT033006-GFP	0h	1251592	3413	MARS_9	11	37	9	MARS_9	lPN	na	MARS_9: 0h	MARS_9	PN_0h_VTGAL4_P5_B1
0	VT033006-GFP	0h	1752312	1959	DA1_fru-	13	15	23	DA1_fru-	lPN	na	DA1_fru-: 0h	nan	PN_0h_VTGAL4_P5_B21
0	VT033006-GFP	0h	793938	2938	DL3	15	15	24	DL3	lPN	na	DL3: 0h	nan	PN_0h_VTGAL4_P5_B22
0	VT033006-GFP	0h	1150663	3377	D	5	33	12	D	adPN	na	D: 0h	D	PN_0h_VTGAL4_P5_B23
0	VT033006-GFP	0h	1348134	3772	VA5	10	38	26	VA5	lPN	na	VA5: 0h	VA5	PN_0h_VTGAL4_P5_B24
0	VT033006-GFP	0h	1470494	3569	MARS_7	4	32	7	MARS_7	adPN	na	MARS_7: 0h	MARS_7	PN_0h_VTGAL4_P5_B3
0	VT033006-GFP	0h	664649	1331	nan	NaN	18	nan	nan	adPN	na	nan: 0h	nan	PN_0h_VTGAL4_P5_B4
0	VT033006-GFP	0h	968462	3503	DA1_fru+	26	15	15	DA1_fru+	lPN	na	DA1_fru+: 0h	nan	PN_0h_VTGAL4_P5_B6
0	VT033006-GFP	0h	1667095	2383	nan	12	15	nan	nan	lPN	na	nan: 0h	nan	PN_0h_VTGAL4_P5_B7
0	VT033006-GFP	0h	1232327	2028	DA1_fru-	13	15	23	DA1_fru-	lPN	na	DA1_fru-: 0h	nan	PN_0h_VTGAL4_P5_B8
0	VT033006-GFP	0h	330152	859	nan	18	18	nan	nan	adPN	na	nan: 0h	nan	PN_0h_VTGAL4_P5_C10
0	VT033006-GFP	0h	1735178	2833	VA1d	22	24	10	VA1d	adPN	na	VA1d: 0h	nan	PN_0h_VTGAL4_P5_C11
0	VT033006-GFP	0h	1337094	1888	VM7 or VM5v #1	2	0	nan	nan	lPN	na	VM7 or VM5v #1: 0h	VM7 or VM5v #1	PN_0h_VTGAL4_P5_C13
0	VT033006-GFP	0h	142229	2269	nan	12	25	nan	nan	lPN	na	nan: 0h	nan	PN_0h_VTGAL4_P5_C14
0	VT033006-GFP	0h	1191582	2102	D	5	33	12	D	adPN	na	D: 0h	D	PN_0h_VTGAL4_P5_C15
0	VT033006-GFP	0h	806728	2422	DC2	6	-1	18	DC2	adPN	na	DC2: 0h	nan	PN_0h_VTGAL4_P5_C16
0	VT033006-GFP	0h	481449	1758	VM7 or VM5v #2	3	24	28	VM7 or VM5v #2		na	VM7 or VM5v #2: 0h	VM7 or VM5v #2	PN_0h_VTGAL4_P5_C18
0	VT033006-GFP	0h	849727	3294	nan	14	15	nan	nan	lPN	na	nan: 0h	nan	PN_0h_VTGAL4_P5_C19
0	VT033006-GFP	0h	1079172	2683	VM7 or VM5v #2	3	0	28	VM7 or VM5v #2	adPN	na	VM7 or VM5v #2: 0h	VM7 or VM5v #2	PN_0h_VTGAL4_P5_C20
0	VT033006-GFP	0h	758534	3990	DM2	20	25	11	DM2	lPN	na	DM2: 0h	nan	PN_0h_VTGAL4_P5_C22
0	VT033006-GFP	0h	189411	2579	MARS_9	11	37	9	MARS_9	lPN	na	MARS_9: 0h	MARS_9	PN_0h_VTGAL4_P5_C23
0	VT033006-GFP	0h	1014358	4056	nan	7	18	nan	nan	adPN	na	nan: 0h	nan	PN_0h_VTGAL4_P5_C24
0	VT033006-GFP	0h	684139	2853	DA1_fru+	26	15	15	DA1_fru+	lPN	na	DA1_fru+: 0h	nan	PN_0h_VTGAL4_P5_C2
0	VT033006-GFP	0h	841865	2700	DL3	15	15	24	DL3	lPN	na	DL3: 0h	nan	PN_0h_VTGAL4_P5_C3
0	VT033006-GFP	0h	1044851	2764	VM7 or VM5v #2	3	0	28	VM7 or VM5v #2	adPN	na	VM7 or VM5v #2: 0h	VM7 or VM5v #2	PN_0h_VTGAL4_P5_C4
0	VT033006-GFP	0h	1098969	3025	nan	14	15	nan	nan	lPN	na	nan: 0h	nan	PN_0h_VTGAL4_P5_C6
0	VT033006-GFP	0h	1850511	2278	nan	18	15	nan	nan	lPN	na	nan: 0h	nan	PN_0h_VTGAL4_P5_C7
0	VT033006-GFP	0h	1036994	2477	VM2	1	0	13	VM2		na	VM2: 0h	VM2	PN_0h_VTGAL4_P5_C8
0	VT033006-GFP	0h	1512019	2314	nan	14	15	nan	nan	lPN	na	nan: 0h	nan	PN_0h_VTGAL4_P5_C9
0	VT033006-GFP	0h	2110942	2621	DA1_fru-	13	15	23	DA1_fru-	lPN	na	DA1_fru-: 0h	nan	PN_0h_VTGAL4_P5_D12
0	VT033006-GFP	0h	1433747	1969	DA1_fru+	26	15	15	DA1_fru+	lPN	na	DA1_fru+: 0h	nan	PN_0h_VTGAL4_P5_D13
0	VT033006-GFP	0h	1305085	2600	VC2	27	22	16	VC2	lPN	na	VC2: 0h	VC2	PN_0h_VTGAL4_P5_D14
0	VT033006-GFP	0h	814871	1977	D	5	33	12	D	adPN	na	D: 0h	D	PN_0h_VTGAL4_P5_D15
0	VT033006-GFP	0h	1292280	2009	VM7 or VM5v #2	3	0	28	VM7 or VM5v #2	adPN	na	VM7 or VM5v #2: 0h	VM7 or VM5v #2	PN_0h_VTGAL4_P5_D16
0	VT033006-GFP	0h	568846	1601	nan	12	15	nan	nan	lPN	na	nan: 0h	nan	PN_0h_VTGAL4_P5_D17
0	VT033006-GFP	0h	1152858	3497	VA5	10	38	26	VA5	lPN	na	VA5: 0h	VA5	PN_0h_VTGAL4_P5_D19
0	VT033006-GFP	0h	1790149	3273	DC3	25	24	20	DC3	adPN	na	DC3: 0h	nan	PN_0h_VTGAL4_P5_D1
0	VT033006-GFP	0h	821220	2066	nan	18	15	nan	nan	APL	na	nan: 0h	nan	PN_0h_VTGAL4_P5_D20
0	VT033006-GFP	0h	574056	754	nan	18	-1	nan	nan	APL	na	nan: 0h	nan	PN_0h_VTGAL4_P5_D22
0	VT033006-GFP	0h	1671990	3158	nan	14	15	nan	nan	lPN	na	nan: 0h	nan	PN_0h_VTGAL4_P5_D23
0	VT033006-GFP	0h	1552162	4837	nan	NaN	18	nan	nan	adPN	na	nan: 0h	nan	PN_0h_VTGAL4_P5_D3
0	VT033006-GFP	0h	1288789	3409	D	5	33	12	D	adPN	na	D: 0h	D	PN_0h_VTGAL4_P5_D4
0	VT033006-GFP	0h	946420	3608	D	5	33	12	D	adPN	na	D: 0h	D	PN_0h_VTGAL4_P5_D7
0	VT033006-GFP	0h	370555	784	nan	18	18	nan	nan	adPN	na	nan: 0h	nan	PN_0h_VTGAL4_P5_D8
0	VT033006-GFP	0h	712393	3351	MARS_7	4	32	7	MARS_7	adPN	na	MARS_7: 0h	MARS_7	PN_0h_VTGAL4_P5_E10
0	VT033006-GFP	0h	1584691	2327	nan	12	15	nan	nan	lPN	na	nan: 0h	nan	PN_0h_VTGAL4_P5_E13
0	VT033006-GFP	0h	946883	1463	nan	NaN	15	nan	nan	lPN	na	nan: 0h	nan	PN_0h_VTGAL4_P5_E15
0	VT033006-GFP	0h	993608	1929	DL3	15	15	24	DL3	lPN	na	DL3: 0h	nan	PN_0h_VTGAL4_P5_E16
0	VT033006-GFP	0h	1433328	1973	VM7 or VM5v #2	3	0	28	VM7 or VM5v #2	adPN	na	VM7 or VM5v #2: 0h	VM7 or VM5v #2	PN_0h_VTGAL4_P5_E17
0	VT033006-GFP	0h	1022202	3085	nan	21	25	nan	nan	lPN	na	nan: 0h	nan	PN_0h_VTGAL4_P5_E18
0	VT033006-GFP	0h	1928365	3516	DC3	25	24	20	DC3	adPN	na	DC3: 0h	nan	PN_0h_VTGAL4_P5_E1
0	VT033006-GFP	0h	1784284	3564	nan	23	24	nan	nan	adPN	na	nan: 0h	nan	PN_0h_VTGAL4_P5_E21
0	VT033006-GFP	0h	1164187	2654	nan	12	15	nan	nan	lPN	na	nan: 0h	nan	PN_0h_VTGAL4_P5_E22
0	VT033006-GFP	0h	1720675	2504	DA1_fru-	13	15	23	DA1_fru-	lPN	na	DA1_fru-: 0h	nan	PN_0h_VTGAL4_P5_E23
0	VT033006-GFP	0h	884749	2972	nan	14	15	nan	nan	lPN	na	nan: 0h	nan	PN_0h_VTGAL4_P5_E2
0	VT033006-GFP	0h	1440655	3528	DA1_fru+	26	15	15	DA1_fru+	lPN	na	DA1_fru+: 0h	nan	PN_0h_VTGAL4_P5_E4
0	VT033006-GFP	0h	1225266	3458	MARS_9	11	37	9	MARS_9	lPN	na	MARS_9: 0h	MARS_9	PN_0h_VTGAL4_P5_E6
0	VT033006-GFP	0h	1231500	3254	DA1_fru-	13	15	23	DA1_fru-	lPN	na	DA1_fru-: 0h	nan	PN_0h_VTGAL4_P5_E9
0	VT033006-GFP	0h	1193457	3505	VM2	1	0	13	VM2	adPN	na	VM2: 0h	VM2	PN_0h_VTGAL4_P5_F10
0	VT033006-GFP	0h	393562	1209	nan	18	18	nan	nan		na	nan: 0h	nan	PN_0h_VTGAL4_P5_F11
0	VT033006-GFP	0h	763741	3891	VA6	8	18	0	VA6	adPN	na	VA6: 0h	VA6	PN_0h_VTGAL4_P5_F12
0	VT033006-GFP	0h	744579	1922	nan	14	15	nan	nan	lPN	na	nan: 0h	nan	PN_0h_VTGAL4_P5_F13
0	VT033006-GFP	0h	1053898	2195	DA1_fru-	13	15	23	DA1_fru-	lPN	na	DA1_fru-: 0h	nan	PN_0h_VTGAL4_P5_F14
0	VT033006-GFP	0h	382999	1200	DL3	15	15	24	DL3	lPN	na	DL3: 0h	nan	PN_0h_VTGAL4_P5_F17
0	VT033006-GFP	0h	1484361	1881	nan	NaN	15	nan	nan	lPN	na	nan: 0h	nan	PN_0h_VTGAL4_P5_F18
0	VT033006-GFP	0h	1461180	1960	nan	18	18	nan	nan	adPN	na	nan: 0h	nan	PN_0h_VTGAL4_P5_F1
0	VT033006-GFP	0h	1319181	3551	DA1_fru+	26	15	15	DA1_fru+	lPN	na	DA1_fru+: 0h	nan	PN_0h_VTGAL4_P5_F21
0	VT033006-GFP	0h	1352530	2850	DA1_fru+	26	15	15	DA1_fru+	lPN	na	DA1_fru+: 0h	nan	PN_0h_VTGAL4_P5_F22
0	VT033006-GFP	0h	1453967	2320	DL3	15	15	24	DL3	lPN	na	DL3: 0h	nan	PN_0h_VTGAL4_P5_F23
0	VT033006-GFP	0h	1127412	1810	VA6	8	18	0	VA6	adPN	na	VA6: 0h	VA6	PN_0h_VTGAL4_P5_F2
0	VT033006-GFP	0h	2006756	3235	DL3	15	15	24	DL3	lPN	na	DL3: 0h	nan	PN_0h_VTGAL4_P5_F3
0	VT033006-GFP	0h	1098054	2721	DA1_fru-	13	15	23	DA1_fru-	lPN	na	DA1_fru-: 0h	nan	PN_0h_VTGAL4_P5_F4
0	VT033006-GFP	0h	1500065	3476	MARS_9	11	-1	9	MARS_9	lPN	na	MARS_9: 0h	MARS_9	PN_0h_VTGAL4_P5_F5
0	VT033006-GFP	0h	1447425	1322	nan	23	24	nan	nan	adPN	na	nan: 0h	nan	PN_0h_VTGAL4_P5_F6
0	VT033006-GFP	0h	926260	3557	MARS_5	16	20	nan	nan	adPN	na	MARS_5: 0h	MARS_5	PN_0h_VTGAL4_P5_F7
0	VT033006-GFP	0h	1136442	4143	DL1	17	20	8	DL1	adPN	na	DL1: 0h	DL1	PN_0h_VTGAL4_P5_F8
0	VT033006-GFP	0h	854771	3538	D	5	33	12	D	adPN	na	D: 0h	D	PN_0h_VTGAL4_P5_F9
0	VT033006-GFP	0h	725905	908	nan	18	18	nan	nan	adPN	na	nan: 0h	nan	PN_0h_VTGAL4_P5_G10
0	VT033006-GFP	0h	882419	1825	nan	NaN	15	nan	nan	lPN	na	nan: 0h	nan	PN_0h_VTGAL4_P5_G13
0	VT033006-GFP	0h	722138	3279	nan	21	-1	nan	nan	lPN	na	nan: 0h	nan	PN_0h_VTGAL4_P5_G14
0	VT033006-GFP	0h	1096570	1771	nan	12	15	nan	nan	lPN	na	nan: 0h	nan	PN_0h_VTGAL4_P5_G15
0	VT033006-GFP	0h	694518	2824	MARS_7	4	32	7	MARS_7	adPN	na	MARS_7: 0h	MARS_7	PN_0h_VTGAL4_P5_G16
0	VT033006-GFP	0h	689723	1838	DA1_fru+	26	22	15	DA1_fru+	lPN	na	DA1_fru+: 0h	nan	PN_0h_VTGAL4_P5_G17
0	VT033006-GFP	0h	671158	3183	DC2	6	33	18	DC2	adPN	na	DC2: 0h	nan	PN_0h_VTGAL4_P5_G20
0	VT033006-GFP	0h	113922	885	DL3	15	15	24	DL3	lPN	na	DL3: 0h	nan	PN_0h_VTGAL4_P5_G24
0	VT033006-GFP	0h	1295318	3272	VM7 or VM5v #2	3	0	28	VM7 or VM5v #2	adPN	na	VM7 or VM5v #2: 0h	VM7 or VM5v #2	PN_0h_VTGAL4_P5_G2
0	VT033006-GFP	0h	373130	755	nan	18	18	nan	nan	adPN	na	nan: 0h	nan	PN_0h_VTGAL4_P5_G3
0	VT033006-GFP	0h	1579401	3601	D	5	33	12	D	adPN	na	D: 0h	D	PN_0h_VTGAL4_P5_G4
0	VT033006-GFP	0h	1357636	2595	MARS_7	4	-1	7	MARS_7		na	MARS_7: 0h	MARS_7	PN_0h_VTGAL4_P5_G5
0	VT033006-GFP	0h	1186485	1722	VA1d	22	24	10	VA1d		na	VA1d: 0h	nan	PN_0h_VTGAL4_P5_G8
0	VT033006-GFP	0h	1286170	2707	VM7 or VM5v #2	3	0	28	VM7 or VM5v #2	adPN	na	VM7 or VM5v #2: 0h	VM7 or VM5v #2	PN_0h_VTGAL4_P5_G9
0	VT033006-GFP	0h	1137245	4916	VA6	8	18	0	VA6	adPN	na	VA6: 0h	VA6	PN_0h_VTGAL4_P5_H10
0	VT033006-GFP	0h	1123712	3642	VC2	27	22	16	VC2	lPN	na	VC2: 0h	VC2	PN_0h_VTGAL4_P5_H11
0	VT033006-GFP	0h	887925	4134	nan	21	25	nan	nan	lPN	na	nan: 0h	nan	PN_0h_VTGAL4_P5_H14
0	VT033006-GFP	0h	550815	527	nan	18	1	nan	nan	APL	na	nan: 0h	nan	PN_0h_VTGAL4_P5_H16
0	VT033006-GFP	0h	1368610	2853	DA1_fru-	13	15	23	DA1_fru-	lPN	na	DA1_fru-: 0h	nan	PN_0h_VTGAL4_P5_H19
0	VT033006-GFP	0h	1245653	1827	DC3	25	24	20	DC3	adPN	na	DC3: 0h	nan	PN_0h_VTGAL4_P5_H20
0	VT033006-GFP	0h	251190	1685	nan	NaN	18	nan	nan	adPN	na	nan: 0h	nan	PN_0h_VTGAL4_P5_H21
0	VT033006-GFP	0h	1705574	2612	VA1v	0	0	6	VA1v	adPN	na	VA1v: 0h	VA1v	PN_0h_VTGAL4_P5_H24
0	VT033006-GFP	0h	321075	1893	VM7 or VM5v #2	3	0	28	VM7 or VM5v #2	adPN	na	VM7 or VM5v #2: 0h	VM7 or VM5v #2	PN_0h_VTGAL4_P5_H2
0	VT033006-GFP	0h	772963	2784	nan	14	15	nan	nan	lPN	na	nan: 0h	nan	PN_0h_VTGAL4_P5_H3
0	VT033006-GFP	0h	1719601	3314	nan	12	15	nan	nan	lPN	na	nan: 0h	nan	PN_0h_VTGAL4_P5_H4
0	VT033006-GFP	0h	600576	2413	DA1_fru+	26	15	15	DA1_fru+	lPN	na	DA1_fru+: 0h	nan	PN_0h_VTGAL4_P5_H5
0	VT033006-GFP	0h	653527	3135	DA1_fru+	26	15	15	DA1_fru+	lPN	na	DA1_fru+: 0h	nan	PN_0h_VTGAL4_P5_H6
0	VT033006-GFP	0h	1815960	4890	VA6	8	18	0	VA6	adPN	na	VA6: 0h	VA6	PN_0h_VTGAL4_P5_H7
0	VT033006-GFP	0h	1551023	2860	DL3	15	15	24	DL3	lPN	na	DL3: 0h	nan	PN_0h_VTGAL4_P5_H8
0	VT033006-GFP	0h	1075762	3181	nan	14	15	nan	nan	lPN	na	nan: 0h	nan	PN_0h_VTGAL4_P5_H9
0	VT033006-GFP	0h	1040283	3678	MARS_9	11	37	9	MARS_9	lPN	na	MARS_9: 0h	MARS_9	PN_0h_VTGAL4_P5_I10
0	VT033006-GFP	0h	451193	3320	MARS_9	11	37	9	MARS_9	lPN	na	MARS_9: 0h	MARS_9	PN_0h_VTGAL4_P5_I11
0	VT033006-GFP	0h	1372527	3316	VM7 or VM5v #2	3	0	28	VM7 or VM5v #2	adPN	na	VM7 or VM5v #2: 0h	VM7 or VM5v #2	PN_0h_VTGAL4_P5_I12
0	VT033006-GFP	0h	1220255	3256	nan	14	15	nan	nan	lPN	na	nan: 0h	nan	PN_0h_VTGAL4_P5_I13
0	VT033006-GFP	0h	974931	2017	VM7 or VM5v #2	3	0	28	VM7 or VM5v #2	adPN	na	VM7 or VM5v #2: 0h	VM7 or VM5v #2	PN_0h_VTGAL4_P5_I14
0	VT033006-GFP	0h	980310	2264	nan	18	20	nan	nan	adPN	na	nan: 0h	nan	PN_0h_VTGAL4_P5_I16
0	VT033006-GFP	0h	233852	1370	nan	18	24	nan	nan	adPN	na	nan: 0h	nan	PN_0h_VTGAL4_P5_I20
0	VT033006-GFP	0h	1064079	1636	nan	12	15	nan	nan	lPN	na	nan: 0h	nan	PN_0h_VTGAL4_P5_I22
0	VT033006-GFP	0h	1255363	2371	DL3	15	15	24	DL3	lPN	na	DL3: 0h	nan	PN_0h_VTGAL4_P5_I23
0	VT033006-GFP	0h	942680	2317	nan	18	-1	nan	nan	APL	na	nan: 0h	nan	PN_0h_VTGAL4_P5_I2
0	VT033006-GFP	0h	1200908	2581	DL3	15	15	24	DL3	lPN	na	DL3: 0h	nan	PN_0h_VTGAL4_P5_I3
0	VT033006-GFP	0h	1306573	3776	MARS_9	11	37	9	MARS_9	lPN	na	MARS_9: 0h	MARS_9	PN_0h_VTGAL4_P5_I4
0	VT033006-GFP	0h	1634980	3156	DA1_fru-	13	15	23	DA1_fru-	lPN	na	DA1_fru-: 0h	nan	PN_0h_VTGAL4_P5_I5
0	VT033006-GFP	0h	1839326	4150	VC2	27	22	16	VC2	lPN	na	VC2: 0h	VC2	PN_0h_VTGAL4_P5_I6
0	VT033006-GFP	0h	829803	3368	D	5	33	12	D	adPN	na	D: 0h	D	PN_0h_VTGAL4_P5_I7
0	VT033006-GFP	0h	1738287	3558	MARS_9	11	37	9	MARS_9	lPN	na	MARS_9: 0h	MARS_9	PN_0h_VTGAL4_P5_I8
0	VT033006-GFP	0h	1354671	3203	nan	12	15	nan	nan	lPN	na	nan: 0h	nan	PN_0h_VTGAL4_P5_I9
0	VT033006-GFP	0h	1967317	3990	DM2	20	25	11	DM2	lPN	na	DM2: 0h	nan	PN_0h_VTGAL4_P5_J10
0	VT033006-GFP	0h	622734	3405	D	5	33	12	D	adPN	na	D: 0h	D	PN_0h_VTGAL4_P5_J11
0	VT033006-GFP	0h	1083686	3124	DA1_fru-	13	15	23	DA1_fru-	lPN	na	DA1_fru-: 0h	nan	PN_0h_VTGAL4_P5_J14
0	VT033006-GFP	0h	797779	3978	DM2	20	25	11	DM2	lPN	na	DM2: 0h	nan	PN_0h_VTGAL4_P5_J15
0	VT033006-GFP	0h	1802286	1982	nan	NaN	24	nan	nan	adPN	na	nan: 0h	nan	PN_0h_VTGAL4_P5_J16
0	VT033006-GFP	0h	887207	2827	DL3	15	15	24	DL3	lPN	na	DL3: 0h	nan	PN_0h_VTGAL4_P5_J1
0	VT033006-GFP	0h	1252704	1599	DL3	15	15	24	DL3	lPN	na	DL3: 0h	nan	PN_0h_VTGAL4_P5_J22
0	VT033006-GFP	0h	334652	1423	nan	12	15	nan	nan	lPN	na	nan: 0h	nan	PN_0h_VTGAL4_P5_J23
0	VT033006-GFP	0h	1719784	3470	MARS_9	11	37	9	MARS_9	lPN	na	MARS_9: 0h	MARS_9	PN_0h_VTGAL4_P5_J4
0	VT033006-GFP	0h	1088529	2980	VM7 or VM5v #1	2	0	nan	nan	adPN	na	VM7 or VM5v #1: 0h	VM7 or VM5v #1	PN_0h_VTGAL4_P5_J5
0	VT033006-GFP	0h	1289603	2900	VM7 or VM5v #2	3	0	28	VM7 or VM5v #2	adPN	na	VM7 or VM5v #2: 0h	VM7 or VM5v #2	PN_0h_VTGAL4_P5_J6
0	VT033006-GFP	0h	1467805	4952	VA6	8	18	0	VA6	adPN	na	VA6: 0h	VA6	PN_0h_VTGAL4_P5_J8
0	VT033006-GFP	0h	893401	3183	VA1v	0	0	6	VA1v	adPN	na	VA1v: 0h	VA1v	PN_0h_VTGAL4_P5_J9
0	VT033006-GFP	0h	1300801	2948	VA5	10	38	26	VA5	lPN	na	VA5: 0h	VA5	PN_0h_VTGAL4_P5_K12
0	VT033006-GFP	0h	1936543	2349	DL3	15	15	24	DL3	lPN	na	DL3: 0h	nan	PN_0h_VTGAL4_P5_K15
0	VT033006-GFP	0h	114527	932	D	5	33	12	D	adPN	na	D: 0h	D	PN_0h_VTGAL4_P5_K18
0	VT033006-GFP	0h	742937	1775	nan	12	15	nan	nan	lPN	na	nan: 0h	nan	PN_0h_VTGAL4_P5_K19
0	VT033006-GFP	0h	387202	3138	DA1_fru+	26	15	15	DA1_fru+	lPN	na	DA1_fru+: 0h	nan	PN_0h_VTGAL4_P5_K1
0	VT033006-GFP	0h	398060	1501	DL3	15	15	24	DL3	lPN	na	DL3: 0h	nan	PN_0h_VTGAL4_P5_K21
0	VT033006-GFP	0h	1258431	2003	nan	NaN	24	nan	nan	adPN	na	nan: 0h	nan	PN_0h_VTGAL4_P5_K22
0	VT033006-GFP	0h	675931	3166	VM7 or VM5v #1	2	0	nan	nan	adPN	na	VM7 or VM5v #1: 0h	VM7 or VM5v #1	PN_0h_VTGAL4_P5_K2
0	VT033006-GFP	0h	1904003	3494	MARS_9	11	-1	9	MARS_9	lPN	na	MARS_9: 0h	MARS_9	PN_0h_VTGAL4_P5_K3
0	VT033006-GFP	0h	1014001	2720	VA1d	22	24	10	VA1d	adPN	na	VA1d: 0h	nan	PN_0h_VTGAL4_P5_K4
0	VT033006-GFP	0h	1884420	4029	DM2	20	25	11	DM2	lPN	na	DM2: 0h	nan	PN_0h_VTGAL4_P5_K5
0	VT033006-GFP	0h	1838621	3628	DA1_fru+	26	15	15	DA1_fru+	lPN	na	DA1_fru+: 0h	nan	PN_0h_VTGAL4_P5_K8
0	VT033006-GFP	0h	1351658	3150	VM7 or VM5v #1	2	0	nan	nan	adPN	na	VM7 or VM5v #1: 0h	VM7 or VM5v #1	PN_0h_VTGAL4_P5_K9
0	VT033006-GFP	0h	2251143	3365	VM7 or VM5v #1	2	0	nan	nan	adPN	na	VM7 or VM5v #1: 0h	VM7 or VM5v #1	PN_0h_VTGAL4_P5_L10
0	VT033006-GFP	0h	376233	2371	DL3	15	15	24	DL3	lPN	na	DL3: 0h	nan	PN_0h_VTGAL4_P5_L11
0	VT033006-GFP	0h	1761819	3135	nan	12	15	nan	nan	lPN	na	nan: 0h	nan	PN_0h_VTGAL4_P5_L12
0	VT033006-GFP	0h	984844	2857	VM7 or VM5v #2	3	0	28	VM7 or VM5v #2	adPN	na	VM7 or VM5v #2: 0h	VM7 or VM5v #2	PN_0h_VTGAL4_P5_L13
0	VT033006-GFP	0h	381762	604	nan	18	-1	nan	nan	APL	na	nan: 0h	nan	PN_0h_VTGAL4_P5_L15
0	VT033006-GFP	0h	1612799	2188	DL3	15	15	24	DL3	lPN	na	DL3: 0h	nan	PN_0h_VTGAL4_P5_L16
0	VT033006-GFP	0h	1666701	2300	DC3	25	24	20	DC3	adPN	na	DC3: 0h	nan	PN_0h_VTGAL4_P5_L20
0	VT033006-GFP	0h	1464438	2352	D	5	33	12	D	adPN	na	D: 0h	D	PN_0h_VTGAL4_P5_L21
0	VT033006-GFP	0h	1087818	3103	VA6	8	18	0	VA6	adPN	na	VA6: 0h	VA6	PN_0h_VTGAL4_P5_L23
0	VT033006-GFP	0h	285035	1290	DL3	15	15	24	DL3	lPN	na	DL3: 0h	nan	PN_0h_VTGAL4_P5_L24
0	VT033006-GFP	0h	2023838	4247	DA4l	9	18	nan	nan	adPN	na	DA4l: 0h	DA4l	PN_0h_VTGAL4_P5_L2
0	VT033006-GFP	0h	967552	1176	nan	18	15	nan	nan	adPN	na	nan: 0h	nan	PN_0h_VTGAL4_P5_L3
0	VT033006-GFP	0h	1458892	3952	DC2	6	33	18	DC2	adPN	na	DC2: 0h	nan	PN_0h_VTGAL4_P5_L5
0	VT033006-GFP	0h	1014828	3623	VM2	1	0	13	VM2	adPN	na	VM2: 0h	VM2	PN_0h_VTGAL4_P5_L6
0	VT033006-GFP	0h	531306	3136	nan	14	15	nan	nan	lPN	na	nan: 0h	nan	PN_0h_VTGAL4_P5_L7
0	VT033006-GFP	0h	1799050	3543	VA1d	22	24	10	VA1d		na	VA1d: 0h	nan	PN_0h_VTGAL4_P5_L8
0	VT033006-GFP	0h	1733710	3616	D	5	33	12	D	adPN	na	D: 0h	D	PN_0h_VTGAL4_P5_L9
0	VT033006-GFP	0h	1508457	4343	DM2	20	25	11	DM2	lPN	na	DM2: 0h	nan	PN_0h_VTGAL4_P5_M12
0	VT033006-GFP	0h	2148650	4428	VC2	27	22	16	VC2	lPN	na	VC2: 0h	VC2	PN_0h_VTGAL4_P5_M14
0	VT033006-GFP	0h	279345	2207	VM7 or VM5v #2	3	0	28	VM7 or VM5v #2	adPN	na	VM7 or VM5v #2: 0h	VM7 or VM5v #2	PN_0h_VTGAL4_P5_M17
0	VT033006-GFP	0h	410644	642	nan	18	-1	nan	nan	APL	na	nan: 0h	nan	PN_0h_VTGAL4_P5_M19
0	VT033006-GFP	0h	1275190	2472	DA1_fru-	13	15	23	DA1_fru-	lPN	na	DA1_fru-: 0h	nan	PN_0h_VTGAL4_P5_M1
0	VT033006-GFP	0h	898796	2317	DM2	20	25	11	DM2	lPN	na	DM2: 0h	nan	PN_0h_VTGAL4_P5_M23
0	VT033006-GFP	0h	1574021	3364	D	5	33	12	D	adPN	na	D: 0h	D	PN_0h_VTGAL4_P5_M3
0	VT033006-GFP	0h	757688	861	nan	18	-1	nan	nan	APL	na	nan: 0h	nan	PN_0h_VTGAL4_P5_M5
0	VT033006-GFP	0h	1284116	3163	VA1v	0	0	6	VA1v	adPN	na	VA1v: 0h	VA1v	PN_0h_VTGAL4_P5_M8
0	VT033006-GFP	0h	855535	967	nan	18	-1	nan	nan	APL	na	nan: 0h	nan	PN_0h_VTGAL4_P5_N10
0	VT033006-GFP	0h	2758251	2766	DL3	15	15	24	DL3	lPN	na	DL3: 0h	nan	PN_0h_VTGAL4_P5_N11
0	VT033006-GFP	0h	1905465	3597	MARS_7	4	32	7	MARS_7	adPN	na	MARS_7: 0h	MARS_7	PN_0h_VTGAL4_P5_N12
0	VT033006-GFP	0h	1674860	3310	VM7 or VM5v #1	2	0	nan	nan	adPN	na	VM7 or VM5v #1: 0h	VM7 or VM5v #1	PN_0h_VTGAL4_P5_N13
0	VT033006-GFP	0h	471938	2637	nan	23	24	nan	nan	adPN	na	nan: 0h	nan	PN_0h_VTGAL4_P5_N15
0	VT033006-GFP	0h	789785	1903	VA5	10	-1	26	VA5	lPN	na	VA5: 0h	VA5	PN_0h_VTGAL4_P5_N21
0	VT033006-GFP	0h	281873	1433	VA5	10	-1	26	VA5	lPN	na	VA5: 0h	VA5	PN_0h_VTGAL4_P5_N23
0	VT033006-GFP	0h	1217197	4681	nan	7	18	nan	nan	adPN	na	nan: 0h	nan	PN_0h_VTGAL4_P5_N3
0	VT033006-GFP	0h	1902581	3108	VM7 or VM5v #2	3	0	28	VM7 or VM5v #2	adPN	na	VM7 or VM5v #2: 0h	VM7 or VM5v #2	PN_0h_VTGAL4_P5_N4
0	VT033006-GFP	0h	264842	2308	VM7 or VM5v #1	2	0	nan	nan	adPN	na	VM7 or VM5v #1: 0h	VM7 or VM5v #1	PN_0h_VTGAL4_P5_N5
0	VT033006-GFP	0h	2287051	3413	nan	14	15	nan	nan	lPN	na	nan: 0h	nan	PN_0h_VTGAL4_P5_N8
0	VT033006-GFP	0h	1494660	5001	nan	NaN	18	nan	nan	adPN	na	nan: 0h	nan	PN_0h_VTGAL4_P5_O11
0	VT033006-GFP	0h	1885473	3352	VA1v	0	0	6	VA1v	adPN	na	VA1v: 0h	VA1v	PN_0h_VTGAL4_P5_O12
0	VT033006-GFP	0h	846649	3134	DA1_fru+	26	15	15	DA1_fru+	lPN	na	DA1_fru+: 0h	nan	PN_0h_VTGAL4_P5_O13
0	VT033006-GFP	0h	775353	2357	D	5	33	12	D	adPN	na	D: 0h	D	PN_0h_VTGAL4_P5_O16
0	VT033006-GFP	0h	1511138	3578	MARS_9	11	37	9	MARS_9	lPN	na	MARS_9: 0h	MARS_9	PN_0h_VTGAL4_P5_O17
0	VT033006-GFP	0h	824587	2023	nan	NaN	24	nan	nan	adPN	na	nan: 0h	nan	PN_0h_VTGAL4_P5_O21
0	VT033006-GFP	0h	644962	1995	VA1v	0	0	6	VA1v	adPN	na	VA1v: 0h	VA1v	PN_0h_VTGAL4_P5_O22
0	VT033006-GFP	0h	1995776	3234	D	5	33	12	D	adPN	na	D: 0h	D	PN_0h_VTGAL4_P5_O2
0	VT033006-GFP	0h	829119	4056	nan	21	25	nan	nan	lPN	na	nan: 0h	nan	PN_0h_VTGAL4_P5_O3
0	VT033006-GFP	0h	2154855	1704	MARS_5	16	20	nan	nan	adPN	na	MARS_5: 0h	MARS_5	PN_0h_VTGAL4_P5_O4
0	VT033006-GFP	0h	1405843	3095	VM7 or VM5v #2	3	0	28	VM7 or VM5v #2	adPN	na	VM7 or VM5v #2: 0h	VM7 or VM5v #2	PN_0h_VTGAL4_P5_O7
0	VT033006-GFP	0h	1415678	4768	VA6	8	18	0	VA6	adPN	na	VA6: 0h	VA6	PN_0h_VTGAL4_P5_O8
0	VT033006-GFP	0h	229080	4570	VA6	8	18	0	VA6	adPN	na	VA6: 0h	VA6	PN_0h_VTGAL4_P5_O9
0	VT033006-GFP	0h	1353018	3341	VM7 or VM5v #1	2	0	nan	nan	adPN	na	VM7 or VM5v #1: 0h	VM7 or VM5v #1	PN_0h_VTGAL4_P5_P10
0	VT033006-GFP	0h	586654	3187	VA1v	0	0	6	VA1v	adPN	na	VA1v: 0h	VA1v	PN_0h_VTGAL4_P5_P11
0	VT033006-GFP	0h	462020	1092	nan	18	18	nan	nan	APL	na	nan: 0h	nan	PN_0h_VTGAL4_P5_P1
0	VT033006-GFP	0h	133147	1268	nan	18	-1	nan	nan	adPN	na	nan: 0h	nan	PN_0h_VTGAL4_P5_P20
0	VT033006-GFP	0h	378411	1190	DL3	15	15	24	DL3	lPN	na	DL3: 0h	nan	PN_0h_VTGAL4_P5_P21
0	VT033006-GFP	0h	1500076	3608	APL	18	34	nan	nan	adPN	na	APL: 0h	APL	PN_0h_VTGAL4_P5_P22
0	VT033006-GFP	0h	510126	2144	DA1_fru-	13	15	23	DA1_fru-	lPN	na	DA1_fru-: 0h	nan	PN_0h_VTGAL4_P5_P24
0	VT033006-GFP	0h	1554909	2368	VA6	8	18	0	VA6	adPN	na	VA6: 0h	VA6	PN_0h_VTGAL4_P5_P2
0	VT033006-GFP	0h	875115	2546	nan	23	24	nan	nan	adPN	na	nan: 0h	nan	PN_0h_VTGAL4_P5_P4
0	VT033006-GFP	0h	1684318	3056	DA1_fru+	26	15	15	DA1_fru+	lPN	na	DA1_fru+: 0h	nan	PN_0h_VTGAL4_P5_P6
0	VT033006-GFP	0h	844747	3554	MARS_5	16	20	nan	nan	adPN	na	MARS_5: 0h	MARS_5	PN_0h_VTGAL4_P5_P7
0	VT033006-GFP	0h	1828433	4210	DA4l	9	18	nan	nan	adPN	na	DA4l: 0h	DA4l	PN_0h_VTGAL4_P5_P8
0	VT033006-GFP	0h	158303	2572	DA4l	9	18	nan	nan	adPN	na	DA4l: 0h	DA4l	PN_0h_VTGAL4_P5_P9
0	VT033006-GFP	0h	610073	4461	DL1	17	20	8	DL1	adPN	na	DL1: 0h	DL1	PN_0h_VT_P8_A101
0	VT033006-GFP	0h	350695	3497	DA1_fru+	26	15	15	DA1_fru+	lPN	na	DA1_fru+: 0h	nan	PN_0h_VT_P8_A103
0	VT033006-GFP	0h	394386	4297	VA5	10	38	26	VA5	lPN	na	VA5: 0h	VA5	PN_0h_VT_P8_A104
0	VT033006-GFP	0h	1679164	4510	VA6	8	18	0	VA6	adPN	na	VA6: 0h	VA6	PN_0h_VT_P8_A106
0	VT033006-GFP	0h	149548	1703	VM7 or VM5v #2	3	0	28	VM7 or VM5v #2	adPN	na	VM7 or VM5v #2: 0h	VM7 or VM5v #2	PN_0h_VT_P8_A107
0	VT033006-GFP	0h	661801	3088	VA1d	22	24	10	VA1d	adPN	na	VA1d: 0h	nan	PN_0h_VT_P8_A109
0	VT033006-GFP	0h	975194	3591	DL1	17	20	8	DL1	adPN	na	DL1: 0h	DL1	PN_0h_VT_P8_A10
0	VT033006-GFP	0h	2410107	2761	DA1_fru-	13	15	23	DA1_fru-	lPN	na	DA1_fru-: 0h	nan	PN_0h_VT_P8_A111
0	VT033006-GFP	0h	365277	3756	D	5	33	12	D	adPN	na	D: 0h	D	PN_0h_VT_P8_A112
0	VT033006-GFP	0h	2034470	4176	VA6	8	18	0	VA6	adPN	na	VA6: 0h	VA6	PN_0h_VT_P8_A115
0	VT033006-GFP	0h	142018	3593	VM2	1	0	13	VM2	adPN	na	VM2: 0h	VM2	PN_0h_VT_P8_A116
0	VT033006-GFP	0h	154550	1210	nan	7	18	nan	nan	adPN	na	nan: 0h	nan	PN_0h_VT_P8_A117
0	VT033006-GFP	0h	261811	4199	MARS_5	16	20	nan	nan	adPN	na	MARS_5: 0h	MARS_5	PN_0h_VT_P8_A118
0	VT033006-GFP	0h	305008	3964	DC2	6	33	18	DC2	adPN	na	DC2: 0h	nan	PN_0h_VT_P8_A119
0	VT033006-GFP	0h	1307587	3587	VA6	8	18	0	VA6	adPN	na	VA6: 0h	VA6	PN_0h_VT_P8_A11
0	VT033006-GFP	0h	281330	2623	VA1d	22	24	10	VA1d		na	VA1d: 0h	nan	PN_0h_VT_P8_A120
0	VT033006-GFP	0h	254394	3709	DA1_fru+	26	15	15	DA1_fru+	lPN	na	DA1_fru+: 0h	nan	PN_0h_VT_P8_A124
0	VT033006-GFP	0h	794495	5033	VA6	8	18	0	VA6	adPN	na	VA6: 0h	VA6	PN_0h_VT_P8_A125
0	VT033006-GFP	0h	628277	3462	nan	14	15	nan	nan	lPN	na	nan: 0h	nan	PN_0h_VT_P8_A126
0	VT033006-GFP	0h	153366	2259	nan	18	15	nan	nan	APL	na	nan: 0h	nan	PN_0h_VT_P8_A127
0	VT033006-GFP	0h	231506	3045	VA6	8	18	0	VA6	adPN	na	VA6: 0h	VA6	PN_0h_VT_P8_A12
0	VT033006-GFP	0h	588643	3831	MARS_9	11	37	9	MARS_9	lPN	na	MARS_9: 0h	MARS_9	PN_0h_VT_P8_A130
0	VT033006-GFP	0h	2053636	2376	DA1_fru-	13	15	23	DA1_fru-	lPN	na	DA1_fru-: 0h	nan	PN_0h_VT_P8_A133
0	VT033006-GFP	0h	291843	3402	MARS_9	11	37	9	MARS_9	lPN	na	MARS_9: 0h	MARS_9	PN_0h_VT_P8_A134
0	VT033006-GFP	0h	520373	2883	nan	23	24	nan	nan	adPN	na	nan: 0h	nan	PN_0h_VT_P8_A135
0	VT033006-GFP	0h	174158	3423	VA1d	22	24	10	VA1d	adPN	na	VA1d: 0h	nan	PN_0h_VT_P8_A136
0	VT033006-GFP	0h	674834	4054	VA1d	22	24	10	VA1d	adPN	na	VA1d: 0h	nan	PN_0h_VT_P8_A140
0	VT033006-GFP	0h	462638	3459	DA1_fru-	13	15	23	DA1_fru-	lPN	na	DA1_fru-: 0h	nan	PN_0h_VT_P8_A141
0	VT033006-GFP	0h	185220	3701	VA1d	22	24	10	VA1d	adPN	na	VA1d: 0h	nan	PN_0h_VT_P8_A143
0	VT033006-GFP	0h	194611	3806	DC3	25	24	20	DC3	adPN	na	DC3: 0h	nan	PN_0h_VT_P8_A145
0	VT033006-GFP	0h	429490	1636	nan	18	18	nan	nan	adPN	na	nan: 0h	nan	PN_0h_VT_P8_A148
0	VT033006-GFP	0h	785975	3373	DA4l	9	18	nan	nan	adPN	na	DA4l: 0h	DA4l	PN_0h_VT_P8_A14
0	VT033006-GFP	0h	124457	669	nan	18	-1	nan	nan	adPN	na	nan: 0h	nan	PN_0h_VT_P8_A150
0	VT033006-GFP	0h	116549	1874	VA6	8	18	0	VA6	adPN	na	VA6: 0h	VA6	PN_0h_VT_P8_A151
0	VT033006-GFP	0h	573398	3881	DA1_fru+	26	15	15	DA1_fru+	lPN	na	DA1_fru+: 0h	nan	PN_0h_VT_P8_A154
0	VT033006-GFP	0h	1105025	2736	DL1	17	-1	8	DL1	lPN	na	DL1: 0h	DL1	PN_0h_VT_P8_A155
0	VT033006-GFP	0h	1665728	2489	DL3	15	15	24	DL3	lPN	na	DL3: 0h	nan	PN_0h_VT_P8_A156
0	VT033006-GFP	0h	932749	2328	DA1_fru-	13	15	23	DA1_fru-	lPN	na	DA1_fru-: 0h	nan	PN_0h_VT_P8_A157
0	VT033006-GFP	0h	564582	2417	DC3	25	24	20	DC3	adPN	na	DC3: 0h	nan	PN_0h_VT_P8_A158
0	VT033006-GFP	0h	913321	2614	VA1d	22	24	10	VA1d	adPN	na	VA1d: 0h	nan	PN_0h_VT_P8_A159
0	VT033006-GFP	0h	103019	2591	VA6	8	18	0	VA6	adPN	na	VA6: 0h	VA6	PN_0h_VT_P8_A160
0	VT033006-GFP	0h	454599	3996	D	5	33	12	D	adPN	na	D: 0h	D	PN_0h_VT_P8_A161
0	VT033006-GFP	0h	574117	4025	DC3	25	24	20	DC3	adPN	na	DC3: 0h	nan	PN_0h_VT_P8_A165
0	VT033006-GFP	0h	255978	4118	VA5	10	38	26	VA5	lPN	na	VA5: 0h	VA5	PN_0h_VT_P8_A166
0	VT033006-GFP	0h	349572	4067	MARS_5	16	20	nan	nan	adPN	na	MARS_5: 0h	MARS_5	PN_0h_VT_P8_A171
0	VT033006-GFP	0h	322336	3625	MARS_9	11	37	9	MARS_9	lPN	na	MARS_9: 0h	MARS_9	PN_0h_VT_P8_A172
0	VT033006-GFP	0h	474048	1837	DA4l	9	18	nan	nan	adPN	na	DA4l: 0h	DA4l	PN_0h_VT_P8_A173
0	VT033006-GFP	0h	732658	3756	DA1_fru+	26	15	15	DA1_fru+	lPN	na	DA1_fru+: 0h	nan	PN_0h_VT_P8_A174
0	VT033006-GFP	0h	211488	3178	nan	14	15	nan	nan	lPN	na	nan: 0h	nan	PN_0h_VT_P8_A177
0	VT033006-GFP	0h	1591173	3883	nan	7	18	nan	nan	adPN	na	nan: 0h	nan	PN_0h_VT_P8_A180
0	VT033006-GFP	0h	1899208	2941	DA1_fru+	26	15	15	DA1_fru+	lPN	na	DA1_fru+: 0h	nan	PN_0h_VT_P8_A181
0	VT033006-GFP	0h	2178762	2279	nan	14	15	nan	nan	lPN	na	nan: 0h	nan	PN_0h_VT_P8_A182
0	VT033006-GFP	0h	362194	1802	nan	18	-1	nan	nan	APL	na	nan: 0h	nan	PN_0h_VT_P8_A183
0	VT033006-GFP	0h	425644	3850	VA1d	22	24	10	VA1d	adPN	na	VA1d: 0h	nan	PN_0h_VT_P8_A185
0	VT033006-GFP	0h	494817	3758	DA1_fru-	13	15	23	DA1_fru-	lPN	na	DA1_fru-: 0h	nan	PN_0h_VT_P8_A186
0	VT033006-GFP	0h	229104	3562	VM7 or VM5v #1	2	0	nan	nan	adPN	na	VM7 or VM5v #1: 0h	VM7 or VM5v #1	PN_0h_VT_P8_A188
0	VT033006-GFP	0h	1561342	2869	nan	23	24	nan	nan	adPN	na	nan: 0h	nan	PN_0h_VT_P8_A189
0	VT033006-GFP	0h	391604	3694	VA1d	22	24	10	VA1d	adPN	na	VA1d: 0h	nan	PN_0h_VT_P8_A18
0	VT033006-GFP	0h	270298	3670	DC2	6	33	18	DC2	adPN	na	DC2: 0h	nan	PN_0h_VT_P8_A192
0	VT033006-GFP	0h	829828	3107	nan	18	-1	nan	nan	lPN	na	nan: 0h	nan	PN_0h_VT_P8_A195
0	VT033006-GFP	0h	491470	3018	nan	23	24	nan	nan	adPN	na	nan: 0h	nan	PN_0h_VT_P8_A196
0	VT033006-GFP	0h	260499	1664	nan	18	15	nan	nan	APL	na	nan: 0h	nan	PN_0h_VT_P8_A199
0	VT033006-GFP	0h	889304	548	nan	18	18	nan	nan	adPN	na	nan: 0h	nan	PN_0h_VT_P8_A201
0	VT033006-GFP	0h	653652	2151	DA1_fru-	13	15	23	DA1_fru-	lPN	na	DA1_fru-: 0h	nan	PN_0h_VT_P8_A202
0	VT033006-GFP	0h	1005575	2461	DM2	20	25	11	DM2	lPN	na	DM2: 0h	nan	PN_0h_VT_P8_A206
0	VT033006-GFP	0h	812201	3911	DC3	25	24	20	DC3	adPN	na	DC3: 0h	nan	PN_0h_VT_P8_A208
0	VT033006-GFP	0h	102530	3771	MARS_5	16	20	nan	nan	adPN	na	MARS_5: 0h	MARS_5	PN_0h_VT_P8_A209
0	VT033006-GFP	0h	292226	3541	VA1d	22	24	10	VA1d	adPN	na	VA1d: 0h	nan	PN_0h_VT_P8_A20
0	VT033006-GFP	0h	322600	3638	DA1_fru+	26	15	15	DA1_fru+	lPN	na	DA1_fru+: 0h	nan	PN_0h_VT_P8_A210
0	VT033006-GFP	0h	381924	1647	D	5	-1	12	D	adPN	na	D: 0h	D	PN_0h_VT_P8_A213
0	VT033006-GFP	0h	207203	3505	VM7 or VM5v #1	2	0	nan	nan	adPN	na	VM7 or VM5v #1: 0h	VM7 or VM5v #1	PN_0h_VT_P8_A214
0	VT033006-GFP	0h	688395	3434	nan	14	15	nan	nan	lPN	na	nan: 0h	nan	PN_0h_VT_P8_A219
0	VT033006-GFP	0h	1195306	1798	nan	18	15	nan	nan	APL	na	nan: 0h	nan	PN_0h_VT_P8_A220
0	VT033006-GFP	0h	566289	4128	DL1	17	20	8	DL1	adPN	na	DL1: 0h	DL1	PN_0h_VT_P8_A221
0	VT033006-GFP	0h	3024481	2554	MARS_9	11	37	9	MARS_9	lPN	na	MARS_9: 0h	MARS_9	PN_0h_VT_P8_A224
0	VT033006-GFP	0h	1840519	3309	MARS_9	11	37	9	MARS_9	lPN	na	MARS_9: 0h	MARS_9	PN_0h_VT_P8_A227
0	VT033006-GFP	0h	2669318	2656	DC2	6	33	18	DC2	adPN	na	DC2: 0h	nan	PN_0h_VT_P8_A229
0	VT033006-GFP	0h	111418	2654	VM7 or VM5v #2	3	0	28	VM7 or VM5v #2	adPN	na	VM7 or VM5v #2: 0h	VM7 or VM5v #2	PN_0h_VT_P8_A22
0	VT033006-GFP	0h	2223005	3075	VM7 or VM5v #1	2	0	nan	nan	adPN	na	VM7 or VM5v #1: 0h	VM7 or VM5v #1	PN_0h_VT_P8_A231
0	VT033006-GFP	0h	2043833	1946	nan	12	15	nan	nan	lPN	na	nan: 0h	nan	PN_0h_VT_P8_A237
0	VT033006-GFP	0h	2407443	2313	nan	14	15	nan	nan	lPN	na	nan: 0h	nan	PN_0h_VT_P8_A238
0	VT033006-GFP	0h	774214	3405	D	5	33	12	D	adPN	na	D: 0h	D	PN_0h_VT_P8_A239
0	VT033006-GFP	0h	118822	3331	VA1d	22	24	10	VA1d	adPN	na	VA1d: 0h	nan	PN_0h_VT_P8_A23
0	VT033006-GFP	0h	326647	3662	MARS_9	11	37	9	MARS_9	lPN	na	MARS_9: 0h	MARS_9	PN_0h_VT_P8_A241
0	VT033006-GFP	0h	349950	2456	DL1	17	20	8	DL1	adPN	na	DL1: 0h	DL1	PN_0h_VT_P8_A242
0	VT033006-GFP	0h	234855	3121	nan	14	15	nan	nan	lPN	na	nan: 0h	nan	PN_0h_VT_P8_A244
0	VT033006-GFP	0h	308257	4828	DA1_fru+	26	22	15	DA1_fru+	lPN	na	DA1_fru+: 0h	nan	PN_0h_VT_P8_A245
0	VT033006-GFP	0h	213879	1392	DA4l	9	18	nan	nan	adPN	na	DA4l: 0h	DA4l	PN_0h_VT_P8_A246
0	VT033006-GFP	0h	1921935	3602	DA1_fru+	26	15	15	DA1_fru+	lPN	na	DA1_fru+: 0h	nan	PN_0h_VT_P8_A247
0	VT033006-GFP	0h	1484342	3465	VA1d	22	24	10	VA1d	adPN	na	VA1d: 0h	nan	PN_0h_VT_P8_A249
0	VT033006-GFP	0h	973936	1962	nan	NaN	15	nan	nan	lPN	na	nan: 0h	nan	PN_0h_VT_P8_A250
0	VT033006-GFP	0h	1261554	2315	nan	23	24	nan	nan	adPN	na	nan: 0h	nan	PN_0h_VT_P8_A251
0	VT033006-GFP	0h	1449464	2022	DL3	15	15	24	DL3	lPN	na	DL3: 0h	nan	PN_0h_VT_P8_A252
0	VT033006-GFP	0h	1143983	2531	DL3	15	15	24	DL3	lPN	na	DL3: 0h	nan	PN_0h_VT_P8_A254
0	VT033006-GFP	0h	1472925	3683	DA1_fru+	26	15	15	DA1_fru+	lPN	na	DA1_fru+: 0h	nan	PN_0h_VT_P8_A255
0	VT033006-GFP	0h	1297575	2478	nan	23	24	nan	nan	adPN	na	nan: 0h	nan	PN_0h_VT_P8_A259
0	VT033006-GFP	0h	537120	1778	DL3	15	15	24	DL3	lPN	na	DL3: 0h	nan	PN_0h_VT_P8_A260
0	VT033006-GFP	0h	2140141	1592	DA1_fru-	13	15	23	DA1_fru-	lPN	na	DA1_fru-: 0h	nan	PN_0h_VT_P8_A261
0	VT033006-GFP	0h	1677525	2677	VA6	8	18	0	VA6	adPN	na	VA6: 0h	VA6	PN_0h_VT_P8_A263
0	VT033006-GFP	0h	2013334	3493	DL1	17	20	8	DL1	adPN	na	DL1: 0h	DL1	PN_0h_VT_P8_A269
0	VT033006-GFP	0h	247238	3447	DA1_fru+	26	15	15	DA1_fru+	lPN	na	DA1_fru+: 0h	nan	PN_0h_VT_P8_A271
0	VT033006-GFP	0h	1763639	3399	DC3	25	24	20	DC3	adPN	na	DC3: 0h	nan	PN_0h_VT_P8_A272
0	VT033006-GFP	0h	1775403	2828	DA1_fru+	26	15	15	DA1_fru+	lPN	na	DA1_fru+: 0h	nan	PN_0h_VT_P8_A274
0	VT033006-GFP	0h	185427	2493	nan	14	15	nan	nan	lPN	na	nan: 0h	nan	PN_0h_VT_P8_A276
0	VT033006-GFP	0h	1547122	697	nan	18	18	nan	nan	APL	na	nan: 0h	nan	PN_0h_VT_P8_A277
0	VT033006-GFP	0h	2361753	3064	DA1_fru-	13	15	23	DA1_fru-	lPN	na	DA1_fru-: 0h	nan	PN_0h_VT_P8_A279
0	VT033006-GFP	0h	1064094	1817	D	5	33	12	D	adPN	na	D: 0h	D	PN_0h_VT_P8_A280
0	VT033006-GFP	0h	230560	3812	nan	18	-1	nan	nan	lPN	na	nan: 0h	nan	PN_0h_VT_P8_A281
0	VT033006-GFP	0h	1413775	3131	VA6	8	18	0	VA6	adPN	na	VA6: 0h	VA6	PN_0h_VT_P8_A283
0	VT033006-GFP	0h	1800358	1316	DL3	15	15	24	DL3	lPN	na	DL3: 0h	nan	PN_0h_VT_P8_A284
0	VT033006-GFP	0h	3399069	1352	DL3	15	15	24	DL3	lPN	na	DL3: 0h	nan	PN_0h_VT_P8_A285
0	VT033006-GFP	0h	2288390	3004	VA1d	22	24	10	VA1d	adPN	na	VA1d: 0h	nan	PN_0h_VT_P8_A286
0	VT033006-GFP	0h	470236	3697	MARS_7	4	32	7	MARS_7	adPN	na	MARS_7: 0h	MARS_7	PN_0h_VT_P8_A28
0	VT033006-GFP	0h	218898	3644	DC3	25	24	20	DC3	adPN	na	DC3: 0h	nan	PN_0h_VT_P8_A291
0	VT033006-GFP	0h	2167334	2824	nan	14	15	nan	nan	lPN	na	nan: 0h	nan	PN_0h_VT_P8_A294
0	VT033006-GFP	0h	941298	1433	nan	18	-1	nan	nan	adPN	na	nan: 0h	nan	PN_0h_VT_P8_A295
0	VT033006-GFP	0h	4064953	3056	DA1_fru-	13	15	23	DA1_fru-	lPN	na	DA1_fru-: 0h	nan	PN_0h_VT_P8_A296
0	VT033006-GFP	0h	1842328	1049	nan	12	15	nan	nan	lPN	na	nan: 0h	nan	PN_0h_VT_P8_A297
0	VT033006-GFP	0h	2060176	3590	DA1_fru+	26	22	15	DA1_fru+	lPN	na	DA1_fru+: 0h	nan	PN_0h_VT_P8_A300
0	VT033006-GFP	0h	1414940	3183	nan	14	15	nan	nan	lPN	na	nan: 0h	nan	PN_0h_VT_P8_A301
0	VT033006-GFP	0h	609721	1596	nan	12	15	nan	nan	lPN	na	nan: 0h	nan	PN_0h_VT_P8_A303
0	VT033006-GFP	0h	2461211	1535	nan	23	24	nan	nan	adPN	na	nan: 0h	nan	PN_0h_VT_P8_A305
0	VT033006-GFP	0h	1656492	2822	DA1_fru-	13	15	23	DA1_fru-	lPN	na	DA1_fru-: 0h	nan	PN_0h_VT_P8_A306
0	VT033006-GFP	0h	3040061	2123	nan	12	15	nan	nan	lPN	na	nan: 0h	nan	PN_0h_VT_P8_A308
0	VT033006-GFP	0h	2111885	3238	DL1	17	20	8	DL1	adPN	na	DL1: 0h	DL1	PN_0h_VT_P8_A309
0	VT033006-GFP	0h	2244308	1827	nan	23	24	nan	nan	adPN	na	nan: 0h	nan	PN_0h_VT_P8_A311
0	VT033006-GFP	0h	162409	4896	VA6	8	18	0	VA6	adPN	na	VA6: 0h	VA6	PN_0h_VT_P8_A314
0	VT033006-GFP	0h	2416474	3761	MARS_9	11	37	9	MARS_9	lPN	na	MARS_9: 0h	MARS_9	PN_0h_VT_P8_A315
0	VT033006-GFP	0h	1645855	1484	nan	18	-1	nan	nan	APL	na	nan: 0h	nan	PN_0h_VT_P8_A316
0	VT033006-GFP	0h	2654776	3233	nan	23	24	nan	nan	adPN	na	nan: 0h	nan	PN_0h_VT_P8_A319
0	VT033006-GFP	0h	170339	3372	nan	23	24	nan	nan	adPN	na	nan: 0h	nan	PN_0h_VT_P8_A31
0	VT033006-GFP	0h	793591	3022	nan	12	15	nan	nan	lPN	na	nan: 0h	nan	PN_0h_VT_P8_A320
0	VT033006-GFP	0h	730084	2466	DL3	15	15	24	DL3	lPN	na	DL3: 0h	nan	PN_0h_VT_P8_A322
0	VT033006-GFP	0h	1020844	2670	nan	14	15	nan	nan	lPN	na	nan: 0h	nan	PN_0h_VT_P8_A323
0	VT033006-GFP	0h	1103013	3037	D	5	33	12	D	adPN	na	D: 0h	D	PN_0h_VT_P8_A324
0	VT033006-GFP	0h	1089762	1201	nan	18	15	nan	nan	APL	na	nan: 0h	nan	PN_0h_VT_P8_A325
0	VT033006-GFP	0h	1126877	1591	DC3	25	24	20	DC3	adPN	na	DC3: 0h	nan	PN_0h_VT_P8_A326
0	VT033006-GFP	0h	1622488	3905	nan	18	-1	nan	nan	lPN	na	nan: 0h	nan	PN_0h_VT_P8_A327
0	VT033006-GFP	0h	614396	4085	VA1d	22	24	10	VA1d		na	VA1d: 0h	nan	PN_0h_VT_P8_A329
0	VT033006-GFP	0h	124198	941	nan	12	15	nan	nan	lPN	na	nan: 0h	nan	PN_0h_VT_P8_A330
0	VT033006-GFP	0h	1978580	1874	nan	18	18	nan	nan	APL	na	nan: 0h	nan	PN_0h_VT_P8_A331
0	VT033006-GFP	0h	2160347	2416	DA1_fru-	13	15	23	DA1_fru-	lPN	na	DA1_fru-: 0h	nan	PN_0h_VT_P8_A334
0	VT033006-GFP	0h	2070947	2409	VC2	27	22	16	VC2	lPN	na	VC2: 0h	VC2	PN_0h_VT_P8_A337
0	VT033006-GFP	0h	1304251	3495	MARS_9	11	37	9	MARS_9	lPN	na	MARS_9: 0h	MARS_9	PN_0h_VT_P8_A338
0	VT033006-GFP	0h	703806	4510	DM2	20	25	11	DM2	lPN	na	DM2: 0h	nan	PN_0h_VT_P8_A339
0	VT033006-GFP	0h	499516	1605	nan	18	15	nan	nan	APL	na	nan: 0h	nan	PN_0h_VT_P8_A340
0	VT033006-GFP	0h	553074	4079	MARS_7	4	32	7	MARS_7	adPN	na	MARS_7: 0h	MARS_7	PN_0h_VT_P8_A341
0	VT033006-GFP	0h	127872	3306	VA1d	22	24	10	VA1d	adPN	na	VA1d: 0h	nan	PN_0h_VT_P8_A342
0	VT033006-GFP	0h	1066410	620	nan	18	-1	nan	nan	adPN	na	nan: 0h	nan	PN_0h_VT_P8_A344
0	VT033006-GFP	0h	817425	4989	VA6	8	18	0	VA6	adPN	na	VA6: 0h	VA6	PN_0h_VT_P8_A345
0	VT033006-GFP	0h	3078727	3240	VA1d	22	24	10	VA1d	adPN	na	VA1d: 0h	nan	PN_0h_VT_P8_A348
0	VT033006-GFP	0h	1044833	1551	D	5	-1	12	D	adPN	na	D: 0h	D	PN_0h_VT_P8_A349
0	VT033006-GFP	0h	799156	2991	VA1d	22	24	10	VA1d	adPN	na	VA1d: 0h	nan	PN_0h_VT_P8_A350
0	VT033006-GFP	0h	1971447	1239	DA4l	9	18	nan	nan	adPN	na	DA4l: 0h	DA4l	PN_0h_VT_P8_A351
0	VT033006-GFP	0h	2527449	2871	D	5	33	12	D	adPN	na	D: 0h	D	PN_0h_VT_P8_A352
0	VT033006-GFP	0h	854012	1035	DL3	15	15	24	DL3	APL	na	DL3: 0h	nan	PN_0h_VT_P8_A355
0	VT033006-GFP	0h	1231453	2092	nan	12	15	nan	nan	lPN	na	nan: 0h	nan	PN_0h_VT_P8_A356
0	VT033006-GFP	0h	1565201	1740	VA5	10	-1	26	VA5	lPN	na	VA5: 0h	VA5	PN_0h_VT_P8_A357
0	VT033006-GFP	0h	1718116	2488	DA1_fru-	13	15	23	DA1_fru-	lPN	na	DA1_fru-: 0h	nan	PN_0h_VT_P8_A358
0	VT033006-GFP	0h	602197	694	nan	18	15	nan	nan	APL	na	nan: 0h	nan	PN_0h_VT_P8_A35
0	VT033006-GFP	0h	515524	4607	DA4l	9	18	nan	nan	adPN	na	DA4l: 0h	DA4l	PN_0h_VT_P8_A368
0	VT033006-GFP	0h	731019	4701	VA6	8	18	0	VA6	adPN	na	VA6: 0h	VA6	PN_0h_VT_P8_A36
0	VT033006-GFP	0h	550588	2051	nan	12	15	nan	nan	lPN	na	nan: 0h	nan	PN_0h_VT_P8_A383
0	VT033006-GFP	0h	348344	2939	DL3	15	15	24	DL3	lPN	na	DL3: 0h	nan	PN_0h_VT_P8_A3
0	VT033006-GFP	0h	315543	1744	nan	18	-1	nan	nan	APL	na	nan: 0h	nan	PN_0h_VT_P8_A43
0	VT033006-GFP	0h	253412	4065	VA5	10	38	26	VA5	lPN	na	VA5: 0h	VA5	PN_0h_VT_P8_A4
0	VT033006-GFP	0h	341204	3580	DA1_fru+	26	15	15	DA1_fru+	lPN	na	DA1_fru+: 0h	nan	PN_0h_VT_P8_A50
0	VT033006-GFP	0h	488953	2841	nan	18	-1	nan	nan	APL	na	nan: 0h	nan	PN_0h_VT_P8_A51
0	VT033006-GFP	0h	389889	3221	DA1_fru-	13	15	23	DA1_fru-	lPN	na	DA1_fru-: 0h	nan	PN_0h_VT_P8_A55
0	VT033006-GFP	0h	1518579	2655	nan	18	-1	nan	nan	lPN	na	nan: 0h	nan	PN_0h_VT_P8_A59
0	VT033006-GFP	0h	512560	4046	DC3	25	24	20	DC3	adPN	na	DC3: 0h	nan	PN_0h_VT_P8_A5
0	VT033006-GFP	0h	184864	3335	DA1_fru-	13	15	23	DA1_fru-	lPN	na	DA1_fru-: 0h	nan	PN_0h_VT_P8_A65
0	VT033006-GFP	0h	292078	1506	nan	18	-1	nan	nan		na	nan: 0h	nan	PN_0h_VT_P8_A69
0	VT033006-GFP	0h	280954	2323	nan	18	15	nan	nan	APL	na	nan: 0h	nan	PN_0h_VT_P8_A6
0	VT033006-GFP	0h	361621	1541	nan	18	-1	nan	nan	APL	na	nan: 0h	nan	PN_0h_VT_P8_A76
0	VT033006-GFP	0h	436758	3587	DA1_fru-	13	15	23	DA1_fru-	lPN	na	DA1_fru-: 0h	nan	PN_0h_VT_P8_A79
0	VT033006-GFP	0h	153024	3180	nan	14	15	nan	nan	lPN	na	nan: 0h	nan	PN_0h_VT_P8_A7
0	VT033006-GFP	0h	1386532	745	nan	18	-1	nan	nan	APL	na	nan: 0h	nan	PN_0h_VT_P8_A83
0	VT033006-GFP	0h	366153	3065	VA5	10	38	26	VA5	lPN	na	VA5: 0h	VA5	PN_0h_VT_P8_A84
0	VT033006-GFP	0h	924566	1771	DL3	15	15	24	DL3	lPN	na	DL3: 0h	nan	PN_0h_VT_P8_A85
0	VT033006-GFP	0h	2428358	2874	nan	7	18	nan	nan	adPN	na	nan: 0h	nan	PN_0h_VT_P8_A86
0	VT033006-GFP	0h	705805	3589	VC2	27	22	16	VC2	lPN	na	VC2: 0h	VC2	PN_0h_VT_P8_A88
0	VT033006-GFP	0h	323611	4213	MARS_5	16	20	nan	nan	adPN	na	MARS_5: 0h	MARS_5	PN_0h_VT_P8_A91
0	VT033006-GFP	0h	302290	3572	D	5	33	12	D	adPN	na	D: 0h	D	PN_0h_VT_P8_A92
0	VT033006-GFP	0h	194137	4870	VA6	8	18	0	VA6	adPN	na	VA6: 0h	VA6	PN_0h_VT_P8_A94
0	VT033006-GFP	0h	162868	2542	D	5	33	12	D	adPN	na	D: 0h	D	PN_0h_VT_P8_A96
0	VT033006-GFP	0h	154652	783	nan	23	24	nan	nan	adPN	na	nan: 0h	nan	PN_0h_VT_P8_A97
0	VT033006-GFP	0h	225260	4826	VA6	8	18	0	VA6	adPN	na	VA6: 0h	VA6	PN_0h_VT_P8_A99
1	GH146-GFP	24h	4155579	2464	nan	26	19	26	VA5	lPN	12	nan: 24h	nan	IL7024-708-502
1	GH146-GFP	24h	4206111	2863	VA2	4	-1	4	VA2	adPN	24	VA2: 24h	VA2	IL7024-708-503
1	GH146-GFP	24h	3401781	2736	DM2	11	-1	11	DM2	adPN	23	DM2: 24h	DM2	IL7024-708-504
1	GH146-GFP	24h	4051571	2696	VA6	0	47	0	VA6	adPN	20	VA6: 24h	VA6	IL7024-708-505
1	GH146-GFP	24h	4168003	2692	DM2	11	-1	11	DM2	adPN	23	DM2: 24h	DM2	IL7024-708-506
1	GH146-GFP	24h	3929652	2661	DC3	20	10	20	DC3	adPN	5	DC3: 24h	DC3	IL7024-708-507
1	GH146-GFP	24h	3706759	1935	MARS_2	2	52	2	MARS_2	lPN	15	MARS_2: 24h	MARS_2	IL7024-708-508
1	GH146-GFP	24h	4503093	2327	MARS_9	9	27	9	MARS_9	lPN	14	MARS_9: 24h	MARS_9	IL7024-709-501
1	GH146-GFP	24h	2890664	2295	MARS_9	9	-1	9	MARS_9	lPN	14	MARS_9: 24h	MARS_9	IL7024-709-502
1	GH146-GFP	24h	3910028	3041	VA6	0	47	0	VA6	adPN	19	VA6: 24h	VA6	IL7024-709-503
1	GH146-GFP	24h	3466766	2556	nan	18	28	18	DC2	lPN	22	nan: 24h	nan	IL7024-709-504
1	GH146-GFP	24h	3849114	2374	MARS_7	7	31	7	MARS_7	adPN	18	MARS_7: 24h	MARS_7	IL7024-709-505
1	GH146-GFP	24h	3313885	2766	VA1v	6	6	6	VA1v	adPN	8	VA1v: 24h	VA1v	IL7024-709-506
1	GH146-GFP	24h	2563621	2427	nan	18	-1	18	DC2	lPN	22	nan: 24h	nan	IL7024-709-507
1	GH146-GFP	24h	2886534	2863	VA1v	6	6	6	VA1v	adPN	8	VA1v: 24h	VA1v	IL7024-709-508
1	GH146-GFP	24h	2979020	2293	DM6	22	8	22	DM6	adPN	3	DM6: 24h	DM6	IL7024-710-501
1	GH146-GFP	24h	3123903	2706	VA1v	6	6	6	VA1v	adPN	8	VA1v: 24h	VA1v	IL7024-710-502
1	GH146-GFP	24h	2470267	2448	VA1v	6	6	6	VA1v	adPN	8	VA1v: 24h	VA1v	IL7024-710-503
1	GH146-GFP	24h	3506220	3486	MARS_19	19	-1	19	MARS_19	adPN	8	MARS_19: 24h	MARS_19	IL7024-710-504
1	GH146-GFP	24h	2773384	2209	DM6	22	8	22	DM6	adPN	3	DM6: 24h	DM6	IL7024-710-505
1	GH146-GFP	24h	2910716	2225	VM7 or VM5v #1	3	13	3	VM7 or VM5v #1	adPN	1	VM7 or VM5v #1: 24h	VM7 or VM5v #1	IL7024-710-506
1	GH146-GFP	24h	3128881	2716	DL1	8	36	8	DL1	adPN	25	DL1: 24h	DL1	IL7024-710-507
1	GH146-GFP	24h	2977835	2089	VM2	13	9	13	VM2	adPN	4	VM2: 24h	VM2	IL7024-710-508
1	GH146-GFP	24h	2798283	2109	DM6	22	8	22	DM6	adPN	3	DM6: 24h	DM6	IL7024-711-501
1	GH146-GFP	24h	3486855	2605	DL1	8	36	8	DL1	adPN	25	DL1: 24h	DL1	IL7024-711-502
1	GH146-GFP	24h	3562099	2268	VA1v	6	6	6	VA1v	adPN	8	VA1v: 24h	VA1v	IL7024-711-503
1	GH146-GFP	24h	3704743	1974	VA1v	6	0	6	VA1v	adPN	8	VA1v: 24h	VA1v	IL7024-711-504
1	GH146-GFP	24h	3447720	2095	VA1v	6	6	6	VA1v	adPN	8	VA1v: 24h	VA1v	IL7024-711-505
1	GH146-GFP	24h	3296457	1362	VM7 or VM5v #1	3	13	3	VM7 or VM5v #1	adPN	1	VM7 or VM5v #1: 24h	VM7 or VM5v #1	IL7024-711-506
1	GH146-GFP	24h	3239126	1843	VM7 or VM5v #2	28	13	28	VM7 or VM5v #2	adPN	-1	VM7 or VM5v #2: 24h	VM7 or VM5v #2	IL7024-711-507
1	GH146-GFP	24h	2788980	2349	VA1v	6	6	6	VA1v	adPN	8	VA1v: 24h	VA1v	IL7024-711-508
1	GH146-GFP	24h	2751646	2745	VA2	4	41	4	VA2	APL	17	VA2: 24h	VA2	IL7024-712-501
1	GH146-GFP	24h	4393209	3380	D	12	-1	12	D	adPN	0	D: 24h	D	IL7024-712-502
1	GH146-GFP	24h	4006316	2526	DL1	8	36	8	DL1	adPN	25	DL1: 24h	DL1	IL7024-712-503
1	GH146-GFP	24h	2744933	1949	DC3	20	24	20	DC3	adPN	5	DC3: 24h	DC3	IL7024-712-504
1	GH146-GFP	24h	1032545	3011	DA1_fru+	15	50	15	DA1_fru+	lPN	10	DA1_fru+: 24h	DA1_fru+	IL7051-701-503
1	GH146-GFP	24h	772958	3714	VA1v	6	6	6	VA1v	adPN	8	VA1v: 24h	VA1v	IL7051-701-505
1	GH146-GFP	24h	812602	2566	MARS_2	2	51	2	MARS_2	lPN	15	MARS_2: 24h	MARS_2	IL7051-701-506
1	GH146-GFP	24h	532062	3076	VM7 or VM5v #1	3	13	3	VM7 or VM5v #1	adPN	1	VM7 or VM5v #1: 24h	VM7 or VM5v #1	IL7051-701-508
1	GH146-GFP	24h	589826	3180	DL1	8	36	8	DL1	adPN	25	DL1: 24h	DL1	IL7051-701-510
1	GH146-GFP	24h	1428228	3110	VA5	26	19	26	VA5	lPN	12	VA5: 24h	VA5	IL7051-701-511
1	GH146-GFP	24h	904109	2972	VM7 or VM5v #1	3	13	3	VM7 or VM5v #1	adPN	1	VM7 or VM5v #1: 24h	VM7 or VM5v #1	IL7051-701-513
1	GH146-GFP	24h	952750	3850	VC2	16	21	16	VC2	lPN	28	VC2: 24h	VC2	IL7051-701-517
1	GH146-GFP	24h	443993	3310	DC3	20	10	20	DC3	adPN	5	DC3: 24h	DC3	IL7051-701-518
1	GH146-GFP	24h	552153	2494	APL	14	14	14	nan	APL	na	APL: 24h	APL	IL7051-701-520
1	GH146-GFP	24h	500349	3406	nan	4	40	4	VA2	adPN	25	nan: 24h	nan	IL7051-701-521
1	GH146-GFP	24h	649098	2679	MARS_7	7	31	7	MARS_7	adPN	18	MARS_7: 24h	MARS_7	IL7051-701-522
1	GH146-GFP	24h	759562	2760	VM7 or VM5v #1	3	13	3	VM7 or VM5v #1	adPN	1	VM7 or VM5v #1: 24h	VM7 or VM5v #1	IL7051-702-502
1	GH146-GFP	24h	912911	2992	VM7 or VM5v #2	28	13	28	VM7 or VM5v #2	adPN	2	VM7 or VM5v #2: 24h	VM7 or VM5v #2	IL7051-702-503
1	GH146-GFP	24h	526454	3620	MARS_19	19	-1	19	MARS_19	adPN	11	MARS_19: 24h	MARS_19	IL7051-702-505
1	GH146-GFP	24h	739886	3928	MARS_19	19	-1	19	MARS_19	adPN	11	MARS_19: 24h	MARS_19	IL7051-702-506
1	GH146-GFP	24h	450950	2425	DC2	18	28	18	DC2	adPN	22	DC2: 24h	DC2	IL7051-702-508
1	GH146-GFP	24h	837450	2920	VA1v	6	6	6	VA1v	adPN	8	VA1v: 24h	VA1v	IL7051-702-510
1	GH146-GFP	24h	667514	2687	VM7 or VM5v #2	28	13	28	VM7 or VM5v #2	adPN	2	VM7 or VM5v #2: 24h	VM7 or VM5v #2	IL7051-702-511
1	GH146-GFP	24h	737319	3516	DL1	8	36	8	DL1	adPN	25	DL1: 24h	DL1	IL7051-702-513
1	GH146-GFP	24h	567964	2722	APL	14	14	14	nan	APL	na	APL: 24h	APL	IL7051-702-515
1	GH146-GFP	24h	1305617	3068	VA1d	10	10	10	VA1d	adPN	6	VA1d: 24h	VA1d	IL7051-702-516
1	GH146-GFP	24h	551441	3536	VA6	0	47	0	VA6	adPN	20	VA6: 24h	VA6	IL7051-702-517
1	GH146-GFP	24h	458612	4384	VA2	4	41	4	VA2	adPN	17	VA2: 24h	VA2	IL7051-702-518
1	GH146-GFP	24h	295046	2970	VM2	13	9	13	VM2	adPN	4	VM2: 24h	VM2	IL7051-702-520
1	GH146-GFP	24h	796474	2577	VM7 or VM5v #2	28	13	28	VM7 or VM5v #2	adPN	2	VM7 or VM5v #2: 24h	VM7 or VM5v #2	IL7051-702-521
1	GH146-GFP	24h	369116	3318	VM2	13	9	13	VM2	adPN	4	VM2: 24h	VM2	IL7051-703-505
1	GH146-GFP	24h	907923	3209	DA1_fru+	15	50	15	DA1_fru+	lPN	10	DA1_fru+: 24h	DA1_fru+	IL7051-703-506
1	GH146-GFP	24h	523767	2050	VM7 or VM5v #2	28	13	28	VM7 or VM5v #2	adPN	2	VM7 or VM5v #2: 24h	VM7 or VM5v #2	IL7051-703-508
1	GH146-GFP	24h	836913	3042	DC2	18	28	18	DC2	adPN	22	DC2: 24h	DC2	IL7051-703-510
1	GH146-GFP	24h	662491	2146	DA1_fru+	15	-1	15	DA1_fru+	lPN	10	DA1_fru+: 24h	DA1_fru+	IL7051-703-511
1	GH146-GFP	24h	1325267	3882	MARS_19	19	16	19	MARS_19	adPN	8	MARS_19: 24h	MARS_19	IL7051-703-513
1	GH146-GFP	24h	1333721	3034	DA1_fru+	15	50	15	DA1_fru+	lPN	10	DA1_fru+: 24h	DA1_fru+	IL7051-703-515
1	GH146-GFP	24h	1134875	3238	DC2	18	28	18	DC2	adPN	22	DC2: 24h	DC2	IL7051-703-516
1	GH146-GFP	24h	911426	2874	DL3	24	58	24	DL3	lPN	9	DL3: 24h	DL3	IL7051-703-517
1	GH146-GFP	24h	782923	3387	DC3	20	10	20	DC3	adPN	5	DC3: 24h	DC3	IL7051-703-518
1	GH146-GFP	24h	597916	2971	DL1	8	36	8	DL1	adPN	25	DL1: 24h	DL1	IL7051-703-520
1	GH146-GFP	24h	918114	3188	MARS_9	9	27	9	MARS_9	lPN	14	MARS_9: 24h	MARS_9	IL7051-703-521
1	GH146-GFP	24h	733960	3326	DA1_fru+	15	50	15	DA1_fru+	lPN	10	DA1_fru+: 24h	DA1_fru+	IL7051-704-505
1	GH146-GFP	24h	557965	3316	VA5	26	19	26	VA5	lPN	12	VA5: 24h	VA5	IL7051-704-508
1	GH146-GFP	24h	701705	2976	VM7 or VM5v #1	3	13	3	VM7 or VM5v #1	adPN	1	VM7 or VM5v #1: 24h	VM7 or VM5v #1	IL7051-704-510
1	GH146-GFP	24h	1500916	3114	VM2	13	9	13	VM2	adPN	4	VM2: 24h	VM2	IL7051-704-515
1	GH146-GFP	24h	1151451	4190	DM2	11	-1	11	DM2	lPN	23	DM2: 24h	DM2	IL7051-704-516
1	GH146-GFP	24h	828519	2605	MARS_2	2	51	2	MARS_2	lPN	15	MARS_2: 24h	MARS_2	IL7051-704-517
1	GH146-GFP	24h	398632	2874	DA1_fru+	15	50	15	DA1_fru+	lPN	10	DA1_fru+: 24h	DA1_fru+	IL7051-704-520
1	GH146-GFP	24h	884897	3264	VA1v	6	6	6	VA1v	adPN	8	VA1v: 24h	VA1v	IL7051-704-521
1	GH146-GFP	24h	1063241	3269	VA1v	6	6	6	VA1v	adPN	8	VA1v: 24h	VA1v	IL7051-705-502
1	GH146-GFP	24h	751056	3153	DA1_fru+	15	50	15	DA1_fru+	lPN	10	DA1_fru+: 24h	DA1_fru+	IL7051-705-503
1	GH146-GFP	24h	870533	3520	DM6	22	8	22	DM6	adPN	3	DM6: 24h	DM6	IL7051-705-505
1	GH146-GFP	24h	625643	3395	DC2	18	28	18	DC2	adPN	22	DC2: 24h	DC2	IL7051-705-506
1	GH146-GFP	24h	627052	3208	MARS_25	25	26	25	MARS_25	lPN	13	MARS_25: 24h	MARS_25	IL7051-705-507
1	GH146-GFP	24h	448382	3466	DA4l	1	-1	1	DA4l	adPN	24	DA4l: 24h	DA4l	IL7051-705-508
1	GH146-GFP	24h	950616	3134	VA5	26	19	26	VA5	lPN	12	VA5: 24h	VA5	IL7051-705-510
1	GH146-GFP	24h	773497	3067	MARS_7	7	31	7	MARS_7	adPN	18	MARS_7: 24h	MARS_7	IL7051-705-511
1	GH146-GFP	24h	1153772	3261	D	12	30	12	D	adPN	0	D: 24h	D	IL7051-705-513
1	GH146-GFP	24h	754834	2979	VM2	13	9	13	VM2	adPN	4	VM2: 24h	VM2	IL7051-705-516
1	GH146-GFP	24h	886989	3913	VC2	16	21	16	VC2	lPN	28	VC2: 24h	VC2	IL7051-705-518
1	GH146-GFP	24h	471815	3219	VA1v	6	6	6	VA1v	adPN	8	VA1v: 24h	VA1v	IL7051-705-520
1	GH146-GFP	24h	904937	3001	DL3	24	-1	24	DL3	lPN	9	DL3: 24h	DL3	IL7051-705-521
1	GH146-GFP	24h	1115935	3586	VA6	0	47	0	VA6	adPN	20	VA6: 24h	VA6	IL7051-706-502
1	GH146-GFP	24h	751870	3107	VM7 or VM5v #1	3	13	3	VM7 or VM5v #1	adPN	1	VM7 or VM5v #1: 24h	VM7 or VM5v #1	IL7051-706-505
1	GH146-GFP	24h	760033	2252	APL	17	34	17	nan	APL	na	APL: 24h	APL	IL7051-706-506
1	GH146-GFP	24h	727551	3476	DC3	20	10	20	DC3	adPN	5	DC3: 24h	DC3	IL7051-706-507
1	GH146-GFP	24h	492574	3408	VA5	26	19	26	VA5	lPN	12	VA5: 24h	VA5	IL7051-706-508
1	GH146-GFP	24h	715590	3515	DC2	18	28	18	DC2	adPN	22	DC2: 24h	DC2	IL7051-706-510
1	GH146-GFP	24h	586621	3507	nan	16	22	16	VC2	lPN	26	nan: 24h	nan	IL7051-706-511
1	GH146-GFP	24h	541019	3240	DM6	22	8	22	DM6	adPN	3	DM6: 24h	DM6	IL7051-706-515
1	GH146-GFP	24h	734415	4034	VC2	16	21	16	VC2	lPN	28	VC2: 24h	VC2	IL7051-706-516
1	GH146-GFP	24h	1022463	3368	MARS_7	7	31	7	MARS_7	adPN	18	MARS_7: 24h	MARS_7	IL7051-706-517
1	GH146-GFP	24h	704600	4228	DA3	0	-1	0	VA6	adPN	-1	DA3: 24h	DA3	IL7051-706-518
1	GH146-GFP	24h	552305	2187	VM7 or VM5v #2	28	13	28	VM7 or VM5v #2	adPN	2	VM7 or VM5v #2: 24h	VM7 or VM5v #2	IL7051-706-520
1	GH146-GFP	24h	675875	3090	VA1v	6	6	6	VA1v	adPN	8	VA1v: 24h	VA1v	IL7051-706-521
1	GH146-GFP	24h	805634	2841	VM7 or VM5v #2	28	13	28	VM7 or VM5v #2	adPN	2	VM7 or VM5v #2: 24h	VM7 or VM5v #2	IL7051-707-502
1	GH146-GFP	24h	783644	3234	VM7 or VM5v #1	3	13	3	VM7 or VM5v #1	adPN	1	VM7 or VM5v #1: 24h	VM7 or VM5v #1	IL7051-707-503
1	GH146-GFP	24h	382742	3769	nan	16	22	16	VC2	lPN	26	nan: 24h	nan	IL7051-707-505
1	GH146-GFP	24h	1245205	3123	VA1d	10	10	10	VA1d	adPN	6	VA1d: 24h	VA1d	IL7051-707-506
1	GH146-GFP	24h	1005950	3814	MARS_19	19	-1	19	MARS_19	adPN	11	MARS_19: 24h	MARS_19	IL7051-707-507
1	GH146-GFP	24h	619105	2946	MARS_9	9	27	9	MARS_9	lPN	14	MARS_9: 24h	MARS_9	IL7051-707-508
1	GH146-GFP	24h	893344	2745	MARS_2	2	51	2	MARS_2	lPN	15	MARS_2: 24h	MARS_2	IL7051-707-510
1	GH146-GFP	24h	796119	3673	DC2	18	28	18	DC2	adPN	22	DC2: 24h	DC2	IL7051-707-513
1	GH146-GFP	24h	740291	3680	VA6	0	47	0	VA6	adPN	20	VA6: 24h	VA6	IL7051-707-518
1	GH146-GFP	24h	931820	2930	VA1d	10	10	10	VA1d	adPN	6	VA1d: 24h	VA1d	IL7051-707-520
1	GH146-GFP	24h	999746	2537	VM7 or VM5v #2	28	13	28	VM7 or VM5v #2	adPN	2	VM7 or VM5v #2: 24h	VM7 or VM5v #2	IL7051-707-521
1	GH146-GFP	24h	788607	3368	DA1_fru+	15	50	15	DA1_fru+	lPN	10	DA1_fru+: 24h	DA1_fru+	IL7051-710-502
1	GH146-GFP	24h	754985	3256	MARS_9	9	27	9	MARS_9	lPN	14	MARS_9: 24h	MARS_9	IL7051-710-503
1	GH146-GFP	24h	829564	2957	VA1v	6	6	6	VA1v	adPN	8	VA1v: 24h	VA1v	IL7051-710-506
1	GH146-GFP	24h	1247010	2928	DA1_fru-	23	57	23	DA1_fru-	lPN	7	DA1_fru-: 24h	DA1_fru-	IL7051-710-507
1	GH146-GFP	24h	726231	2638	DA1_fru-	23	57	23	DA1_fru-	lPN	7	DA1_fru-: 24h	DA1_fru-	IL7051-710-508
1	GH146-GFP	24h	906466	2592	MARS_2	2	51	2	MARS_2	lPN	15	MARS_2: 24h	MARS_2	IL7051-710-510
1	GH146-GFP	24h	1192543	3187	DM6	22	8	22	DM6	adPN	3	DM6: 24h	DM6	IL7051-710-513
1	GH146-GFP	24h	947599	3299	DA1_fru+	15	50	15	DA1_fru+	lPN	10	DA1_fru+: 24h	DA1_fru+	IL7051-710-516
1	GH146-GFP	24h	645600	3540	VA1v	6	6	6	VA1v	adPN	8	VA1v: 24h	VA1v	IL7051-710-517
1	GH146-GFP	24h	1024747	3046	DA1_fru+	15	50	15	DA1_fru+	lPN	10	DA1_fru+: 24h	DA1_fru+	IL7051-710-518
1	GH146-GFP	24h	613569	3959	VA2	4	41	4	VA2	adPN	17	VA2: 24h	VA2	IL7051-710-520
1	GH146-GFP	24h	562314	3740	MARS_19	19	-1	19	MARS_19	adPN	11	MARS_19: 24h	MARS_19	IL7051-710-521
1	GH146-GFP	24h	1184433	2971	DA1_fru-	23	57	23	DA1_fru-	lPN	7	DA1_fru-: 24h	DA1_fru-	IL7051-711-502
1	GH146-GFP	24h	1123745	2719	MARS_2	2	51	2	MARS_2	lPN	15	MARS_2: 24h	MARS_2	IL7051-711-505
1	GH146-GFP	24h	1017547	2922	DA1_fru+	15	50	15	DA1_fru+	lPN	10	DA1_fru+: 24h	DA1_fru+	IL7051-711-506
1	GH146-GFP	24h	809465	3976	VC2	16	21	16	VC2	lPN	28	VC2: 24h	VC2	IL7051-711-507
1	GH146-GFP	24h	569544	3121	VA1v	6	6	6	VA1v	adPN	8	VA1v: 24h	VA1v	IL7051-711-508
1	GH146-GFP	24h	757982	3606	DM2	11	17	11	DM2	lPN	23	DM2: 24h	DM2	IL7051-711-510
1	GH146-GFP	24h	939403	2327	VM2	13	9	13	VM2	adPN	4	VM2: 24h	VM2	IL7051-711-511
1	GH146-GFP	24h	1478559	3493	VM7 or VM5v #1	3	13	3	VM7 or VM5v #1	adPN	1	VM7 or VM5v #1: 24h	VM7 or VM5v #1	IL7051-711-515
1	GH146-GFP	24h	1356345	3704	VC2	16	21	16	VC2	lPN	28	VC2: 24h	VC2	IL7051-711-516
1	GH146-GFP	24h	635115	3770	VA2	4	39	4	VA2	adPN	25	VA2: 24h	VA2	IL7051-711-517
1	GH146-GFP	24h	540366	4028	DM2	11	-1	11	DM2	lPN	23	DM2: 24h	DM2	IL7051-711-518
1	GH146-GFP	24h	1013046	3102	VM7 or VM5v #1	3	13	3	VM7 or VM5v #1	adPN	1	VM7 or VM5v #1: 24h	VM7 or VM5v #1	IL7051-711-520
1	GH146-GFP	24h	603402	3065	DM6	22	8	22	DM6	adPN	3	DM6: 24h	DM6	IL7051-711-521
1	GH146-GFP	24h	586634	3185	DL3	24	-1	24	DL3	lPN	9	DL3: 24h	DL3	IL7051-712-502
1	GH146-GFP	24h	586304	3476	VA1v	6	6	6	VA1v	adPN	8	VA1v: 24h	VA1v	IL7051-712-503
1	GH146-GFP	24h	1213134	3355	D	12	30	12	D	adPN	0	D: 24h	D	IL7051-712-505
1	GH146-GFP	24h	824291	3313	DL1	8	36	8	DL1	adPN	25	DL1: 24h	DL1	IL7051-712-506
1	GH146-GFP	24h	1033215	3303	D	12	30	12	D	adPN	0	D: 24h	D	IL7051-712-507
1	GH146-GFP	24h	529119	3356	MARS_7	7	31	7	MARS_7	adPN	18	MARS_7: 24h	MARS_7	IL7051-712-508
1	GH146-GFP	24h	827294	2792	DA1_fru+	15	50	15	DA1_fru+	lPN	10	DA1_fru+: 24h	DA1_fru+	IL7051-712-510
1	GH146-GFP	24h	820464	2870	DM6	22	8	22	DM6	adPN	3	DM6: 24h	DM6	IL7051-712-511
1	GH146-GFP	24h	844466	3735	MARS_19	19	-1	19	MARS_19	adPN	11	MARS_19: 24h	MARS_19	IL7051-712-513
1	GH146-GFP	24h	1507330	3266	DL3	24	58	24	DL3	lPN	9	DL3: 24h	DL3	IL7051-712-515
1	GH146-GFP	24h	698794	3590	VA6	0	47	0	VA6	adPN	19	VA6: 24h	VA6	IL7051-712-517
1	GH146-GFP	24h	623769	3217	VM7 or VM5v #1	3	13	3	VM7 or VM5v #1	adPN	1	VM7 or VM5v #1: 24h	VM7 or VM5v #1	IL7051-712-518
1	GH146-GFP	24h	1160067	3294	APL	14	14	14	nan	APL	na	APL: 24h	APL	IL7051-712-520
1	GH146-GFP	24h	1069713	2474	DA1_fru+	15	50	15	DA1_fru+	lPN	10	DA1_fru+: 24h	DA1_fru+	IL7051-712-521
1	GH146-GFP	24h	983425	2953	DA1_fru-	23	57	23	DA1_fru-	lPN	7	DA1_fru-: 24h	DA1_fru-	IL7051-714-502
1	GH146-GFP	24h	908257	2834	DL3	24	57	24	DL3	lPN	9	DL3: 24h	DL3	IL7051-714-503
1	GH146-GFP	24h	1472380	3632	DM6	22	8	22	DM6	adPN	3	DM6: 24h	DM6	IL7051-714-505
1	GH146-GFP	24h	942576	3892	VC2	16	21	16	VC2	lPN	28	VC2: 24h	VC2	IL7051-714-506
1	GH146-GFP	24h	921015	2630	MARS_2	2	51	2	MARS_2	lPN	15	MARS_2: 24h	MARS_2	IL7051-714-507
1	GH146-GFP	24h	755530	2874	VM7 or VM5v #2	28	13	28	VM7 or VM5v #2	adPN	2	VM7 or VM5v #2: 24h	VM7 or VM5v #2	IL7051-714-508
1	GH146-GFP	24h	708144	2893	VM2	13	9	13	VM2	adPN	4	VM2: 24h	VM2	IL7051-714-510
1	GH146-GFP	24h	739634	2873	DC3	20	10	20	DC3	adPN	5	DC3: 24h	DC3	IL7051-714-511
1	GH146-GFP	24h	883242	3410	DA1_fru+	15	50	15	DA1_fru+	lPN	10	DA1_fru+: 24h	DA1_fru+	IL7051-714-513
1	GH146-GFP	24h	775773	3097	DA1_fru+	15	50	15	DA1_fru+	lPN	10	DA1_fru+: 24h	DA1_fru+	IL7051-714-517
1	GH146-GFP	24h	867111	2878	VM7 or VM5v #1	3	13	3	VM7 or VM5v #1	adPN	1	VM7 or VM5v #1: 24h	VM7 or VM5v #1	IL7051-714-518
1	GH146-GFP	24h	896143	3011	DC3	20	10	20	DC3	adPN	5	DC3: 24h	DC3	IL7051-714-520
1	GH146-GFP	24h	917208	3835	VA2	4	41	4	VA2	adPN	17	VA2: 24h	VA2	IL7051-715-503
1	GH146-GFP	24h	1010200	3522	DL1	8	36	8	DL1	adPN	25	DL1: 24h	DL1	IL7051-715-505
1	GH146-GFP	24h	984377	2623	VM7 or VM5v #1	3	13	3	VM7 or VM5v #1	adPN	1	VM7 or VM5v #1: 24h	VM7 or VM5v #1	IL7051-715-506
1	GH146-GFP	24h	1167476	3803	MARS_19	19	-1	19	MARS_19	adPN	11	MARS_19: 24h	MARS_19	IL7051-715-508
1	GH146-GFP	24h	1576569	3442	VM2	13	9	13	VM2	adPN	4	VM2: 24h	VM2	IL7051-715-510
1	GH146-GFP	24h	1395800	3038	DL3	24	57	24	DL3	lPN	9	DL3: 24h	DL3	IL7051-715-511
1	GH146-GFP	24h	1003722	3517	DA1_fru+	15	50	15	DA1_fru+	lPN	10	DA1_fru+: 24h	DA1_fru+	IL7051-715-515
1	GH146-GFP	24h	947055	3288	VA1v	6	6	6	VA1v	adPN	8	VA1v: 24h	VA1v	IL7051-715-517
1	GH146-GFP	24h	1112682	3617	VA1d	10	10	10	VA1d	adPN	6	VA1d: 24h	VA1d	IL7051-715-521
1	GH146-GFP	24h	985035	3008	DM6	22	8	22	DM6	adPN	3	DM6: 24h	DM6	IL7051-716-506
1	GH146-GFP	24h	1043478	3029	VM7 or VM5v #1	3	13	3	VM7 or VM5v #1	adPN	1	VM7 or VM5v #1: 24h	VM7 or VM5v #1	IL7051-716-508
1	GH146-GFP	24h	1324842	3001	DL3	24	58	24	DL3	lPN	9	DL3: 24h	DL3	IL7051-716-510
1	GH146-GFP	24h	1286934	3614	VA1d	10	10	10	VA1d	adPN	6	VA1d: 24h	VA1d	IL7051-716-511
1	GH146-GFP	24h	1020493	2978	DA1_fru+	15	50	15	DA1_fru+	lPN	10	DA1_fru+: 24h	DA1_fru+	IL7051-716-513
1	GH146-GFP	24h	1055189	3310	VA1v	6	6	6	VA1v	adPN	8	VA1v: 24h	VA1v	IL7051-716-517
1	GH146-GFP	24h	1064694	3463	DM2	11	17	11	DM2	lPN	23	DM2: 24h	DM2	IL7051-716-518
1	GH146-GFP	24h	1316516	2789	VM7 or VM5v #2	28	13	28	VM7 or VM5v #2	adPN	2	VM7 or VM5v #2: 24h	VM7 or VM5v #2	IL7051-716-520
1	GH146-GFP	24h	1161022	3080	VA1v	6	6	6	VA1v	adPN	8	VA1v: 24h	VA1v	IL7051-716-521
1	GH146-GFP	24h	1279865	3143	DA1_fru+	15	50	15	DA1_fru+	lPN	10	DA1_fru+: 24h	DA1_fru+	IL7051-718-502
1	GH146-GFP	24h	1141868	2966	D	12	30	12	D	adPN	0	D: 24h	D	IL7051-718-503
1	GH146-GFP	24h	1000017	3543	DA1_fru+	15	50	15	DA1_fru+	lPN	10	DA1_fru+: 24h	DA1_fru+	IL7051-718-505
1	GH146-GFP	24h	1111851	3550	MARS_7	7	31	7	MARS_7	adPN	18	MARS_7: 24h	MARS_7	IL7051-718-507
1	GH146-GFP	24h	1068576	3260	vPN	21	5	21	nan	vPN	na	vPN: 24h	vPN	IL7051-718-508
1	GH146-GFP	24h	1099454	3293	VC2	16	21	16	VC2	lPN	28	VC2: 24h	VC2	IL7051-718-510
1	GH146-GFP	24h	1015826	3567	DL1	8	36	8	DL1	adPN	25	DL1: 24h	DL1	IL7051-718-511
1	GH146-GFP	24h	331911	2524	MARS_2	2	51	2	MARS_2	lPN	15	MARS_2: 24h	MARS_2	IL7051-718-513
1	GH146-GFP	24h	821032	3305	VM7 or VM5v #1	3	13	3	VM7 or VM5v #1	adPN	1	VM7 or VM5v #1: 24h	VM7 or VM5v #1	IL7051-718-515
1	GH146-GFP	24h	1149820	3003	MARS_2	2	51	2	MARS_2	lPN	15	MARS_2: 24h	MARS_2	IL7051-718-516
1	GH146-GFP	24h	1086727	3357	VM7 or VM5v #1	3	13	3	VM7 or VM5v #1	adPN	1	VM7 or VM5v #1: 24h	VM7 or VM5v #1	IL7051-718-517
1	GH146-GFP	24h	997634	3272	DA1_fru+	15	50	15	DA1_fru+	lPN	10	DA1_fru+: 24h	DA1_fru+	IL7051-718-518
1	GH146-GFP	24h	1434504	3464	VC2	16	21	16	VC2	lPN	27	VC2: 24h	VC2	IL7051-718-520
1	GH146-GFP	24h	965382	2673	DA1_fru+	15	50	15	DA1_fru+	lPN	10	DA1_fru+: 24h	DA1_fru+	IL7051-718-521
1	GH146-GFP	24h	1311029	3250	DM6	22	8	22	DM6	adPN	3	DM6: 24h	DM6	IL7051-719-502
1	GH146-GFP	24h	948714	4030	DM2	11	17	11	DM2	lPN	23	DM2: 24h	DM2	IL7051-719-505
1	GH146-GFP	24h	411836	2892	DA1_fru+	15	50	15	DA1_fru+	lPN	10	DA1_fru+: 24h	DA1_fru+	IL7051-719-506
1	GH146-GFP	24h	931663	3268	VA1v	6	6	6	VA1v	adPN	8	VA1v: 24h	VA1v	IL7051-719-507
1	GH146-GFP	24h	984020	3091	D	12	30	12	D	adPN	0	D: 24h	D	IL7051-719-508
1	GH146-GFP	24h	1158185	3300	vPN	21	5	21	nan	vPN	na	vPN: 24h	vPN	IL7051-719-510
1	GH146-GFP	24h	877579	3646	VC2	16	21	16	VC2	lPN	28	VC2: 24h	VC2	IL7051-719-513
1	GH146-GFP	24h	1070879	3450	VA1v	6	6	6	VA1v	adPN	8	VA1v: 24h	VA1v	IL7051-719-515
1	GH146-GFP	24h	1157092	3108	D	12	30	12	D	adPN	0	D: 24h	D	IL7051-719-516
1	GH146-GFP	24h	1019244	2990	VM7 or VM5v #1	3	13	3	VM7 or VM5v #1	adPN	1	VM7 or VM5v #1: 24h	VM7 or VM5v #1	IL7051-719-517
1	GH146-GFP	24h	1102008	3413	VA5	26	19	26	VA5	lPN	12	VA5: 24h	VA5	IL7051-719-518
1	GH146-GFP	24h	1336528	3306	DL3	24	-1	24	DL3	lPN	9	DL3: 24h	DL3	IL7051-719-520
1	GH146-GFP	24h	1211015	2799	MARS_2	2	51	2	MARS_2	lPN	15	MARS_2: 24h	MARS_2	IL7051-719-521
1	GH146-GFP	24h	920740	3496	VA5	26	19	26	VA5	lPN	12	VA5: 24h	VA5	IL7051-720-502
1	GH146-GFP	24h	914790	3291	DM6	22	8	22	DM6	adPN	3	DM6: 24h	DM6	IL7051-720-503
1	GH146-GFP	24h	742219	3408	VA1v	6	6	6	VA1v	adPN	8	VA1v: 24h	VA1v	IL7051-720-505
1	GH146-GFP	24h	927877	3527	VA5	26	19	26	VA5	lPN	12	VA5: 24h	VA5	IL7051-720-506
1	GH146-GFP	24h	1051328	3483	VA1d	10	10	10	VA1d	adPN	6	VA1d: 24h	VA1d	IL7051-720-507
1	GH146-GFP	24h	1144536	3928	DM2	11	17	11	DM2	lPN	23	DM2: 24h	DM2	IL7051-720-508
1	GH146-GFP	24h	1234969	3100	DL3	24	-1	24	DL3	lPN	9	DL3: 24h	DL3	IL7051-720-510
1	GH146-GFP	24h	627343	3216	DA3	0	-1	0	VA6	adPN	-1	DA3: 24h	DA3	IL7051-720-511
1	GH146-GFP	24h	792213	2837	MARS_2	2	51	2	MARS_2	lPN	15	MARS_2: 24h	MARS_2	IL7051-720-515
1	GH146-GFP	24h	1096805	3278	VA1v	6	6	6	VA1v	adPN	8	VA1v: 24h	VA1v	IL7051-720-516
1	GH146-GFP	24h	1106308	3650	DL1	8	36	8	DL1	adPN	25	DL1: 24h	DL1	IL7051-720-517
1	GH146-GFP	24h	1039301	3322	DA1_fru+	15	50	15	DA1_fru+	lPN	10	DA1_fru+: 24h	DA1_fru+	IL7051-720-518
1	GH146-GFP	24h	1072949	3477	DL1	8	36	8	DL1	adPN	25	DL1: 24h	DL1	IL7051-720-520
1	GH146-GFP	24h	1234848	3522	MARS_7	7	31	7	MARS_7	adPN	18	MARS_7: 24h	MARS_7	IL7051-721-502
1	GH146-GFP	24h	1248835	3116	DA1_fru-	15	57	15	DA1_fru+	lPN	7	DA1_fru-: 24h	DA1_fru-	IL7051-721-503
1	GH146-GFP	24h	830149	3748	VA6	0	47	0	VA6	adPN	19	VA6: 24h	VA6	IL7051-721-505
1	GH146-GFP	24h	929564	3003	DA1_fru+	15	50	15	DA1_fru+	lPN	10	DA1_fru+: 24h	DA1_fru+	IL7051-721-506
1	GH146-GFP	24h	783633	3152	VA1v	6	6	6	VA1v	adPN	8	VA1v: 24h	VA1v	IL7051-721-507
1	GH146-GFP	24h	941679	3635	DM2	11	17	11	DM2	lPN	23	DM2: 24h	DM2	IL7051-721-508
1	GH146-GFP	24h	1286621	3241	VA1v	6	6	6	VA1v	adPN	8	VA1v: 24h	VA1v	IL7051-721-510
1	GH146-GFP	24h	1046520	3216	VM7 or VM5v #1	3	13	3	VM7 or VM5v #1	adPN	1	VM7 or VM5v #1: 24h	VM7 or VM5v #1	IL7051-721-511
1	GH146-GFP	24h	933025	3157	MARS_9	9	27	9	MARS_9	lPN	14	MARS_9: 24h	MARS_9	IL7051-721-513
1	GH146-GFP	24h	1128323	2920	APL	17	34	17	nan	APL	na	APL: 24h	APL	IL7051-721-515
1	GH146-GFP	24h	1076245	3377	VM2	13	9	13	VM2	adPN	4	VM2: 24h	VM2	IL7051-721-516
1	GH146-GFP	24h	795198	2912	VM2	13	9	13	VM2	adPN	4	VM2: 24h	VM2	IL7051-721-517
1	GH146-GFP	24h	829566	4014	VC2	16	21	16	VC2	lPN	28	VC2: 24h	VC2	IL7051-721-518
1	GH146-GFP	24h	1208575	3153	VA6	0	47	0	VA6	adPN	20	VA6: 24h	VA6	IL7051-721-520
1	GH146-GFP	24h	1315457	2604	MARS_9	9	27	9	MARS_9	lPN	14	MARS_9: 24h	MARS_9	IL7051-721-521
1	GH146-GFP	24h	644485	3900	VA6	0	47	0	VA6	adPN	19	VA6: 24h	VA6	IL7051-722-502
1	GH146-GFP	24h	667235	3614	DA1_fru+	15	50	15	DA1_fru+	lPN	10	DA1_fru+: 24h	DA1_fru+	IL7051-722-503
1	GH146-GFP	24h	925321	3419	MARS_7	7	31	7	MARS_7	adPN	18	MARS_7: 24h	MARS_7	IL7051-722-505
1	GH146-GFP	24h	1118984	3419	VA1v	6	6	6	VA1v	adPN	8	VA1v: 24h	VA1v	IL7051-722-506
1	GH146-GFP	24h	928032	3699	VM7 or VM5v #2	28	13	28	VM7 or VM5v #2	adPN	2	VM7 or VM5v #2: 24h	VM7 or VM5v #2	IL7051-722-507
1	GH146-GFP	24h	785971	2776	MARS_9	9	27	9	MARS_9	lPN	14	MARS_9: 24h	MARS_9	IL7051-722-508
1	GH146-GFP	24h	1257428	3575	D	12	30	12	D	adPN	0	D: 24h	D	IL7051-722-510
1	GH146-GFP	24h	1222906	3119	DA1_fru+	15	50	15	DA1_fru+	lPN	10	DA1_fru+: 24h	DA1_fru+	IL7051-722-511
1	GH146-GFP	24h	877566	3424	VA1d	10	10	10	VA1d	adPN	6	VA1d: 24h	VA1d	IL7051-722-513
1	GH146-GFP	24h	898582	3522	DA1_fru+	15	50	15	DA1_fru+	lPN	10	DA1_fru+: 24h	DA1_fru+	IL7051-722-515
1	GH146-GFP	24h	1078264	3412	DC3	20	10	20	DC3	adPN	5	DC3: 24h	DC3	IL7051-722-516
1	GH146-GFP	24h	1244862	3306	DM6	22	8	22	DM6	adPN	3	DM6: 24h	DM6	IL7051-722-520
1	GH146-GFP	24h	1021201	2955	DA1_fru+	15	50	15	DA1_fru+	lPN	10	DA1_fru+: 24h	DA1_fru+	IL7051-722-521
1	GH146-GFP	24h	950407	3205	MARS_9	9	27	9	MARS_9	lPN	14	MARS_9: 24h	MARS_9	IL7051-723-502
1	GH146-GFP	24h	1150323	3303	MARS_9	9	27	9	MARS_9	lPN	14	MARS_9: 24h	MARS_9	IL7051-723-503
1	GH146-GFP	24h	1057216	3079	DL3	24	-1	24	DL3	lPN	9	DL3: 24h	DL3	IL7051-723-505
1	GH146-GFP	24h	1021245	2694	APL	17	34	17	nan	APL	na	APL: 24h	APL	IL7051-723-506
1	GH146-GFP	24h	1105429	4148	nan	16	-1	16	VC2	lPN	26	nan: 24h	nan	IL7051-723-507
1	GH146-GFP	24h	1035224	2895	MARS_25	25	26	25	MARS_25	lPN	13	MARS_25: 24h	MARS_25	IL7051-723-508
1	GH146-GFP	24h	993781	4407	VA2	4	41	4	VA2	adPN	17	VA2: 24h	VA2	IL7051-723-510
1	GH146-GFP	24h	1240673	2921	VM2	13	9	13	VM2	adPN	4	VM2: 24h	VM2	IL7051-723-511
1	GH146-GFP	24h	968530	3470	VA1v	6	6	6	VA1v	adPN	8	VA1v: 24h	VA1v	IL7051-723-513
1	GH146-GFP	24h	730026	3577	VA1v	6	6	6	VA1v	adPN	8	VA1v: 24h	VA1v	IL7051-723-515
1	GH146-GFP	24h	469933	3474	VC2	16	21	16	VC2	lPN	27	VC2: 24h	VC2	IL7051-723-516
1	GH146-GFP	24h	877375	3197	DA1_fru+	15	50	15	DA1_fru+	lPN	10	DA1_fru+: 24h	DA1_fru+	IL7051-723-517
1	GH146-GFP	24h	1176659	3072	VM2	13	9	13	VM2	adPN	4	VM2: 24h	VM2	IL7051-723-521
1	GH146-GFP	24h	661381	3027	MARS_9	9	27	9	MARS_9	lPN	14	MARS_9: 24h	MARS_9	IL7051-724-502
1	GH146-GFP	24h	991380	3358	MARS_9	9	27	9	MARS_9	lPN	14	MARS_9: 24h	MARS_9	IL7051-724-503
1	GH146-GFP	24h	1080625	3798	VA5	26	19	26	VA5	lPN	12	VA5: 24h	VA5	IL7051-724-505
1	GH146-GFP	24h	1161910	3119	DA1_fru+	15	50	15	DA1_fru+	lPN	10	DA1_fru+: 24h	DA1_fru+	IL7051-724-506
1	GH146-GFP	24h	1032881	4159	DA4l	1	-1	1	DA4l	adPN	24	DA4l: 24h	DA4l	IL7051-724-507
1	GH146-GFP	24h	921066	3277	DM2	11	17	11	DM2	lPN	23	DM2: 24h	DM2	IL7051-724-508
1	GH146-GFP	24h	1311243	3835	MARS_19	19	-1	19	MARS_19	adPN	11	MARS_19: 24h	MARS_19	IL7051-724-510
1	GH146-GFP	24h	1491915	3332	DM6	22	8	22	DM6	adPN	3	DM6: 24h	DM6	IL7051-724-511
1	GH146-GFP	24h	997264	2446	VM7 or VM5v #2	28	13	28	VM7 or VM5v #2	adPN	2	VM7 or VM5v #2: 24h	VM7 or VM5v #2	IL7051-724-513
1	GH146-GFP	24h	1273359	4125	VA6	0	47	0	VA6	adPN	19	VA6: 24h	VA6	IL7051-724-515
1	GH146-GFP	24h	1402070	3069	MARS_25	25	26	25	MARS_25	lPN	13	MARS_25: 24h	MARS_25	IL7051-724-516
1	GH146-GFP	24h	871486	2860	DA1_fru+	15	50	15	DA1_fru+	lPN	10	DA1_fru+: 24h	DA1_fru+	IL7051-724-517
1	GH146-GFP	24h	857622	3305	DM6	22	8	22	DM6	adPN	3	DM6: 24h	DM6	IL7051-724-518
1	GH146-GFP	24h	1232618	2447	DA1_fru-	23	57	23	DA1_fru-	lPN	7	DA1_fru-: 24h	DA1_fru-	IL7051-724-521
1	GH146-GFP	24h	327802	3384	VA6	0	47	0	VA6	adPN	20	VA6: 24h	VA6	IL7051-726-502
1	GH146-GFP	24h	1171848	3254	VM2	13	9	13	VM2	adPN	4	VM2: 24h	VM2	IL7051-726-503
1	GH146-GFP	24h	901576	2991	MARS_9	9	27	9	MARS_9	lPN	14	MARS_9: 24h	MARS_9	IL7051-726-505
1	GH146-GFP	24h	1051282	3404	DA1_fru+	15	50	15	DA1_fru+	lPN	10	DA1_fru+: 24h	DA1_fru+	IL7051-726-506
1	GH146-GFP	24h	614498	3147	VM7 or VM5v #1	3	13	3	VM7 or VM5v #1	adPN	1	VM7 or VM5v #1: 24h	VM7 or VM5v #1	IL7051-726-507
1	GH146-GFP	24h	1152008	3056	DL3	24	57	24	DL3	lPN	9	DL3: 24h	DL3	IL7051-726-508
1	GH146-GFP	24h	1390584	2578	vPN	21	5	21	nan	vPN	na	vPN: 24h	vPN	IL7051-726-510
1	GH146-GFP	24h	1456814	3324	VM2	13	9	13	VM2	adPN	4	VM2: 24h	VM2	IL7051-726-511
1	GH146-GFP	24h	949594	3738	VA6	0	47	0	VA6	adPN	19	VA6: 24h	VA6	IL7051-726-513
1	GH146-GFP	24h	1084167	3386	DC3	20	10	20	DC3	adPN	5	DC3: 24h	DC3	IL7051-726-515
1	GH146-GFP	24h	1141498	3707	DC2	18	28	18	DC2	adPN	22	DC2: 24h	DC2	IL7051-726-516
1	GH146-GFP	24h	967561	3419	MARS_7	7	31	7	MARS_7	adPN	18	MARS_7: 24h	MARS_7	IL7051-726-517
1	GH146-GFP	24h	1071763	3497	DC2	18	28	18	DC2	adPN	22	DC2: 24h	DC2	IL7051-726-518
1	GH146-GFP	24h	1409793	3461	vPN	21	5	21	nan	vPN	na	vPN: 24h	vPN	IL7051-726-520
1	GH146-GFP	24h	1156408	3588	MARS_19	19	-1	19	MARS_19	adPN	11	MARS_19: 24h	MARS_19	IL7051-726-521
1	GH146-GFP	24h	1003984	3061	DM6	22	8	22	DM6	adPN	3	DM6: 24h	DM6	IL7051-727-502
1	GH146-GFP	24h	1018538	3007	DA1_fru-	23	-1	23	DA1_fru-	lPN	7	DA1_fru-: 24h	DA1_fru-	IL7051-727-503
1	GH146-GFP	24h	920104	3384	D	12	30	12	D	adPN	0	D: 24h	D	IL7051-727-505
1	GH146-GFP	24h	1075543	3377	MARS_9	9	27	9	MARS_9	lPN	14	MARS_9: 24h	MARS_9	IL7051-727-506
1	GH146-GFP	24h	942445	2782	DL3	24	58	24	DL3	lPN	9	DL3: 24h	DL3	IL7051-727-508
1	GH146-GFP	24h	1116792	3036	DC3	20	10	20	DC3	adPN	5	DC3: 24h	DC3	IL7051-727-510
1	GH146-GFP	24h	1428968	3451	DA1_fru+	15	50	15	DA1_fru+	lPN	10	DA1_fru+: 24h	DA1_fru+	IL7051-727-513
1	GH146-GFP	24h	985107	3367	MARS_9	9	27	9	MARS_9	lPN	14	MARS_9: 24h	MARS_9	IL7051-727-515
1	GH146-GFP	24h	867800	3095	DA1_fru-	23	57	23	DA1_fru-	lPN	7	DA1_fru-: 24h	DA1_fru-	IL7051-727-517
1	GH146-GFP	24h	790646	2602	MARS_7	7	31	7	MARS_7	adPN	18	MARS_7: 24h	MARS_7	IL7051-727-518
1	GH146-GFP	24h	1236687	3241	VM7 or VM5v #1	3	13	3	VM7 or VM5v #1	adPN	1	VM7 or VM5v #1: 24h	VM7 or VM5v #1	IL7051-727-520
1	GH146-GFP	24h	1256207	2911	VM7 or VM5v #2	28	13	28	VM7 or VM5v #2	adPN	2	VM7 or VM5v #2: 24h	VM7 or VM5v #2	IL7051-727-521
1	GH146-GFP	24h	1173977	3349	D	12	30	12	D	adPN	0	D: 24h	D	IL7051-728-502
1	GH146-GFP	24h	1496564	4224	VA6	0	47	0	VA6	adPN	20	VA6: 24h	VA6	IL7051-728-503
1	GH146-GFP	24h	1038885	2546	APL	17	35	17	nan	APL	na	APL: 24h	APL	IL7051-728-505
1	GH146-GFP	24h	1204825	2772	MARS_25	25	26	25	MARS_25	lPN	13	MARS_25: 24h	MARS_25	IL7051-728-506
1	GH146-GFP	24h	963060	3778	DC2	18	28	18	DC2	adPN	22	DC2: 24h	DC2	IL7051-728-507
1	GH146-GFP	24h	899225	3016	DA1_fru-	23	57	23	DA1_fru-	lPN	7	DA1_fru-: 24h	DA1_fru-	IL7051-728-508
1	GH146-GFP	24h	1128593	4002	MARS_19	19	16	19	MARS_19	adPN	8	MARS_19: 24h	MARS_19	IL7051-728-510
1	GH146-GFP	24h	1501981	3563	DA1_fru+	15	50	15	DA1_fru+	lPN	10	DA1_fru+: 24h	DA1_fru+	IL7051-728-511
1	GH146-GFP	24h	1205909	3108	DA1_fru+	15	50	15	DA1_fru+	lPN	10	DA1_fru+: 24h	DA1_fru+	IL7051-728-513
1	GH146-GFP	24h	995401	3486	VM7 or VM5v #1	3	13	3	VM7 or VM5v #1	adPN	1	VM7 or VM5v #1: 24h	VM7 or VM5v #1	IL7051-728-515
1	GH146-GFP	24h	828003	3148	D	12	-1	12	D	adPN	0	D: 24h	D	IL7051-728-517
1	GH146-GFP	24h	896196	3225	DA1_fru+	15	50	15	DA1_fru+	lPN	10	DA1_fru+: 24h	DA1_fru+	IL7051-728-518
1	GH146-GFP	24h	1089995	2850	VA1d	10	10	10	VA1d	adPN	6	VA1d: 24h	VA1d	IL7051-728-520
1	GH146-GFP	24h	1285275	3163	D	12	-1	12	D	adPN	0	D: 24h	D	IL7051-728-521
1	GH146-GFP	24h	1096734	3073	MARS_9	9	27	9	MARS_9	lPN	14	MARS_9: 24h	MARS_9	IL7051-729-502
1	GH146-GFP	24h	1563894	3350	D	12	30	12	D	adPN	0	D: 24h	D	IL7051-729-503
1	GH146-GFP	24h	816931	3125	D	12	30	12	D	adPN	0	D: 24h	D	IL7051-729-505
1	GH146-GFP	24h	957372	3049	D	12	30	12	D	adPN	0	D: 24h	D	IL7051-729-507
1	GH146-GFP	24h	912616	3177	D	12	30	12	D	adPN	0	D: 24h	D	IL7051-729-508
1	GH146-GFP	24h	1172701	3011	DA1_fru+	15	50	15	DA1_fru+	lPN	10	DA1_fru+: 24h	DA1_fru+	IL7051-729-510
1	GH146-GFP	24h	1214035	3363	VM2	13	9	13	VM2	adPN	4	VM2: 24h	VM2	IL7051-729-513
1	GH146-GFP	24h	1228345	3254	VM2	13	9	13	VM2	adPN	4	VM2: 24h	VM2	IL7051-729-515
1	GH146-GFP	24h	1095463	3020	vPN	21	11	21	nan	APL	na	vPN: 24h	vPN	IL7051-729-517
1	GH146-GFP	24h	876180	3081	DL1	8	36	8	DL1	adPN	25	DL1: 24h	DL1	IL7051-729-518
1	GH146-GFP	24h	1036524	3295	MARS_7	7	31	7	MARS_7	adPN	18	MARS_7: 24h	MARS_7	IL7115-701-503
1	GH146-GFP	24h	509170	2565	DA1_fru+	15	50	15	DA1_fru+	lPN	10	DA1_fru+: 24h	DA1_fru+	IL7115-701-505
1	GH146-GFP	24h	853184	2665	DA1_fru+	15	50	15	DA1_fru+	lPN	10	DA1_fru+: 24h	DA1_fru+	IL7115-701-506
1	GH146-GFP	24h	686446	2294	APL	17	35	17	nan	APL	na	APL: 24h	APL	IL7115-701-513
1	GH146-GFP	24h	394609	2200	D	12	30	12	D	adPN	0	D: 24h	D	IL7115-701-515
1	GH146-GFP	24h	468191	2200	MARS_9	9	-1	9	MARS_9	lPN	14	MARS_9: 24h	MARS_9	IL7115-701-516
1	GH146-GFP	24h	762574	2919	MARS_25	25	26	25	MARS_25	lPN	13	MARS_25: 24h	MARS_25	IL7115-702-503
1	GH146-GFP	24h	279192	2814	DA1_fru+	15	50	15	DA1_fru+	lPN	10	DA1_fru+: 24h	DA1_fru+	IL7115-702-505
1	GH146-GFP	24h	510149	2757	DA1_fru+	15	50	15	DA1_fru+	lPN	10	DA1_fru+: 24h	DA1_fru+	IL7115-702-506
1	GH146-GFP	24h	636135	2240	APL	14	14	14	nan	APL	na	APL: 24h	APL	IL7115-702-513
1	GH146-GFP	24h	441117	2847	DA1_fru-	23	57	23	DA1_fru-	lPN	7	DA1_fru-: 24h	DA1_fru-	IL7115-702-515
1	GH146-GFP	24h	477460	1839	DA1_fru-	23	57	23	DA1_fru-	lPN	7	DA1_fru-: 24h	DA1_fru-	IL7115-702-516
1	GH146-GFP	24h	882625	2863	DA1_fru+	15	50	15	DA1_fru+	lPN	10	DA1_fru+: 24h	DA1_fru+	IL7115-703-503
1	GH146-GFP	24h	545318	3025	VA1v	6	6	6	VA1v	adPN	8	VA1v: 24h	VA1v	IL7115-703-505
1	GH146-GFP	24h	922477	2920	DL3	24	57	24	DL3	lPN	9	DL3: 24h	DL3	IL7115-703-506
1	GH146-GFP	24h	545790	2972	VM2	13	9	13	VM2	adPN	4	VM2: 24h	VM2	IL7115-703-515
1	GH146-GFP	24h	605469	2527	MARS_9	9	27	9	MARS_9	lPN	14	MARS_9: 24h	MARS_9	IL7115-703-516
1	GH146-GFP	24h	809565	2863	VM7 or VM5v #1	3	13	3	VM7 or VM5v #1	adPN	1	VM7 or VM5v #1: 24h	VM7 or VM5v #1	IL7115-704-503
1	GH146-GFP	24h	489538	2621	MARS_9	9	27	9	MARS_9	lPN	14	MARS_9: 24h	MARS_9	IL7115-704-505
1	GH146-GFP	24h	608497	3029	DA1_fru+	15	50	15	DA1_fru+	lPN	10	DA1_fru+: 24h	DA1_fru+	IL7115-704-506
1	GH146-GFP	24h	862257	2738	MARS_27	27	48	27	MARS_27	lPN	16	MARS_27: 24h	MARS_27	IL7115-704-513
1	GH146-GFP	24h	675556	2993	DL3	24	-1	24	DL3	lPN	9	DL3: 24h	DL3	IL7115-704-516
1	GH146-GFP	24h	982806	3446	VA5	26	19	26	VA5	lPN	12	VA5: 24h	VA5	IL7115-705-503
1	GH146-GFP	24h	560047	2835	MARS_2	2	51	2	MARS_2	lPN	15	MARS_2: 24h	MARS_2	IL7115-705-505
1	GH146-GFP	24h	967250	3011	D	12	30	12	D	adPN	0	D: 24h	D	IL7115-705-506
1	GH146-GFP	24h	889585	3221	VA1v	6	6	6	VA1v	adPN	8	VA1v: 24h	VA1v	IL7115-705-513
1	GH146-GFP	24h	382528	1251	MARS_2	2	-1	2	MARS_2	adPN	15	MARS_2: 24h	MARS_2	IL7115-705-515
1	GH146-GFP	24h	690641	2997	VA1v	6	6	6	VA1v	adPN	8	VA1v: 24h	VA1v	IL7115-705-516
1	GH146-GFP	24h	985394	3112	VA1d	10	10	10	VA1d	adPN	6	VA1d: 24h	VA1d	IL7115-706-503
1	GH146-GFP	24h	551730	2840	DA1_fru+	15	50	15	DA1_fru+	lPN	10	DA1_fru+: 24h	DA1_fru+	IL7115-706-505
1	GH146-GFP	24h	856718	2869	DA1_fru+	15	50	15	DA1_fru+	lPN	10	DA1_fru+: 24h	DA1_fru+	IL7115-706-506
1	GH146-GFP	24h	862127	3305	VA1d	10	10	10	VA1d	adPN	6	VA1d: 24h	VA1d	IL7115-706-513
1	GH146-GFP	24h	345883	2012	VA1v	6	6	6	VA1v	adPN	8	VA1v: 24h	VA1v	IL7115-706-515
1	GH146-GFP	24h	865733	3669	DA1_fru+	15	50	15	DA1_fru+	lPN	10	DA1_fru+: 24h	DA1_fru+	IL7115-707-503
1	GH146-GFP	24h	873336	3060	D	12	30	12	D	adPN	0	D: 24h	D	IL7115-707-506
1	GH146-GFP	24h	929179	3192	VA1v	6	6	6	VA1v	adPN	8	VA1v: 24h	VA1v	IL7115-707-513
1	GH146-GFP	24h	496789	2542	MARS_2	2	-1	2	MARS_2	lPN	15	MARS_2: 24h	MARS_2	IL7115-707-515
1	GH146-GFP	24h	892335	3165	DC3	20	10	20	DC3	adPN	5	DC3: 24h	DC3	IL7115-707-516
1	GH146-GFP	24h	971174	3026	D	12	-1	12	D	adPN	0	D: 24h	D	IL7115-710-502
1	GH146-GFP	24h	742064	3127	MARS_9	9	27	9	MARS_9	lPN	14	MARS_9: 24h	MARS_9	IL7115-710-503
1	GH146-GFP	24h	361960	3502	DL1	8	36	8	DL1	adPN	25	DL1: 24h	DL1	IL7115-710-505
1	GH146-GFP	24h	729045	3113	VA1v	6	6	6	VA1v	adPN	8	VA1v: 24h	VA1v	IL7115-710-506
1	GH146-GFP	24h	861683	2657	VM2	13	9	13	VM2	adPN	4	VM2: 24h	VM2	IL7115-710-513
1	GH146-GFP	24h	604885	2490	VM2	13	9	13	VM2	adPN	4	VM2: 24h	VM2	IL7115-710-515
1	GH146-GFP	24h	743498	3002	VA1d	10	10	10	VA1d	adPN	6	VA1d: 24h	VA1d	IL7115-710-516
1	GH146-GFP	24h	473681	2251	MARS_25	25	26	25	MARS_25	lPN	13	MARS_25: 24h	MARS_25	IL7115-711-502
1	GH146-GFP	24h	402248	2536	DM6	22	8	22	DM6	adPN	3	DM6: 24h	DM6	IL7115-711-503
1	GH146-GFP	24h	569021	3380	VA5	26	19	26	VA5	lPN	12	VA5: 24h	VA5	IL7115-711-505
1	GH146-GFP	24h	977203	2986	VA1v	6	6	6	VA1v	adPN	8	VA1v: 24h	VA1v	IL7115-711-506
1	GH146-GFP	24h	949713	3071	VM7 or VM5v #1	3	13	3	VM7 or VM5v #1	adPN	1	VM7 or VM5v #1: 24h	VM7 or VM5v #1	IL7115-711-513
1	GH146-GFP	24h	703561	2532	MARS_25	25	26	25	MARS_25	lPN	13	MARS_25: 24h	MARS_25	IL7115-711-515
1	GH146-GFP	24h	1021655	2477	DL3	24	-1	24	DL3	lPN	9	DL3: 24h	DL3	IL7115-711-516
1	GH146-GFP	24h	664188	3103	VA1v	6	6	6	VA1v	adPN	8	VA1v: 24h	VA1v	IL7115-712-505
1	GH146-GFP	24h	992674	3251	VA1v	6	6	6	VA1v	adPN	8	VA1v: 24h	VA1v	IL7115-712-506
1	GH146-GFP	24h	659100	2255	APL	17	34	17	nan	APL	na	APL: 24h	APL	IL7115-712-513
1	GH146-GFP	24h	718238	3351	DC3	20	10	20	DC3	adPN	6	DC3: 24h	DC3	IL7115-712-515
1	GH146-GFP	24h	895105	3308	MARS_7	7	31	7	MARS_7	adPN	18	MARS_7: 24h	MARS_7	IL7115-712-516
1	GH146-GFP	24h	868430	1276	DA1_fru+	15	-1	15	DA1_fru+	lPN	10	DA1_fru+: 24h	DA1_fru+	IL7115-714-502
1	GH146-GFP	24h	371555	2844	DC3	20	10	20	DC3	adPN	5	DC3: 24h	DC3	IL7115-714-503
1	GH146-GFP	24h	924860	2626	DA1_fru+	15	50	15	DA1_fru+	lPN	10	DA1_fru+: 24h	DA1_fru+	IL7115-714-505
1	GH146-GFP	24h	1028395	3014	DC3	20	10	20	DC3	adPN	5	DC3: 24h	DC3	IL7115-714-506
1	GH146-GFP	24h	889335	2788	VM7 or VM5v #2	28	13	28	VM7 or VM5v #2	adPN	2	VM7 or VM5v #2: 24h	VM7 or VM5v #2	IL7115-714-513
1	GH146-GFP	24h	658271	2956	D	12	30	12	D	adPN	0	D: 24h	D	IL7115-714-515
1	GH146-GFP	24h	1059552	3016	DM6	22	8	22	DM6	adPN	3	DM6: 24h	DM6	IL7115-714-516
1	GH146-GFP	24h	667656	2067	DA1_fru+	15	50	15	DA1_fru+	lPN	10	DA1_fru+: 24h	DA1_fru+	IL7115-715-502
1	GH146-GFP	24h	413163	3155	DL1	8	36	8	DL1	adPN	25	DL1: 24h	DL1	IL7115-715-503
1	GH146-GFP	24h	881730	3834	VA5	26	19	26	VA5	lPN	12	VA5: 24h	VA5	IL7115-715-506
1	GH146-GFP	24h	946264	3288	MARS_7	7	31	7	MARS_7	adPN	18	MARS_7: 24h	MARS_7	IL7115-715-513
1	GH146-GFP	24h	683382	2441	VM7 or VM5v #2	28	13	28	VM7 or VM5v #2	adPN	2	VM7 or VM5v #2: 24h	VM7 or VM5v #2	IL7115-715-515
1	GH146-GFP	24h	877248	3175	DA1_fru-	23	57	23	DA1_fru-	lPN	7	DA1_fru-: 24h	DA1_fru-	IL7115-715-516
1	GH146-GFP	24h	378101	1314	APL	14	14	14	nan	APL	na	APL: 24h	APL	IL7115-716-502
1	GH146-GFP	24h	532019	3189	DA1_fru+	15	50	15	DA1_fru+	lPN	10	DA1_fru+: 24h	DA1_fru+	IL7115-716-503
1	GH146-GFP	24h	1084752	2902	DL3	24	58	24	DL3	lPN	9	DL3: 24h	DL3	IL7115-716-506
1	GH146-GFP	24h	837534	3017	vPN	21	5	21	nan	vPN	na	vPN: 24h	vPN	IL7115-716-513
1	GH146-GFP	24h	473639	1837	MARS_2	2	-1	2	MARS_2	lPN	15	MARS_2: 24h	MARS_2	IL7115-716-515
1	GH146-GFP	24h	867467	2848	DA1_fru+	15	50	15	DA1_fru+	lPN	10	DA1_fru+: 24h	DA1_fru+	IL7115-716-516
1	GH146-GFP	24h	663874	1950	VA1v	6	6	6	VA1v	adPN	8	VA1v: 24h	VA1v	IL7115-718-502
1	GH146-GFP	24h	287196	2013	nan	18	28	18	DC2	lPN	22	nan: 24h	nan	IL7115-718-503
1	GH146-GFP	24h	643698	2028	VA1v	6	6	6	VA1v	adPN	8	VA1v: 24h	VA1v	IL7115-718-505
1	GH146-GFP	24h	950625	3279	DC2	18	28	18	DC2	adPN	22	DC2: 24h	DC2	IL7115-718-506
1	GH146-GFP	24h	865796	3097	DL1	8	36	8	DL1	adPN	25	DL1: 24h	DL1	IL7115-718-513
1	GH146-GFP	24h	650736	3271	DL1	8	36	8	DL1	adPN	25	DL1: 24h	DL1	IL7115-718-515
1	GH146-GFP	24h	1017154	2740	VM7 or VM5v #2	28	13	28	VM7 or VM5v #2	adPN	2	VM7 or VM5v #2: 24h	VM7 or VM5v #2	IL7115-718-516
1	GH146-GFP	24h	928958	3575	DA1_fru+	15	50	15	DA1_fru+	lPN	10	DA1_fru+: 24h	DA1_fru+	IL7115-719-502
1	GH146-GFP	24h	725642	2787	DA1_fru+	15	50	15	DA1_fru+	lPN	10	DA1_fru+: 24h	DA1_fru+	IL7115-719-503
1	GH146-GFP	24h	553419	1708	MARS_2	2	-1	2	MARS_2	lPN	15	MARS_2: 24h	MARS_2	IL7115-719-505
1	GH146-GFP	24h	897755	2967	MARS_5	8	23	8	DL1	adPN	21	MARS_5: 24h	MARS_5	IL7115-719-506
1	GH146-GFP	24h	871503	2791	MARS_9	9	27	9	MARS_9	lPN	14	MARS_9: 24h	MARS_9	IL7115-719-513
1	GH146-GFP	24h	665842	3241	MARS_7	7	31	7	MARS_7	adPN	18	MARS_7: 24h	MARS_7	IL7115-719-515
1	GH146-GFP	24h	985254	2911	DM6	22	8	22	DM6	adPN	3	DM6: 24h	DM6	IL7115-719-516
1	GH146-GFP	24h	960102	2903	DM6	22	8	22	DM6	adPN	3	DM6: 24h	DM6	IL7115-720-502
1	GH146-GFP	24h	739051	2993	MARS_9	9	27	9	MARS_9	lPN	14	MARS_9: 24h	MARS_9	IL7115-720-503
1	GH146-GFP	24h	824267	1947	APL	17	34	17	nan	APL	na	APL: 24h	APL	IL7115-720-505
1	GH146-GFP	24h	1073111	1898	VM7 or VM5v #1	3	13	3	VM7 or VM5v #1	adPN	1	VM7 or VM5v #1: 24h	VM7 or VM5v #1	IL7115-720-506
1	GH146-GFP	24h	734063	2790	VM2	13	9	13	VM2	adPN	4	VM2: 24h	VM2	IL7115-720-515
1	GH146-GFP	24h	956114	2682	VM7 or VM5v #1	3	13	3	VM7 or VM5v #1	adPN	1	VM7 or VM5v #1: 24h	VM7 or VM5v #1	IL7115-720-516
1	GH146-GFP	24h	1142632	3248	MARS_9	9	27	9	MARS_9	lPN	14	MARS_9: 24h	MARS_9	IL7115-721-502
1	GH146-GFP	24h	585928	2981	MARS_27	27	48	27	MARS_27	lPN	16	MARS_27: 24h	MARS_27	IL7115-721-503
1	GH146-GFP	24h	912488	1990	MARS_27	27	48	27	MARS_27	lPN	16	MARS_27: 24h	MARS_27	IL7115-721-505
1	GH146-GFP	24h	691851	1819	DA1_fru+	15	50	15	DA1_fru+	lPN	10	DA1_fru+: 24h	DA1_fru+	IL7115-721-506
1	GH146-GFP	24h	884725	2527	MARS_2	2	51	2	MARS_2	lPN	15	MARS_2: 24h	MARS_2	IL7115-721-513
1	GH146-GFP	24h	615729	3042	VA5	26	19	26	VA5	lPN	12	VA5: 24h	VA5	IL7115-721-515
1	GH146-GFP	24h	937807	2834	VM2	13	9	13	VM2	adPN	4	VM2: 24h	VM2	IL7115-721-516
1	GH146-GFP	24h	416135	2595	DC2	18	28	18	DC2	lPN	22	DC2: 24h	DC2	IL7115-722-503
1	GH146-GFP	24h	566130	1981	DC2	18	28	18	DC2	lPN	22	DC2: 24h	DC2	IL7115-722-505
1	GH146-GFP	24h	754013	3357	VA1v	6	6	6	VA1v	adPN	8	VA1v: 24h	VA1v	IL7115-722-513
1	GH146-GFP	24h	648136	2339	MARS_2	2	-1	2	MARS_2	lPN	15	MARS_2: 24h	MARS_2	IL7115-722-515
1	GH146-GFP	24h	903542	3104	VA1v	6	6	6	VA1v	adPN	8	VA1v: 24h	VA1v	IL7115-722-516
1	GH146-GFP	24h	416786	2780	MARS_9	9	27	9	MARS_9	lPN	14	MARS_9: 24h	MARS_9	IL7115-723-502
1	GH146-GFP	24h	363672	2493	DA1_fru-	23	-1	23	DA1_fru-	lPN	7	DA1_fru-: 24h	DA1_fru-	IL7115-723-503
1	GH146-GFP	24h	1075527	3201	VM2	13	9	13	VM2	adPN	4	VM2: 24h	VM2	IL7115-723-505
1	GH146-GFP	24h	974525	3013	DA1_fru+	15	50	15	DA1_fru+	lPN	10	DA1_fru+: 24h	DA1_fru+	IL7115-723-506
1	GH146-GFP	24h	813230	3409	VA5	26	19	26	VA5	lPN	12	VA5: 24h	VA5	IL7115-723-513
1	GH146-GFP	24h	656263	2190	APL	14	14	14	nan	APL	na	APL: 24h	APL	IL7115-723-515
1	GH146-GFP	24h	1000417	3087	D	12	30	12	D	adPN	0	D: 24h	D	IL7115-723-516
1	GH146-GFP	24h	887938	2476	VM7 or VM5v #2	28	13	28	VM7 or VM5v #2	adPN	2	VM7 or VM5v #2: 24h	VM7 or VM5v #2	IL7115-724-502
1	GH146-GFP	24h	759611	3175	DC3	20	10	20	DC3	adPN	5	DC3: 24h	DC3	IL7115-724-503
1	GH146-GFP	24h	599805	1529	VM7 or VM5v #2	28	13	28	VM7 or VM5v #2	adPN	2	VM7 or VM5v #2: 24h	VM7 or VM5v #2	IL7115-724-505
1	GH146-GFP	24h	928844	3050	VA1v	6	6	6	VA1v	adPN	8	VA1v: 24h	VA1v	IL7115-724-506
1	GH146-GFP	24h	575111	3328	DA1_fru+	15	50	15	DA1_fru+	lPN	10	DA1_fru+: 24h	DA1_fru+	IL7115-724-513
1	GH146-GFP	24h	692177	2949	DA1_fru+	15	50	15	DA1_fru+	lPN	10	DA1_fru+: 24h	DA1_fru+	IL7115-724-515
1	GH146-GFP	24h	1012012	2981	VA1d	10	10	10	VA1d	adPN	6	VA1d: 24h	VA1d	IL7115-724-516
1	GH146-GFP	24h	874573	2714	VM7 or VM5v #1	3	13	3	VM7 or VM5v #1	adPN	1	VM7 or VM5v #1: 24h	VM7 or VM5v #1	IL7115-726-502
1	GH146-GFP	24h	713103	3354	D	12	30	12	D	adPN	0	D: 24h	D	IL7115-726-503
1	GH146-GFP	24h	779010	2209	MARS_2	2	-1	2	MARS_2	lPN	15	MARS_2: 24h	MARS_2	IL7115-726-505
1	GH146-GFP	24h	1088884	3208	MARS_7	7	31	7	MARS_7	adPN	18	MARS_7: 24h	MARS_7	IL7115-726-506
1	GH146-GFP	24h	1022079	3187	VA1v	6	6	6	VA1v	adPN	8	VA1v: 24h	VA1v	IL7115-726-513
1	GH146-GFP	24h	743709	3123	DM6	22	8	22	DM6	adPN	3	DM6: 24h	DM6	IL7115-726-515
1	GH146-GFP	24h	842454	816	VA1v	4	40	4	VA2	adPN	25	VA1v: 24h	VA1v	IL7115-726-516
1	GH146-GFP	24h	1034932	3085	MARS_9	9	27	9	MARS_9	lPN	14	MARS_9: 24h	MARS_9	IL7115-727-502
1	GH146-GFP	24h	387629	2031	nan	26	19	26	VA5	lPN	12	nan: 24h	nan	IL7115-727-503
1	GH146-GFP	24h	965983	3320	DC3	20	10	20	DC3	adPN	5	DC3: 24h	DC3	IL7115-727-506
1	GH146-GFP	24h	459791	1946	APL	14	14	14	nan	APL	na	APL: 24h	APL	IL7115-727-513
1	GH146-GFP	24h	1174913	3218	vPN	21	5	21	nan	vPN	na	vPN: 24h	vPN	IL7115-727-516
1	GH146-GFP	24h	1009004	2748	MARS_9	9	27	9	MARS_9	lPN	14	MARS_9: 24h	MARS_9	IL7115-728-502
1	GH146-GFP	24h	362137	2908	D	12	-1	12	D	adPN	0	D: 24h	D	IL7115-728-503
1	GH146-GFP	24h	853285	3454	VA5	26	19	26	VA5	lPN	12	VA5: 24h	VA5	IL7115-728-506
1	GH146-GFP	24h	460713	3274	DA1_fru-	23	57	23	DA1_fru-	lPN	7	DA1_fru-: 24h	DA1_fru-	IL7115-728-513
1	GH146-GFP	24h	624026	3098	VA1v	6	6	6	VA1v	adPN	8	VA1v: 24h	VA1v	IL7115-728-516
1	GH146-GFP	24h	572275	2994	DM6	22	8	22	DM6	adPN	3	DM6: 24h	DM6	IL7115-729-513
1	GH146-GFP	24h	265379	1600	VM7 or VM5v #2	28	13	28	VM7 or VM5v #2	adPN	2	VM7 or VM5v #2: 24h	VM7 or VM5v #2	IL7116-721-502
1	GH146-GFP	24h	290049	2163	DA1_fru+	15	50	15	DA1_fru+	lPN	10	DA1_fru+: 24h	DA1_fru+	IL7116-724-502
1	GH146-GFP	24h	446515	2202	MARS_25	25	26	25	MARS_25	lPN	13	MARS_25: 24h	MARS_25	N289Barcode_701-505
1	GH146-GFP	24h	274870	2241	DA1_fru+	15	50	15	DA1_fru+	lPN	10	DA1_fru+: 24h	DA1_fru+	N289Barcode_701-506
1	GH146-GFP	24h	470731	2944	DM6	22	8	22	DM6	adPN	3	DM6: 24h	DM6	N289Barcode_701-513
1	GH146-GFP	24h	282228	2715	DA1_fru+	15	50	15	DA1_fru+	lPN	10	DA1_fru+: 24h	DA1_fru+	N289Barcode_701-515
1	GH146-GFP	24h	1351121	2023	VM7 or VM5v #2	28	13	28	VM7 or VM5v #2	adPN	2	VM7 or VM5v #2: 24h	VM7 or VM5v #2	N289Barcode_701-516
1	GH146-GFP	24h	277591	2318	VM7 or VM5v #2	28	13	28	VM7 or VM5v #2	adPN	2	VM7 or VM5v #2: 24h	VM7 or VM5v #2	N289Barcode_702-502
1	GH146-GFP	24h	830213	2265	VA1d	10	10	10	VA1d	adPN	6	VA1d: 24h	VA1d	N289Barcode_702-506
1	GH146-GFP	24h	576110	2875	VM7 or VM5v #1	3	13	3	VM7 or VM5v #1	adPN	1	VM7 or VM5v #1: 24h	VM7 or VM5v #1	N289Barcode_702-513
1	GH146-GFP	24h	597468	2721	VA1d	10	10	10	VA1d	adPN	6	VA1d: 24h	VA1d	N289Barcode_702-515
1	GH146-GFP	24h	1281472	2494	VA1d	10	10	10	VA1d	adPN	6	VA1d: 24h	VA1d	N289Barcode_702-516
1	GH146-GFP	24h	518035	2503	VM2	13	9	13	VM2	adPN	4	VM2: 24h	VM2	N289Barcode_703-503
1	GH146-GFP	24h	1496110	2771	D	12	30	12	D	adPN	0	D: 24h	D	N289Barcode_703-506
1	GH146-GFP	24h	918342	3052	VA1d	10	10	10	VA1d	adPN	6	VA1d: 24h	VA1d	N289Barcode_703-513
1	GH146-GFP	24h	503736	2237	VM7 or VM5v #2	28	13	28	VM7 or VM5v #2	adPN	2	VM7 or VM5v #2: 24h	VM7 or VM5v #2	N289Barcode_703-515
1	GH146-GFP	24h	1623105	2906	D	12	30	12	D	adPN	0	D: 24h	D	N289Barcode_703-516
1	GH146-GFP	24h	872437	2526	MARS_7	7	31	7	MARS_7	adPN	18	MARS_7: 24h	MARS_7	N289Barcode_703-517
1	GH146-GFP	24h	438689	2505	VM2	13	9	13	VM2	adPN	4	VM2: 24h	VM2	N289Barcode_704-502
1	GH146-GFP	24h	552944	2688	D	12	30	12	D	adPN	0	D: 24h	D	N289Barcode_704-503
1	GH146-GFP	24h	518034	2595	VA1v	6	6	6	VA1v	adPN	8	VA1v: 24h	VA1v	N289Barcode_704-505
1	GH146-GFP	24h	1244996	2377	DL3	24	-1	24	DL3	lPN	9	DL3: 24h	DL3	N289Barcode_704-506
1	GH146-GFP	24h	911458	3117	D	12	30	12	D	adPN	0	D: 24h	D	N289Barcode_704-513
1	GH146-GFP	24h	597594	2614	VA1d	10	10	10	VA1d	adPN	6	VA1d: 24h	VA1d	N289Barcode_704-515
1	GH146-GFP	24h	829654	2988	MARS_25	25	27	25	MARS_25	lPN	14	MARS_25: 24h	MARS_25	N289Barcode_704-516
1	GH146-GFP	24h	1040695	2550	MARS_9	9	27	9	MARS_9	lPN	14	MARS_9: 24h	MARS_9	N289Barcode_704-517
1	GH146-GFP	24h	865768	3034	MARS_7	7	31	7	MARS_7	adPN	18	MARS_7: 24h	MARS_7	N289Barcode_705-502
1	GH146-GFP	24h	887261	2772	VM7 or VM5v #1	3	13	3	VM7 or VM5v #1	adPN	1	VM7 or VM5v #1: 24h	VM7 or VM5v #1	N289Barcode_705-503
1	GH146-GFP	24h	802398	2874	nan	8	-1	8	DL1	adPN	25	nan: 24h	nan	N289Barcode_705-505
1	GH146-GFP	24h	827933	2684	MARS_5	8	23	8	DL1	adPN	21	MARS_5: 24h	MARS_5	N289Barcode_705-513
1	GH146-GFP	24h	796471	2499	vPN	21	5	21	nan	vPN	na	vPN: 24h	vPN	N289Barcode_705-515
1	GH146-GFP	24h	1575409	2292	VM7 or VM5v #1	3	13	3	VM7 or VM5v #1	adPN	1	VM7 or VM5v #1: 24h	VM7 or VM5v #1	N289Barcode_705-516
1	GH146-GFP	24h	1139796	2204	MARS_9	9	27	9	MARS_9	lPN	14	MARS_9: 24h	MARS_9	N289Barcode_705-517
1	GH146-GFP	24h	603026	2898	DA1_fru+	15	50	15	DA1_fru+	lPN	10	DA1_fru+: 24h	DA1_fru+	N289Barcode_706-502
1	GH146-GFP	24h	552533	2839	MARS_9	9	27	9	MARS_9	lPN	14	MARS_9: 24h	MARS_9	N289Barcode_706-503
1	GH146-GFP	24h	608734	2290	DA1_fru+	15	50	15	DA1_fru+	lPN	10	DA1_fru+: 24h	DA1_fru+	N289Barcode_706-505
1	GH146-GFP	24h	1141633	2609	MARS_9	9	27	9	MARS_9	lPN	14	MARS_9: 24h	MARS_9	N289Barcode_706-506
1	GH146-GFP	24h	832271	3254	DA1_fru+	15	50	15	DA1_fru+	lPN	10	DA1_fru+: 24h	DA1_fru+	N289Barcode_706-513
1	GH146-GFP	24h	720884	2111	VM7 or VM5v #2	28	13	28	VM7 or VM5v #2	adPN	2	VM7 or VM5v #2: 24h	VM7 or VM5v #2	N289Barcode_706-515
1	GH146-GFP	24h	1164751	2244	nan	17	42	17	nan	APL	8	nan: 24h	nan	N289Barcode_706-516
1	GH146-GFP	24h	804732	2355	VA1v	6	6	6	VA1v	adPN	8	VA1v: 24h	VA1v	N289Barcode_706-517
1	GH146-GFP	24h	904640	3050	D	12	30	12	D	adPN	0	D: 24h	D	N289Barcode_707-502
1	GH146-GFP	24h	819525	2685	VM7 or VM5v #1	3	13	3	VM7 or VM5v #1	adPN	2	VM7 or VM5v #1: 24h	VM7 or VM5v #1	N289Barcode_707-503
1	GH146-GFP	24h	484213	2305	VM7 or VM5v #1	3	13	3	VM7 or VM5v #1	adPN	1	VM7 or VM5v #1: 24h	VM7 or VM5v #1	N289Barcode_707-505
1	GH146-GFP	24h	1154501	1744	MARS_27	27	48	27	MARS_27	lPN	15	MARS_27: 24h	MARS_27	N289Barcode_707-506
1	GH146-GFP	24h	1009820	3149	D	12	30	12	D	adPN	0	D: 24h	D	N289Barcode_707-513
1	GH146-GFP	24h	957478	2827	VA1v	6	6	6	VA1v	adPN	8	VA1v: 24h	VA1v	N289Barcode_707-515
1	GH146-GFP	24h	1417219	2913	VM7 or VM5v #2	28	13	28	VM7 or VM5v #2	adPN	2	VM7 or VM5v #2: 24h	VM7 or VM5v #2	N289Barcode_707-516
1	GH146-GFP	24h	678213	2800	VM7 or VM5v #1	3	13	3	VM7 or VM5v #1	adPN	1	VM7 or VM5v #1: 24h	VM7 or VM5v #1	N289Barcode_707-517
1	GH146-GFP	24h	386770	2276	VM2	13	9	13	VM2	adPN	4	VM2: 24h	VM2	N289Barcode_710-502
1	GH146-GFP	24h	703995	2917	DC3	20	10	20	DC3	adPN	5	DC3: 24h	DC3	N289Barcode_710-503
1	GH146-GFP	24h	476307	2115	MARS_2	2	-1	2	MARS_2	lPN	15	MARS_2: 24h	MARS_2	N289Barcode_710-505
1	GH146-GFP	24h	1478944	2260	DA1_fru+	15	50	15	DA1_fru+	lPN	10	DA1_fru+: 24h	DA1_fru+	N289Barcode_710-506
1	GH146-GFP	24h	868837	3218	VA5	26	19	26	VA5	lPN	12	VA5: 24h	VA5	N289Barcode_710-513
1	GH146-GFP	24h	495473	2582	DC2	18	28	18	DC2	adPN	22	DC2: 24h	DC2	N289Barcode_710-515
1	GH146-GFP	24h	899851	2466	MARS_5	8	23	8	DL1	adPN	21	MARS_5: 24h	MARS_5	N289Barcode_710-516
1	GH146-GFP	24h	499241	2174	VA1d	10	10	10	VA1d	adPN	6	VA1d: 24h	VA1d	N289Barcode_711-502
1	GH146-GFP	24h	419072	2367	DA1_fru+	15	50	15	DA1_fru+	lPN	10	DA1_fru+: 24h	DA1_fru+	N289Barcode_711-505
1	GH146-GFP	24h	1769963	2928	VA1v	6	6	6	VA1v	adPN	8	VA1v: 24h	VA1v	N289Barcode_711-506
1	GH146-GFP	24h	892885	3250	VA1v	6	6	6	VA1v	adPN	8	VA1v: 24h	VA1v	N289Barcode_711-513
1	GH146-GFP	24h	702239	2517	D	12	30	12	D	adPN	0	D: 24h	D	N289Barcode_711-515
1	GH146-GFP	24h	1618881	3247	D	12	30	12	D	adPN	0	D: 24h	D	N289Barcode_711-516
1	GH146-GFP	24h	701508	2013	APL	14	14	14	nan	APL	na	APL: 24h	APL	N289Barcode_712-502
1	GH146-GFP	24h	987953	3207	D	12	30	12	D	adPN	0	D: 24h	D	N289Barcode_712-503
1	GH146-GFP	24h	628162	2392	MARS_9	9	27	9	MARS_9	lPN	14	MARS_9: 24h	MARS_9	N289Barcode_712-505
1	GH146-GFP	24h	954169	2858	MARS_2	2	-1	2	MARS_2	lPN	15	MARS_2: 24h	MARS_2	N289Barcode_712-513
1	GH146-GFP	24h	519667	2554	VM7 or VM5v #1	3	13	3	VM7 or VM5v #1	adPN	1	VM7 or VM5v #1: 24h	VM7 or VM5v #1	N289Barcode_712-515
1	GH146-GFP	24h	1815079	3019	MARS_7	7	31	7	MARS_7	adPN	18	MARS_7: 24h	MARS_7	N289Barcode_712-516
1	GH146-GFP	24h	1127376	2933	VA5	26	19	26	VA5	lPN	12	VA5: 24h	VA5	N289Barcode_712-517
1	GH146-GFP	24h	801092	2682	VM7 or VM5v #2	28	13	28	VM7 or VM5v #2	adPN	2	VM7 or VM5v #2: 24h	VM7 or VM5v #2	N289Barcode_714-502
1	GH146-GFP	24h	906322	3261	VA5	26	19	26	VA5	lPN	12	VA5: 24h	VA5	N289Barcode_714-503
1	GH146-GFP	24h	526783	2805	DC2	18	28	18	DC2	adPN	22	DC2: 24h	DC2	N289Barcode_714-505
1	GH146-GFP	24h	1585827	2279	VA5	26	19	26	VA5	lPN	12	VA5: 24h	VA5	N289Barcode_714-506
1	GH146-GFP	24h	880144	2459	DL3	24	58	24	DL3	lPN	9	DL3: 24h	DL3	N289Barcode_714-515
1	GH146-GFP	24h	1781321	3319	VA1v	6	6	6	VA1v	adPN	8	VA1v: 24h	VA1v	N289Barcode_714-516
1	GH146-GFP	24h	1511082	2885	VM7 or VM5v #1	3	13	3	VM7 or VM5v #1	adPN	1	VM7 or VM5v #1: 24h	VM7 or VM5v #1	N289Barcode_714-517
1	GH146-GFP	24h	527258	3380	VA1d	10	10	10	VA1d	adPN	6	VA1d: 24h	VA1d	N289Barcode_715-503
1	GH146-GFP	24h	572320	2423	DA1_fru+	15	50	15	DA1_fru+	lPN	10	DA1_fru+: 24h	DA1_fru+	N289Barcode_715-505
1	GH146-GFP	24h	1541179	2662	VA1v	6	6	6	VA1v	adPN	8	VA1v: 24h	VA1v	N289Barcode_715-506
1	GH146-GFP	24h	745371	2980	MARS_9	9	27	9	MARS_9	lPN	14	MARS_9: 24h	MARS_9	N289Barcode_715-513
1	GH146-GFP	24h	475961	2633	VA1v	6	6	6	VA1v	adPN	8	VA1v: 24h	VA1v	N289Barcode_715-515
1	GH146-GFP	24h	1734160	3196	VM2	13	9	13	VM2	adPN	4	VM2: 24h	VM2	N289Barcode_715-516
1	GH146-GFP	24h	1471105	2707	VM7 or VM5v #1	3	13	3	VM7 or VM5v #1	adPN	1	VM7 or VM5v #1: 24h	VM7 or VM5v #1	N289Barcode_715-517
1	GH146-GFP	24h	1125080	3230	VA1d	10	10	10	VA1d	adPN	6	VA1d: 24h	VA1d	N289Barcode_716-503
1	GH146-GFP	24h	592461	2239	DM6	22	8	22	DM6	adPN	3	DM6: 24h	DM6	N289Barcode_716-505
1	GH146-GFP	24h	1831005	3080	DA1_fru+	15	50	15	DA1_fru+	lPN	10	DA1_fru+: 24h	DA1_fru+	N289Barcode_716-506
1	GH146-GFP	24h	796248	2671	MARS_2	2	51	2	MARS_2	lPN	15	MARS_2: 24h	MARS_2	N289Barcode_716-513
1	GH146-GFP	24h	553966	1835	vPN	21	11	21	nan	APL	na	vPN: 24h	vPN	N289Barcode_716-515
1	GH146-GFP	24h	1776771	2801	VA2	4	41	4	VA2	adPN	17	VA2: 24h	VA2	N289Barcode_716-516
1	GH146-GFP	24h	1429224	2311	VA1v	6	6	6	VA1v	adPN	8	VA1v: 24h	VA1v	N289Barcode_716-517
1	GH146-GFP	24h	1005215	3147	VA1v	6	6	6	VA1v	adPN	8	VA1v: 24h	VA1v	N289Barcode_718-503
1	GH146-GFP	24h	611407	2570	D	12	30	12	D	adPN	0	D: 24h	D	N289Barcode_718-505
1	GH146-GFP	24h	1594197	2640	DM6	22	8	22	DM6	adPN	3	DM6: 24h	DM6	N289Barcode_718-506
1	GH146-GFP	24h	812937	2047	VM7 or VM5v #2	28	13	28	VM7 or VM5v #2	adPN	2	VM7 or VM5v #2: 24h	VM7 or VM5v #2	N289Barcode_718-513
1	GH146-GFP	24h	519518	2333	MARS_9	9	27	9	MARS_9	lPN	14	MARS_9: 24h	MARS_9	N289Barcode_718-515
1	GH146-GFP	24h	1717120	2510	MARS_27	27	48	27	MARS_27	lPN	16	MARS_27: 24h	MARS_27	N289Barcode_718-516
1	GH146-GFP	24h	663901	3228	DL1	8	36	8	DL1	adPN	25	DL1: 24h	DL1	N289Barcode_719-502
1	GH146-GFP	24h	712990	2451	DC3	20	10	20	DC3	adPN	5	DC3: 24h	DC3	N289Barcode_719-503
1	GH146-GFP	24h	827954	3184	VA1d	10	10	10	VA1d	adPN	6	VA1d: 24h	VA1d	N289Barcode_719-505
1	GH146-GFP	24h	1633393	2880	VA2	4	41	4	VA2	adPN	17	VA2: 24h	VA2	N289Barcode_719-506
1	GH146-GFP	24h	564592	3424	D	12	30	12	D	adPN	0	D: 24h	D	N289Barcode_719-513
1	GH146-GFP	24h	894497	2623	VA1v	6	6	6	VA1v	adPN	8	VA1v: 24h	VA1v	N289Barcode_719-515
1	GH146-GFP	24h	1935168	2560	VM7 or VM5v #2	28	13	28	VM7 or VM5v #2	adPN	2	VM7 or VM5v #2: 24h	VM7 or VM5v #2	N289Barcode_719-516
1	GH146-GFP	24h	1431643	1891	APL	17	34	17	nan	APL	na	APL: 24h	APL	N289Barcode_719-517
1	GH146-GFP	24h	547220	3159	VA1d	10	10	10	VA1d	adPN	6	VA1d: 24h	VA1d	N289Barcode_720-502
1	GH146-GFP	24h	748399	2574	VA1d	10	10	10	VA1d	adPN	6	VA1d: 24h	VA1d	N289Barcode_720-503
1	GH146-GFP	24h	512351	2373	DA1_fru-	23	-1	23	DA1_fru-	lPN	7	DA1_fru-: 24h	DA1_fru-	N289Barcode_720-505
1	GH146-GFP	24h	1603682	1964	DA1_fru+	15	50	15	DA1_fru+	lPN	10	DA1_fru+: 24h	DA1_fru+	N289Barcode_720-506
1	GH146-GFP	24h	653387	2683	MARS_27	27	48	27	MARS_27	lPN	16	MARS_27: 24h	MARS_27	N289Barcode_720-513
1	GH146-GFP	24h	249653	1631	DA1_fru+	15	-1	15	DA1_fru+	lPN	10	DA1_fru+: 24h	DA1_fru+	N289Barcode_720-515
1	GH146-GFP	24h	1876452	2516	MARS_2	2	-1	2	MARS_2	lPN	15	MARS_2: 24h	MARS_2	N289Barcode_720-516
1	GH146-GFP	24h	391607	2917	DA1_fru+	15	50	15	DA1_fru+	lPN	10	DA1_fru+: 24h	DA1_fru+	N289Barcode_721-502
1	GH146-GFP	24h	763777	2478	DL3	24	-1	24	DL3	lPN	9	DL3: 24h	DL3	N289Barcode_721-503
1	GH146-GFP	24h	595338	2243	DL3	24	-1	24	DL3	lPN	9	DL3: 24h	DL3	N289Barcode_721-505
1	GH146-GFP	24h	1795257	2153	VM7 or VM5v #2	28	13	28	VM7 or VM5v #2	adPN	2	VM7 or VM5v #2: 24h	VM7 or VM5v #2	N289Barcode_721-506
1	GH146-GFP	24h	1026346	2567	APL	14	14	14	nan	APL	na	APL: 24h	APL	N289Barcode_721-513
1	GH146-GFP	24h	811669	2476	MARS_9	9	27	9	MARS_9	lPN	14	MARS_9: 24h	MARS_9	N289Barcode_721-515
1	GH146-GFP	24h	1916901	2897	vPN	21	11	21	nan	APL	na	vPN: 24h	vPN	N289Barcode_721-516
1	GH146-GFP	24h	547557	2446	DA1_fru-	23	57	23	DA1_fru-	lPN	7	DA1_fru-: 24h	DA1_fru-	N289Barcode_722-503
1	GH146-GFP	24h	599742	2407	MARS_2	2	51	2	MARS_2	lPN	15	MARS_2: 24h	MARS_2	N289Barcode_722-505
1	GH146-GFP	24h	1651099	2809	VM2	13	9	13	VM2	adPN	4	VM2: 24h	VM2	N289Barcode_722-506
1	GH146-GFP	24h	572071	3372	VA1v	6	6	6	VA1v	adPN	8	VA1v: 24h	VA1v	N289Barcode_722-513
1	GH146-GFP	24h	512131	2549	MARS_9	9	27	9	MARS_9	lPN	14	MARS_9: 24h	MARS_9	N289Barcode_722-515
1	GH146-GFP	24h	1834959	3136	VM2	13	9	13	VM2	adPN	4	VM2: 24h	VM2	N289Barcode_722-516
1	GH146-GFP	24h	774229	2475	DA1_fru+	15	50	15	DA1_fru+	lPN	10	DA1_fru+: 24h	DA1_fru+	N289Barcode_723-503
1	GH146-GFP	24h	664698	2804	VA6	0	47	0	VA6	adPN	19	VA6: 24h	VA6	N289Barcode_723-505
1	GH146-GFP	24h	1687630	2552	APL	14	14	14	nan	APL	na	APL: 24h	APL	N289Barcode_723-506
1	GH146-GFP	24h	744058	3109	VA1v	6	6	6	VA1v	adPN	8	VA1v: 24h	VA1v	N289Barcode_723-513
1	GH146-GFP	24h	554395	2186	DA1_fru+	15	50	15	DA1_fru+	lPN	10	DA1_fru+: 24h	DA1_fru+	N289Barcode_723-515
1	GH146-GFP	24h	2055969	2847	DL3	24	-1	24	DL3	lPN	9	DL3: 24h	DL3	N289Barcode_723-516
1	GH146-GFP	24h	982436	2509	DM6	22	8	22	DM6	adPN	3	DM6: 24h	DM6	N289Barcode_724-503
1	GH146-GFP	24h	1395621	2569	DL3	24	-1	24	DL3	lPN	9	DL3: 24h	DL3	N289Barcode_724-505
1	GH146-GFP	24h	949635	2036	MARS_9	9	27	9	MARS_9	lPN	14	MARS_9: 24h	MARS_9	N289Barcode_724-506
1	GH146-GFP	24h	665353	2928	MARS_9	9	27	9	MARS_9	lPN	14	MARS_9: 24h	MARS_9	N289Barcode_724-513
1	GH146-GFP	24h	1015389	2362	MARS_9	9	27	9	MARS_9	lPN	14	MARS_9: 24h	MARS_9	N289Barcode_724-515
1	GH146-GFP	24h	1843348	2770	VA1v	6	6	6	VA1v	adPN	8	VA1v: 24h	VA1v	N289Barcode_724-516
1	GH146-GFP	24h	790405	2316	VA1d	10	10	10	VA1d	adPN	6	VA1d: 24h	VA1d	N289Barcode_726-503
1	GH146-GFP	24h	1881371	1747	VM7 or VM5v #2	28	13	28	VM7 or VM5v #2	adPN	2	VM7 or VM5v #2: 24h	VM7 or VM5v #2	N289Barcode_726-505
1	GH146-GFP	24h	1699170	2020	DA1_fru+	15	50	15	DA1_fru+	lPN	10	DA1_fru+: 24h	DA1_fru+	N289Barcode_726-506
1	GH146-GFP	24h	654084	3394	VA1d	10	10	10	VA1d	adPN	6	VA1d: 24h	VA1d	N289Barcode_726-513
1	GH146-GFP	24h	616799	2430	DM6	22	8	22	DM6	adPN	3	DM6: 24h	DM6	N289Barcode_726-515
1	GH146-GFP	24h	1687808	2135	VA1d	10	10	10	VA1d	adPN	6	VA1d: 24h	VA1d	N289Barcode_726-516
1	GH146-GFP	24h	778268	2455	DM6	22	8	22	DM6	adPN	3	DM6: 24h	DM6	N289Barcode_727-503
1	GH146-GFP	24h	1607939	2373	VA5	26	19	26	VA5	lPN	12	VA5: 24h	VA5	N289Barcode_727-506
1	GH146-GFP	24h	748245	3279	VA5	26	19	26	VA5	lPN	12	VA5: 24h	VA5	N289Barcode_727-513
1	GH146-GFP	24h	701966	1867	VM7 or VM5v #2	28	13	28	VM7 or VM5v #2	adPN	2	VM7 or VM5v #2: 24h	VM7 or VM5v #2	N289Barcode_727-515
1	GH146-GFP	24h	1775559	3072	D	12	30	12	D	adPN	0	D: 24h	D	N289Barcode_727-516
1	GH146-GFP	24h	979712	2308	MARS_27	27	48	27	MARS_27	lPN	16	MARS_27: 24h	MARS_27	N289Barcode_728-502
1	GH146-GFP	24h	785657	2482	DA1_fru+	15	50	15	DA1_fru+	lPN	10	DA1_fru+: 24h	DA1_fru+	N289Barcode_728-503
1	GH146-GFP	24h	1682085	3107	DC3	20	10	20	DC3	adPN	5	DC3: 24h	DC3	N289Barcode_728-505
1	GH146-GFP	24h	1621709	2406	VM2	13	9	13	VM2	adPN	4	VM2: 24h	VM2	N289Barcode_728-506
1	GH146-GFP	24h	1342168	3459	DC2	18	28	18	DC2	adPN	22	DC2: 24h	DC2	N289Barcode_728-513
1	GH146-GFP	24h	645985	2271	DA1_fru+	15	50	15	DA1_fru+	lPN	10	DA1_fru+: 24h	DA1_fru+	N289Barcode_728-515
1	GH146-GFP	24h	1797450	2790	VM7 or VM5v #1	3	13	3	VM7 or VM5v #1	adPN	1	VM7 or VM5v #1: 24h	VM7 or VM5v #1	N289Barcode_728-516
1	GH146-GFP	24h	961040	2990	D	12	30	12	D	adPN	0	D: 24h	D	N289Barcode_729-502
1	GH146-GFP	24h	495646	2402	DA1_fru+	15	50	15	DA1_fru+	lPN	10	DA1_fru+: 24h	DA1_fru+	N289Barcode_729-503
1	GH146-GFP	24h	1802592	3306	DC3	20	10	20	DC3	adPN	5	DC3: 24h	DC3	N289Barcode_729-505
1	GH146-GFP	24h	1465880	2140	VA1v	6	6	6	VA1v	adPN	8	VA1v: 24h	VA1v	N289Barcode_729-506
1	GH146-GFP	24h	1023348	2739	VM7 or VM5v #1	3	13	3	VM7 or VM5v #1	adPN	1	VM7 or VM5v #1: 24h	VM7 or VM5v #1	N289Barcode_729-513
1	GH146-GFP	24h	778397	3076	DC3	20	10	20	DC3	adPN	5	DC3: 24h	DC3	N289Barcode_729-515
1	GH146-GFP	24h	1899657	2965	VA1v	6	6	6	VA1v	adPN	8	VA1v: 24h	VA1v	N289Barcode_729-516
1	GH146-GFP	24h	543735	2791	VM2	13	9	13	VM2	adPN	4	VM2: 24h	VM2	N357Barcode_701-505
1	GH146-GFP	24h	565752	2403	APL	14	35	14	nan	APL	na	APL: 24h	APL	N357Barcode_701-506
1	GH146-GFP	24h	1342275	3366	VC2	16	21	16	VC2	lPN	28	VC2: 24h	VC2	N357Barcode_701-507
1	GH146-GFP	24h	1357351	2372	VM7 or VM5v #2	28	13	28	VM7 or VM5v #2	adPN	2	VM7 or VM5v #2: 24h	VM7 or VM5v #2	N357Barcode_701-508
1	GH146-GFP	24h	1132403	2216	APL	14	14	14	nan	APL	na	APL: 24h	APL	N357Barcode_701-510
1	GH146-GFP	24h	1207424	2857	DM6	22	8	22	DM6	adPN	3	DM6: 24h	DM6	N357Barcode_701-511
1	GH146-GFP	24h	539136	3034	DM6	22	8	22	DM6	adPN	3	DM6: 24h	DM6	N357Barcode_701-513
1	GH146-GFP	24h	552429	2966	DL1	8	36	8	DL1	adPN	25	DL1: 24h	DL1	N357Barcode_701-516
1	GH146-GFP	24h	1063669	3707	DA4l	1	-1	1	DA4l	adPN	24	DA4l: 24h	DA4l	N357Barcode_701-517
1	GH146-GFP	24h	1008027	2749	MARS_9	9	27	9	MARS_9	lPN	14	MARS_9: 24h	MARS_9	N357Barcode_701-518
1	GH146-GFP	24h	1453186	2511	MARS_2	2	51	2	MARS_2	lPN	15	MARS_2: 24h	MARS_2	N357Barcode_701-520
1	GH146-GFP	24h	1290604	2812	VM7 or VM5v #1	3	13	3	VM7 or VM5v #1	adPN	1	VM7 or VM5v #1: 24h	VM7 or VM5v #1	N357Barcode_702-502
1	GH146-GFP	24h	1104620	2412	APL	14	14	14	nan	APL	na	APL: 24h	APL	N357Barcode_702-503
1	GH146-GFP	24h	292289	2539	DA1_fru+	15	50	15	DA1_fru+	lPN	10	DA1_fru+: 24h	DA1_fru+	N357Barcode_702-505
1	GH146-GFP	24h	430010	2839	VA1d	10	10	10	VA1d	adPN	6	VA1d: 24h	VA1d	N357Barcode_702-506
1	GH146-GFP	24h	745187	3130	DC2	18	28	18	DC2	adPN	22	DC2: 24h	DC2	N357Barcode_702-507
1	GH146-GFP	24h	1260190	3128	VA1v	6	6	6	VA1v	adPN	8	VA1v: 24h	VA1v	N357Barcode_702-508
1	GH146-GFP	24h	1024305	3373	DC2	18	28	18	DC2	adPN	22	DC2: 24h	DC2	N357Barcode_702-510
1	GH146-GFP	24h	754941	2970	D	12	30	12	D	adPN	0	D: 24h	D	N357Barcode_702-513
1	GH146-GFP	24h	484047	2823	D	12	-1	12	D	adPN	0	D: 24h	D	N357Barcode_702-515
1	GH146-GFP	24h	836281	2918	VA1v	6	6	6	VA1v	adPN	8	VA1v: 24h	VA1v	N357Barcode_702-517
1	GH146-GFP	24h	823758	3138	MARS_9	9	27	9	MARS_9	lPN	14	MARS_9: 24h	MARS_9	N357Barcode_702-518
1	GH146-GFP	24h	515019	3330	DC2	18	28	18	DC2	adPN	22	DC2: 24h	DC2	N357Barcode_702-520
1	GH146-GFP	24h	861167	2547	DM6	22	8	22	DM6	adPN	3	DM6: 24h	DM6	N357Barcode_702-522
1	GH146-GFP	24h	1419815	3135	DC3	20	10	20	DC3	adPN	5	DC3: 24h	DC3	N357Barcode_703-502
1	GH146-GFP	24h	1311403	2728	MARS_2	2	51	2	MARS_2	lPN	15	MARS_2: 24h	MARS_2	N357Barcode_703-503
1	GH146-GFP	24h	604652	3465	VC2	16	21	16	VC2	lPN	28	VC2: 24h	VC2	N357Barcode_703-505
1	GH146-GFP	24h	577943	2858	VA1v	6	6	6	VA1v	adPN	8	VA1v: 24h	VA1v	N357Barcode_703-506
1	GH146-GFP	24h	1214952	2298	APL	14	14	14	nan	APL	na	APL: 24h	APL	N357Barcode_703-508
1	GH146-GFP	24h	1073660	3237	DL1	8	36	8	DL1	adPN	25	DL1: 24h	DL1	N357Barcode_703-510
1	GH146-GFP	24h	995574	2691	DA1_fru+	15	50	15	DA1_fru+	lPN	10	DA1_fru+: 24h	DA1_fru+	N357Barcode_703-511
1	GH146-GFP	24h	748132	3027	DM6	22	8	22	DM6	adPN	3	DM6: 24h	DM6	N357Barcode_703-513
1	GH146-GFP	24h	608130	3051	D	12	30	12	D	adPN	0	D: 24h	D	N357Barcode_703-515
1	GH146-GFP	24h	772355	2862	VM7 or VM5v #1	3	13	3	VM7 or VM5v #1	adPN	1	VM7 or VM5v #1: 24h	VM7 or VM5v #1	N357Barcode_703-517
1	GH146-GFP	24h	552531	3153	DC3	20	10	20	DC3	adPN	5	DC3: 24h	DC3	N357Barcode_703-518
1	GH146-GFP	24h	1321084	2740	MARS_25	25	26	25	MARS_25	lPN	13	MARS_25: 24h	MARS_25	N357Barcode_703-520
1	GH146-GFP	24h	1103448	2540	DA1_fru-	23	57	23	DA1_fru-	lPN	7	DA1_fru-: 24h	DA1_fru-	N357Barcode_703-521
1	GH146-GFP	24h	608700	2666	DA1_fru+	15	50	15	DA1_fru+	lPN	10	DA1_fru+: 24h	DA1_fru+	N357Barcode_703-522
1	GH146-GFP	24h	1239454	3573	VC2	16	21	16	VC2	lPN	27	VC2: 24h	VC2	N357Barcode_704-502
1	GH146-GFP	24h	1365363	3034	DC3	20	10	20	DC3	adPN	5	DC3: 24h	DC3	N357Barcode_704-503
1	GH146-GFP	24h	565079	3402	VA5	26	19	26	VA5	lPN	12	VA5: 24h	VA5	N357Barcode_704-505
1	GH146-GFP	24h	576709	2954	VA1d	10	10	10	VA1d	adPN	6	VA1d: 24h	VA1d	N357Barcode_704-507
1	GH146-GFP	24h	1174543	1869	VM7 or VM5v #2	28	13	28	VM7 or VM5v #2	adPN	2	VM7 or VM5v #2: 24h	VM7 or VM5v #2	N357Barcode_704-508
1	GH146-GFP	24h	1070759	2709	VM7 or VM5v #1	3	13	3	VM7 or VM5v #1	adPN	1	VM7 or VM5v #1: 24h	VM7 or VM5v #1	N357Barcode_704-510
1	GH146-GFP	24h	1128294	2437	VM7 or VM5v #2	28	13	28	VM7 or VM5v #2	adPN	2	VM7 or VM5v #2: 24h	VM7 or VM5v #2	N357Barcode_704-513
1	GH146-GFP	24h	550203	2871	VA5	26	19	26	VA5	lPN	12	VA5: 24h	VA5	N357Barcode_704-515
1	GH146-GFP	24h	379530	3006	MARS_7	7	31	7	MARS_7	adPN	18	MARS_7: 24h	MARS_7	N357Barcode_704-516
1	GH146-GFP	24h	929482	3142	VA5	26	19	26	VA5	lPN	12	VA5: 24h	VA5	N357Barcode_704-517
1	GH146-GFP	24h	431465	3147	VA1v	6	6	6	VA1v	adPN	8	VA1v: 24h	VA1v	N357Barcode_704-518
1	GH146-GFP	24h	1198703	3115	DC2	18	28	18	DC2	adPN	22	DC2: 24h	DC2	N357Barcode_704-520
1	GH146-GFP	24h	1085213	1984	APL	17	34	17	nan	APL	na	APL: 24h	APL	N357Barcode_704-521
1	GH146-GFP	24h	1023591	2272	APL	14	14	14	nan	APL	na	APL: 24h	APL	N357Barcode_704-522
1	GH146-GFP	24h	1695152	3519	VA6	0	47	0	VA6	adPN	20	VA6: 24h	VA6	N357Barcode_705-502
1	GH146-GFP	24h	678105	2744	DA1_fru+	15	50	15	DA1_fru+	lPN	10	DA1_fru+: 24h	DA1_fru+	N357Barcode_705-505
1	GH146-GFP	24h	805800	2896	DM6	22	8	22	DM6	adPN	3	DM6: 24h	DM6	N357Barcode_705-506
1	GH146-GFP	24h	814669	2488	DM6	22	8	22	DM6	adPN	3	DM6: 24h	DM6	N357Barcode_705-507
1	GH146-GFP	24h	1515762	2503	APL	17	35	17	nan	APL	na	APL: 24h	APL	N357Barcode_705-510
1	GH146-GFP	24h	1429534	2397	MARS_25	25	26	25	MARS_25	lPN	13	MARS_25: 24h	MARS_25	N357Barcode_705-511
1	GH146-GFP	24h	1171336	2626	VM7 or VM5v #2	28	13	28	VM7 or VM5v #2	adPN	2	VM7 or VM5v #2: 24h	VM7 or VM5v #2	N357Barcode_705-513
1	GH146-GFP	24h	649806	2704	DM6	22	8	22	DM6	adPN	3	DM6: 24h	DM6	N357Barcode_705-516
1	GH146-GFP	24h	884160	3591	DM2	11	17	11	DM2	lPN	23	DM2: 24h	DM2	N357Barcode_705-517
1	GH146-GFP	24h	661103	2919	D	12	30	12	D	adPN	0	D: 24h	D	N357Barcode_705-518
1	GH146-GFP	24h	1275527	2953	DL3	24	-1	24	DL3	lPN	9	DL3: 24h	DL3	N357Barcode_705-520
1	GH146-GFP	24h	991690	2774	D	12	-1	12	D	adPN	0	D: 24h	D	N357Barcode_705-521
1	GH146-GFP	24h	943023	3279	DL1	8	36	8	DL1	adPN	25	DL1: 24h	DL1	N357Barcode_705-522
1	GH146-GFP	24h	1546616	2988	VM2	13	9	13	VM2	adPN	4	VM2: 24h	VM2	N357Barcode_706-503
1	GH146-GFP	24h	697599	2568	MARS_9	9	27	9	MARS_9	lPN	14	MARS_9: 24h	MARS_9	N357Barcode_706-505
1	GH146-GFP	24h	716531	2528	VM7 or VM5v #2	28	13	28	VM7 or VM5v #2	adPN	2	VM7 or VM5v #2: 24h	VM7 or VM5v #2	N357Barcode_706-506
1	GH146-GFP	24h	731165	2864	VA1v	6	6	6	VA1v	adPN	8	VA1v: 24h	VA1v	N357Barcode_706-507
1	GH146-GFP	24h	1161393	3339	DC3	20	10	20	DC3	adPN	5	DC3: 24h	DC3	N357Barcode_706-508
1	GH146-GFP	24h	1090405	3549	VC2	16	21	16	VC2	lPN	28	VC2: 24h	VC2	N357Barcode_706-510
1	GH146-GFP	24h	1315387	2543	VM7 or VM5v #2	28	13	28	VM7 or VM5v #2	adPN	2	VM7 or VM5v #2: 24h	VM7 or VM5v #2	N357Barcode_706-511
1	GH146-GFP	24h	1211413	2922	DA1_fru+	15	50	15	DA1_fru+	lPN	10	DA1_fru+: 24h	DA1_fru+	N357Barcode_706-513
1	GH146-GFP	24h	639462	2877	VA1v	6	6	6	VA1v	adPN	8	VA1v: 24h	VA1v	N357Barcode_706-515
1	GH146-GFP	24h	717822	2489	VM7 or VM5v #2	28	13	28	VM7 or VM5v #2	adPN	2	VM7 or VM5v #2: 24h	VM7 or VM5v #2	N357Barcode_706-516
1	GH146-GFP	24h	754931	2937	DL3	24	-1	24	DL3	lPN	9	DL3: 24h	DL3	N357Barcode_706-517
1	GH146-GFP	24h	629689	3558	nan	16	-1	16	VC2	lPN	26	nan: 24h	nan	N357Barcode_706-518
1	GH146-GFP	24h	1191060	3103	VA1v	6	6	6	VA1v	adPN	8	VA1v: 24h	VA1v	N357Barcode_706-520
1	GH146-GFP	24h	1238994	2800	MARS_9	9	27	9	MARS_9	lPN	14	MARS_9: 24h	MARS_9	N357Barcode_706-521
1	GH146-GFP	24h	662551	2479	MARS_25	25	27	25	MARS_25	lPN	14	MARS_25: 24h	MARS_25	N357Barcode_706-522
1	GH146-GFP	24h	1675554	3273	VA1d	10	10	10	VA1d	adPN	6	VA1d: 24h	VA1d	N357Barcode_707-502
1	GH146-GFP	24h	346117	2804	DL3	24	58	24	DL3	lPN	9	DL3: 24h	DL3	N357Barcode_707-503
1	GH146-GFP	24h	826335	2941	DM6	22	8	22	DM6	adPN	3	DM6: 24h	DM6	N357Barcode_707-506
1	GH146-GFP	24h	1187730	3029	D	12	30	12	D	adPN	0	D: 24h	D	N357Barcode_707-507
1	GH146-GFP	24h	966903	3654	VA6	0	47	0	VA6	adPN	19	VA6: 24h	VA6	N357Barcode_707-510
1	GH146-GFP	24h	1714677	2887	VA1v	6	6	6	VA1v	adPN	8	VA1v: 24h	VA1v	N357Barcode_707-511
1	GH146-GFP	24h	1272458	3678	DM2	11	17	11	DM2	lPN	23	DM2: 24h	DM2	N357Barcode_707-513
1	GH146-GFP	24h	731240	2959	DL1	8	36	8	DL1	adPN	25	DL1: 24h	DL1	N357Barcode_707-515
1	GH146-GFP	24h	719042	2575	DM6	22	8	22	DM6	adPN	3	DM6: 24h	DM6	N357Barcode_707-516
1	GH146-GFP	24h	1107195	2642	DA1_fru+	15	50	15	DA1_fru+	lPN	10	DA1_fru+: 24h	DA1_fru+	N357Barcode_707-521
1	GH146-GFP	24h	916749	2331	MARS_9	9	27	9	MARS_9	lPN	14	MARS_9: 24h	MARS_9	N357Barcode_707-522
1	GH146-GFP	24h	737944	2878	MARS_9	9	27	9	MARS_9	lPN	14	MARS_9: 24h	MARS_9	N357Barcode_710-502
1	GH146-GFP	24h	543980	3033	VA1v	6	6	6	VA1v	adPN	8	VA1v: 24h	VA1v	N357Barcode_710-503
1	GH146-GFP	24h	694453	2854	MARS_9	9	27	9	MARS_9	lPN	14	MARS_9: 24h	MARS_9	N357Barcode_710-505
1	GH146-GFP	24h	722502	2752	DA1_fru+	15	-1	15	DA1_fru+	lPN	na	DA1_fru+: 24h	DA1_fru+	N357Barcode_710-506
1	GH146-GFP	24h	874999	2732	DL3	24	-1	24	DL3	lPN	9	DL3: 24h	DL3	N357Barcode_710-507
1	GH146-GFP	24h	1324208	2855	DA1_fru+	15	-1	15	DA1_fru+	lPN	10	DA1_fru+: 24h	DA1_fru+	N357Barcode_710-508
1	GH146-GFP	24h	1191884	2272	MARS_2	2	51	2	MARS_2	lPN	15	MARS_2: 24h	MARS_2	N357Barcode_710-510
1	GH146-GFP	24h	1319320	3005	VA6	0	47	0	VA6	adPN	20	VA6: 24h	VA6	N357Barcode_710-511
1	GH146-GFP	24h	1310226	2541	VM7 or VM5v #1	3	13	3	VM7 or VM5v #1	adPN	1	VM7 or VM5v #1: 24h	VM7 or VM5v #1	N357Barcode_710-513
1	GH146-GFP	24h	618578	2603	DA1_fru+	15	50	15	DA1_fru+	lPN	10	DA1_fru+: 24h	DA1_fru+	N357Barcode_710-515
1	GH146-GFP	24h	657386	2638	DA1_fru+	15	50	15	DA1_fru+	lPN	10	DA1_fru+: 24h	DA1_fru+	N357Barcode_710-516
1	GH146-GFP	24h	878161	2836	DA1_fru-	23	57	23	DA1_fru-	lPN	7	DA1_fru-: 24h	DA1_fru-	N357Barcode_710-517
1	GH146-GFP	24h	532182	3014	DA1_fru+	15	50	15	DA1_fru+	lPN	10	DA1_fru+: 24h	DA1_fru+	N357Barcode_710-518
1	GH146-GFP	24h	1010141	3027	DC2	18	28	18	DC2	adPN	22	DC2: 24h	DC2	N357Barcode_710-521
1	GH146-GFP	24h	939118	2466	VM7 or VM5v #2	28	13	28	VM7 or VM5v #2	adPN	2	VM7 or VM5v #2: 24h	VM7 or VM5v #2	N357Barcode_710-522
1	GH146-GFP	24h	1210532	2167	APL	17	34	17	nan	APL	na	APL: 24h	APL	N357Barcode_711-502
1	GH146-GFP	24h	608361	2731	VM2	13	9	13	VM2	adPN	4	VM2: 24h	VM2	N357Barcode_711-505
1	GH146-GFP	24h	930813	3035	MARS_9	9	27	9	MARS_9	lPN	14	MARS_9: 24h	MARS_9	N357Barcode_711-506
1	GH146-GFP	24h	1408205	3205	VA5	26	19	26	VA5	lPN	12	VA5: 24h	VA5	N357Barcode_711-507
1	GH146-GFP	24h	1459959	2328	MARS_2	2	51	2	MARS_2	lPN	15	MARS_2: 24h	MARS_2	N357Barcode_711-511
1	GH146-GFP	24h	1474993	3032	VM2	13	9	13	VM2	adPN	4	VM2: 24h	VM2	N357Barcode_711-513
1	GH146-GFP	24h	830700	2657	D	12	30	12	D	adPN	0	D: 24h	D	N357Barcode_711-515
1	GH146-GFP	24h	780065	2849	VM2	13	9	13	VM2	adPN	4	VM2: 24h	VM2	N357Barcode_711-516
1	GH146-GFP	24h	908718	3282	DC2	18	28	18	DC2	adPN	22	DC2: 24h	DC2	N357Barcode_711-517
1	GH146-GFP	24h	841339	3166	VA1v	6	6	6	VA1v	adPN	8	VA1v: 24h	VA1v	N357Barcode_711-518
1	GH146-GFP	24h	1163091	3163	VA1v	6	6	6	VA1v	adPN	8	VA1v: 24h	VA1v	N357Barcode_711-520
1	GH146-GFP	24h	814687	2695	DA1_fru+	15	50	15	DA1_fru+	lPN	10	DA1_fru+: 24h	DA1_fru+	N357Barcode_711-521
1	GH146-GFP	24h	1632201	2941	DM6	22	8	22	DM6	adPN	3	DM6: 24h	DM6	N357Barcode_712-502
1	GH146-GFP	24h	1489289	2212	APL	17	34	17	nan	APL	na	APL: 24h	APL	N357Barcode_712-503
1	GH146-GFP	24h	730873	3037	VM2	13	9	13	VM2	adPN	4	VM2: 24h	VM2	N357Barcode_712-505
1	GH146-GFP	24h	920290	2816	MARS_27	27	48	27	MARS_27	lPN	16	MARS_27: 24h	MARS_27	N357Barcode_712-506
1	GH146-GFP	24h	576038	3616	VC2	16	21	16	VC2	lPN	27	VC2: 24h	VC2	N357Barcode_712-507
1	GH146-GFP	24h	1063032	2881	DC3	20	10	20	DC3	adPN	5	DC3: 24h	DC3	N357Barcode_712-510
1	GH146-GFP	24h	1558520	2387	MARS_2	2	51	2	MARS_2	lPN	15	MARS_2: 24h	MARS_2	N357Barcode_712-511
1	GH146-GFP	24h	1477641	2848	DA1_fru+	15	50	15	DA1_fru+	lPN	10	DA1_fru+: 24h	DA1_fru+	N357Barcode_712-513
1	GH146-GFP	24h	777118	3277	DC3	20	10	20	DC3	adPN	5	DC3: 24h	DC3	N357Barcode_712-515
1	GH146-GFP	24h	873246	3584	DA4l	1	-1	1	DA4l	adPN	24	DA4l: 24h	DA4l	N357Barcode_712-516
1	GH146-GFP	24h	827551	3271	DL1	8	36	8	DL1	adPN	25	DL1: 24h	DL1	N357Barcode_712-517
1	GH146-GFP	24h	968616	3546	VC2	16	21	16	VC2	lPN	27	VC2: 24h	VC2	N357Barcode_712-518
1	GH146-GFP	24h	1387069	3082	VA1v	6	6	6	VA1v	adPN	8	VA1v: 24h	VA1v	N357Barcode_712-520
1	GH146-GFP	24h	1540123	2689	VM2	13	9	13	VM2	adPN	4	VM2: 24h	VM2	N357Barcode_712-521
1	GH146-GFP	24h	939529	2900	VA1v	6	6	6	VA1v	adPN	8	VA1v: 24h	VA1v	N357Barcode_712-522
1	GH146-GFP	24h	1466433	2656	VM7 or VM5v #1	3	13	3	VM7 or VM5v #1	adPN	1	VM7 or VM5v #1: 24h	VM7 or VM5v #1	N357Barcode_714-502
1	GH146-GFP	24h	611902	2462	DL3	24	58	24	DL3	lPN	9	DL3: 24h	DL3	N357Barcode_714-505
1	GH146-GFP	24h	951637	3063	DA1_fru+	15	50	15	DA1_fru+	lPN	10	DA1_fru+: 24h	DA1_fru+	N357Barcode_714-506
1	GH146-GFP	24h	1366416	2974	DA1_fru+	15	50	15	DA1_fru+	lPN	10	DA1_fru+: 24h	DA1_fru+	N357Barcode_714-508
1	GH146-GFP	24h	1210544	2065	nan	16	21	16	VC2	adPN	26	nan: 24h	nan	N357Barcode_714-510
1	GH146-GFP	24h	1280892	2242	APL	14	14	14	nan	APL	na	APL: 24h	APL	N357Barcode_714-513
1	GH146-GFP	24h	458304	2268	DA1_fru-	23	57	23	DA1_fru-	lPN	7	DA1_fru-: 24h	DA1_fru-	N357Barcode_714-515
1	GH146-GFP	24h	667490	2732	VM7 or VM5v #1	3	13	3	VM7 or VM5v #1	adPN	1	VM7 or VM5v #1: 24h	VM7 or VM5v #1	N357Barcode_714-516
1	GH146-GFP	24h	945801	2783	DM6	22	8	22	DM6	adPN	3	DM6: 24h	DM6	N357Barcode_714-517
1	GH146-GFP	24h	946946	2690	MARS_27	27	48	27	MARS_27	lPN	16	MARS_27: 24h	MARS_27	N357Barcode_714-518
1	GH146-GFP	24h	1315019	2968	DA1_fru+	15	50	15	DA1_fru+	lPN	10	DA1_fru+: 24h	DA1_fru+	N357Barcode_714-520
1	GH146-GFP	24h	1468078	2575	VM2	13	9	13	VM2	adPN	4	VM2: 24h	VM2	N357Barcode_714-521
1	GH146-GFP	24h	1220487	2385	MARS_2	2	-1	2	MARS_2	lPN	15	MARS_2: 24h	MARS_2	N357Barcode_714-522
1	GH146-GFP	24h	1700302	3162	D	12	30	12	D	adPN	0	D: 24h	D	N357Barcode_715-502
1	GH146-GFP	24h	1134450	2427	DA1_fru+	15	50	15	DA1_fru+	lPN	10	DA1_fru+: 24h	DA1_fru+	N357Barcode_715-503
1	GH146-GFP	24h	718027	3639	VC2	16	21	16	VC2	lPN	28	VC2: 24h	VC2	N357Barcode_715-505
1	GH146-GFP	24h	924804	3288	VA1v	6	6	6	VA1v	adPN	8	VA1v: 24h	VA1v	N357Barcode_715-506
1	GH146-GFP	24h	1345047	2800	D	12	-1	12	D	adPN	0	D: 24h	D	N357Barcode_715-508
1	GH146-GFP	24h	1282561	3261	DL1	8	36	8	DL1	adPN	25	DL1: 24h	DL1	N357Barcode_715-513
1	GH146-GFP	24h	836479	2841	VA1v	6	6	6	VA1v	adPN	8	VA1v: 24h	VA1v	N357Barcode_715-515
1	GH146-GFP	24h	738972	1554	VM7 or VM5v #2	28	13	28	VM7 or VM5v #2	adPN	2	VM7 or VM5v #2: 24h	VM7 or VM5v #2	N357Barcode_715-516
1	GH146-GFP	24h	717113	3071	DC3	20	10	20	DC3	adPN	5	DC3: 24h	DC3	N357Barcode_715-517
1	GH146-GFP	24h	380283	3545	DM2	11	17	11	DM2	lPN	23	DM2: 24h	DM2	N357Barcode_715-518
1	GH146-GFP	24h	1497598	3054	VM2	13	9	13	VM2	adPN	4	VM2: 24h	VM2	N357Barcode_716-502
1	GH146-GFP	24h	1615743	3647	DM2	11	17	11	DM2	lPN	23	DM2: 24h	DM2	N357Barcode_716-503
1	GH146-GFP	24h	857468	3447	VC2	16	21	16	VC2	lPN	28	VC2: 24h	VC2	N357Barcode_716-505
1	GH146-GFP	24h	958773	2736	MARS_9	9	27	9	MARS_9	lPN	14	MARS_9: 24h	MARS_9	N357Barcode_716-506
1	GH146-GFP	24h	666985	3149	VA1v	6	6	6	VA1v	adPN	8	VA1v: 24h	VA1v	N357Barcode_716-507
1	GH146-GFP	24h	1497438	3157	VA1v	6	6	6	VA1v	adPN	8	VA1v: 24h	VA1v	N357Barcode_716-511
1	GH146-GFP	24h	1454947	3050	DM6	22	8	22	DM6	adPN	3	DM6: 24h	DM6	N357Barcode_716-513
1	GH146-GFP	24h	532494	2823	D	12	29	12	D	adPN	0	D: 24h	D	N357Barcode_716-515
1	GH146-GFP	24h	668986	3059	DA1_fru+	15	50	15	DA1_fru+	lPN	10	DA1_fru+: 24h	DA1_fru+	N357Barcode_716-516
1	GH146-GFP	24h	953029	3541	MARS_19	19	-1	19	MARS_19	adPN	11	MARS_19: 24h	MARS_19	N357Barcode_716-517
1	GH146-GFP	24h	1310574	2900	VM7 or VM5v #1	3	13	3	VM7 or VM5v #1	adPN	1	VM7 or VM5v #1: 24h	VM7 or VM5v #1	N357Barcode_716-518
1	GH146-GFP	24h	1589039	2662	VM7 or VM5v #2	28	13	28	VM7 or VM5v #2	adPN	2	VM7 or VM5v #2: 24h	VM7 or VM5v #2	N357Barcode_716-520
1	GH146-GFP	24h	1633391	3135	D	12	30	12	D	adPN	0	D: 24h	D	N357Barcode_716-521
1	GH146-GFP	24h	1286150	2191	VM7 or VM5v #2	28	13	28	VM7 or VM5v #2	adPN	2	VM7 or VM5v #2: 24h	VM7 or VM5v #2	N357Barcode_716-522
1	GH146-GFP	24h	1589157	2681	DA1_fru-	23	57	23	DA1_fru-	lPN	7	DA1_fru-: 24h	DA1_fru-	N357Barcode_718-502
1	GH146-GFP	24h	1594715	3449	VA6	0	47	0	VA6	adPN	20	VA6: 24h	VA6	N357Barcode_718-503
1	GH146-GFP	24h	1006399	2831	MARS_25	25	27	25	MARS_25	lPN	14	MARS_25: 24h	MARS_25	N357Barcode_718-505
1	GH146-GFP	24h	981914	3642	nan	16	-1	16	VC2	lPN	26	nan: 24h	nan	N357Barcode_718-506
1	GH146-GFP	24h	908039	3783	VA2	4	41	4	VA2	adPN	17	VA2: 24h	VA2	N357Barcode_718-507
1	GH146-GFP	24h	1386662	3455	VA6	0	47	0	VA6	adPN	20	VA6: 24h	VA6	N357Barcode_718-508
1	GH146-GFP	24h	1136593	3301	VC2	16	21	16	VC2	lPN	27	VC2: 24h	VC2	N357Barcode_718-510
1	GH146-GFP	24h	972256	3120	DC2	18	28	18	DC2	adPN	22	DC2: 24h	DC2	N357Barcode_718-511
1	GH146-GFP	24h	1470295	2737	DM6	22	8	22	DM6	adPN	3	DM6: 24h	DM6	N357Barcode_718-513
1	GH146-GFP	24h	761865	2800	MARS_9	9	27	9	MARS_9	lPN	14	MARS_9: 24h	MARS_9	N357Barcode_718-517
1	GH146-GFP	24h	769432	2379	VM7 or VM5v #2	28	13	28	VM7 or VM5v #2	adPN	2	VM7 or VM5v #2: 24h	VM7 or VM5v #2	N357Barcode_718-518
1	GH146-GFP	24h	1443938	3224	DC3	20	10	20	DC3	adPN	5	DC3: 24h	DC3	N357Barcode_718-520
1	GH146-GFP	24h	1474745	2686	VM7 or VM5v #2	28	13	28	VM7 or VM5v #2	adPN	2	VM7 or VM5v #2: 24h	VM7 or VM5v #2	N357Barcode_718-521
1	GH146-GFP	24h	1394037	3188	vPN	21	5	21	nan	vPN	na	vPN: 24h	vPN	N357Barcode_719-502
1	GH146-GFP	24h	483824	2858	VA1v	6	6	6	VA1v	adPN	8	VA1v: 24h	VA1v	N357Barcode_719-503
1	GH146-GFP	24h	971133	2307	APL	14	14	14	nan	APL	na	APL: 24h	APL	N357Barcode_719-505
1	GH146-GFP	24h	851858	2675	VA1v	6	6	6	VA1v	adPN	8	VA1v: 24h	VA1v	N357Barcode_719-506
1	GH146-GFP	24h	1078328	3726	VC2	16	21	16	VC2	lPN	27	VC2: 24h	VC2	N357Barcode_719-507
1	GH146-GFP	24h	1536281	2848	VA1d	10	10	10	VA1d	adPN	6	VA1d: 24h	VA1d	N357Barcode_719-508
1	GH146-GFP	24h	1483024	3145	DL1	8	36	8	DL1	adPN	25	DL1: 24h	DL1	N357Barcode_719-511
1	GH146-GFP	24h	1484812	3026	VA1v	6	6	6	VA1v	adPN	8	VA1v: 24h	VA1v	N357Barcode_719-513
1	GH146-GFP	24h	999399	2835	DM6	22	8	22	DM6	adPN	3	DM6: 24h	DM6	N357Barcode_719-515
1	GH146-GFP	24h	983130	2973	DM6	22	8	22	DM6	adPN	3	DM6: 24h	DM6	N357Barcode_719-516
1	GH146-GFP	24h	1387092	3357	DA1_fru+	15	-1	15	DA1_fru+	lPN	10	DA1_fru+: 24h	DA1_fru+	N357Barcode_719-518
1	GH146-GFP	24h	1482444	2553	MARS_25	25	26	25	MARS_25	lPN	13	MARS_25: 24h	MARS_25	N357Barcode_719-521
1	GH146-GFP	24h	1134582	2954	DC3	20	10	20	DC3	adPN	5	DC3: 24h	DC3	N357Barcode_719-522
1	GH146-GFP	24h	1677372	3176	MARS_7	7	31	7	MARS_7	adPN	18	MARS_7: 24h	MARS_7	N357Barcode_720-502
1	GH146-GFP	24h	1611572	3674	VA6	0	47	0	VA6	adPN	19	VA6: 24h	VA6	N357Barcode_720-503
1	GH146-GFP	24h	1048779	2711	MARS_9	9	27	9	MARS_9	lPN	14	MARS_9: 24h	MARS_9	N357Barcode_720-505
1	GH146-GFP	24h	1062736	2689	DM6	22	8	22	DM6	adPN	3	DM6: 24h	DM6	N357Barcode_720-506
1	GH146-GFP	24h	1000888	3101	MARS_25	25	27	25	MARS_25	lPN	14	MARS_25: 24h	MARS_25	N357Barcode_720-507
1	GH146-GFP	24h	1469582	3227	DM6	22	8	22	DM6	adPN	3	DM6: 24h	DM6	N357Barcode_720-508
1	GH146-GFP	24h	1225329	3365	DA1_fru+	15	50	15	DA1_fru+	lPN	10	DA1_fru+: 24h	DA1_fru+	N357Barcode_720-510
1	GH146-GFP	24h	684129	2804	VM2	13	9	13	VM2	adPN	4	VM2: 24h	VM2	N357Barcode_720-511
1	GH146-GFP	24h	1505874	2735	MARS_5	4	23	4	VA2	adPN	21	MARS_5: 24h	MARS_5	N357Barcode_720-513
1	GH146-GFP	24h	921366	2583	MARS_9	9	27	9	MARS_9	lPN	14	MARS_9: 24h	MARS_9	N357Barcode_720-515
1	GH146-GFP	24h	815423	3120	DA1_fru+	15	50	15	DA1_fru+	lPN	10	DA1_fru+: 24h	DA1_fru+	N357Barcode_720-516
1	GH146-GFP	24h	849746	3578	DM2	11	17	11	DM2	lPN	23	DM2: 24h	DM2	N357Barcode_720-517
1	GH146-GFP	24h	1470556	3156	VA1v	6	6	6	VA1v	adPN	8	VA1v: 24h	VA1v	N357Barcode_720-518
1	GH146-GFP	24h	1561138	2851	VM2	13	9	13	VM2	adPN	4	VM2: 24h	VM2	N357Barcode_720-521
1	GH146-GFP	24h	1196748	2867	VA1d	10	10	10	VA1d	adPN	6	VA1d: 24h	VA1d	N357Barcode_720-522
1	GH146-GFP	24h	1238912	2958	MARS_9	9	27	9	MARS_9	lPN	14	MARS_9: 24h	MARS_9	N357Barcode_721-502
1	GH146-GFP	24h	663857	3098	DL1	8	36	8	DL1	adPN	25	DL1: 24h	DL1	N357Barcode_721-505
1	GH146-GFP	24h	992983	3666	DM2	11	17	11	DM2	lPN	23	DM2: 24h	DM2	N357Barcode_721-506
1	GH146-GFP	24h	1212307	2956	VM7 or VM5v #1	3	13	3	VM7 or VM5v #1	adPN	1	VM7 or VM5v #1: 24h	VM7 or VM5v #1	N357Barcode_721-507
1	GH146-GFP	24h	1586251	3803	VC2	16	21	16	VC2	lPN	28	VC2: 24h	VC2	N357Barcode_721-508
1	GH146-GFP	24h	1086553	2492	DM6	22	8	22	DM6	adPN	3	DM6: 24h	DM6	N357Barcode_721-510
1	GH146-GFP	24h	1749377	2876	MARS_25	25	27	25	MARS_25	lPN	14	MARS_25: 24h	MARS_25	N357Barcode_721-511
1	GH146-GFP	24h	1448379	2354	MARS_2	2	-1	2	MARS_2	lPN	15	MARS_2: 24h	MARS_2	N357Barcode_721-513
1	GH146-GFP	24h	1005908	2837	MARS_7	7	31	7	MARS_7	adPN	18	MARS_7: 24h	MARS_7	N357Barcode_721-515
1	GH146-GFP	24h	778693	3555	VC2	16	21	16	VC2	lPN	27	VC2: 24h	VC2	N357Barcode_721-516
1	GH146-GFP	24h	1009506	3885	DA3	0	-1	0	VA6	adPN	-1	DA3: 24h	DA3	N357Barcode_721-517
1	GH146-GFP	24h	1238920	3044	D	12	30	12	D	adPN	0	D: 24h	D	N357Barcode_721-518
1	GH146-GFP	24h	1424684	3629	VA6	0	47	0	VA6	adPN	19	VA6: 24h	VA6	N357Barcode_721-520
1	GH146-GFP	24h	1195745	2851	VA1v	6	6	6	VA1v	adPN	8	VA1v: 24h	VA1v	N357Barcode_721-521
1	GH146-GFP	24h	1292032	3449	VA1d	10	10	10	VA1d	adPN	6	VA1d: 24h	VA1d	N357Barcode_722-502
1	GH146-GFP	24h	1617015	3185	DA1_fru+	15	50	15	DA1_fru+	lPN	10	DA1_fru+: 24h	DA1_fru+	N357Barcode_722-503
1	GH146-GFP	24h	662115	3013	VM7 or VM5v #1	3	13	3	VM7 or VM5v #1	adPN	1	VM7 or VM5v #1: 24h	VM7 or VM5v #1	N357Barcode_722-505
1	GH146-GFP	24h	1411443	3085	DA1_fru-	23	57	23	DA1_fru-	lPN	7	DA1_fru-: 24h	DA1_fru-	N357Barcode_722-506
1	GH146-GFP	24h	1102327	3891	VM2	13	9	13	VM2	adPN	4	VM2: 24h	VM2	N357Barcode_722-507
1	GH146-GFP	24h	1218902	2944	VM7 or VM5v #1	3	13	3	VM7 or VM5v #1	adPN	1	VM7 or VM5v #1: 24h	VM7 or VM5v #1	N357Barcode_722-510
1	GH146-GFP	24h	1090393	2743	VM7 or VM5v #2	28	13	28	VM7 or VM5v #2	adPN	2	VM7 or VM5v #2: 24h	VM7 or VM5v #2	N357Barcode_722-511
1	GH146-GFP	24h	1503512	3196	MARS_9	9	27	9	MARS_9	lPN	14	MARS_9: 24h	MARS_9	N357Barcode_722-513
1	GH146-GFP	24h	888661	3412	DC3	20	10	20	DC3	adPN	5	DC3: 24h	DC3	N357Barcode_722-515
1	GH146-GFP	24h	947274	3279	MARS_9	9	27	9	MARS_9	lPN	14	MARS_9: 24h	MARS_9	N357Barcode_722-517
1	GH146-GFP	24h	1210233	2487	APL	14	14	14	nan	APL	na	APL: 24h	APL	N357Barcode_722-518
1	GH146-GFP	24h	1420462	2950	DA1_fru+	15	50	15	DA1_fru+	lPN	10	DA1_fru+: 24h	DA1_fru+	N357Barcode_722-521
1	GH146-GFP	24h	1068422	3313	DA1_fru+	15	50	15	DA1_fru+	lPN	10	DA1_fru+: 24h	DA1_fru+	N357Barcode_722-522
1	GH146-GFP	24h	1586814	2534	VM7 or VM5v #2	28	13	28	VM7 or VM5v #2	adPN	2	VM7 or VM5v #2: 24h	VM7 or VM5v #2	N357Barcode_723-502
1	GH146-GFP	24h	1475505	2963	VM2	13	9	13	VM2	adPN	4	VM2: 24h	VM2	N357Barcode_723-503
1	GH146-GFP	24h	662226	3042	DA1_fru+	15	50	15	DA1_fru+	lPN	10	DA1_fru+: 24h	DA1_fru+	N357Barcode_723-505
1	GH146-GFP	24h	802896	3312	VA5	26	19	26	VA5	lPN	12	VA5: 24h	VA5	N357Barcode_723-506
1	GH146-GFP	24h	1284173	2807	DM6	22	8	22	DM6	adPN	3	DM6: 24h	DM6	N357Barcode_723-510
1	GH146-GFP	24h	1445295	2984	VM7 or VM5v #1	3	13	3	VM7 or VM5v #1	adPN	1	VM7 or VM5v #1: 24h	VM7 or VM5v #1	N357Barcode_723-513
1	GH146-GFP	24h	989210	3162	DL1	8	36	8	DL1	adPN	25	DL1: 24h	DL1	N357Barcode_723-515
1	GH146-GFP	24h	835423	3048	DC2	18	28	18	DC2	adPN	22	DC2: 24h	DC2	N357Barcode_723-516
1	GH146-GFP	24h	1054153	2991	VA1v	6	6	6	VA1v	adPN	8	VA1v: 24h	VA1v	N357Barcode_723-517
1	GH146-GFP	24h	439481	3102	D	12	30	12	D	adPN	0	D: 24h	D	N357Barcode_723-518
1	GH146-GFP	24h	1415636	2933	DM6	22	8	22	DM6	adPN	3	DM6: 24h	DM6	N357Barcode_723-520
1	GH146-GFP	24h	909796	2767	VM2	13	9	13	VM2	adPN	4	VM2: 24h	VM2	N357Barcode_723-521
1	GH146-GFP	24h	1150370	2297	APL	14	14	14	nan	APL	na	APL: 24h	APL	N357Barcode_723-522
1	GH146-GFP	24h	1785275	2929	DM6	22	8	22	DM6	adPN	3	DM6: 24h	DM6	N357Barcode_724-502
1	GH146-GFP	24h	1860368	2697	MARS_9	9	27	9	MARS_9	lPN	14	MARS_9: 24h	MARS_9	N357Barcode_724-503
1	GH146-GFP	24h	870313	3540	VA6	0	47	0	VA6	adPN	19	VA6: 24h	VA6	N357Barcode_724-505
1	GH146-GFP	24h	1272698	2834	MARS_5	4	23	4	VA2	adPN	21	MARS_5: 24h	MARS_5	N357Barcode_724-506
1	GH146-GFP	24h	1660562	2800	VM7 or VM5v #1	3	13	3	VM7 or VM5v #1	adPN	1	VM7 or VM5v #1: 24h	VM7 or VM5v #1	N357Barcode_724-508
1	GH146-GFP	24h	1234418	2899	DA1_fru+	15	50	15	DA1_fru+	lPN	10	DA1_fru+: 24h	DA1_fru+	N357Barcode_724-510
1	GH146-GFP	24h	1222122	3115	VA1d	10	10	10	VA1d	adPN	6	VA1d: 24h	VA1d	N357Barcode_724-511
1	GH146-GFP	24h	1657361	2469	VM7 or VM5v #2	28	13	28	VM7 or VM5v #2	adPN	2	VM7 or VM5v #2: 24h	VM7 or VM5v #2	N357Barcode_724-513
1	GH146-GFP	24h	1027892	3449	DA4l	1	-1	1	DA4l	adPN	24	DA4l: 24h	DA4l	N357Barcode_724-515
1	GH146-GFP	24h	922793	2762	D	12	30	12	D	adPN	0	D: 24h	D	N357Barcode_724-516
1	GH146-GFP	24h	756003	2865	VM7 or VM5v #1	3	13	3	VM7 or VM5v #1	adPN	1	VM7 or VM5v #1: 24h	VM7 or VM5v #1	N357Barcode_724-517
1	GH146-GFP	24h	1222518	2688	DL3	24	-1	24	DL3	lPN	9	DL3: 24h	DL3	N357Barcode_724-518
1	GH146-GFP	24h	1304493	3411	VA6	0	47	0	VA6	adPN	19	VA6: 24h	VA6	N357Barcode_724-520
1	GH146-GFP	24h	783516	2544	DA1_fru+	15	50	15	DA1_fru+	lPN	10	DA1_fru+: 24h	DA1_fru+	N357Barcode_724-522
1	GH146-GFP	24h	1625011	2746	MARS_9	9	27	9	MARS_9	lPN	14	MARS_9: 24h	MARS_9	N357Barcode_726-502
1	GH146-GFP	24h	898162	2955	VA1v	6	6	6	VA1v	adPN	8	VA1v: 24h	VA1v	N357Barcode_726-505
1	GH146-GFP	24h	929901	2987	MARS_25	25	26	25	MARS_25	lPN	13	MARS_25: 24h	MARS_25	N357Barcode_726-506
1	GH146-GFP	24h	1339655	2668	MARS_27	27	48	27	MARS_27	lPN	16	MARS_27: 24h	MARS_27	N357Barcode_726-508
1	GH146-GFP	24h	1056498	2749	DA1_fru+	15	50	15	DA1_fru+	lPN	10	DA1_fru+: 24h	DA1_fru+	N357Barcode_726-510
1	GH146-GFP	24h	840919	2456	VA1v	6	6	6	VA1v	adPN	8	VA1v: 24h	VA1v	N357Barcode_726-511
1	GH146-GFP	24h	1575781	3226	DC3	20	10	20	DC3	adPN	5	DC3: 24h	DC3	N357Barcode_726-513
1	GH146-GFP	24h	942955	2730	DA1_fru+	15	50	15	DA1_fru+	lPN	10	DA1_fru+: 24h	DA1_fru+	N357Barcode_726-516
1	GH146-GFP	24h	1110297	3139	D	12	30	12	D	adPN	0	D: 24h	D	N357Barcode_726-517
1	GH146-GFP	24h	1499987	3068	VA1v	6	6	6	VA1v	adPN	8	VA1v: 24h	VA1v	N357Barcode_726-518
1	GH146-GFP	24h	1210386	2285	MARS_2	2	51	2	MARS_2	lPN	15	MARS_2: 24h	MARS_2	N357Barcode_726-520
1	GH146-GFP	24h	1815660	3137	DA1_fru+	15	50	15	DA1_fru+	lPN	10	DA1_fru+: 24h	DA1_fru+	N357Barcode_726-522
1	GH146-GFP	24h	1586342	3191	VA1d	10	10	10	VA1d	adPN	6	VA1d: 24h	VA1d	N357Barcode_727-502
1	GH146-GFP	24h	1816373	2689	MARS_2	2	-1	2	MARS_2	lPN	15	MARS_2: 24h	MARS_2	N357Barcode_727-503
1	GH146-GFP	24h	1326019	2776	DA1_fru+	15	50	15	DA1_fru+	lPN	10	DA1_fru+: 24h	DA1_fru+	N357Barcode_727-506
1	GH146-GFP	24h	1135006	2722	DA1_fru+	15	50	15	DA1_fru+	lPN	10	DA1_fru+: 24h	DA1_fru+	N357Barcode_727-507
1	GH146-GFP	24h	1536843	2662	VM7 or VM5v #2	28	13	28	VM7 or VM5v #2	adPN	2	VM7 or VM5v #2: 24h	VM7 or VM5v #2	N357Barcode_727-508
1	GH146-GFP	24h	1342073	3137	VA5	26	19	26	VA5	lPN	12	VA5: 24h	VA5	N357Barcode_727-510
1	GH146-GFP	24h	831300	2892	VM7 or VM5v #2	28	13	28	VM7 or VM5v #2	adPN	2	VM7 or VM5v #2: 24h	VM7 or VM5v #2	N357Barcode_727-513
1	GH146-GFP	24h	1010107	3244	DA1_fru+	15	-1	15	DA1_fru+	lPN	10	DA1_fru+: 24h	DA1_fru+	N357Barcode_727-515
1	GH146-GFP	24h	899444	2977	VA1v	6	6	6	VA1v	adPN	8	VA1v: 24h	VA1v	N357Barcode_727-516
1	GH146-GFP	24h	1118008	3129	VA1d	10	10	10	VA1d	adPN	6	VA1d: 24h	VA1d	N357Barcode_727-517
1	GH146-GFP	24h	1482127	3193	VA1v	6	6	6	VA1v	adPN	8	VA1v: 24h	VA1v	N357Barcode_727-518
1	GH146-GFP	24h	1431323	3047	D	12	30	12	D	adPN	0	D: 24h	D	N357Barcode_727-520
1	GH146-GFP	24h	1864299	2818	DM6	22	8	22	DM6	adPN	3	DM6: 24h	DM6	N357Barcode_727-521
1	GH146-GFP	24h	883841	3045	VA1v	6	6	6	VA1v	adPN	8	VA1v: 24h	VA1v	N357Barcode_728-505
1	GH146-GFP	24h	997846	3654	DM2	11	17	11	DM2	lPN	23	DM2: 24h	DM2	N357Barcode_728-507
1	GH146-GFP	24h	1545969	3160	MARS_7	7	31	7	MARS_7	adPN	18	MARS_7: 24h	MARS_7	N357Barcode_728-508
1	GH146-GFP	24h	1042161	3057	VA6	0	47	0	VA6	adPN	20	VA6: 24h	VA6	N357Barcode_728-511
1	GH146-GFP	24h	970076	2168	APL	14	14	14	nan	APL	na	APL: 24h	APL	N357Barcode_728-515
1	GH146-GFP	24h	799424	3204	DC2	18	28	18	DC2	adPN	22	DC2: 24h	DC2	N357Barcode_728-516
1	GH146-GFP	24h	636805	2694	VM7 or VM5v #2	28	13	28	VM7 or VM5v #2	adPN	2	VM7 or VM5v #2: 24h	VM7 or VM5v #2	N357Barcode_728-517
1	GH146-GFP	24h	1059785	3101	DC2	18	28	18	DC2	adPN	22	DC2: 24h	DC2	N357Barcode_728-520
1	GH146-GFP	24h	639812	2228	VM7 or VM5v #2	28	13	28	VM7 or VM5v #2	adPN	2	VM7 or VM5v #2: 24h	VM7 or VM5v #2	N357Barcode_728-521
1	GH146-GFP	24h	1259795	2885	DC2	18	28	18	DC2	adPN	22	DC2: 24h	DC2	N357Barcode_728-522
1	GH146-GFP	24h	1852450	3101	VM7 or VM5v #1	3	13	3	VM7 or VM5v #1	adPN	1	VM7 or VM5v #1: 24h	VM7 or VM5v #1	N357Barcode_729-502
1	GH146-GFP	24h	852837	2941	DL1	8	36	8	DL1	adPN	25	DL1: 24h	DL1	N357Barcode_729-503
1	GH146-GFP	24h	780013	2645	MARS_9	9	27	9	MARS_9	lPN	14	MARS_9: 24h	MARS_9	N357Barcode_729-505
1	GH146-GFP	24h	569151	3073	VA6	0	47	0	VA6	adPN	20	VA6: 24h	VA6	N357Barcode_729-507
1	GH146-GFP	24h	1636789	2991	DA1_fru+	15	50	15	DA1_fru+	lPN	10	DA1_fru+: 24h	DA1_fru+	N357Barcode_729-508
1	GH146-GFP	24h	1327324	2676	DA1_fru+	15	50	15	DA1_fru+	lPN	10	DA1_fru+: 24h	DA1_fru+	N357Barcode_729-510
1	GH146-GFP	24h	1136831	3391	VC2	16	21	16	VC2	lPN	28	VC2: 24h	VC2	N357Barcode_729-511
1	GH146-GFP	24h	1234062	3612	DA4l	1	-1	1	DA4l	adPN	24	DA4l: 24h	DA4l	N357Barcode_729-515
1	GH146-GFP	24h	952049	2509	DA1_fru+	15	50	15	DA1_fru+	lPN	10	DA1_fru+: 24h	DA1_fru+	N357Barcode_729-517
1	GH146-GFP	24h	1595123	2651	DL3	24	57	24	DL3	lPN	9	DL3: 24h	DL3	N357Barcode_729-518
1	GH146-GFP	24h	1261158	2958	VA1v	6	6	6	VA1v	adPN	8	VA1v: 24h	VA1v	N357Barcode_729-520
1	GH146-GFP	24h	1704524	2412	VM7 or VM5v #1	3	13	3	VM7 or VM5v #1	adPN	1	VM7 or VM5v #1: 24h	VM7 or VM5v #1	N357Barcode_729-521
2	GH146-GFP	48h	1898048	3495	DM6	22	8	22	DM6	adPN	na	DM6: 48h	DM6	PN_48h_GH146_P1_A100
2	GH146-GFP	48h	175484	1215	VA1v	8	7	6	VA1v	adPN	na	VA1v: 48h	VA1v	PN_48h_GH146_P1_A113
2	GH146-GFP	48h	818766	1700	nan	6	-1	15	DA1_fru+	lPN	na	nan: 48h	nan	PN_48h_GH146_P1_A114
2	GH146-GFP	48h	254096	917	APL	27	34	nan	nan	APL	na	APL: 48h	APL	PN_48h_GH146_P1_A11
2	GH146-GFP	48h	509999	1599	MARS_19	15	43	19	MARS_19	adPN	na	MARS_19: 48h	MARS_19	PN_48h_GH146_P1_A121
2	GH146-GFP	48h	1296596	2809	MARS_2	5	52	2	MARS_2	lPN	na	MARS_2: 48h	MARS_2	PN_48h_GH146_P1_A126
2	GH146-GFP	48h	1445502	1619	MARS_27	24	48	27	MARS_27	lPN	na	MARS_27: 48h	MARS_27	PN_48h_GH146_P1_A127
2	GH146-GFP	48h	2026109	1549	nan	14	1	nan	nan	APL	na	nan: 48h	nan	PN_48h_GH146_P1_A128
2	GH146-GFP	48h	1899082	4565	MARS_19	15	41	19	MARS_19	adPN	na	MARS_19: 48h	MARS_19	PN_48h_GH146_P1_A132
2	GH146-GFP	48h	439772	1356	D	7	-1	12	D	adPN	na	D: 48h	D	PN_48h_GH146_P1_A134
2	GH146-GFP	48h	168366	891	nan	16	-1	23	DA1_fru-	lPN	na	nan: 48h	nan	PN_48h_GH146_P1_A136
2	GH146-GFP	48h	1756945	2075	DC3	0	10	20	DC3	adPN	na	DC3: 48h	DC3	PN_48h_GH146_P1_A141
2	GH146-GFP	48h	2598815	3357	VC2	26	55	16	VC2	lPN	na	VC2: 48h	VC2	PN_48h_GH146_P1_A144
2	GH146-GFP	48h	2339378	3594	nan	9	40	nan	nan	APL	na	nan: 48h	nan	PN_48h_GH146_P1_A14
2	GH146-GFP	48h	919675	3642	nan	6	58	15	DA1_fru+	lPN	na	nan: 48h	nan	PN_48h_GH146_P1_A152
2	GH146-GFP	48h	217977	1117	nan	16	-1	23	DA1_fru-		na	nan: 48h	nan	PN_48h_GH146_P1_A155
2	GH146-GFP	48h	618638	1381	nan	9	40	nan	nan	APL	na	nan: 48h	nan	PN_48h_GH146_P1_A157
2	GH146-GFP	48h	118411	755	DL3	2	57	24	DL3	lPN	na	DL3: 48h	DL3	PN_48h_GH146_P1_A160
2	GH146-GFP	48h	605454	3461	VC2	26	-1	16	VC2		na	VC2: 48h	VC2	PN_48h_GH146_P1_A164
2	GH146-GFP	48h	664869	1596	nan	6	59	15	DA1_fru+	lPN	na	nan: 48h	nan	PN_48h_GH146_P1_A167
2	GH146-GFP	48h	1991582	3470	MARS_19	15	-1	19	MARS_19	adPN	na	MARS_19: 48h	MARS_19	PN_48h_GH146_P1_A170
2	GH146-GFP	48h	2667403	2840	VA1v	8	7	6	VA1v	adPN	na	VA1v: 48h	VA1v	PN_48h_GH146_P1_A174
2	GH146-GFP	48h	682739	682	nan	14	1	nan	nan	APL	na	nan: 48h	nan	PN_48h_GH146_P1_A179
2	GH146-GFP	48h	211430	998	MARS_25	4	-1	25	MARS_25		na	MARS_25: 48h	MARS_25	PN_48h_GH146_P1_A181
2	GH146-GFP	48h	565568	1730	VA6	23	46	0	VA6	adPN	na	VA6: 48h	VA6	PN_48h_GH146_P1_A184
2	GH146-GFP	48h	912891	2019	APL	27	34	nan	nan	APL	na	APL: 48h	APL	PN_48h_GH146_P1_A193
2	GH146-GFP	48h	1674503	2279	DL3	2	57	24	DL3	lPN	na	DL3: 48h	DL3	PN_48h_GH146_P1_A195
2	GH146-GFP	48h	2018598	1758	MARS_27	24	48	27	MARS_27	lPN	na	MARS_27: 48h	MARS_27	PN_48h_GH146_P1_A200
2	GH146-GFP	48h	2684255	3432	MARS_19	15	-1	19	MARS_19		na	MARS_19: 48h	MARS_19	PN_48h_GH146_P1_A202
2	GH146-GFP	48h	536753	937	MARS_25	4	-1	25	MARS_25		na	MARS_25: 48h	MARS_25	PN_48h_GH146_P1_A204
2	GH146-GFP	48h	548086	1142	nan	1	-1	nan	nan	lPN	na	nan: 48h	nan	PN_48h_GH146_P1_A205
2	GH146-GFP	48h	1011551	3088	D	7	29	12	D	adPN	na	D: 48h	D	PN_48h_GH146_P1_A214
2	GH146-GFP	48h	271404	583	nan	28	45	nan	nan		na	nan: 48h	nan	PN_48h_GH146_P1_A215
2	GH146-GFP	48h	759628	3222	VC2	26	55	16	VC2	lPN	na	VC2: 48h	VC2	PN_48h_GH146_P1_A219
2	GH146-GFP	48h	1114279	1395	nan	14	1	nan	nan	APL	na	nan: 48h	nan	PN_48h_GH146_P1_A226
2	GH146-GFP	48h	1004430	1238	MARS_25	4	54	25	MARS_25		na	MARS_25: 48h	MARS_25	PN_48h_GH146_P1_A236
2	GH146-GFP	48h	1733643	1730	nan	6	-1	15	DA1_fru+	lPN	na	nan: 48h	nan	PN_48h_GH146_P1_A237
2	GH146-GFP	48h	1336063	1965	D	7	29	12	D	adPN	na	D: 48h	D	PN_48h_GH146_P1_A247
2	GH146-GFP	48h	1919786	3569	MARS_19	15	-1	19	MARS_19		na	MARS_19: 48h	MARS_19	PN_48h_GH146_P1_A250
2	GH146-GFP	48h	613614	662	nan	12	3	nan	nan	vPN	na	nan: 48h	nan	PN_48h_GH146_P1_A252
2	GH146-GFP	48h	1753831	2095	DC3	0	10	20	DC3	adPN	na	DC3: 48h	DC3	PN_48h_GH146_P1_A259
2	GH146-GFP	48h	925609	754	nan	12	3	nan	nan	vPN	na	nan: 48h	nan	PN_48h_GH146_P1_A272
2	GH146-GFP	48h	1009587	1450	MARS_25	4	-1	25	MARS_25		na	MARS_25: 48h	MARS_25	PN_48h_GH146_P1_A274
2	GH146-GFP	48h	1302952	3109	DL1	25	36	8	DL1	adPN	na	DL1: 48h	DL1	PN_48h_GH146_P1_A275
2	GH146-GFP	48h	1994965	2222	DC3	0	10	20	DC3	adPN	na	DC3: 48h	DC3	PN_48h_GH146_P1_A276
2	GH146-GFP	48h	719948	1233	VA1d	17	10	10	VA1d	adPN	na	VA1d: 48h	VA1d	PN_48h_GH146_P1_A277
2	GH146-GFP	48h	844299	1466	MARS_19	15	-1	19	MARS_19		na	MARS_19: 48h	MARS_19	PN_48h_GH146_P1_A278
2	GH146-GFP	48h	2081295	1977	nan	6	-1	15	DA1_fru+	lPN	na	nan: 48h	nan	PN_48h_GH146_P1_A284
2	GH146-GFP	48h	968322	2749	nan	9	44	nan	nan		na	nan: 48h	nan	PN_48h_GH146_P1_A286
2	GH146-GFP	48h	975557	1772	MARS_19	15	-1	19	MARS_19		na	MARS_19: 48h	MARS_19	PN_48h_GH146_P1_A287
2	GH146-GFP	48h	1013350	3725	VM7 or VM5v #2	18	13	28	VM7 or VM5v #2	adPN	na	VM7 or VM5v #2: 48h	VM7 or VM5v #2	PN_48h_GH146_P1_A296
2	GH146-GFP	48h	2239903	2228	nan	6	59	15	DA1_fru+	lPN	na	nan: 48h	nan	PN_48h_GH146_P1_A298
2	GH146-GFP	48h	665392	921	APL	3	35	nan	nan	APL	na	APL: 48h	APL	PN_48h_GH146_P1_A303
2	GH146-GFP	48h	1487453	2703	nan	19	16	nan	nan		na	nan: 48h	nan	PN_48h_GH146_P1_A315
2	GH146-GFP	48h	1020546	3140	VA5	13	54	26	VA5	lPN	na	VA5: 48h	VA5	PN_48h_GH146_P1_A321
2	GH146-GFP	48h	1379725	3550	VA1d	17	10	10	VA1d	adPN	na	VA1d: 48h	VA1d	PN_48h_GH146_P1_A325
2	GH146-GFP	48h	1281675	1437	MARS_27	24	48	27	MARS_27	lPN	na	MARS_27: 48h	MARS_27	PN_48h_GH146_P1_A327
2	GH146-GFP	48h	2306308	2848	VA6	23	46	0	VA6	adPN	na	VA6: 48h	VA6	PN_48h_GH146_P1_A332
2	GH146-GFP	48h	1106616	1771	MARS_2	5	52	2	MARS_2	lPN	na	MARS_2: 48h	MARS_2	PN_48h_GH146_P1_A338
2	GH146-GFP	48h	811916	1382	DL3	2	57	24	DL3	lPN	na	DL3: 48h	DL3	PN_48h_GH146_P1_A339
2	GH146-GFP	48h	1408805	2142	D	7	-1	12	D	adPN	na	D: 48h	D	PN_48h_GH146_P1_A340
2	GH146-GFP	48h	1627357	3349	MARS_25	4	54	25	MARS_25	lPN	na	MARS_25: 48h	MARS_25	PN_48h_GH146_P1_A344
2	GH146-GFP	48h	948599	2145	VA6	23	46	0	VA6	adPN	na	VA6: 48h	VA6	PN_48h_GH146_P1_A360
2	GH146-GFP	48h	265493	764	MARS_2	5	52	2	MARS_2	lPN	na	MARS_2: 48h	MARS_2	PN_48h_GH146_P1_A366
2	GH146-GFP	48h	1164649	2116	MARS_2	5	52	2	MARS_2	lPN	na	MARS_2: 48h	MARS_2	PN_48h_GH146_P1_A369
2	GH146-GFP	48h	640023	1031	DM6	22	-1	22	DM6		na	DM6: 48h	DM6	PN_48h_GH146_P1_A371
2	GH146-GFP	48h	1446864	2333	APL	27	34	nan	nan	APL	na	APL: 48h	APL	PN_48h_GH146_P1_A377
2	GH146-GFP	48h	1124960	4252	nan	19	-1	nan	nan	vPN	na	nan: 48h	nan	PN_48h_GH146_P1_A37
2	GH146-GFP	48h	398908	1278	MARS_2	5	-1	2	MARS_2	lPN	na	MARS_2: 48h	MARS_2	PN_48h_GH146_P1_A3
2	GH146-GFP	48h	1326017	2375	nan	19	41	nan	nan	adPN	na	nan: 48h	nan	PN_48h_GH146_P1_A42
2	GH146-GFP	48h	1941483	2044	VA5	13	54	26	VA5	lPN	na	VA5: 48h	VA5	PN_48h_GH146_P1_A43
2	GH146-GFP	48h	1073438	2072	MARS_19	15	43	19	MARS_19	adPN	na	MARS_19: 48h	MARS_19	PN_48h_GH146_P1_A48
2	GH146-GFP	48h	1145404	2515	VA1v	8	7	6	VA1v	adPN	na	VA1v: 48h	VA1v	PN_48h_GH146_P1_A4
2	GH146-GFP	48h	2242271	2621	DM6	22	8	22	DM6	adPN	na	DM6: 48h	DM6	PN_48h_GH146_P1_A50
2	GH146-GFP	48h	1364665	1929	DC3	0	10	20	DC3	adPN	na	DC3: 48h	DC3	PN_48h_GH146_P1_A51
2	GH146-GFP	48h	1875064	2096	DL3	2	57	24	DL3	lPN	na	DL3: 48h	DL3	PN_48h_GH146_P1_A58
2	GH146-GFP	48h	1226706	1765	D	7	29	12	D	adPN	na	D: 48h	D	PN_48h_GH146_P1_A59
2	GH146-GFP	48h	1030124	2750	VA1v	8	7	6	VA1v	adPN	na	VA1v: 48h	VA1v	PN_48h_GH146_P1_A63
2	GH146-GFP	48h	213230	800	nan	1	-1	nan	nan	lPN	na	nan: 48h	nan	PN_48h_GH146_P1_A65
2	GH146-GFP	48h	2525417	2336	VA5	13	54	26	VA5	lPN	na	VA5: 48h	VA5	PN_48h_GH146_P1_A66
2	GH146-GFP	48h	1832426	2557	VM7 or VM5v #1	11	13	3	VM7 or VM5v #1	adPN	na	VM7 or VM5v #1: 48h	VM7 or VM5v #1	PN_48h_GH146_P1_A67
2	GH146-GFP	48h	1162574	1893	MARS_27	24	48	27	MARS_27	lPN	na	MARS_27: 48h	MARS_27	PN_48h_GH146_P1_A69
2	GH146-GFP	48h	1748262	2019	nan	11	13	3	VM7 or VM5v #1	adPN	na	nan: 48h	nan	PN_48h_GH146_P1_A81
2	GH146-GFP	48h	1471879	1912	MARS_27	24	48	27	MARS_27	lPN	na	MARS_27: 48h	MARS_27	PN_48h_GH146_P1_A93
2	GH146-GFP	48h	1282077	3338	nan	20	-1	nan	nan		na	nan: 48h	nan	PN_48h_GH146_P1_A96
2	GH146-GFP	48h	731900	640	nan	28	-1	nan	nan		na	nan: 48h	nan	PN_48h_GH146_P2_A106
2	GH146-GFP	48h	1306158	2730	nan	9	40	nan	nan	APL	na	nan: 48h	nan	PN_48h_GH146_P2_A107
2	GH146-GFP	48h	1297850	2084	nan	9	40	nan	nan	APL	na	nan: 48h	nan	PN_48h_GH146_P2_A108
2	GH146-GFP	48h	1320566	3555	VA1d	17	10	10	VA1d	adPN	na	VA1d: 48h	VA1d	PN_48h_GH146_P2_A110
2	GH146-GFP	48h	1272488	1753	MARS_19	15	-1	19	MARS_19		na	MARS_19: 48h	MARS_19	PN_48h_GH146_P2_A115
2	GH146-GFP	48h	1594570	1470	VC2	26	53	16	VC2	lPN	na	VC2: 48h	VC2	PN_48h_GH146_P2_A118
2	GH146-GFP	48h	1281666	4407	VA1v	8	7	6	VA1v	adPN	na	VA1v: 48h	VA1v	PN_48h_GH146_P2_A11
2	GH146-GFP	48h	998472	2575	VA1v	8	7	6	VA1v	adPN	na	VA1v: 48h	VA1v	PN_48h_GH146_P2_A124
2	GH146-GFP	48h	1394895	2023	MARS_19	15	43	19	MARS_19	adPN	na	MARS_19: 48h	MARS_19	PN_48h_GH146_P2_A128
2	GH146-GFP	48h	1540515	2598	MARS_25	4	54	25	MARS_25		na	MARS_25: 48h	MARS_25	PN_48h_GH146_P2_A130
2	GH146-GFP	48h	1307240	1562	VC2	26	53	16	VC2	lPN	na	VC2: 48h	VC2	PN_48h_GH146_P2_A136
2	GH146-GFP	48h	1362819	2144	MARS_27	24	48	27	MARS_27	lPN	na	MARS_27: 48h	MARS_27	PN_48h_GH146_P2_A140
2	GH146-GFP	48h	273016	1214	APL	27	34	nan	nan	APL	na	APL: 48h	APL	PN_48h_GH146_P2_A141
2	GH146-GFP	48h	1097821	2170	DC3	0	10	20	DC3	adPN	na	DC3: 48h	DC3	PN_48h_GH146_P2_A143
2	GH146-GFP	48h	1584552	2385	DL3	2	57	24	DL3	lPN	na	DL3: 48h	DL3	PN_48h_GH146_P2_A146
2	GH146-GFP	48h	863948	2369	MARS_5	21	23	nan	nan	adPN	na	MARS_5: 48h	MARS_5	PN_48h_GH146_P2_A148
2	GH146-GFP	48h	1069015	1491	nan	14	1	nan	nan	APL	na	nan: 48h	nan	PN_48h_GH146_P2_A153
2	GH146-GFP	48h	1785956	2262	APL	27	34	nan	nan	APL	na	APL: 48h	APL	PN_48h_GH146_P2_A164
2	GH146-GFP	48h	1026222	3366	VA1d	17	10	10	VA1d	adPN	na	VA1d: 48h	VA1d	PN_48h_GH146_P2_A171
2	GH146-GFP	48h	1031378	2367	MARS_2	5	52	2	MARS_2	lPN	na	MARS_2: 48h	MARS_2	PN_48h_GH146_P2_A173
2	GH146-GFP	48h	862918	907	nan	14	1	nan	nan	APL	na	nan: 48h	nan	PN_48h_GH146_P2_A175
2	GH146-GFP	48h	1424883	3122	DC3	0	10	20	DC3	adPN	na	DC3: 48h	DC3	PN_48h_GH146_P2_A178
2	GH146-GFP	48h	560165	4816	nan	21	-1	nan	nan		na	nan: 48h	nan	PN_48h_GH146_P2_A189
2	GH146-GFP	48h	1431164	3118	VA1v	8	7	6	VA1v	adPN	na	VA1v: 48h	VA1v	PN_48h_GH146_P2_A191
2	GH146-GFP	48h	1400643	4870	MARS_19	15	-1	19	MARS_19	adPN	na	MARS_19: 48h	MARS_19	PN_48h_GH146_P2_A194
2	GH146-GFP	48h	422822	3461	nan	9	44	nan	nan		na	nan: 48h	nan	PN_48h_GH146_P2_A200
2	GH146-GFP	48h	1201339	2061	VM7 or VM5v #2	18	13	28	VM7 or VM5v #2	adPN	na	VM7 or VM5v #2: 48h	VM7 or VM5v #2	PN_48h_GH146_P2_A213
2	GH146-GFP	48h	898649	3507	D	7	29	12	D	adPN	na	D: 48h	D	PN_48h_GH146_P2_A216
2	GH146-GFP	48h	1303501	2625	MARS_2	5	52	2	MARS_2	lPN	na	MARS_2: 48h	MARS_2	PN_48h_GH146_P2_A221
2	GH146-GFP	48h	710903	2529	DA1_fru+	6	59	15	DA1_fru+	lPN	na	DA1_fru+: 48h	DA1_fru+	PN_48h_GH146_P2_A222
2	GH146-GFP	48h	644259	797	nan	1	-1	nan	nan		na	nan: 48h	nan	PN_48h_GH146_P2_A224
2	GH146-GFP	48h	407061	1126	VM7 or VM5v #2	18	13	28	VM7 or VM5v #2	adPN	na	VM7 or VM5v #2: 48h	VM7 or VM5v #2	PN_48h_GH146_P2_A225
2	GH146-GFP	48h	908283	1192	APL	3	35	nan	nan	APL	na	APL: 48h	APL	PN_48h_GH146_P2_A227
2	GH146-GFP	48h	1353289	3815	nan	19	42	nan	nan	adPN	na	nan: 48h	nan	PN_48h_GH146_P2_A228
2	GH146-GFP	48h	1378734	3661	VC2	26	55	16	VC2	lPN	na	VC2: 48h	VC2	PN_48h_GH146_P2_A22
2	GH146-GFP	48h	1348916	4616	VA1d	17	10	10	VA1d	adPN	na	VA1d: 48h	VA1d	PN_48h_GH146_P2_A230
2	GH146-GFP	48h	1114516	4336	DC3	0	10	20	DC3	adPN	na	DC3: 48h	DC3	PN_48h_GH146_P2_A232
2	GH146-GFP	48h	1389370	2186	MARS_19	15	16	19	MARS_19	adPN	na	MARS_19: 48h	MARS_19	PN_48h_GH146_P2_A234
2	GH146-GFP	48h	1051584	1892	D	7	29	12	D	adPN	na	D: 48h	D	PN_48h_GH146_P2_A235
2	GH146-GFP	48h	884487	3356	nan	9	40	nan	nan	APL	na	nan: 48h	nan	PN_48h_GH146_P2_A236
2	GH146-GFP	48h	1044986	3291	nan	9	40	nan	nan	APL	na	nan: 48h	nan	PN_48h_GH146_P2_A238
2	GH146-GFP	48h	1144240	3277	vPN	20	4	nan	nan	vPN	na	vPN: 48h	vPN	PN_48h_GH146_P2_A245
2	GH146-GFP	48h	439396	2155	MARS_2	5	52	2	MARS_2	lPN	na	MARS_2: 48h	MARS_2	PN_48h_GH146_P2_A24
2	GH146-GFP	48h	1120232	2561	MARS_5	21	23	nan	nan	adPN	na	MARS_5: 48h	MARS_5	PN_48h_GH146_P2_A252
2	GH146-GFP	48h	1295337	2640	VM7 or VM5v #2	18	13	28	VM7 or VM5v #2	adPN	na	VM7 or VM5v #2: 48h	VM7 or VM5v #2	PN_48h_GH146_P2_A254
2	GH146-GFP	48h	609826	2272	vPN	20	2	nan	nan	vPN	na	vPN: 48h	vPN	PN_48h_GH146_P2_A258
2	GH146-GFP	48h	1365107	2977	D	7	29	12	D	adPN	na	D: 48h	D	PN_48h_GH146_P2_A263
2	GH146-GFP	48h	2091403	4127	MARS_19	15	-1	19	MARS_19	adPN	na	MARS_19: 48h	MARS_19	PN_48h_GH146_P2_A266
2	GH146-GFP	48h	247310	599	nan	1	44	nan	nan		na	nan: 48h	nan	PN_48h_GH146_P2_A270
2	GH146-GFP	48h	2191358	2530	VM2	29	12	13	VM2	adPN	na	VM2: 48h	VM2	PN_48h_GH146_P2_A273
2	GH146-GFP	48h	1709678	2353	nan	16	57	23	DA1_fru-	lPN	na	nan: 48h	nan	PN_48h_GH146_P2_A274
2	GH146-GFP	48h	1604597	3344	nan	19	39	nan	nan		na	nan: 48h	nan	PN_48h_GH146_P2_A277
2	GH146-GFP	48h	1634728	2753	MARS_19	15	-1	19	MARS_19		na	MARS_19: 48h	MARS_19	PN_48h_GH146_P2_A280
2	GH146-GFP	48h	1102850	700	nan	28	-1	nan	nan		na	nan: 48h	nan	PN_48h_GH146_P2_A281
2	GH146-GFP	48h	2104802	2833	DA1_fru-	16	57	23	DA1_fru-	lPN	na	DA1_fru-: 48h	DA1_fru-	PN_48h_GH146_P2_A282
2	GH146-GFP	48h	900953	2122	APL	27	34	nan	nan	APL	na	APL: 48h	APL	PN_48h_GH146_P2_A284
2	GH146-GFP	48h	203975	660	nan	12	3	nan	nan	vPN	na	nan: 48h	nan	PN_48h_GH146_P2_A290
2	GH146-GFP	48h	1086548	1624	vPN	10	11	nan	nan	vPN	na	vPN: 48h	vPN	PN_48h_GH146_P2_A293
2	GH146-GFP	48h	1439349	2498	DL3	2	57	24	DL3	lPN	na	DL3: 48h	DL3	PN_48h_GH146_P2_A301
2	GH146-GFP	48h	599097	1178	nan	12	-1	nan	nan	lPN	na	nan: 48h	nan	PN_48h_GH146_P2_A305
2	GH146-GFP	48h	1695395	1868	APL	27	34	nan	nan	APL	na	APL: 48h	APL	PN_48h_GH146_P2_A306
2	GH146-GFP	48h	759959	686	nan	16	-1	23	DA1_fru-	lPN	na	nan: 48h	nan	PN_48h_GH146_P2_A308
2	GH146-GFP	48h	695037	1020	nan	6	59	15	DA1_fru+	lPN	na	nan: 48h	nan	PN_48h_GH146_P2_A309
2	GH146-GFP	48h	882097	2461	vPN	10	11	nan	nan	vPN	na	vPN: 48h	vPN	PN_48h_GH146_P2_A319
2	GH146-GFP	48h	1879142	3201	DC3	0	10	20	DC3	adPN	na	DC3: 48h	DC3	PN_48h_GH146_P2_A320
2	GH146-GFP	48h	1200935	2835	VM2	29	12	13	VM2	adPN	na	VM2: 48h	VM2	PN_48h_GH146_P2_A322
2	GH146-GFP	48h	2314491	3875	MARS_19	15	-1	19	MARS_19		na	MARS_19: 48h	MARS_19	PN_48h_GH146_P2_A323
2	GH146-GFP	48h	1691132	2624	VM7 or VM5v #2	18	13	28	VM7 or VM5v #2	adPN	na	VM7 or VM5v #2: 48h	VM7 or VM5v #2	PN_48h_GH146_P2_A326
2	GH146-GFP	48h	2222445	3286	VA1v	8	7	6	VA1v	adPN	na	VA1v: 48h	VA1v	PN_48h_GH146_P2_A332
2	GH146-GFP	48h	286628	1258	DM6	22	8	22	DM6		na	DM6: 48h	DM6	PN_48h_GH146_P2_A338
2	GH146-GFP	48h	1986368	2953	DA1_fru+	6	-1	15	DA1_fru+	lPN	na	DA1_fru+: 48h	DA1_fru+	PN_48h_GH146_P2_A340
2	GH146-GFP	48h	1420338	4484	MARS_19	15	-1	19	MARS_19		na	MARS_19: 48h	MARS_19	PN_48h_GH146_P2_A341
2	GH146-GFP	48h	2040496	3903	nan	19	42	nan	nan	adPN	na	nan: 48h	nan	PN_48h_GH146_P2_A346
2	GH146-GFP	48h	1039670	3575	MARS_19	15	-1	19	MARS_19	adPN	na	MARS_19: 48h	MARS_19	PN_48h_GH146_P2_A348
2	GH146-GFP	48h	957697	782	nan	1	-1	nan	nan		na	nan: 48h	nan	PN_48h_GH146_P2_A349
2	GH146-GFP	48h	1383520	1966	MARS_25	4	-1	25	MARS_25	lPN	na	MARS_25: 48h	MARS_25	PN_48h_GH146_P2_A350
2	GH146-GFP	48h	1338924	2157	MARS_2	5	52	2	MARS_2	lPN	na	MARS_2: 48h	MARS_2	PN_48h_GH146_P2_A351
2	GH146-GFP	48h	677432	2292	VM2	29	12	13	VM2	adPN	na	VM2: 48h	VM2	PN_48h_GH146_P2_A353
2	GH146-GFP	48h	1871057	3319	DL1	25	36	8	DL1	adPN	na	DL1: 48h	DL1	PN_48h_GH146_P2_A357
2	GH146-GFP	48h	1205958	3962	DA1_fru+	6	59	15	DA1_fru+	lPN	na	DA1_fru+: 48h	DA1_fru+	PN_48h_GH146_P2_A359
2	GH146-GFP	48h	390568	1270	DC3	0	10	20	DC3	adPN	na	DC3: 48h	DC3	PN_48h_GH146_P2_A368
2	GH146-GFP	48h	927071	1790	DL3	2	57	24	DL3	lPN	na	DL3: 48h	DL3	PN_48h_GH146_P2_A369
2	GH146-GFP	48h	931424	2369	nan	16	-1	23	DA1_fru-	lPN	na	nan: 48h	nan	PN_48h_GH146_P2_A36
2	GH146-GFP	48h	934907	1460	VM7 or VM5v #2	18	13	28	VM7 or VM5v #2		na	VM7 or VM5v #2: 48h	VM7 or VM5v #2	PN_48h_GH146_P2_A371
2	GH146-GFP	48h	1868695	2463	VA5	13	54	26	VA5	lPN	na	VA5: 48h	VA5	PN_48h_GH146_P2_A377
2	GH146-GFP	48h	1388413	1643	APL	3	35	nan	nan	APL	na	APL: 48h	APL	PN_48h_GH146_P2_A379
2	GH146-GFP	48h	2218914	3058	nan	19	42	nan	nan	vPN	na	nan: 48h	nan	PN_48h_GH146_P2_A44
2	GH146-GFP	48h	2841023	2981	nan	9	40	nan	nan	APL	na	nan: 48h	nan	PN_48h_GH146_P2_A48
2	GH146-GFP	48h	278729	2614	DL3	2	57	24	DL3	lPN	na	DL3: 48h	DL3	PN_48h_GH146_P2_A49
2	GH146-GFP	48h	1002383	1115	VA6	23	-1	0	VA6	adPN	na	VA6: 48h	VA6	PN_48h_GH146_P2_A51
2	GH146-GFP	48h	532090	2015	D	7	29	12	D	adPN	na	D: 48h	D	PN_48h_GH146_P2_A52
2	GH146-GFP	48h	1201328	3011	DC3	0	10	20	DC3	adPN	na	DC3: 48h	DC3	PN_48h_GH146_P2_A53
2	GH146-GFP	48h	1310527	1406	nan	28	-1	nan	nan	adPN	na	nan: 48h	nan	PN_48h_GH146_P2_A54
2	GH146-GFP	48h	974735	1910	nan	14	1	nan	nan	APL	na	nan: 48h	nan	PN_48h_GH146_P2_A55
2	GH146-GFP	48h	492354	3687	MARS_19	15	43	19	MARS_19	adPN	na	MARS_19: 48h	MARS_19	PN_48h_GH146_P2_A56
2	GH146-GFP	48h	811439	3895	VA1v	8	7	6	VA1v	adPN	na	VA1v: 48h	VA1v	PN_48h_GH146_P2_A57
2	GH146-GFP	48h	992521	3188	vPN	10	11	nan	nan	vPN	na	vPN: 48h	vPN	PN_48h_GH146_P2_A60
2	GH146-GFP	48h	591603	2572	nan	19	-1	nan	nan		na	nan: 48h	nan	PN_48h_GH146_P2_A63
2	GH146-GFP	48h	1180748	3727	nan	9	40	nan	nan	APL	na	nan: 48h	nan	PN_48h_GH146_P2_A6
2	GH146-GFP	48h	998766	3939	MARS_2	5	52	2	MARS_2	lPN	na	MARS_2: 48h	MARS_2	PN_48h_GH146_P2_A79
2	GH146-GFP	48h	1190874	4398	MARS_19	15	-1	19	MARS_19		na	MARS_19: 48h	MARS_19	PN_48h_GH146_P2_A82
2	GH146-GFP	48h	1698736	2184	DC3	0	10	20	DC3	adPN	na	DC3: 48h	DC3	PN_48h_GH146_P2_A90
2	GH146-GFP	48h	1129696	1864	VM2	29	12	13	VM2		na	VM2: 48h	VM2	PN_48h_GH146_P2_A92
2	GH146-GFP	48h	1033243	1971	MARS_2	5	52	2	MARS_2	lPN	na	MARS_2: 48h	MARS_2	PN_48h_GH146_P3_A102
2	GH146-GFP	48h	1665980	1788	VA1v	1	7	nan	nan	adPN	na	VA1v: 48h	VA1v	PN_48h_GH146_P3_A107
2	GH146-GFP	48h	923522	870	nan	6	-1	15	DA1_fru+		na	nan: 48h	nan	PN_48h_GH146_P3_A111
2	GH146-GFP	48h	1230135	1995	DC3	0	10	20	DC3	adPN	na	DC3: 48h	DC3	PN_48h_GH146_P3_A117
2	GH146-GFP	48h	749975	1918	MARS_2	5	52	2	MARS_2	lPN	na	MARS_2: 48h	MARS_2	PN_48h_GH146_P3_A119
2	GH146-GFP	48h	1503367	3366	MARS_19	15	-1	19	MARS_19	adPN	na	MARS_19: 48h	MARS_19	PN_48h_GH146_P3_A120
2	GH146-GFP	48h	1465373	2324	MARS_25	4	54	25	MARS_25	lPN	na	MARS_25: 48h	MARS_25	PN_48h_GH146_P3_A123
2	GH146-GFP	48h	655871	691	nan	28	-1	nan	nan	vPN	na	nan: 48h	nan	PN_48h_GH146_P3_A128
2	GH146-GFP	48h	1217509	1435	vPN	20	5	nan	nan	vPN	na	vPN: 48h	vPN	PN_48h_GH146_P3_A12
2	GH146-GFP	48h	1342958	1222	MARS_2	5	-1	2	MARS_2	lPN	na	MARS_2: 48h	MARS_2	PN_48h_GH146_P3_A130
2	GH146-GFP	48h	737168	3743	nan	20	-1	nan	nan		na	nan: 48h	nan	PN_48h_GH146_P3_A131
2	GH146-GFP	48h	1737949	1361	MARS_25	4	-1	25	MARS_25		na	MARS_25: 48h	MARS_25	PN_48h_GH146_P3_A134
2	GH146-GFP	48h	1338011	1679	DM6	22	8	22	DM6	adPN	na	DM6: 48h	DM6	PN_48h_GH146_P3_A136
2	GH146-GFP	48h	1461981	2686	D	7	29	12	D	adPN	na	D: 48h	D	PN_48h_GH146_P3_A139
2	GH146-GFP	48h	1784004	2095	DC3	0	10	20	DC3	adPN	na	DC3: 48h	DC3	PN_48h_GH146_P3_A140
2	GH146-GFP	48h	435735	815	nan	1	-1	nan	nan	adPN	na	nan: 48h	nan	PN_48h_GH146_P3_A153
2	GH146-GFP	48h	1139394	3229	VC2	26	53	16	VC2	lPN	na	VC2: 48h	VC2	PN_48h_GH146_P3_A154
2	GH146-GFP	48h	1558309	1740	MARS_2	5	-1	2	MARS_2	lPN	na	MARS_2: 48h	MARS_2	PN_48h_GH146_P3_A158
2	GH146-GFP	48h	1228624	2576	vPN	20	4	nan	nan	vPN	na	vPN: 48h	vPN	PN_48h_GH146_P3_A160
2	GH146-GFP	48h	991161	2695	MARS_25	4	54	25	MARS_25	lPN	na	MARS_25: 48h	MARS_25	PN_48h_GH146_P3_A161
2	GH146-GFP	48h	2048359	2051	MARS_2	5	-1	2	MARS_2	lPN	na	MARS_2: 48h	MARS_2	PN_48h_GH146_P3_A164
2	GH146-GFP	48h	1367386	2761	VA6	23	46	0	VA6	adPN	na	VA6: 48h	VA6	PN_48h_GH146_P3_A168
2	GH146-GFP	48h	1333605	3136	MARS_19	15	16	19	MARS_19	adPN	na	MARS_19: 48h	MARS_19	PN_48h_GH146_P3_A16
2	GH146-GFP	48h	1423314	3601	MARS_19	15	-1	19	MARS_19		na	MARS_19: 48h	MARS_19	PN_48h_GH146_P3_A173
2	GH146-GFP	48h	862499	1703	VC2	26	55	16	VC2	lPN	na	VC2: 48h	VC2	PN_48h_GH146_P3_A177
2	GH146-GFP	48h	642184	3494	MARS_27	24	48	27	MARS_27	lPN	na	MARS_27: 48h	MARS_27	PN_48h_GH146_P3_A17
2	GH146-GFP	48h	1462686	2579	nan	11	13	3	VM7 or VM5v #1	adPN	na	nan: 48h	nan	PN_48h_GH146_P3_A183
2	GH146-GFP	48h	786987	2810	VC2	26	55	16	VC2	lPN	na	VC2: 48h	VC2	PN_48h_GH146_P3_A184
2	GH146-GFP	48h	1122213	1690	nan	14	1	nan	nan	APL	na	nan: 48h	nan	PN_48h_GH146_P3_A185
2	GH146-GFP	48h	1095225	2170	MARS_19	15	-1	19	MARS_19		na	MARS_19: 48h	MARS_19	PN_48h_GH146_P3_A186
2	GH146-GFP	48h	300620	3223	DL1	25	36	8	DL1	adPN	na	DL1: 48h	DL1	PN_48h_GH146_P3_A193
2	GH146-GFP	48h	556346	3375	VC2	26	55	16	VC2	lPN	na	VC2: 48h	VC2	PN_48h_GH146_P3_A196
2	GH146-GFP	48h	808237	1606	MARS_27	24	48	27	MARS_27	lPN	na	MARS_27: 48h	MARS_27	PN_48h_GH146_P3_A197
2	GH146-GFP	48h	1270435	2019	DL1	25	36	8	DL1	adPN	na	DL1: 48h	DL1	PN_48h_GH146_P3_A208
2	GH146-GFP	48h	684114	569	nan	12	3	nan	nan	vPN	na	nan: 48h	nan	PN_48h_GH146_P3_A210
2	GH146-GFP	48h	1106893	2426	DL3	2	57	24	DL3	lPN	na	DL3: 48h	DL3	PN_48h_GH146_P3_A216
2	GH146-GFP	48h	1284766	3166	vPN	20	2	nan	nan	vPN	na	vPN: 48h	vPN	PN_48h_GH146_P3_A218
2	GH146-GFP	48h	624337	4046	MARS_19	15	16	19	MARS_19	adPN	na	MARS_19: 48h	MARS_19	PN_48h_GH146_P3_A221
2	GH146-GFP	48h	961504	2158	MARS_2	5	52	2	MARS_2	lPN	na	MARS_2: 48h	MARS_2	PN_48h_GH146_P3_A225
2	GH146-GFP	48h	973518	1928	DL3	2	-1	24	DL3	lPN	na	DL3: 48h	DL3	PN_48h_GH146_P3_A227
2	GH146-GFP	48h	1020302	2304	MARS_25	4	-1	25	MARS_25	lPN	na	MARS_25: 48h	MARS_25	PN_48h_GH146_P3_A228
2	GH146-GFP	48h	388989	1238	APL	27	34	nan	nan	APL	na	APL: 48h	APL	PN_48h_GH146_P3_A229
2	GH146-GFP	48h	1136411	1342	VM7 or VM5v #2	18	13	28	VM7 or VM5v #2	adPN	na	VM7 or VM5v #2: 48h	VM7 or VM5v #2	PN_48h_GH146_P3_A231
2	GH146-GFP	48h	191089	2188	nan	19	-1	nan	nan		na	nan: 48h	nan	PN_48h_GH146_P3_A233
2	GH146-GFP	48h	1308309	1501	nan	1	57	nan	nan	lPN	na	nan: 48h	nan	PN_48h_GH146_P3_A238
2	GH146-GFP	48h	704860	3093	MARS_2	5	52	2	MARS_2	lPN	na	MARS_2: 48h	MARS_2	PN_48h_GH146_P3_A242
2	GH146-GFP	48h	1384008	2356	vPN	10	11	nan	nan	vPN	na	vPN: 48h	vPN	PN_48h_GH146_P3_A247
2	GH146-GFP	48h	1311595	3372	nan	21	-1	nan	nan		na	nan: 48h	nan	PN_48h_GH146_P3_A248
2	GH146-GFP	48h	1263637	2080	MARS_19	15	-1	19	MARS_19		na	MARS_19: 48h	MARS_19	PN_48h_GH146_P3_A249
2	GH146-GFP	48h	396825	1196	DM6	28	8	nan	nan		na	DM6: 48h	DM6	PN_48h_GH146_P3_A251
2	GH146-GFP	48h	1317565	1502	MARS_25	4	-1	25	MARS_25		na	MARS_25: 48h	MARS_25	PN_48h_GH146_P3_A252
2	GH146-GFP	48h	887873	1855	VA6	23	46	0	VA6	adPN	na	VA6: 48h	VA6	PN_48h_GH146_P3_A253
2	GH146-GFP	48h	1216912	1116	MARS_19	15	12	19	MARS_19		na	MARS_19: 48h	MARS_19	PN_48h_GH146_P3_A256
2	GH146-GFP	48h	1265946	1817	VA1d	17	10	10	VA1d	adPN	na	VA1d: 48h	VA1d	PN_48h_GH146_P3_A258
2	GH146-GFP	48h	1297647	2460	DL3	2	57	24	DL3	lPN	na	DL3: 48h	DL3	PN_48h_GH146_P3_A260
2	GH146-GFP	48h	641035	3527	VA5	13	54	26	VA5	lPN	na	VA5: 48h	VA5	PN_48h_GH146_P3_A265
2	GH146-GFP	48h	1117168	3893	VA6	23	-1	0	VA6	adPN	na	VA6: 48h	VA6	PN_48h_GH146_P3_A268
2	GH146-GFP	48h	276042	518	nan	28	-1	nan	nan	lPN	na	nan: 48h	nan	PN_48h_GH146_P3_A271
2	GH146-GFP	48h	1293898	1089	DL3	2	-1	24	DL3	lPN	na	DL3: 48h	DL3	PN_48h_GH146_P3_A276
2	GH146-GFP	48h	439678	801	nan	0	10	20	DC3	adPN	na	nan: 48h	nan	PN_48h_GH146_P3_A280
2	GH146-GFP	48h	1078414	4058	VA6	23	-1	0	VA6		na	VA6: 48h	VA6	PN_48h_GH146_P3_A284
2	GH146-GFP	48h	1520315	2139	D	7	-1	12	D	adPN	na	D: 48h	D	PN_48h_GH146_P3_A285
2	GH146-GFP	48h	1167142	2526	VM7 or VM5v #2	18	13	28	VM7 or VM5v #2	adPN	na	VM7 or VM5v #2: 48h	VM7 or VM5v #2	PN_48h_GH146_P3_A290
2	GH146-GFP	48h	1060342	2370	VA1v	8	7	6	VA1v	adPN	na	VA1v: 48h	VA1v	PN_48h_GH146_P3_A292
2	GH146-GFP	48h	1406572	2735	VA5	13	54	26	VA5	lPN	na	VA5: 48h	VA5	PN_48h_GH146_P3_A295
2	GH146-GFP	48h	754987	1800	DA1_fru+	6	59	15	DA1_fru+	lPN	na	DA1_fru+: 48h	DA1_fru+	PN_48h_GH146_P3_A299
2	GH146-GFP	48h	1604980	3402	nan	21	-1	nan	nan		na	nan: 48h	nan	PN_48h_GH146_P3_A300
2	GH146-GFP	48h	1314907	1500	nan	11	13	3	VM7 or VM5v #1	adPN	na	nan: 48h	nan	PN_48h_GH146_P3_A301
2	GH146-GFP	48h	1526768	1388	MARS_2	5	-1	2	MARS_2	lPN	na	MARS_2: 48h	MARS_2	PN_48h_GH146_P3_A304
2	GH146-GFP	48h	1284421	2685	nan	6	-1	15	DA1_fru+		na	nan: 48h	nan	PN_48h_GH146_P3_A307
2	GH146-GFP	48h	720268	2320	MARS_27	24	48	27	MARS_27	lPN	na	MARS_27: 48h	MARS_27	PN_48h_GH146_P3_A30
2	GH146-GFP	48h	969461	3686	VC2	26	55	16	VC2	lPN	na	VC2: 48h	VC2	PN_48h_GH146_P3_A311
2	GH146-GFP	48h	908299	2791	VM2	29	12	13	VM2	adPN	na	VM2: 48h	VM2	PN_48h_GH146_P3_A312
2	GH146-GFP	48h	561771	1390	nan	19	42	nan	nan	adPN	na	nan: 48h	nan	PN_48h_GH146_P3_A314
2	GH146-GFP	48h	1198085	2593	MARS_19	15	-1	19	MARS_19		na	MARS_19: 48h	MARS_19	PN_48h_GH146_P3_A315
2	GH146-GFP	48h	1118407	2440	nan	19	42	nan	nan	adPN	na	nan: 48h	nan	PN_48h_GH146_P3_A321
2	GH146-GFP	48h	1065623	2535	nan	9	36	nan	nan	adPN	na	nan: 48h	nan	PN_48h_GH146_P3_A322
2	GH146-GFP	48h	1330207	2321	DM6	22	8	22	DM6	adPN	na	DM6: 48h	DM6	PN_48h_GH146_P3_A327
2	GH146-GFP	48h	621130	2858	MARS_2	5	52	2	MARS_2	lPN	na	MARS_2: 48h	MARS_2	PN_48h_GH146_P3_A32
2	GH146-GFP	48h	556387	817	nan	1	48	nan	nan	lPN	na	nan: 48h	nan	PN_48h_GH146_P3_A330
2	GH146-GFP	48h	721149	1358	D	7	29	12	D	adPN	na	D: 48h	D	PN_48h_GH146_P3_A331
2	GH146-GFP	48h	1369108	2274	MARS_5	21	23	nan	nan	adPN	na	MARS_5: 48h	MARS_5	PN_48h_GH146_P3_A342
2	GH146-GFP	48h	846700	2150	vPN	10	11	nan	nan	vPN	na	vPN: 48h	vPN	PN_48h_GH146_P3_A344
2	GH146-GFP	48h	1437939	2639	VC2	26	55	16	VC2		na	VC2: 48h	VC2	PN_48h_GH146_P3_A345
2	GH146-GFP	48h	1432668	2312	nan	21	-1	nan	nan		na	nan: 48h	nan	PN_48h_GH146_P3_A347
2	GH146-GFP	48h	1362393	2060	VA5	13	54	26	VA5	lPN	na	VA5: 48h	VA5	PN_48h_GH146_P3_A34
2	GH146-GFP	48h	935179	1404	DL3	2	-1	24	DL3		na	DL3: 48h	DL3	PN_48h_GH146_P3_A352
2	GH146-GFP	48h	519448	1839	VA1d	17	10	10	VA1d	adPN	na	VA1d: 48h	VA1d	PN_48h_GH146_P3_A355
2	GH146-GFP	48h	219615	740	nan	14	1	nan	nan	APL	na	nan: 48h	nan	PN_48h_GH146_P3_A356
2	GH146-GFP	48h	739065	3618	nan	9	40	nan	nan	APL	na	nan: 48h	nan	PN_48h_GH146_P3_A358
2	GH146-GFP	48h	1054334	1060	nan	12	3	nan	nan	vPN	na	nan: 48h	nan	PN_48h_GH146_P3_A365
2	GH146-GFP	48h	217834	3776	VA1v	8	7	6	VA1v	adPN	na	VA1v: 48h	VA1v	PN_48h_GH146_P3_A366
2	GH146-GFP	48h	1000287	2351	DM6	22	8	22	DM6	adPN	na	DM6: 48h	DM6	PN_48h_GH146_P3_A368
2	GH146-GFP	48h	496468	3777	nan	19	42	nan	nan	adPN	na	nan: 48h	nan	PN_48h_GH146_P3_A370
2	GH146-GFP	48h	589822	4381	VC2	26	53	16	VC2	lPN	na	VC2: 48h	VC2	PN_48h_GH146_P3_A372
2	GH146-GFP	48h	727037	2575	MARS_2	5	52	2	MARS_2	lPN	na	MARS_2: 48h	MARS_2	PN_48h_GH146_P3_A375
2	GH146-GFP	48h	1369257	1633	VA6	23	-1	0	VA6	adPN	na	VA6: 48h	VA6	PN_48h_GH146_P3_A44
2	GH146-GFP	48h	1196208	1375	APL	28	34	nan	nan	APL	na	APL: 48h	APL	PN_48h_GH146_P3_A52
2	GH146-GFP	48h	1145295	2736	D	7	-1	12	D	adPN	na	D: 48h	D	PN_48h_GH146_P3_A57
2	GH146-GFP	48h	724211	1184	vPN	10	11	nan	nan	vPN	na	vPN: 48h	vPN	PN_48h_GH146_P3_A58
2	GH146-GFP	48h	1454447	1677	nan	28	-1	nan	nan		na	nan: 48h	nan	PN_48h_GH146_P3_A62
2	GH146-GFP	48h	1005088	1518	D	7	-1	12	D		na	D: 48h	D	PN_48h_GH146_P3_A64
2	GH146-GFP	48h	1293557	2929	VA1d	17	10	10	VA1d	adPN	na	VA1d: 48h	VA1d	PN_48h_GH146_P3_A65
2	GH146-GFP	48h	791558	1878	MARS_2	5	-1	2	MARS_2	lPN	na	MARS_2: 48h	MARS_2	PN_48h_GH146_P3_A77
2	GH146-GFP	48h	586241	4198	nan	9	40	nan	nan	APL	na	nan: 48h	nan	PN_48h_GH146_P3_A78
2	GH146-GFP	48h	575334	3256	nan	9	40	nan	nan	APL	na	nan: 48h	nan	PN_48h_GH146_P3_A80
2	GH146-GFP	48h	839769	2186	DM6	22	12	22	DM6	adPN	na	DM6: 48h	DM6	PN_48h_GH146_P3_A86
2	GH146-GFP	48h	1163609	1305	VA1v	8	7	6	VA1v	adPN	na	VA1v: 48h	VA1v	PN_48h_GH146_P3_A87
2	GH146-GFP	48h	1478645	3307	VA6	23	-1	0	VA6		na	VA6: 48h	VA6	PN_48h_GH146_P3_A94
2	GH146-GFP	48h	1422567	1204	nan	14	1	nan	nan	APL	na	nan: 48h	nan	PN_48h_GH146_P3_A95
2	GH146-GFP	48h	1189314	2895	MARS_5	21	23	nan	nan	adPN	na	MARS_5: 48h	MARS_5	PN_48h_GH146_P4_A101
2	GH146-GFP	48h	1892073	3698	VC2	26	53	16	VC2	lPN	na	VC2: 48h	VC2	PN_48h_GH146_P4_A102
2	GH146-GFP	48h	2868846	4027	VA6	23	46	0	VA6	adPN	na	VA6: 48h	VA6	PN_48h_GH146_P4_A103
2	GH146-GFP	48h	317019	3561	VA6	23	46	0	VA6	adPN	na	VA6: 48h	VA6	PN_48h_GH146_P4_A109
2	GH146-GFP	48h	773322	2517	VM7 or VM5v #2	18	13	28	VM7 or VM5v #2	adPN	na	VM7 or VM5v #2: 48h	VM7 or VM5v #2	PN_48h_GH146_P4_A10
2	GH146-GFP	48h	1954569	2656	VC2	26	53	16	VC2	lPN	na	VC2: 48h	VC2	PN_48h_GH146_P4_A115
2	GH146-GFP	48h	2047564	2603	MARS_19	15	-1	19	MARS_19		na	MARS_19: 48h	MARS_19	PN_48h_GH146_P4_A116
2	GH146-GFP	48h	1407627	2308	MARS_19	15	43	19	MARS_19	adPN	na	MARS_19: 48h	MARS_19	PN_48h_GH146_P4_A118
2	GH146-GFP	48h	2380604	3258	APL	3	35	nan	nan	APL	na	APL: 48h	APL	PN_48h_GH146_P4_A11
2	GH146-GFP	48h	2876426	3533	VA1v	8	7	6	VA1v	adPN	na	VA1v: 48h	VA1v	PN_48h_GH146_P4_A125
2	GH146-GFP	48h	1668860	3118	MARS_27	24	48	27	MARS_27	lPN	na	MARS_27: 48h	MARS_27	PN_48h_GH146_P4_A130
2	GH146-GFP	48h	1620387	1931	nan	6	-1	15	DA1_fru+	lPN	na	nan: 48h	nan	PN_48h_GH146_P4_A132
2	GH146-GFP	48h	2214247	3191	DA1_fru+	6	59	15	DA1_fru+	lPN	na	DA1_fru+: 48h	DA1_fru+	PN_48h_GH146_P4_A136
2	GH146-GFP	48h	3054098	3375	VA1d	17	10	10	VA1d	adPN	na	VA1d: 48h	VA1d	PN_48h_GH146_P4_A140
2	GH146-GFP	48h	2463484	2525	nan	20	-1	nan	nan		na	nan: 48h	nan	PN_48h_GH146_P4_A144
2	GH146-GFP	48h	2612175	3591	DA1_fru+	6	59	15	DA1_fru+	lPN	na	DA1_fru+: 48h	DA1_fru+	PN_48h_GH146_P4_A151
2	GH146-GFP	48h	2029429	2399	MARS_25	4	54	25	MARS_25	lPN	na	MARS_25: 48h	MARS_25	PN_48h_GH146_P4_A154
2	GH146-GFP	48h	2135470	2756	DA1_fru-	16	57	23	DA1_fru-	lPN	na	DA1_fru-: 48h	DA1_fru-	PN_48h_GH146_P4_A158
2	GH146-GFP	48h	2229581	2971	VM7 or VM5v #1	11	13	3	VM7 or VM5v #1	adPN	na	VM7 or VM5v #1: 48h	VM7 or VM5v #1	PN_48h_GH146_P4_A159
2	GH146-GFP	48h	1194754	2387	VC2	26	53	16	VC2	lPN	na	VC2: 48h	VC2	PN_48h_GH146_P4_A15
2	GH146-GFP	48h	3486900	4058	MARS_19	15	-1	19	MARS_19	adPN	na	MARS_19: 48h	MARS_19	PN_48h_GH146_P4_A160
2	GH146-GFP	48h	2772337	1299	nan	19	-1	nan	nan	adPN	na	nan: 48h	nan	PN_48h_GH146_P4_A164
2	GH146-GFP	48h	3265518	3666	DC3	0	10	20	DC3	adPN	na	DC3: 48h	DC3	PN_48h_GH146_P4_A165
2	GH146-GFP	48h	211378	609	VA1v	28	-1	nan	nan		na	VA1v: 48h	VA1v	PN_48h_GH146_P4_A16
2	GH146-GFP	48h	1603004	2551	VA1v	8	7	6	VA1v	adPN	na	VA1v: 48h	VA1v	PN_48h_GH146_P4_A170
2	GH146-GFP	48h	2150918	2687	DL3	2	57	24	DL3	lPN	na	DL3: 48h	DL3	PN_48h_GH146_P4_A171
2	GH146-GFP	48h	1950095	2195	DL3	2	57	24	DL3	lPN	na	DL3: 48h	DL3	PN_48h_GH146_P4_A179
2	GH146-GFP	48h	3270385	4177	MARS_19	15	-1	19	MARS_19		na	MARS_19: 48h	MARS_19	PN_48h_GH146_P4_A184
2	GH146-GFP	48h	1825484	2480	MARS_2	5	52	2	MARS_2	lPN	na	MARS_2: 48h	MARS_2	PN_48h_GH146_P4_A186
2	GH146-GFP	48h	2191864	858	VA1v	28	-1	nan	nan		na	VA1v: 48h	VA1v	PN_48h_GH146_P4_A188
2	GH146-GFP	48h	1426354	1029	nan	14	1	nan	nan	adPN	na	nan: 48h	nan	PN_48h_GH146_P4_A189
2	GH146-GFP	48h	2080761	3095	MARS_27	24	48	27	MARS_27	lPN	na	MARS_27: 48h	MARS_27	PN_48h_GH146_P4_A201
2	GH146-GFP	48h	3343449	3711	vPN	20	2	nan	nan	vPN	na	vPN: 48h	vPN	PN_48h_GH146_P4_A204
2	GH146-GFP	48h	2008972	2035	VM7 or VM5v #2	18	13	28	VM7 or VM5v #2	adPN	na	VM7 or VM5v #2: 48h	VM7 or VM5v #2	PN_48h_GH146_P4_A209
2	GH146-GFP	48h	792944	3648	MARS_2	5	52	2	MARS_2	lPN	na	MARS_2: 48h	MARS_2	PN_48h_GH146_P4_A20
2	GH146-GFP	48h	1596003	2350	APL	3	35	nan	nan	APL	na	APL: 48h	APL	PN_48h_GH146_P4_A214
2	GH146-GFP	48h	2339817	2207	DA1_fru+	6	59	15	DA1_fru+	lPN	na	DA1_fru+: 48h	DA1_fru+	PN_48h_GH146_P4_A216
2	GH146-GFP	48h	1881744	3678	VA5	13	54	26	VA5	lPN	na	VA5: 48h	VA5	PN_48h_GH146_P4_A218
2	GH146-GFP	48h	2364313	3545	DL1	25	36	8	DL1	adPN	na	DL1: 48h	DL1	PN_48h_GH146_P4_A219
2	GH146-GFP	48h	2669102	3569	nan	19	42	nan	nan		na	nan: 48h	nan	PN_48h_GH146_P4_A21
2	GH146-GFP	48h	1848840	2418	DL3	2	57	24	DL3	lPN	na	DL3: 48h	DL3	PN_48h_GH146_P4_A228
2	GH146-GFP	48h	2684115	2669	MARS_5	21	23	nan	nan	adPN	na	MARS_5: 48h	MARS_5	PN_48h_GH146_P4_A231
2	GH146-GFP	48h	2550043	3797	VA1d	17	10	10	VA1d	adPN	na	VA1d: 48h	VA1d	PN_48h_GH146_P4_A232
2	GH146-GFP	48h	2347239	3570	nan	9	40	nan	nan	APL	na	nan: 48h	nan	PN_48h_GH146_P4_A238
2	GH146-GFP	48h	2804071	2303	nan	19	-1	nan	nan	vPN	na	nan: 48h	nan	PN_48h_GH146_P4_A240
2	GH146-GFP	48h	1649776	3479	VA5	13	54	26	VA5	lPN	na	VA5: 48h	VA5	PN_48h_GH146_P4_A242
2	GH146-GFP	48h	2150360	1121	nan	12	3	nan	nan	vPN	na	nan: 48h	nan	PN_48h_GH146_P4_A248
2	GH146-GFP	48h	752788	568	nan	28	-1	nan	nan	vPN	na	nan: 48h	nan	PN_48h_GH146_P4_A249
2	GH146-GFP	48h	542970	547	nan	1	-1	nan	nan	adPN	na	nan: 48h	nan	PN_48h_GH146_P4_A253
2	GH146-GFP	48h	2449828	891	nan	28	-1	nan	nan		na	nan: 48h	nan	PN_48h_GH146_P4_A255
2	GH146-GFP	48h	3181012	2832	MARS_2	5	-1	2	MARS_2	lPN	na	MARS_2: 48h	MARS_2	PN_48h_GH146_P4_A257
2	GH146-GFP	48h	2608089	1803	nan	14	1	nan	nan	APL	na	nan: 48h	nan	PN_48h_GH146_P4_A258
2	GH146-GFP	48h	2443964	3082	MARS_2	5	52	2	MARS_2	lPN	na	MARS_2: 48h	MARS_2	PN_48h_GH146_P4_A259
2	GH146-GFP	48h	1540337	2675	VA1d	17	10	10	VA1d	adPN	na	VA1d: 48h	VA1d	PN_48h_GH146_P4_A263
2	GH146-GFP	48h	2094146	3192	MARS_19	15	43	19	MARS_19	adPN	na	MARS_19: 48h	MARS_19	PN_48h_GH146_P4_A269
2	GH146-GFP	48h	1631160	3248	D	7	29	12	D	adPN	na	D: 48h	D	PN_48h_GH146_P4_A270
2	GH146-GFP	48h	2921857	2894	DA1_fru+	6	-1	15	DA1_fru+	lPN	na	DA1_fru+: 48h	DA1_fru+	PN_48h_GH146_P4_A277
2	GH146-GFP	48h	3447997	3744	MARS_19	15	-1	19	MARS_19		na	MARS_19: 48h	MARS_19	PN_48h_GH146_P4_A278
2	GH146-GFP	48h	2328020	2835	DA1_fru+	6	59	15	DA1_fru+	lPN	na	DA1_fru+: 48h	DA1_fru+	PN_48h_GH146_P4_A284
2	GH146-GFP	48h	160251	1310	MARS_2	5	-1	2	MARS_2	lPN	na	MARS_2: 48h	MARS_2	PN_48h_GH146_P4_A287
2	GH146-GFP	48h	2653241	4046	MARS_19	15	43	19	MARS_19	adPN	na	MARS_19: 48h	MARS_19	PN_48h_GH146_P4_A292
2	GH146-GFP	48h	2595149	3816	vPN	10	11	nan	nan	vPN	na	vPN: 48h	vPN	PN_48h_GH146_P4_A295
2	GH146-GFP	48h	3791315	3655	VA1v	8	7	6	VA1v	adPN	na	VA1v: 48h	VA1v	PN_48h_GH146_P4_A299
2	GH146-GFP	48h	1902779	1188	MARS_19	15	43	19	MARS_19	adPN	na	MARS_19: 48h	MARS_19	PN_48h_GH146_P4_A302
2	GH146-GFP	48h	1724430	3529	MARS_19	15	43	19	MARS_19	adPN	na	MARS_19: 48h	MARS_19	PN_48h_GH146_P4_A305
2	GH146-GFP	48h	2783017	3838	DL1	25	36	8	DL1	adPN	na	DL1: 48h	DL1	PN_48h_GH146_P4_A310
2	GH146-GFP	48h	2064842	3318	DA1_fru+	6	59	15	DA1_fru+	lPN	na	DA1_fru+: 48h	DA1_fru+	PN_48h_GH146_P4_A312
2	GH146-GFP	48h	1546064	1828	nan	19	-1	nan	nan		na	nan: 48h	nan	PN_48h_GH146_P4_A313
2	GH146-GFP	48h	2809737	2478	MARS_2	5	52	2	MARS_2	lPN	na	MARS_2: 48h	MARS_2	PN_48h_GH146_P4_A316
2	GH146-GFP	48h	1380773	4905	DA1_fru+	6	59	15	DA1_fru+	lPN	na	DA1_fru+: 48h	DA1_fru+	PN_48h_GH146_P4_A320
2	GH146-GFP	48h	1992074	4160	MARS_19	15	-1	19	MARS_19	adPN	na	MARS_19: 48h	MARS_19	PN_48h_GH146_P4_A321
2	GH146-GFP	48h	2305627	3457	vPN	10	11	nan	nan	vPN	na	vPN: 48h	vPN	PN_48h_GH146_P4_A322
2	GH146-GFP	48h	459249	810	nan	28	54	nan	nan		na	nan: 48h	nan	PN_48h_GH146_P4_A326
2	GH146-GFP	48h	1279204	612	nan	28	-1	nan	nan	adPN	na	nan: 48h	nan	PN_48h_GH146_P4_A341
2	GH146-GFP	48h	1720738	1580	nan	14	1	nan	nan	APL	na	nan: 48h	nan	PN_48h_GH146_P4_A344
2	GH146-GFP	48h	1661999	2953	vPN	20	2	nan	nan	vPN	na	vPN: 48h	vPN	PN_48h_GH146_P4_A67
2	GH146-GFP	48h	1572132	4244	MARS_19	15	-1	19	MARS_19	adPN	na	MARS_19: 48h	MARS_19	PN_48h_GH146_P4_A68
2	GH146-GFP	48h	3323117	3794	VA6	23	46	0	VA6	adPN	na	VA6: 48h	VA6	PN_48h_GH146_P4_A71
2	GH146-GFP	48h	768508	2746	nan	19	42	nan	nan	vPN	na	nan: 48h	nan	PN_48h_GH146_P4_A74
2	GH146-GFP	48h	1889330	4003	nan	9	40	nan	nan	APL	na	nan: 48h	nan	PN_48h_GH146_P4_A7
2	GH146-GFP	48h	1402996	1322	DM6	28	8	nan	nan	adPN	na	DM6: 48h	DM6	PN_48h_GH146_P4_A82
2	GH146-GFP	48h	2378272	2417	DL3	2	57	24	DL3	lPN	na	DL3: 48h	DL3	PN_48h_GH146_P4_A84
2	GH146-GFP	48h	2671927	3182	VM7 or VM5v #1	11	13	3	VM7 or VM5v #1	adPN	na	VM7 or VM5v #1: 48h	VM7 or VM5v #1	PN_48h_GH146_P4_A93
2	GH146-GFP	48h	2716494	3490	VA1v	8	7	6	VA1v	adPN	na	VA1v: 48h	VA1v	PN_48h_GH146_P4_A99
2	GH146-GFP	48h	708845	3534	nan	19	42	nan	nan	adPN	na	nan: 48h	nan	PN_48h_GH146_P6_A10
2	GH146-GFP	48h	904877	2049	nan	14	1	nan	nan	APL	na	nan: 48h	nan	PN_48h_GH146_P6_A21
2	GH146-GFP	48h	736365	3655	APL	3	14	nan	nan	APL	na	APL: 48h	APL	PN_48h_GH146_P6_A23
2	GH146-GFP	48h	270140	554	nan	28	-1	nan	nan		na	nan: 48h	nan	PN_48h_GH146_P6_A2
2	GH146-GFP	48h	799096	3965	VM7 or VM5v #2	18	13	28	VM7 or VM5v #2	adPN	na	VM7 or VM5v #2: 48h	VM7 or VM5v #2	PN_48h_GH146_P6_A5
2	GH146-GFP	48h	517050	1446	nan	17	-1	10	VA1d		na	nan: 48h	nan	PN_48h_GH146_P6_A9
2	GH146-GFP	48h	1143445	3928	DL3	2	57	24	DL3	lPN	na	DL3: 48h	DL3	PN_48h_GH146_P6_B10
2	GH146-GFP	48h	784243	2383	nan	14	1	nan	nan		na	nan: 48h	nan	PN_48h_GH146_P6_B11
2	GH146-GFP	48h	125574	855	nan	1	-1	nan	nan		na	nan: 48h	nan	PN_48h_GH146_P6_B18
2	GH146-GFP	48h	363102	1199	nan	12	45	nan	nan		na	nan: 48h	nan	PN_48h_GH146_P6_B21
2	GH146-GFP	48h	1704385	4126	MARS_19	15	16	19	MARS_19	adPN	na	MARS_19: 48h	MARS_19	PN_48h_GH146_P6_B4
2	GH146-GFP	48h	1942892	3515	MARS_25	4	54	25	MARS_25	lPN	na	MARS_25: 48h	MARS_25	PN_48h_GH146_P6_B5
2	GH146-GFP	48h	377974	1340	VM2	29	13	13	VM2		na	VM2: 48h	VM2	PN_48h_GH146_P6_B6
2	GH146-GFP	48h	1183819	3165	vPN	10	11	nan	nan	vPN	na	vPN: 48h	vPN	PN_48h_GH146_P6_B8
2	GH146-GFP	48h	529402	1542	nan	28	1	nan	nan		na	nan: 48h	nan	PN_48h_GH146_P6_C10
2	GH146-GFP	48h	900382	1878	nan	19	41	nan	nan	adPN	na	nan: 48h	nan	PN_48h_GH146_P6_C11
2	GH146-GFP	48h	535599	4479	VM7 or VM5v #1	11	13	3	VM7 or VM5v #1	adPN	na	VM7 or VM5v #1: 48h	VM7 or VM5v #1	PN_48h_GH146_P6_C18
2	GH146-GFP	48h	410610	4262	nan	19	-1	nan	nan	adPN	na	nan: 48h	nan	PN_48h_GH146_P6_C1
2	GH146-GFP	48h	200343	2282	nan	1	44	nan	nan	APL	na	nan: 48h	nan	PN_48h_GH146_P6_C21
2	GH146-GFP	48h	669752	4279	DA1_fru-	16	57	23	DA1_fru-	lPN	na	DA1_fru-: 48h	DA1_fru-	PN_48h_GH146_P6_C22
2	GH146-GFP	48h	420648	3897	DA1_fru-	16	57	23	DA1_fru-	lPN	na	DA1_fru-: 48h	DA1_fru-	PN_48h_GH146_P6_C4
2	GH146-GFP	48h	920649	1140	nan	12	41	nan	nan	adPN	na	nan: 48h	nan	PN_48h_GH146_P6_D10
2	GH146-GFP	48h	283891	4247	MARS_5	21	23	nan	nan	adPN	na	MARS_5: 48h	MARS_5	PN_48h_GH146_P6_D3
2	GH146-GFP	48h	145122	3171	nan	21	-1	nan	nan		na	nan: 48h	nan	PN_48h_GH146_P6_E18
2	GH146-GFP	48h	425161	4496	VM7 or VM5v #1	11	13	3	VM7 or VM5v #1	adPN	na	VM7 or VM5v #1: 48h	VM7 or VM5v #1	PN_48h_GH146_P6_E19
2	GH146-GFP	48h	581053	633	nan	12	3	nan	nan	vPN	na	nan: 48h	nan	PN_48h_GH146_P6_E4
2	GH146-GFP	48h	422259	734	nan	1	-1	nan	nan		na	nan: 48h	nan	PN_48h_GH146_P6_E6
2	GH146-GFP	48h	1181933	1221	VA1v	1	-1	nan	nan		na	VA1v: 48h	VA1v	PN_48h_GH146_P6_E7
2	GH146-GFP	48h	327931	544	nan	28	-1	nan	nan	APL	na	nan: 48h	nan	PN_48h_GH146_P6_F11
2	GH146-GFP	48h	1712503	4411	MARS_2	5	52	2	MARS_2	lPN	na	MARS_2: 48h	MARS_2	PN_48h_GH146_P6_F17
2	GH146-GFP	48h	617920	1153	DL3	2	57	24	DL3	lPN	na	DL3: 48h	DL3	PN_48h_GH146_P6_F3
2	GH146-GFP	48h	1777510	1070	APL	1	34	nan	nan	APL	na	APL: 48h	APL	PN_48h_GH146_P6_F6
2	GH146-GFP	48h	1358468	4511	VM2	29	12	13	VM2		na	VM2: 48h	VM2	PN_48h_GH146_P6_F7
2	GH146-GFP	48h	1319723	2593	nan	19	-1	nan	nan	vPN	na	nan: 48h	nan	PN_48h_GH146_P6_F8
2	GH146-GFP	48h	745059	1518	nan	19	-1	nan	nan	vPN	na	nan: 48h	nan	PN_48h_GH146_P6_G10
2	GH146-GFP	48h	1367895	4020	VM7 or VM5v #1	11	13	3	VM7 or VM5v #1	adPN	na	VM7 or VM5v #1: 48h	VM7 or VM5v #1	PN_48h_GH146_P6_G13
2	GH146-GFP	48h	216162	1069	nan	1	43	nan	nan	adPN	na	nan: 48h	nan	PN_48h_GH146_P6_G17
2	GH146-GFP	48h	147866	1664	MARS_19	15	43	19	MARS_19	adPN	na	MARS_19: 48h	MARS_19	PN_48h_GH146_P6_G21
2	GH146-GFP	48h	328943	4572	VA5	13	54	26	VA5	lPN	na	VA5: 48h	VA5	PN_48h_GH146_P6_G23
2	GH146-GFP	48h	1216246	2817	APL	3	14	nan	nan	APL	na	APL: 48h	APL	PN_48h_GH146_P6_H9
2	GH146-GFP	48h	642473	3192	VM7 or VM5v #2	18	13	28	VM7 or VM5v #2	adPN	na	VM7 or VM5v #2: 48h	VM7 or VM5v #2	PN_48h_GH146_P6_I14
2	GH146-GFP	48h	252775	4298	D	7	29	12	D	adPN	na	D: 48h	D	PN_48h_GH146_P6_I1
2	GH146-GFP	48h	173796	3089	APL	27	34	nan	nan	APL	na	APL: 48h	APL	PN_48h_GH146_P6_I3
2	GH146-GFP	48h	590252	3442	APL	27	34	nan	nan	APL	na	APL: 48h	APL	PN_48h_GH146_P6_I4
2	GH146-GFP	48h	442755	849	nan	1	53	nan	nan		na	nan: 48h	nan	PN_48h_GH146_P6_I7
2	GH146-GFP	48h	1685355	2422	MARS_19	15	43	19	MARS_19	adPN	na	MARS_19: 48h	MARS_19	PN_48h_GH146_P6_I8
2	GH146-GFP	48h	610750	869	nan	28	-1	nan	nan	adPN	na	nan: 48h	nan	PN_48h_GH146_P6_J11
2	GH146-GFP	48h	879856	4403	DA1_fru+	6	59	15	DA1_fru+	lPN	na	DA1_fru+: 48h	DA1_fru+	PN_48h_GH146_P6_J16
2	GH146-GFP	48h	2474155	3881	VM7 or VM5v #2	18	13	28	VM7 or VM5v #2		na	VM7 or VM5v #2: 48h	VM7 or VM5v #2	PN_48h_GH146_P6_J8
2	GH146-GFP	48h	186128	3521	VM7 or VM5v #2	18	13	28	VM7 or VM5v #2		na	VM7 or VM5v #2: 48h	VM7 or VM5v #2	PN_48h_GH146_P6_J9
2	GH146-GFP	48h	2281344	3935	vPN	10	11	nan	nan	vPN	na	vPN: 48h	vPN	PN_48h_GH146_P6_K18
2	GH146-GFP	48h	668170	3595	APL	27	34	nan	nan	APL	na	APL: 48h	APL	PN_48h_GH146_P6_K21
2	GH146-GFP	48h	390707	700	nan	12	-1	nan	nan		na	nan: 48h	nan	PN_48h_GH146_P6_K2
2	GH146-GFP	48h	757388	2888	vPN	20	4	nan	nan	vPN	na	vPN: 48h	vPN	PN_48h_GH146_P6_K7
2	GH146-GFP	48h	1261177	2734	DL3	2	57	24	DL3	lPN	na	DL3: 48h	DL3	PN_48h_GH146_P6_K8
2	GH146-GFP	48h	331397	2591	VC2	26	55	16	VC2	lPN	na	VC2: 48h	VC2	PN_48h_GH146_P6_M19
2	GH146-GFP	48h	1459623	1118	nan	28	-1	nan	nan		na	nan: 48h	nan	PN_48h_GH146_P6_M21
2	GH146-GFP	48h	528807	2083	nan	19	-1	nan	nan		na	nan: 48h	nan	PN_48h_GH146_P6_M2
2	GH146-GFP	48h	194333	572	nan	28	-1	nan	nan	vPN	na	nan: 48h	nan	PN_48h_GH146_P6_M4
2	GH146-GFP	48h	3027900	3571	DC3	0	10	20	DC3	adPN	na	DC3: 48h	DC3	PN_48h_GH146_P6_N16
2	GH146-GFP	48h	520233	559	nan	28	-1	nan	nan	adPN	na	nan: 48h	nan	PN_48h_GH146_P6_N18
2	GH146-GFP	48h	466915	3117	vPN	10	11	nan	nan	vPN	na	vPN: 48h	vPN	PN_48h_GH146_P6_N20
2	GH146-GFP	48h	1672851	1292	vPN	1	5	nan	nan	vPN	na	vPN: 48h	vPN	PN_48h_GH146_P6_N21
2	GH146-GFP	48h	1269587	3386	vPN	10	11	nan	nan	vPN	na	vPN: 48h	vPN	PN_48h_GH146_P6_N23
2	GH146-GFP	48h	1492461	2641	MARS_19	15	13	19	MARS_19	adPN	na	MARS_19: 48h	MARS_19	PN_48h_GH146_P6_N24
2	GH146-GFP	48h	447043	718	DM6	28	22	nan	nan	adPN	na	DM6: 48h	DM6	PN_48h_GH146_P6_N7
2	GH146-GFP	48h	806185	2130	nan	6	-1	15	DA1_fru+	lPN	na	nan: 48h	nan	PN_48h_GH146_P6_O10
2	GH146-GFP	48h	2007966	3513	vPN	20	5	nan	nan	vPN	na	vPN: 48h	vPN	PN_48h_GH146_P6_O19
2	GH146-GFP	48h	1388421	1283	nan	1	-1	nan	nan	adPN	na	nan: 48h	nan	PN_48h_GH146_P6_O23
2	GH146-GFP	48h	1148039	1095	nan	1	13	nan	nan		na	nan: 48h	nan	PN_48h_GH146_P6_O9
2	GH146-GFP	48h	392014	1399	nan	1	-1	nan	nan	lPN	na	nan: 48h	nan	PN_48h_GH146_P6_P11
2	GH146-GFP	48h	1213640	2264	nan	1	-1	nan	nan		na	nan: 48h	nan	PN_48h_GH146_P6_P23
2	GH146-GFP	48h	358217	2292	MARS_25	4	54	25	MARS_25	lPN	na	MARS_25: 48h	MARS_25	PN_48h_GH146_P6_P6
2	GH146-GFP	48h	317409	4215	DM6	22	8	22	DM6	adPN	na	DM6: 48h	DM6	PN_48h_GH146_P7_A12
2	GH146-GFP	48h	1023695	5624	nan	19	-1	nan	nan		na	nan: 48h	nan	PN_48h_GH146_P7_A14
2	GH146-GFP	48h	327554	1696	DC3	0	10	20	DC3	adPN	na	DC3: 48h	DC3	PN_48h_GH146_P7_A16
2	GH146-GFP	48h	305149	3508	nan	19	-1	nan	nan		na	nan: 48h	nan	PN_48h_GH146_P7_B15
2	GH146-GFP	48h	562103	4566	DL3	2	58	24	DL3	lPN	na	DL3: 48h	DL3	PN_48h_GH146_P7_B17
2	GH146-GFP	48h	365353	4346	MARS_2	5	52	2	MARS_2	lPN	na	MARS_2: 48h	MARS_2	PN_48h_GH146_P7_B20
2	GH146-GFP	48h	635090	4024	vPN	10	11	nan	nan	vPN	na	vPN: 48h	vPN	PN_48h_GH146_P7_B3
2	GH146-GFP	48h	449023	1583	MARS_19	15	43	19	MARS_19	adPN	na	MARS_19: 48h	MARS_19	PN_48h_GH146_P7_B5
2	GH146-GFP	48h	232580	3643	APL	27	34	nan	nan	APL	na	APL: 48h	APL	PN_48h_GH146_P7_C16
2	GH146-GFP	48h	200330	1780	VC2	26	55	16	VC2	lPN	na	VC2: 48h	VC2	PN_48h_GH146_P7_C21
2	GH146-GFP	48h	389797	3613	D	7	29	12	D	adPN	na	D: 48h	D	PN_48h_GH146_P7_C23
2	GH146-GFP	48h	121573	1371	nan	12	3	nan	nan	vPN	na	nan: 48h	nan	PN_48h_GH146_P7_C4
2	GH146-GFP	48h	774868	3336	vPN	20	5	nan	nan	vPN	na	vPN: 48h	vPN	PN_48h_GH146_P7_D10
2	GH146-GFP	48h	601168	891	nan	1	-1	nan	nan	lPN	na	nan: 48h	nan	PN_48h_GH146_P7_D11
2	GH146-GFP	48h	333804	790	vPN	28	11	nan	nan	vPN	na	vPN: 48h	vPN	PN_48h_GH146_P7_D13
2	GH146-GFP	48h	316731	4568	VM2	29	12	13	VM2		na	VM2: 48h	VM2	PN_48h_GH146_P7_D19
2	GH146-GFP	48h	776430	704	nan	1	-1	nan	nan		na	nan: 48h	nan	PN_48h_GH146_P7_E11
2	GH146-GFP	48h	1019989	3345	APL	3	14	nan	nan	APL	na	APL: 48h	APL	PN_48h_GH146_P7_E15
2	GH146-GFP	48h	564708	4298	MARS_27	24	48	27	MARS_27	lPN	na	MARS_27: 48h	MARS_27	PN_48h_GH146_P7_E17
2	GH146-GFP	48h	499052	4422	MARS_27	24	48	27	MARS_27	lPN	na	MARS_27: 48h	MARS_27	PN_48h_GH146_P7_E21
2	GH146-GFP	48h	590255	4209	DA1_fru-	16	57	23	DA1_fru-	lPN	na	DA1_fru-: 48h	DA1_fru-	PN_48h_GH146_P7_E23
2	GH146-GFP	48h	470292	4414	vPN	10	11	nan	nan	vPN	na	vPN: 48h	vPN	PN_48h_GH146_P7_E6
2	GH146-GFP	48h	1505434	619	DM6	1	-1	nan	nan		na	DM6: 48h	DM6	PN_48h_GH146_P7_F12
2	GH146-GFP	48h	436384	4697	DC3	0	10	20	DC3	adPN	na	DC3: 48h	DC3	PN_48h_GH146_P7_F2
2	GH146-GFP	48h	581089	4505	D	7	29	12	D	adPN	na	D: 48h	D	PN_48h_GH146_P7_G19
2	GH146-GFP	48h	517126	4504	vPN	20	4	nan	nan	vPN	na	vPN: 48h	vPN	PN_48h_GH146_P7_G22
2	GH146-GFP	48h	164188	4148	VM2	29	12	13	VM2		na	VM2: 48h	VM2	PN_48h_GH146_P7_G23
2	GH146-GFP	48h	290423	1389	vPN	19	11	nan	nan	vPN	na	vPN: 48h	vPN	PN_48h_GH146_P7_G6
2	GH146-GFP	48h	175207	3801	DL3	2	57	24	DL3	lPN	na	DL3: 48h	DL3	PN_48h_GH146_P7_H16
2	GH146-GFP	48h	575855	4709	VC2	26	53	16	VC2	lPN	na	VC2: 48h	VC2	PN_48h_GH146_P7_H17
2	GH146-GFP	48h	160447	4031	VA1v	19	-1	nan	nan		na	VA1v: 48h	VA1v	PN_48h_GH146_P7_H22
2	GH146-GFP	48h	1057585	682	nan	12	10	nan	nan	lPN	na	nan: 48h	nan	PN_48h_GH146_P7_H7
2	GH146-GFP	48h	865824	3705	D	7	29	12	D	adPN	na	D: 48h	D	PN_48h_GH146_P7_H8
2	GH146-GFP	48h	447851	1429	nan	6	57	15	DA1_fru+	lPN	na	nan: 48h	nan	PN_48h_GH146_P7_I11
2	GH146-GFP	48h	696193	4252	MARS_19	15	41	19	MARS_19	adPN	na	MARS_19: 48h	MARS_19	PN_48h_GH146_P7_I13
2	GH146-GFP	48h	727376	2350	VM7 or VM5v #1	11	13	3	VM7 or VM5v #1	adPN	na	VM7 or VM5v #1: 48h	VM7 or VM5v #1	PN_48h_GH146_P7_I14
2	GH146-GFP	48h	2486915	3969	MARS_27	24	48	27	MARS_27	lPN	na	MARS_27: 48h	MARS_27	PN_48h_GH146_P7_I16
2	GH146-GFP	48h	110897	3991	MARS_2	5	52	2	MARS_2	lPN	na	MARS_2: 48h	MARS_2	PN_48h_GH146_P7_I20
2	GH146-GFP	48h	1127594	5003	MARS_19	15	16	19	MARS_19	adPN	na	MARS_19: 48h	MARS_19	PN_48h_GH146_P7_I21
2	GH146-GFP	48h	902098	807	nan	28	45	nan	nan		na	nan: 48h	nan	PN_48h_GH146_P7_I7
2	GH146-GFP	48h	4056551	3400	vPN	10	11	nan	nan	vPN	na	vPN: 48h	vPN	PN_48h_GH146_P7_J16
2	GH146-GFP	48h	461330	3951	APL	3	35	nan	nan	APL	na	APL: 48h	APL	PN_48h_GH146_P7_J19
2	GH146-GFP	48h	469278	4311	MARS_19	15	43	19	MARS_19	adPN	na	MARS_19: 48h	MARS_19	PN_48h_GH146_P7_J24
2	GH146-GFP	48h	569889	4219	DA1_fru+	6	59	15	DA1_fru+	lPN	na	DA1_fru+: 48h	DA1_fru+	PN_48h_GH146_P7_J2
2	GH146-GFP	48h	762962	1251	MARS_25	4	54	25	MARS_25	lPN	na	MARS_25: 48h	MARS_25	PN_48h_GH146_P7_K2
2	GH146-GFP	48h	1246528	1922	MARS_25	4	-1	25	MARS_25	lPN	na	MARS_25: 48h	MARS_25	PN_48h_GH146_P7_K9
2	GH146-GFP	48h	1781810	4046	nan	19	39	nan	nan	vPN	na	nan: 48h	nan	PN_48h_GH146_P7_L14
2	GH146-GFP	48h	316375	5498	nan	19	-1	nan	nan		na	nan: 48h	nan	PN_48h_GH146_P7_L18
2	GH146-GFP	48h	994204	3739	VA6	23	46	0	VA6	adPN	na	VA6: 48h	VA6	PN_48h_GH146_P7_L19
2	GH146-GFP	48h	2826507	1065	nan	12	-1	nan	nan	adPN	na	nan: 48h	nan	PN_48h_GH146_P7_L20
2	GH146-GFP	48h	419530	2622	APL	3	35	nan	nan	APL	na	APL: 48h	APL	PN_48h_GH146_P7_L3
2	GH146-GFP	48h	2214435	3035	nan	19	-1	nan	nan	lPN	na	nan: 48h	nan	PN_48h_GH146_P7_L4
2	GH146-GFP	48h	840753	4128	DM6	22	8	22	DM6	adPN	na	DM6: 48h	DM6	PN_48h_GH146_P7_L8
2	GH146-GFP	48h	1051094	580	nan	1	3	nan	nan	vPN	na	nan: 48h	nan	PN_48h_GH146_P7_M12
2	GH146-GFP	48h	1722376	2995	MARS_2	5	52	2	MARS_2	lPN	na	MARS_2: 48h	MARS_2	PN_48h_GH146_P7_M21
2	GH146-GFP	48h	926153	2321	APL	27	34	nan	nan	APL	na	APL: 48h	APL	PN_48h_GH146_P7_M22
2	GH146-GFP	48h	413218	2083	vPN	10	11	nan	nan	vPN	na	vPN: 48h	vPN	PN_48h_GH146_P7_M4
2	GH146-GFP	48h	944137	3844	vPN	10	11	nan	nan	vPN	na	vPN: 48h	vPN	PN_48h_GH146_P7_M7
2	GH146-GFP	48h	1081128	3980	MARS_2	5	52	2	MARS_2	lPN	na	MARS_2: 48h	MARS_2	PN_48h_GH146_P7_M9
2	GH146-GFP	48h	1432819	4645	VM7 or VM5v #1	11	13	3	VM7 or VM5v #1	adPN	na	VM7 or VM5v #1: 48h	VM7 or VM5v #1	PN_48h_GH146_P7_N11
2	GH146-GFP	48h	265858	2767	MARS_19	15	-1	19	MARS_19	adPN	na	MARS_19: 48h	MARS_19	PN_48h_GH146_P7_N13
2	GH146-GFP	48h	246745	676	nan	12	3	nan	nan	vPN	na	nan: 48h	nan	PN_48h_GH146_P7_N21
2	GH146-GFP	48h	353373	4166	vPN	10	11	nan	nan	vPN	na	vPN: 48h	vPN	PN_48h_GH146_P7_N24
2	GH146-GFP	48h	1103852	4941	MARS_25	4	-1	25	MARS_25	lPN	na	MARS_25: 48h	MARS_25	PN_48h_GH146_P7_N3
2	GH146-GFP	48h	653357	1327	nan	12	3	nan	nan	vPN	na	nan: 48h	nan	PN_48h_GH146_P7_O11
2	GH146-GFP	48h	332619	4508	VM2	29	12	13	VM2	adPN	na	VM2: 48h	VM2	PN_48h_GH146_P7_O15
2	GH146-GFP	48h	174895	1089	VM7 or VM5v #2	1	13	nan	nan	adPN	na	VM7 or VM5v #2: 48h	VM7 or VM5v #2	PN_48h_GH146_P7_O18
2	GH146-GFP	48h	2473392	2660	VA5	13	54	26	VA5	lPN	na	VA5: 48h	VA5	PN_48h_GH146_P7_O21
2	GH146-GFP	48h	507338	1592	VA5	13	54	26	VA5	lPN	na	VA5: 48h	VA5	PN_48h_GH146_P7_O5
2	GH146-GFP	48h	991872	4379	MARS_27	24	48	27	MARS_27	lPN	na	MARS_27: 48h	MARS_27	PN_48h_GH146_P7_P11
2	GH146-GFP	48h	2683097	2830	MARS_25	4	-1	25	MARS_25		na	MARS_25: 48h	MARS_25	PN_48h_GH146_P7_P23
2	GH146-GFP	48h	1087226	3987	DL3	2	57	24	DL3	lPN	na	DL3: 48h	DL3	PN_48h_GH146_P7_P5
2	GH146-GFP	48h	917601	1693	MARS_27	24	-1	27	MARS_27		na	MARS_27: 48h	MARS_27	PN_48h_GH146_P8_A10
2	GH146-GFP	48h	406883	4569	VA1d	17	10	10	VA1d	adPN	na	VA1d: 48h	VA1d	PN_48h_GH146_P8_A13
2	GH146-GFP	48h	497939	4241	DA1_fru+	6	59	15	DA1_fru+	lPN	na	DA1_fru+: 48h	DA1_fru+	PN_48h_GH146_P8_A15
2	GH146-GFP	48h	922538	764	nan	1	-1	nan	nan	lPN	na	nan: 48h	nan	PN_48h_GH146_P8_A4
2	GH146-GFP	48h	1887909	3849	MARS_2	5	52	2	MARS_2	lPN	na	MARS_2: 48h	MARS_2	PN_48h_GH146_P8_A5
2	GH146-GFP	48h	1111128	2133	nan	19	41	nan	nan	adPN	na	nan: 48h	nan	PN_48h_GH146_P8_A7
2	GH146-GFP	48h	1056294	3569	D	7	29	12	D	adPN	na	D: 48h	D	PN_48h_GH146_P8_B12
2	GH146-GFP	48h	630859	2779	nan	19	42	nan	nan	vPN	na	nan: 48h	nan	PN_48h_GH146_P8_B14
2	GH146-GFP	48h	102347	1611	VA5	13	-1	26	VA5		na	VA5: 48h	VA5	PN_48h_GH146_P8_B21
2	GH146-GFP	48h	620900	3932	DA1_fru+	6	59	15	DA1_fru+	lPN	na	DA1_fru+: 48h	DA1_fru+	PN_48h_GH146_P8_B8
2	GH146-GFP	48h	146591	3858	MARS_25	4	54	25	MARS_25	lPN	na	MARS_25: 48h	MARS_25	PN_48h_GH146_P8_C11
2	GH146-GFP	48h	868626	4384	D	7	29	12	D	adPN	na	D: 48h	D	PN_48h_GH146_P8_C16
2	GH146-GFP	48h	170173	4114	vPN	10	11	nan	nan	vPN	na	vPN: 48h	vPN	PN_48h_GH146_P8_C19
2	GH146-GFP	48h	113941	3100	nan	14	1	nan	nan	APL	na	nan: 48h	nan	PN_48h_GH146_P8_C1
2	GH146-GFP	48h	189137	4238	nan	19	42	nan	nan	adPN	na	nan: 48h	nan	PN_48h_GH146_P8_C23
2	GH146-GFP	48h	168310	3126	nan	19	42	nan	nan	vPN	na	nan: 48h	nan	PN_48h_GH146_P8_C2
2	GH146-GFP	48h	120020	804	nan	28	-1	nan	nan		na	nan: 48h	nan	PN_48h_GH146_P8_C5
2	GH146-GFP	48h	102972	710	nan	1	53	nan	nan	lPN	na	nan: 48h	nan	PN_48h_GH146_P8_C7
2	GH146-GFP	48h	932992	2331	MARS_19	15	-1	19	MARS_19		na	MARS_19: 48h	MARS_19	PN_48h_GH146_P8_C8
2	GH146-GFP	48h	470678	2641	MARS_2	5	52	2	MARS_2	lPN	na	MARS_2: 48h	MARS_2	PN_48h_GH146_P8_D10
2	GH146-GFP	48h	397737	4099	DL3	2	57	24	DL3	lPN	na	DL3: 48h	DL3	PN_48h_GH146_P8_D1
2	GH146-GFP	48h	149544	3386	MARS_25	4	54	25	MARS_25	lPN	na	MARS_25: 48h	MARS_25	PN_48h_GH146_P8_D7
2	GH146-GFP	48h	815519	1358	nan	14	1	nan	nan	APL	na	nan: 48h	nan	PN_48h_GH146_P8_E2
2	GH146-GFP	48h	307412	4374	nan	9	44	nan	nan		na	nan: 48h	nan	PN_48h_GH146_P8_E4
2	GH146-GFP	48h	648404	1013	nan	28	-1	nan	nan	adPN	na	nan: 48h	nan	PN_48h_GH146_P8_E5
2	GH146-GFP	48h	1220330	4495	vPN	20	4	nan	nan	vPN	na	vPN: 48h	vPN	PN_48h_GH146_P8_F11
2	GH146-GFP	48h	1057893	639	nan	1	13	nan	nan		na	nan: 48h	nan	PN_48h_GH146_P8_F13
2	GH146-GFP	48h	169497	853	nan	1	43	nan	nan	adPN	na	nan: 48h	nan	PN_48h_GH146_P8_F15
2	GH146-GFP	48h	768766	4126	DA1_fru+	6	59	15	DA1_fru+	lPN	na	DA1_fru+: 48h	DA1_fru+	PN_48h_GH146_P8_F5
2	GH146-GFP	48h	814084	5119	VC2	26	55	16	VC2	lPN	na	VC2: 48h	VC2	PN_48h_GH146_P8_G10
2	GH146-GFP	48h	549346	4523	D	7	29	12	D	adPN	na	D: 48h	D	PN_48h_GH146_P8_G21
2	GH146-GFP	48h	260601	4347	vPN	20	4	nan	nan	vPN	na	vPN: 48h	vPN	PN_48h_GH146_P8_G3
2	GH146-GFP	48h	1086654	5018	VA6	23	46	0	VA6	adPN	na	VA6: 48h	VA6	PN_48h_GH146_P8_G4
2	GH146-GFP	48h	783962	2007	DL3	2	57	24	DL3	lPN	na	DL3: 48h	DL3	PN_48h_GH146_P8_H11
2	GH146-GFP	48h	730713	2353	MARS_19	15	43	19	MARS_19	adPN	na	MARS_19: 48h	MARS_19	PN_48h_GH146_P8_H21
2	GH146-GFP	48h	106041	1716	nan	19	13	nan	nan		na	nan: 48h	nan	PN_48h_GH146_P8_H22
2	GH146-GFP	48h	447370	4375	MARS_2	5	52	2	MARS_2	lPN	na	MARS_2: 48h	MARS_2	PN_48h_GH146_P8_H6
2	GH146-GFP	48h	378897	749	nan	1	-1	nan	nan		na	nan: 48h	nan	PN_48h_GH146_P8_I12
2	GH146-GFP	48h	1284199	2262	vPN	10	11	nan	nan	vPN	na	vPN: 48h	vPN	PN_48h_GH146_P8_I13
2	GH146-GFP	48h	1882974	1783	MARS_19	15	-1	19	MARS_19		na	MARS_19: 48h	MARS_19	PN_48h_GH146_P8_I14
2	GH146-GFP	48h	306809	2761	nan	19	41	nan	nan	adPN	na	nan: 48h	nan	PN_48h_GH146_P8_I16
2	GH146-GFP	48h	497946	2692	MARS_19	15	41	19	MARS_19	adPN	na	MARS_19: 48h	MARS_19	PN_48h_GH146_P8_I2
2	GH146-GFP	48h	437018	5321	nan	19	-1	nan	nan		na	nan: 48h	nan	PN_48h_GH146_P8_I3
2	GH146-GFP	48h	117963	672	nan	12	3	nan	nan	vPN	na	nan: 48h	nan	PN_48h_GH146_P8_I6
2	GH146-GFP	48h	1361088	847	nan	28	-1	nan	nan	lPN	na	nan: 48h	nan	PN_48h_GH146_P8_J11
2	GH146-GFP	48h	444299	4656	nan	6	-1	15	DA1_fru+	lPN	na	nan: 48h	nan	PN_48h_GH146_P8_J21
2	GH146-GFP	48h	224498	3376	D	7	29	12	D	adPN	na	D: 48h	D	PN_48h_GH146_P8_J6
2	GH146-GFP	48h	346935	4428	VA1v	8	7	6	VA1v	adPN	na	VA1v: 48h	VA1v	PN_48h_GH146_P8_K10
2	GH146-GFP	48h	1373646	4425	VC2	26	55	16	VC2	lPN	na	VC2: 48h	VC2	PN_48h_GH146_P8_K12
2	GH146-GFP	48h	1595369	2623	nan	19	42	nan	nan	adPN	na	nan: 48h	nan	PN_48h_GH146_P8_K14
2	GH146-GFP	48h	671828	4073	DA1_fru+	6	59	15	DA1_fru+	lPN	na	DA1_fru+: 48h	DA1_fru+	PN_48h_GH146_P8_K21
2	GH146-GFP	48h	1322727	3482	MARS_2	5	52	2	MARS_2	lPN	na	MARS_2: 48h	MARS_2	PN_48h_GH146_P8_K23
2	GH146-GFP	48h	116359	1421	nan	21	-1	nan	nan		na	nan: 48h	nan	PN_48h_GH146_P8_K5
2	GH146-GFP	48h	934424	2586	VA1d	17	10	10	VA1d	adPN	na	VA1d: 48h	VA1d	PN_48h_GH146_P8_K9
2	GH146-GFP	48h	1763921	809	nan	12	3	nan	nan	vPN	na	nan: 48h	nan	PN_48h_GH146_P8_L14
2	GH146-GFP	48h	2266903	1720	MARS_2	5	-1	2	MARS_2	lPN	na	MARS_2: 48h	MARS_2	PN_48h_GH146_P8_L15
2	GH146-GFP	48h	502489	896	APL	28	34	nan	nan	APL	na	APL: 48h	APL	PN_48h_GH146_P8_L1
2	GH146-GFP	48h	504719	2636	APL	3	35	nan	nan	APL	na	APL: 48h	APL	PN_48h_GH146_P8_L24
2	GH146-GFP	48h	1525485	2904	DL3	2	57	24	DL3	lPN	na	DL3: 48h	DL3	PN_48h_GH146_P8_L5
2	GH146-GFP	48h	1883223	1564	nan	19	-1	nan	nan		na	nan: 48h	nan	PN_48h_GH146_P8_L7
2	GH146-GFP	48h	864397	2965	APL	3	35	nan	nan	APL	na	APL: 48h	APL	PN_48h_GH146_P8_L9
2	GH146-GFP	48h	1039452	795	nan	28	45	nan	nan		na	nan: 48h	nan	PN_48h_GH146_P8_M15
2	GH146-GFP	48h	512727	2875	D	7	29	12	D	adPN	na	D: 48h	D	PN_48h_GH146_P8_M16
2	GH146-GFP	48h	1361275	2620	MARS_25	4	54	25	MARS_25	lPN	na	MARS_25: 48h	MARS_25	PN_48h_GH146_P8_M18
2	GH146-GFP	48h	2934325	2788	vPN	10	11	nan	nan	vPN	na	vPN: 48h	vPN	PN_48h_GH146_P8_M19
2	GH146-GFP	48h	3243607	1074	nan	12	-1	nan	nan		na	nan: 48h	nan	PN_48h_GH146_P8_M20
2	GH146-GFP	48h	957411	4937	DL1	25	36	8	DL1	adPN	na	DL1: 48h	DL1	PN_48h_GH146_P8_M2
2	GH146-GFP	48h	900083	4493	vPN	20	4	nan	nan	vPN	na	vPN: 48h	vPN	PN_48h_GH146_P8_M4
2	GH146-GFP	48h	682408	2825	MARS_5	21	23	nan	nan	adPN	na	MARS_5: 48h	MARS_5	PN_48h_GH146_P8_M6
2	GH146-GFP	48h	1042596	2285	APL	3	35	nan	nan	APL	na	APL: 48h	APL	PN_48h_GH146_P8_N19
2	GH146-GFP	48h	538361	643	nan	12	3	nan	nan	vPN	na	nan: 48h	nan	PN_48h_GH146_P8_N20
2	GH146-GFP	48h	1067735	4619	MARS_19	15	43	19	MARS_19	adPN	na	MARS_19: 48h	MARS_19	PN_48h_GH146_P8_N23
2	GH146-GFP	48h	524079	5665	MARS_19	15	-1	19	MARS_19		na	MARS_19: 48h	MARS_19	PN_48h_GH146_P8_N3
2	GH146-GFP	48h	1886221	3022	nan	19	-1	nan	nan		na	nan: 48h	nan	PN_48h_GH146_P8_N8
2	GH146-GFP	48h	1078837	2534	MARS_19	15	-1	19	MARS_19		na	MARS_19: 48h	MARS_19	PN_48h_GH146_P8_O10
2	GH146-GFP	48h	762606	1427	nan	1	-1	nan	nan	APL	na	nan: 48h	nan	PN_48h_GH146_P8_O12
2	GH146-GFP	48h	950914	2965	VC2	26	55	16	VC2	lPN	na	VC2: 48h	VC2	PN_48h_GH146_P8_O13
2	GH146-GFP	48h	1477558	2224	APL	27	34	nan	nan	APL	na	APL: 48h	APL	PN_48h_GH146_P8_O15
2	GH146-GFP	48h	378201	3214	MARS_2	5	52	2	MARS_2	lPN	na	MARS_2: 48h	MARS_2	PN_48h_GH146_P8_O20
2	GH146-GFP	48h	745463	5476	MARS_19	15	-1	19	MARS_19		na	MARS_19: 48h	MARS_19	PN_48h_GH146_P8_O2
2	GH146-GFP	48h	931467	4567	MARS_2	5	52	2	MARS_2	lPN	na	MARS_2: 48h	MARS_2	PN_48h_GH146_P8_O5
2	GH146-GFP	48h	571782	4057	DA1_fru+	6	59	15	DA1_fru+	lPN	na	DA1_fru+: 48h	DA1_fru+	PN_48h_GH146_P8_P7
2	GH146-GFP	48h	554271	4103	VM7 or VM5v #1	11	13	3	VM7 or VM5v #1	adPN	na	VM7 or VM5v #1: 48h	VM7 or VM5v #1	PN_48h_GH146_P12_A10
2	GH146-GFP	48h	140338	4002	DM6	22	8	22	DM6	adPN	na	DM6: 48h	DM6	PN_48h_GH146_P12_A11
2	GH146-GFP	48h	314414	2052	nan	19	13	nan	nan		na	nan: 48h	nan	PN_48h_GH146_P12_A13
2	GH146-GFP	48h	922042	4959	MARS_19	15	-1	19	MARS_19		na	MARS_19: 48h	MARS_19	PN_48h_GH146_P12_A14
2	GH146-GFP	48h	679069	3150	DL3	2	57	24	DL3	lPN	na	DL3: 48h	DL3	PN_48h_GH146_P12_A15
2	GH146-GFP	48h	785413	3776	VM7 or VM5v #2	18	13	28	VM7 or VM5v #2	adPN	na	VM7 or VM5v #2: 48h	VM7 or VM5v #2	PN_48h_GH146_P12_A16
2	GH146-GFP	48h	705707	4598	MARS_25	4	-1	25	MARS_25		na	MARS_25: 48h	MARS_25	PN_48h_GH146_P12_A17
2	GH146-GFP	48h	1127790	4127	DC3	0	10	20	DC3	adPN	na	DC3: 48h	DC3	PN_48h_GH146_P12_A18
2	GH146-GFP	48h	689491	3608	DA1_fru-	16	57	23	DA1_fru-	lPN	na	DA1_fru-: 48h	DA1_fru-	PN_48h_GH146_P12_A1
2	GH146-GFP	48h	689633	3661	vPN	10	11	nan	nan	vPN	na	vPN: 48h	vPN	PN_48h_GH146_P12_A20
2	GH146-GFP	48h	476552	3430	D	7	29	12	D	adPN	na	D: 48h	D	PN_48h_GH146_P12_A22
2	GH146-GFP	48h	631885	3026	APL	27	34	nan	nan	APL	na	APL: 48h	APL	PN_48h_GH146_P12_A23
2	GH146-GFP	48h	238464	2485	DC3	0	10	20	DC3	adPN	na	DC3: 48h	DC3	PN_48h_GH146_P12_A24
2	GH146-GFP	48h	388863	4074	MARS_25	4	54	25	MARS_25	lPN	na	MARS_25: 48h	MARS_25	PN_48h_GH146_P12_A2
2	GH146-GFP	48h	143081	4420	VC2	26	55	16	VC2	lPN	na	VC2: 48h	VC2	PN_48h_GH146_P12_A3
2	GH146-GFP	48h	1031227	4091	VM7 or VM5v #2	18	13	28	VM7 or VM5v #2	adPN	na	VM7 or VM5v #2: 48h	VM7 or VM5v #2	PN_48h_GH146_P12_A4
2	GH146-GFP	48h	285039	3824	nan	6	58	15	DA1_fru+	lPN	na	nan: 48h	nan	PN_48h_GH146_P12_A8
2	GH146-GFP	48h	490319	4396	DL1	25	36	8	DL1	adPN	na	DL1: 48h	DL1	PN_48h_GH146_P12_B10
2	GH146-GFP	48h	530545	5014	nan	29	-1	13	VM2	adPN	na	nan: 48h	nan	PN_48h_GH146_P12_B11
2	GH146-GFP	48h	1517404	4529	MARS_25	4	54	25	MARS_25	lPN	na	MARS_25: 48h	MARS_25	PN_48h_GH146_P12_B13
2	GH146-GFP	48h	1200165	4067	VM7 or VM5v #2	18	13	28	VM7 or VM5v #2	adPN	na	VM7 or VM5v #2: 48h	VM7 or VM5v #2	PN_48h_GH146_P12_B14
2	GH146-GFP	48h	337859	3664	vPN	10	11	nan	nan	vPN	na	vPN: 48h	vPN	PN_48h_GH146_P12_B17
2	GH146-GFP	48h	1337633	3534	DL3	2	57	24	DL3	lPN	na	DL3: 48h	DL3	PN_48h_GH146_P12_B18
2	GH146-GFP	48h	753507	4755	nan	6	59	15	DA1_fru+	lPN	na	nan: 48h	nan	PN_48h_GH146_P12_B19
2	GH146-GFP	48h	329255	3957	VA5	13	54	26	VA5	lPN	na	VA5: 48h	VA5	PN_48h_GH146_P12_B1
2	GH146-GFP	48h	1207798	4529	nan	19	42	nan	nan	adPN	na	nan: 48h	nan	PN_48h_GH146_P12_B20
2	GH146-GFP	48h	772803	3636	nan	6	58	15	DA1_fru+	lPN	na	nan: 48h	nan	PN_48h_GH146_P12_B21
2	GH146-GFP	48h	1125935	4136	vPN	20	4	nan	nan	vPN	na	vPN: 48h	vPN	PN_48h_GH146_P12_B23
2	GH146-GFP	48h	1011780	3788	DA1_fru-	16	57	23	DA1_fru-	lPN	na	DA1_fru-: 48h	DA1_fru-	PN_48h_GH146_P12_B2
2	GH146-GFP	48h	319594	4118	VA1v	8	7	6	VA1v	adPN	na	VA1v: 48h	VA1v	PN_48h_GH146_P12_B3
2	GH146-GFP	48h	558907	4399	VA1v	8	7	6	VA1v	adPN	na	VA1v: 48h	VA1v	PN_48h_GH146_P12_B4
2	GH146-GFP	48h	474797	3982	DA1_fru-	16	57	23	DA1_fru-	lPN	na	DA1_fru-: 48h	DA1_fru-	PN_48h_GH146_P12_B5
2	GH146-GFP	48h	762318	4370	DA1_fru+	6	59	15	DA1_fru+	lPN	na	DA1_fru+: 48h	DA1_fru+	PN_48h_GH146_P12_B6
2	GH146-GFP	48h	1133574	3145	APL	27	34	nan	nan	APL	na	APL: 48h	APL	PN_48h_GH146_P12_B7
2	GH146-GFP	48h	1038414	4114	DM6	22	8	22	DM6	adPN	na	DM6: 48h	DM6	PN_48h_GH146_P12_B9
2	GH146-GFP	48h	1290580	4522	VM7 or VM5v #2	18	13	28	VM7 or VM5v #2	adPN	na	VM7 or VM5v #2: 48h	VM7 or VM5v #2	PN_48h_GH146_P12_C10
2	GH146-GFP	48h	276642	4324	VA1v	8	7	6	VA1v	adPN	na	VA1v: 48h	VA1v	PN_48h_GH146_P12_C12
2	GH146-GFP	48h	354539	3179	APL	27	34	nan	nan	APL	na	APL: 48h	APL	PN_48h_GH146_P12_C16
2	GH146-GFP	48h	992155	3801	vPN	10	11	nan	nan	vPN	na	vPN: 48h	vPN	PN_48h_GH146_P12_C18
2	GH146-GFP	48h	1401407	4060	D	7	29	12	D	adPN	na	D: 48h	D	PN_48h_GH146_P12_C20
2	GH146-GFP	48h	1470271	4243	VA1d	17	10	10	VA1d	adPN	na	VA1d: 48h	VA1d	PN_48h_GH146_P12_C21
2	GH146-GFP	48h	947343	3513	MARS_2	5	52	2	MARS_2	lPN	na	MARS_2: 48h	MARS_2	PN_48h_GH146_P12_C22
2	GH146-GFP	48h	1751417	3326	APL	27	34	nan	nan	APL	na	APL: 48h	APL	PN_48h_GH146_P12_C2
2	GH146-GFP	48h	1319433	4900	VC2	26	55	16	VC2	lPN	na	VC2: 48h	VC2	PN_48h_GH146_P12_C3
2	GH146-GFP	48h	1494769	3809	VM7 or VM5v #2	18	13	28	VM7 or VM5v #2	adPN	na	VM7 or VM5v #2: 48h	VM7 or VM5v #2	PN_48h_GH146_P12_C4
2	GH146-GFP	48h	1545267	3334	APL	27	34	nan	nan	APL	na	APL: 48h	APL	PN_48h_GH146_P12_C5
2	GH146-GFP	48h	456042	4480	DL1	25	36	8	DL1	adPN	na	DL1: 48h	DL1	PN_48h_GH146_P12_C6
2	GH146-GFP	48h	858493	3770	vPN	10	11	nan	nan	vPN	na	vPN: 48h	vPN	PN_48h_GH146_P12_C7
2	GH146-GFP	48h	698400	2278	VC2	26	55	16	VC2	lPN	na	VC2: 48h	VC2	PN_48h_GH146_P12_C8
2	GH146-GFP	48h	985078	4097	vPN	20	5	nan	nan	vPN	na	vPN: 48h	vPN	PN_48h_GH146_P12_C9
2	GH146-GFP	48h	1445701	3857	MARS_2	5	52	2	MARS_2	lPN	na	MARS_2: 48h	MARS_2	PN_48h_GH146_P12_D10
2	GH146-GFP	48h	295972	3958	MARS_25	4	54	25	MARS_25	lPN	na	MARS_25: 48h	MARS_25	PN_48h_GH146_P12_D11
2	GH146-GFP	48h	283425	3802	MARS_2	5	52	2	MARS_2	lPN	na	MARS_2: 48h	MARS_2	PN_48h_GH146_P12_D12
2	GH146-GFP	48h	349251	3668	MARS_2	5	52	2	MARS_2	lPN	na	MARS_2: 48h	MARS_2	PN_48h_GH146_P12_D13
2	GH146-GFP	48h	111932	2289	VA1v	3	-1	nan	nan		na	VA1v: 48h	VA1v	PN_48h_GH146_P12_D15
2	GH146-GFP	48h	858872	4949	VC2	26	55	16	VC2	lPN	na	VC2: 48h	VC2	PN_48h_GH146_P12_D16
2	GH146-GFP	48h	959383	5630	MARS_19	15	-1	19	MARS_19		na	MARS_19: 48h	MARS_19	PN_48h_GH146_P12_D17
2	GH146-GFP	48h	547817	4049	DA1_fru-	16	57	23	DA1_fru-	lPN	na	DA1_fru-: 48h	DA1_fru-	PN_48h_GH146_P12_D18
2	GH146-GFP	48h	1405389	4432	VA6	23	46	0	VA6	adPN	na	VA6: 48h	VA6	PN_48h_GH146_P12_D1
2	GH146-GFP	48h	1010946	4107	DM6	22	8	22	DM6	adPN	na	DM6: 48h	DM6	PN_48h_GH146_P12_D20
2	GH146-GFP	48h	876884	4397	vPN	20	2	nan	nan	vPN	na	vPN: 48h	vPN	PN_48h_GH146_P12_D21
2	GH146-GFP	48h	1001454	3711	DM6	22	8	22	DM6	adPN	na	DM6: 48h	DM6	PN_48h_GH146_P12_D22
2	GH146-GFP	48h	1005014	4346	DC3	0	10	20	DC3	adPN	na	DC3: 48h	DC3	PN_48h_GH146_P12_D2
2	GH146-GFP	48h	1253530	4451	vPN	20	2	nan	nan	vPN	na	vPN: 48h	vPN	PN_48h_GH146_P12_D4
2	GH146-GFP	48h	1414877	3512	APL	27	34	nan	nan	APL	na	APL: 48h	APL	PN_48h_GH146_P12_D5
2	GH146-GFP	48h	993141	4281	DA1_fru+	6	59	15	DA1_fru+	lPN	na	DA1_fru+: 48h	DA1_fru+	PN_48h_GH146_P12_D7
2	GH146-GFP	48h	1351025	5187	VC2	26	53	16	VC2	lPN	na	VC2: 48h	VC2	PN_48h_GH146_P12_E10
2	GH146-GFP	48h	815239	3207	APL	27	34	nan	nan	APL	na	APL: 48h	APL	PN_48h_GH146_P12_E11
2	GH146-GFP	48h	1454163	4328	DA1_fru+	6	59	15	DA1_fru+	lPN	na	DA1_fru+: 48h	DA1_fru+	PN_48h_GH146_P12_E12
2	GH146-GFP	48h	997448	4412	MARS_27	24	48	27	MARS_27	lPN	na	MARS_27: 48h	MARS_27	PN_48h_GH146_P12_E14
2	GH146-GFP	48h	1427797	4341	DA1_fru+	6	59	15	DA1_fru+	lPN	na	DA1_fru+: 48h	DA1_fru+	PN_48h_GH146_P12_E15
2	GH146-GFP	48h	1656502	3921	MARS_2	5	52	2	MARS_2	lPN	na	MARS_2: 48h	MARS_2	PN_48h_GH146_P12_E16
2	GH146-GFP	48h	1170691	2110	nan	19	-1	nan	nan	APL	na	nan: 48h	nan	PN_48h_GH146_P12_E18
2	GH146-GFP	48h	772907	3599	DL3	2	58	24	DL3	lPN	na	DL3: 48h	DL3	PN_48h_GH146_P12_E1
2	GH146-GFP	48h	1689011	4378	DL1	25	36	8	DL1	adPN	na	DL1: 48h	DL1	PN_48h_GH146_P12_E20
2	GH146-GFP	48h	534001	2516	nan	19	42	nan	nan	vPN	na	nan: 48h	nan	PN_48h_GH146_P12_E21
2	GH146-GFP	48h	1297415	3191	APL	27	34	nan	nan	APL	na	APL: 48h	APL	PN_48h_GH146_P12_E2
2	GH146-GFP	48h	1136363	3951	DA1_fru+	6	59	15	DA1_fru+	lPN	na	DA1_fru+: 48h	DA1_fru+	PN_48h_GH146_P12_E3
2	GH146-GFP	48h	667479	3545	DL3	2	57	24	DL3	lPN	na	DL3: 48h	DL3	PN_48h_GH146_P12_E5
2	GH146-GFP	48h	385415	3684	MARS_2	5	52	2	MARS_2	lPN	na	MARS_2: 48h	MARS_2	PN_48h_GH146_P12_E7
2	GH146-GFP	48h	1298419	3346	APL	3	14	nan	nan	APL	na	APL: 48h	APL	PN_48h_GH146_P12_E8
2	GH146-GFP	48h	1515390	4443	DC3	0	10	20	DC3	adPN	na	DC3: 48h	DC3	PN_48h_GH146_P12_E9
2	GH146-GFP	48h	1320845	5064	VC2	26	55	16	VC2	lPN	na	VC2: 48h	VC2	PN_48h_GH146_P12_F10
2	GH146-GFP	48h	2147030	4480	VA5	13	54	26	VA5	lPN	na	VA5: 48h	VA5	PN_48h_GH146_P12_F11
2	GH146-GFP	48h	1634629	3908	DA1_fru-	16	57	23	DA1_fru-	lPN	na	DA1_fru-: 48h	DA1_fru-	PN_48h_GH146_P12_F13
2	GH146-GFP	48h	1947142	4381	nan	6	58	15	DA1_fru+	lPN	na	nan: 48h	nan	PN_48h_GH146_P12_F14
2	GH146-GFP	48h	1968694	4849	vPN	20	2	nan	nan	vPN	na	vPN: 48h	vPN	PN_48h_GH146_P12_F15
2	GH146-GFP	48h	1198797	4475	MARS_27	24	48	27	MARS_27	lPN	na	MARS_27: 48h	MARS_27	PN_48h_GH146_P12_F16
2	GH146-GFP	48h	1613678	4097	DM6	22	8	22	DM6	adPN	na	DM6: 48h	DM6	PN_48h_GH146_P12_F18
2	GH146-GFP	48h	1373872	1422	VM7 or VM5v #2	18	13	28	VM7 or VM5v #2	adPN	na	VM7 or VM5v #2: 48h	VM7 or VM5v #2	PN_48h_GH146_P12_F19
2	GH146-GFP	48h	1010042	3990	MARS_27	24	48	27	MARS_27	lPN	na	MARS_27: 48h	MARS_27	PN_48h_GH146_P12_F1
2	GH146-GFP	48h	1665385	4081	MARS_5	21	23	nan	nan	adPN	na	MARS_5: 48h	MARS_5	PN_48h_GH146_P12_F20
2	GH146-GFP	48h	1289228	3914	MARS_25	4	54	25	MARS_25	lPN	na	MARS_25: 48h	MARS_25	PN_48h_GH146_P12_F22
2	GH146-GFP	48h	638009	1797	MARS_2	5	-1	2	MARS_2	lPN	na	MARS_2: 48h	MARS_2	PN_48h_GH146_P12_F23
2	GH146-GFP	48h	1141649	3514	MARS_2	5	52	2	MARS_2	lPN	na	MARS_2: 48h	MARS_2	PN_48h_GH146_P12_F2
2	GH146-GFP	48h	693034	1430	VA1v	1	7	nan	nan	adPN	na	VA1v: 48h	VA1v	PN_48h_GH146_P12_F3
2	GH146-GFP	48h	1548374	3279	APL	27	34	nan	nan	APL	na	APL: 48h	APL	PN_48h_GH146_P12_F4
2	GH146-GFP	48h	1351925	1074	nan	11	13	3	VM7 or VM5v #1	adPN	na	nan: 48h	nan	PN_48h_GH146_P12_F5
2	GH146-GFP	48h	1256716	4500	VA1d	17	10	10	VA1d	adPN	na	VA1d: 48h	VA1d	PN_48h_GH146_P12_F6
2	GH146-GFP	48h	1432173	4120	D	7	29	12	D	adPN	na	D: 48h	D	PN_48h_GH146_P12_F7
2	GH146-GFP	48h	997524	1073	nan	1	-1	nan	nan		na	nan: 48h	nan	PN_48h_GH146_P12_F8
2	GH146-GFP	48h	1727006	2256	nan	11	13	3	VM7 or VM5v #1	adPN	na	nan: 48h	nan	PN_48h_GH146_P12_F9
2	GH146-GFP	48h	950554	4329	MARS_25	4	54	25	MARS_25	lPN	na	MARS_25: 48h	MARS_25	PN_48h_GH146_P12_G10
2	GH146-GFP	48h	1537653	4344	VA5	13	54	26	VA5	lPN	na	VA5: 48h	VA5	PN_48h_GH146_P12_G11
2	GH146-GFP	48h	1857341	4335	DM6	22	8	22	DM6	adPN	na	DM6: 48h	DM6	PN_48h_GH146_P12_G12
2	GH146-GFP	48h	1578850	4123	vPN	20	5	nan	nan	vPN	na	vPN: 48h	vPN	PN_48h_GH146_P12_G13
2	GH146-GFP	48h	1945865	4172	MARS_25	4	54	25	MARS_25	lPN	na	MARS_25: 48h	MARS_25	PN_48h_GH146_P12_G14
2	GH146-GFP	48h	892101	2849	nan	19	-1	nan	nan		na	nan: 48h	nan	PN_48h_GH146_P12_G16
2	GH146-GFP	48h	908259	4429	VA1v	8	7	6	VA1v	adPN	na	VA1v: 48h	VA1v	PN_48h_GH146_P12_G17
2	GH146-GFP	48h	1799967	3816	DA1_fru-	16	57	23	DA1_fru-	lPN	na	DA1_fru-: 48h	DA1_fru-	PN_48h_GH146_P12_G18
2	GH146-GFP	48h	1545154	4078	MARS_25	4	54	25	MARS_25	lPN	na	MARS_25: 48h	MARS_25	PN_48h_GH146_P12_G19
2	GH146-GFP	48h	1612398	3873	nan	6	58	15	DA1_fru+	lPN	na	nan: 48h	nan	PN_48h_GH146_P12_G1
2	GH146-GFP	48h	1752210	4085	DM6	22	8	22	DM6	adPN	na	DM6: 48h	DM6	PN_48h_GH146_P12_G20
2	GH146-GFP	48h	1375656	3901	MARS_2	5	52	2	MARS_2	lPN	na	MARS_2: 48h	MARS_2	PN_48h_GH146_P12_G21
2	GH146-GFP	48h	2426472	3319	APL	27	34	nan	nan	APL	na	APL: 48h	APL	PN_48h_GH146_P12_G2
2	GH146-GFP	48h	1863525	3507	DL3	2	57	24	DL3	lPN	na	DL3: 48h	DL3	PN_48h_GH146_P12_G3
2	GH146-GFP	48h	1341720	4499	VA1v	8	7	6	VA1v	adPN	na	VA1v: 48h	VA1v	PN_48h_GH146_P12_G4
2	GH146-GFP	48h	1243626	5070	VC2	26	55	16	VC2	lPN	na	VC2: 48h	VC2	PN_48h_GH146_P12_G6
2	GH146-GFP	48h	1704491	4104	MARS_5	21	23	nan	nan	adPN	na	MARS_5: 48h	MARS_5	PN_48h_GH146_P12_G7
2	GH146-GFP	48h	1466212	3233	VM7 or VM5v #1	11	13	3	VM7 or VM5v #1	adPN	na	VM7 or VM5v #1: 48h	VM7 or VM5v #1	PN_48h_GH146_P12_G9
2	GH146-GFP	48h	1920730	3672	MARS_2	5	52	2	MARS_2	lPN	na	MARS_2: 48h	MARS_2	PN_48h_GH146_P12_H10
2	GH146-GFP	48h	2058330	4985	VC2	26	55	16	VC2	lPN	na	VC2: 48h	VC2	PN_48h_GH146_P12_H11
2	GH146-GFP	48h	561054	4597	VA6	23	46	0	VA6	adPN	na	VA6: 48h	VA6	PN_48h_GH146_P12_H12
2	GH146-GFP	48h	1099980	3519	APL	27	34	nan	nan	APL	na	APL: 48h	APL	PN_48h_GH146_P12_H13
2	GH146-GFP	48h	1056013	4543	VA1d	17	10	10	VA1d	adPN	na	VA1d: 48h	VA1d	PN_48h_GH146_P12_H14
2	GH146-GFP	48h	1150048	4556	VA1v	8	7	6	VA1v	adPN	na	VA1v: 48h	VA1v	PN_48h_GH146_P12_H15
2	GH146-GFP	48h	596288	4573	VC2	26	55	16	VC2	lPN	na	VC2: 48h	VC2	PN_48h_GH146_P12_H16
2	GH146-GFP	48h	502226	4479	nan	6	59	15	DA1_fru+	lPN	na	nan: 48h	nan	PN_48h_GH146_P12_H17
2	GH146-GFP	48h	316953	2764	VA6	23	46	0	VA6	adPN	na	VA6: 48h	VA6	PN_48h_GH146_P12_H18
2	GH146-GFP	48h	1315174	4380	DC3	0	10	20	DC3	adPN	na	DC3: 48h	DC3	PN_48h_GH146_P12_H19
2	GH146-GFP	48h	1261545	3900	MARS_19	15	41	19	MARS_19	adPN	na	MARS_19: 48h	MARS_19	PN_48h_GH146_P12_H1
2	GH146-GFP	48h	1331167	4146	vPN	20	5	nan	nan	vPN	na	vPN: 48h	vPN	PN_48h_GH146_P12_H22
2	GH146-GFP	48h	1367915	4814	MARS_19	15	43	19	MARS_19	adPN	na	MARS_19: 48h	MARS_19	PN_48h_GH146_P12_H23
2	GH146-GFP	48h	1060828	4471	VA5	13	54	26	VA5	lPN	na	VA5: 48h	VA5	PN_48h_GH146_P12_H3
2	GH146-GFP	48h	1102255	4097	D	7	29	12	D	adPN	na	D: 48h	D	PN_48h_GH146_P12_H4
2	GH146-GFP	48h	2012717	3686	MARS_2	5	52	2	MARS_2	lPN	na	MARS_2: 48h	MARS_2	PN_48h_GH146_P12_H5
2	GH146-GFP	48h	1462001	5070	VA6	23	-1	0	VA6	adPN	na	VA6: 48h	VA6	PN_48h_GH146_P12_H7
2	GH146-GFP	48h	1325803	3596	MARS_2	5	52	2	MARS_2	lPN	na	MARS_2: 48h	MARS_2	PN_48h_GH146_P12_H8
2	GH146-GFP	48h	1193656	3599	APL	3	35	nan	nan	APL	na	APL: 48h	APL	PN_48h_GH146_P12_I11
2	GH146-GFP	48h	1539351	4741	VA1v	8	7	6	VA1v	adPN	na	VA1v: 48h	VA1v	PN_48h_GH146_P12_I12
2	GH146-GFP	48h	1012868	3830	MARS_2	5	52	2	MARS_2	lPN	na	MARS_2: 48h	MARS_2	PN_48h_GH146_P12_I13
2	GH146-GFP	48h	1944376	4476	VA1d	17	10	10	VA1d	adPN	na	VA1d: 48h	VA1d	PN_48h_GH146_P12_I14
2	GH146-GFP	48h	1456685	4127	DL3	2	58	24	DL3	lPN	na	DL3: 48h	DL3	PN_48h_GH146_P12_I15
2	GH146-GFP	48h	1159097	3262	DL3	2	57	24	DL3	lPN	na	DL3: 48h	DL3	PN_48h_GH146_P12_I1
2	GH146-GFP	48h	1366571	4118	VA1d	17	10	10	VA1d	adPN	na	VA1d: 48h	VA1d	PN_48h_GH146_P12_I20
2	GH146-GFP	48h	1320562	4339	DA1_fru+	6	59	15	DA1_fru+	lPN	na	DA1_fru+: 48h	DA1_fru+	PN_48h_GH146_P12_I21
2	GH146-GFP	48h	1390394	977	nan	12	3	nan	nan	vPN	na	nan: 48h	nan	PN_48h_GH146_P12_I23
2	GH146-GFP	48h	1772379	4537	DA1_fru+	6	59	15	DA1_fru+	lPN	na	DA1_fru+: 48h	DA1_fru+	PN_48h_GH146_P12_I2
2	GH146-GFP	48h	1685668	3898	DA1_fru-	16	57	23	DA1_fru-	lPN	na	DA1_fru-: 48h	DA1_fru-	PN_48h_GH146_P12_I3
2	GH146-GFP	48h	1745748	3942	DA1_fru-	16	57	23	DA1_fru-	lPN	na	DA1_fru-: 48h	DA1_fru-	PN_48h_GH146_P12_I4
2	GH146-GFP	48h	1296798	1246	DA1_fru-	16	57	23	DA1_fru-	lPN	na	DA1_fru-: 48h	DA1_fru-	PN_48h_GH146_P12_I6
2	GH146-GFP	48h	1435199	3641	MARS_2	5	52	2	MARS_2	lPN	na	MARS_2: 48h	MARS_2	PN_48h_GH146_P12_I9
2	GH146-GFP	48h	1127227	3362	DL3	2	57	24	DL3	lPN	na	DL3: 48h	DL3	PN_48h_GH146_P12_J10
2	GH146-GFP	48h	826924	3252	DL3	2	57	24	DL3	lPN	na	DL3: 48h	DL3	PN_48h_GH146_P12_J11
2	GH146-GFP	48h	878082	3466	DL3	2	57	24	DL3	lPN	na	DL3: 48h	DL3	PN_48h_GH146_P12_J12
2	GH146-GFP	48h	739521	3874	DA1_fru+	6	59	15	DA1_fru+	lPN	na	DA1_fru+: 48h	DA1_fru+	PN_48h_GH146_P12_J13
2	GH146-GFP	48h	1281749	3479	DL3	2	57	24	DL3	lPN	na	DL3: 48h	DL3	PN_48h_GH146_P12_J15
2	GH146-GFP	48h	296869	3078	APL	27	34	nan	nan	APL	na	APL: 48h	APL	PN_48h_GH146_P12_J17
2	GH146-GFP	48h	1861757	4649	VA6	23	46	0	VA6	adPN	na	VA6: 48h	VA6	PN_48h_GH146_P12_J19
2	GH146-GFP	48h	1672255	4646	vPN	20	2	nan	nan	vPN	na	vPN: 48h	vPN	PN_48h_GH146_P12_J1
2	GH146-GFP	48h	1278752	3605	DM6	22	8	22	DM6	adPN	na	DM6: 48h	DM6	PN_48h_GH146_P12_J20
2	GH146-GFP	48h	1093838	4252	VM7 or VM5v #1	11	13	3	VM7 or VM5v #1	adPN	na	VM7 or VM5v #1: 48h	VM7 or VM5v #1	PN_48h_GH146_P12_J21
2	GH146-GFP	48h	1089013	4099	D	7	29	12	D	adPN	na	D: 48h	D	PN_48h_GH146_P12_J22
2	GH146-GFP	48h	2461915	4072	DA1_fru-	16	57	23	DA1_fru-	lPN	na	DA1_fru-: 48h	DA1_fru-	PN_48h_GH146_P12_J2
2	GH146-GFP	48h	1648954	3897	MARS_25	4	54	25	MARS_25	lPN	na	MARS_25: 48h	MARS_25	PN_48h_GH146_P12_J3
2	GH146-GFP	48h	1463075	4277	VM2	29	12	13	VM2		na	VM2: 48h	VM2	PN_48h_GH146_P12_J5
2	GH146-GFP	48h	1321044	4403	DL1	25	36	8	DL1	adPN	na	DL1: 48h	DL1	PN_48h_GH146_P12_J6
2	GH146-GFP	48h	780624	3501	APL	27	34	nan	nan	APL	na	APL: 48h	APL	PN_48h_GH146_P12_J7
2	GH146-GFP	48h	227279	3887	VM7 or VM5v #1	11	13	3	VM7 or VM5v #1	adPN	na	VM7 or VM5v #1: 48h	VM7 or VM5v #1	PN_48h_GH146_P12_J9
2	GH146-GFP	48h	1906620	4443	DC3	0	10	20	DC3	adPN	na	DC3: 48h	DC3	PN_48h_GH146_P12_K10
2	GH146-GFP	48h	825220	4069	D	7	29	12	D	adPN	na	D: 48h	D	PN_48h_GH146_P12_K11
2	GH146-GFP	48h	926907	4474	MARS_19	15	43	19	MARS_19	adPN	na	MARS_19: 48h	MARS_19	PN_48h_GH146_P12_K13
2	GH146-GFP	48h	1153680	4817	MARS_19	15	16	19	MARS_19	adPN	na	MARS_19: 48h	MARS_19	PN_48h_GH146_P12_K14
2	GH146-GFP	48h	1206766	5013	VC2	26	53	16	VC2	lPN	na	VC2: 48h	VC2	PN_48h_GH146_P12_K16
2	GH146-GFP	48h	1801783	4129	DA1_fru+	6	59	15	DA1_fru+	lPN	na	DA1_fru+: 48h	DA1_fru+	PN_48h_GH146_P12_K17
2	GH146-GFP	48h	1077444	4508	MARS_19	15	43	19	MARS_19	adPN	na	MARS_19: 48h	MARS_19	PN_48h_GH146_P12_K18
2	GH146-GFP	48h	1799132	3958	D	7	29	12	D	adPN	na	D: 48h	D	PN_48h_GH146_P12_K1
2	GH146-GFP	48h	1487551	3236	APL	27	34	nan	nan	APL	na	APL: 48h	APL	PN_48h_GH146_P12_K20
2	GH146-GFP	48h	950535	4025	nan	19	42	nan	nan	adPN	na	nan: 48h	nan	PN_48h_GH146_P12_K22
2	GH146-GFP	48h	773584	4381	vPN	20	4	nan	nan	vPN	na	vPN: 48h	vPN	PN_48h_GH146_P12_K23
2	GH146-GFP	48h	2101450	4704	DL1	25	36	8	DL1	adPN	na	DL1: 48h	DL1	PN_48h_GH146_P12_K2
2	GH146-GFP	48h	2142490	4813	vPN	20	2	nan	nan	vPN	na	vPN: 48h	vPN	PN_48h_GH146_P12_K3
2	GH146-GFP	48h	2407896	4297	D	7	29	12	D	adPN	na	D: 48h	D	PN_48h_GH146_P12_K5
2	GH146-GFP	48h	1937346	3590	APL	27	34	nan	nan	APL	na	APL: 48h	APL	PN_48h_GH146_P12_K6
2	GH146-GFP	48h	2183977	4721	DL1	25	36	8	DL1	adPN	na	DL1: 48h	DL1	PN_48h_GH146_P12_K7
2	GH146-GFP	48h	647503	747	nan	12	3	nan	nan	vPN	na	nan: 48h	nan	PN_48h_GH146_P12_K9
2	GH146-GFP	48h	1105488	4729	vPN	20	2	nan	nan	vPN	na	vPN: 48h	vPN	PN_48h_GH146_P12_L10
2	GH146-GFP	48h	1113545	3275	APL	27	34	nan	nan	APL	na	APL: 48h	APL	PN_48h_GH146_P12_L12
2	GH146-GFP	48h	741623	4235	DC3	0	10	20	DC3	adPN	na	DC3: 48h	DC3	PN_48h_GH146_P12_L13
2	GH146-GFP	48h	752528	3091	DL3	2	57	24	DL3	lPN	na	DL3: 48h	DL3	PN_48h_GH146_P12_L14
2	GH146-GFP	48h	1296442	4223	DA1_fru+	6	59	15	DA1_fru+	lPN	na	DA1_fru+: 48h	DA1_fru+	PN_48h_GH146_P12_L15
2	GH146-GFP	48h	855554	4683	DL1	25	36	8	DL1	adPN	na	DL1: 48h	DL1	PN_48h_GH146_P12_L17
2	GH146-GFP	48h	1202480	3525	DL3	2	57	24	DL3	lPN	na	DL3: 48h	DL3	PN_48h_GH146_P12_L18
2	GH146-GFP	48h	2102818	4344	VM7 or VM5v #1	11	13	3	VM7 or VM5v #1	adPN	na	VM7 or VM5v #1: 48h	VM7 or VM5v #1	PN_48h_GH146_P12_L19
2	GH146-GFP	48h	1300033	2133	MARS_27	24	48	27	MARS_27	lPN	na	MARS_27: 48h	MARS_27	PN_48h_GH146_P12_L20
2	GH146-GFP	48h	356959	2671	DL3	2	58	24	DL3	lPN	na	DL3: 48h	DL3	PN_48h_GH146_P12_L23
2	GH146-GFP	48h	1259957	3415	APL	27	34	nan	nan	APL	na	APL: 48h	APL	PN_48h_GH146_P12_L2
2	GH146-GFP	48h	1652222	2969	DL3	2	57	24	DL3	lPN	na	DL3: 48h	DL3	PN_48h_GH146_P12_L3
2	GH146-GFP	48h	1829201	4499	DA1_fru+	6	59	15	DA1_fru+	lPN	na	DA1_fru+: 48h	DA1_fru+	PN_48h_GH146_P12_L5
2	GH146-GFP	48h	1718479	4275	D	7	29	12	D	adPN	na	D: 48h	D	PN_48h_GH146_P12_L7
2	GH146-GFP	48h	560092	3171	VM7 or VM5v #1	11	13	3	VM7 or VM5v #1	adPN	na	VM7 or VM5v #1: 48h	VM7 or VM5v #1	PN_48h_GH146_P12_L9
2	GH146-GFP	48h	1639290	3399	APL	27	34	nan	nan	APL	na	APL: 48h	APL	PN_48h_GH146_P12_M10
2	GH146-GFP	48h	1596954	4372	MARS_5	21	23	nan	nan	adPN	na	MARS_5: 48h	MARS_5	PN_48h_GH146_P12_M13
2	GH146-GFP	48h	1687371	4121	D	7	29	12	D	adPN	na	D: 48h	D	PN_48h_GH146_P12_M14
2	GH146-GFP	48h	1038555	4409	nan	19	42	nan	nan	adPN	na	nan: 48h	nan	PN_48h_GH146_P12_M15
2	GH146-GFP	48h	640952	3842	DM6	22	8	22	DM6	adPN	na	DM6: 48h	DM6	PN_48h_GH146_P12_M16
2	GH146-GFP	48h	1532906	4026	VM7 or VM5v #2	18	13	28	VM7 or VM5v #2	adPN	na	VM7 or VM5v #2: 48h	VM7 or VM5v #2	PN_48h_GH146_P12_M17
2	GH146-GFP	48h	1959360	4515	DA1_fru+	6	59	15	DA1_fru+	lPN	na	DA1_fru+: 48h	DA1_fru+	PN_48h_GH146_P12_M18
2	GH146-GFP	48h	1664754	3535	VM7 or VM5v #2	18	13	28	VM7 or VM5v #2	adPN	na	VM7 or VM5v #2: 48h	VM7 or VM5v #2	PN_48h_GH146_P12_M19
2	GH146-GFP	48h	1345965	3842	D	7	29	12	D	adPN	na	D: 48h	D	PN_48h_GH146_P12_M1
2	GH146-GFP	48h	2027031	4276	vPN	20	4	nan	nan	vPN	na	vPN: 48h	vPN	PN_48h_GH146_P12_M20
2	GH146-GFP	48h	116693	4228	VA6	23	46	0	VA6	adPN	na	VA6: 48h	VA6	PN_48h_GH146_P12_M21
2	GH146-GFP	48h	963943	3608	VM7 or VM5v #2	18	13	28	VM7 or VM5v #2	adPN	na	VM7 or VM5v #2: 48h	VM7 or VM5v #2	PN_48h_GH146_P12_M22
2	GH146-GFP	48h	878799	2938	DL3	2	57	24	DL3	lPN	na	DL3: 48h	DL3	PN_48h_GH146_P12_M24
2	GH146-GFP	48h	1819289	4963	VC2	26	53	16	VC2	lPN	na	VC2: 48h	VC2	PN_48h_GH146_P12_M2
2	GH146-GFP	48h	1764697	4058	MARS_5	21	23	nan	nan	adPN	na	MARS_5: 48h	MARS_5	PN_48h_GH146_P12_M4
2	GH146-GFP	48h	2523564	3439	APL	27	34	nan	nan	APL	na	APL: 48h	APL	PN_48h_GH146_P12_M6
2	GH146-GFP	48h	1793819	4623	MARS_19	15	43	19	MARS_19	adPN	na	MARS_19: 48h	MARS_19	PN_48h_GH146_P12_M7
2	GH146-GFP	48h	1735888	4336	MARS_27	24	48	27	MARS_27	lPN	na	MARS_27: 48h	MARS_27	PN_48h_GH146_P12_M8
2	GH146-GFP	48h	1364671	4844	VA6	23	46	0	VA6	adPN	na	VA6: 48h	VA6	PN_48h_GH146_P12_M9
2	GH146-GFP	48h	1346865	4341	VA5	13	54	26	VA5	lPN	na	VA5: 48h	VA5	PN_48h_GH146_P12_N10
2	GH146-GFP	48h	1840176	4429	DC3	0	10	20	DC3	adPN	na	DC3: 48h	DC3	PN_48h_GH146_P12_N11
2	GH146-GFP	48h	971041	1270	VM7 or VM5v #1	11	13	3	VM7 or VM5v #1	adPN	na	VM7 or VM5v #1: 48h	VM7 or VM5v #1	PN_48h_GH146_P12_N12
2	GH146-GFP	48h	1235875	3875	MARS_25	4	54	25	MARS_25	lPN	na	MARS_25: 48h	MARS_25	PN_48h_GH146_P12_N13
2	GH146-GFP	48h	1144494	4256	VA5	13	54	26	VA5	lPN	na	VA5: 48h	VA5	PN_48h_GH146_P12_N15
2	GH146-GFP	48h	959337	4415	MARS_27	24	48	27	MARS_27	lPN	na	MARS_27: 48h	MARS_27	PN_48h_GH146_P12_N16
2	GH146-GFP	48h	962578	4309	vPN	20	4	nan	nan	vPN	na	vPN: 48h	vPN	PN_48h_GH146_P12_N18
2	GH146-GFP	48h	1966602	4063	VA5	13	54	26	VA5	lPN	na	VA5: 48h	VA5	PN_48h_GH146_P12_N19
2	GH146-GFP	48h	847653	1149	D	7	29	12	D	adPN	na	D: 48h	D	PN_48h_GH146_P12_N1
2	GH146-GFP	48h	1598601	3811	MARS_2	5	52	2	MARS_2	lPN	na	MARS_2: 48h	MARS_2	PN_48h_GH146_P12_N20
2	GH146-GFP	48h	1156064	3912	MARS_2	5	52	2	MARS_2	lPN	na	MARS_2: 48h	MARS_2	PN_48h_GH146_P12_N21
2	GH146-GFP	48h	821887	4083	DM6	22	8	22	DM6	adPN	na	DM6: 48h	DM6	PN_48h_GH146_P12_N22
2	GH146-GFP	48h	1059278	3970	VA1d	17	10	10	VA1d	adPN	na	VA1d: 48h	VA1d	PN_48h_GH146_P12_N23
2	GH146-GFP	48h	746591	2847	DL3	2	57	24	DL3	lPN	na	DL3: 48h	DL3	PN_48h_GH146_P12_N24
2	GH146-GFP	48h	2183545	4035	vPN	20	5	nan	nan	vPN	na	vPN: 48h	vPN	PN_48h_GH146_P12_N2
2	GH146-GFP	48h	1652947	4182	vPN	20	4	nan	nan	vPN	na	vPN: 48h	vPN	PN_48h_GH146_P12_N5
2	GH146-GFP	48h	990375	4181	MARS_27	24	48	27	MARS_27	lPN	na	MARS_27: 48h	MARS_27	PN_48h_GH146_P12_N6
2	GH146-GFP	48h	1702306	4294	vPN	20	4	nan	nan	vPN	na	vPN: 48h	vPN	PN_48h_GH146_P12_N7
2	GH146-GFP	48h	1296339	4431	VM2	29	12	13	VM2	adPN	na	VM2: 48h	VM2	PN_48h_GH146_P12_N8
2	GH146-GFP	48h	1310738	3578	MARS_2	5	52	2	MARS_2	lPN	na	MARS_2: 48h	MARS_2	PN_48h_GH146_P12_N9
2	GH146-GFP	48h	1509733	3058	vPN	20	2	nan	nan	vPN	na	vPN: 48h	vPN	PN_48h_GH146_P12_O10
2	GH146-GFP	48h	480993	2972	VA6	23	-1	0	VA6	adPN	na	VA6: 48h	VA6	PN_48h_GH146_P12_O11
2	GH146-GFP	48h	1372599	4207	VA1d	17	10	10	VA1d	adPN	na	VA1d: 48h	VA1d	PN_48h_GH146_P12_O13
2	GH146-GFP	48h	1224432	3443	MARS_27	24	48	27	MARS_27	lPN	na	MARS_27: 48h	MARS_27	PN_48h_GH146_P12_O14
2	GH146-GFP	48h	1151007	4260	VA5	13	54	26	VA5	lPN	na	VA5: 48h	VA5	PN_48h_GH146_P12_O16
2	GH146-GFP	48h	1284490	4343	VM7 or VM5v #1	11	13	3	VM7 or VM5v #1	adPN	na	VM7 or VM5v #1: 48h	VM7 or VM5v #1	PN_48h_GH146_P12_O17
2	GH146-GFP	48h	1657644	3990	vPN	10	11	nan	nan	vPN	na	vPN: 48h	vPN	PN_48h_GH146_P12_O18
2	GH146-GFP	48h	573858	4734	VC2	26	55	16	VC2	lPN	na	VC2: 48h	VC2	PN_48h_GH146_P12_O19
2	GH146-GFP	48h	1618958	4096	VA1d	17	10	10	VA1d	adPN	na	VA1d: 48h	VA1d	PN_48h_GH146_P12_O1
2	GH146-GFP	48h	1362839	4887	MARS_19	15	16	19	MARS_19	adPN	na	MARS_19: 48h	MARS_19	PN_48h_GH146_P12_O20
2	GH146-GFP	48h	938218	2811	DL3	2	57	24	DL3	lPN	na	DL3: 48h	DL3	PN_48h_GH146_P12_O21
2	GH146-GFP	48h	1120110	3647	APL	3	35	nan	nan	APL	na	APL: 48h	APL	PN_48h_GH146_P12_O22
2	GH146-GFP	48h	857767	3729	MARS_25	4	54	25	MARS_25	lPN	na	MARS_25: 48h	MARS_25	PN_48h_GH146_P12_O23
2	GH146-GFP	48h	474752	3648	nan	19	42	nan	nan	adPN	na	nan: 48h	nan	PN_48h_GH146_P12_O24
2	GH146-GFP	48h	1511003	3861	MARS_25	4	54	25	MARS_25	lPN	na	MARS_25: 48h	MARS_25	PN_48h_GH146_P12_O2
2	GH146-GFP	48h	1224594	3774	MARS_25	4	54	25	MARS_25	lPN	na	MARS_25: 48h	MARS_25	PN_48h_GH146_P12_O3
2	GH146-GFP	48h	3094787	4181	MARS_25	4	54	25	MARS_25	lPN	na	MARS_25: 48h	MARS_25	PN_48h_GH146_P12_O4
2	GH146-GFP	48h	1638954	4219	VM7 or VM5v #1	11	13	3	VM7 or VM5v #1	adPN	na	VM7 or VM5v #1: 48h	VM7 or VM5v #1	PN_48h_GH146_P12_O5
2	GH146-GFP	48h	1926895	4010	MARS_2	5	52	2	MARS_2	lPN	na	MARS_2: 48h	MARS_2	PN_48h_GH146_P12_O6
2	GH146-GFP	48h	2433857	4349	MARS_25	4	54	25	MARS_25	lPN	na	MARS_25: 48h	MARS_25	PN_48h_GH146_P12_O7
2	GH146-GFP	48h	783925	4070	vPN	20	5	nan	nan	vPN	na	vPN: 48h	vPN	PN_48h_GH146_P12_O8
2	GH146-GFP	48h	1343994	4097	VA5	13	54	26	VA5	lPN	na	VA5: 48h	VA5	PN_48h_GH146_P12_O9
2	GH146-GFP	48h	1160781	3591	DL3	2	57	24	DL3	lPN	na	DL3: 48h	DL3	PN_48h_GH146_P12_P10
2	GH146-GFP	48h	581160	4208	MARS_19	15	-1	19	MARS_19		na	MARS_19: 48h	MARS_19	PN_48h_GH146_P12_P12
2	GH146-GFP	48h	649632	5068	VA6	23	-1	0	VA6	adPN	na	VA6: 48h	VA6	PN_48h_GH146_P12_P13
2	GH146-GFP	48h	810163	3561	MARS_27	24	48	27	MARS_27	lPN	na	MARS_27: 48h	MARS_27	PN_48h_GH146_P12_P15
2	GH146-GFP	48h	784619	3106	MARS_2	5	52	2	MARS_2	lPN	na	MARS_2: 48h	MARS_2	PN_48h_GH146_P12_P16
2	GH146-GFP	48h	1134536	3772	MARS_25	4	54	25	MARS_25	lPN	na	MARS_25: 48h	MARS_25	PN_48h_GH146_P12_P17
2	GH146-GFP	48h	758473	3895	DC3	0	10	20	DC3	adPN	na	DC3: 48h	DC3	PN_48h_GH146_P12_P18
2	GH146-GFP	48h	105487	2465	DL3	2	57	24	DL3	lPN	na	DL3: 48h	DL3	PN_48h_GH146_P12_P19
2	GH146-GFP	48h	1568120	4884	nan	19	42	nan	nan	adPN	na	nan: 48h	nan	PN_48h_GH146_P12_P1
2	GH146-GFP	48h	423733	2895	APL	27	34	nan	nan	APL	na	APL: 48h	APL	PN_48h_GH146_P12_P20
2	GH146-GFP	48h	1515001	3441	APL	3	14	nan	nan	APL	na	APL: 48h	APL	PN_48h_GH146_P12_P2
2	GH146-GFP	48h	1616325	4376	DL1	25	36	8	DL1	adPN	na	DL1: 48h	DL1	PN_48h_GH146_P12_P3
2	GH146-GFP	48h	1458275	4861	VC2	26	53	16	VC2	lPN	na	VC2: 48h	VC2	PN_48h_GH146_P12_P4
2	GH146-GFP	48h	802421	3086	DL3	2	57	24	DL3	lPN	na	DL3: 48h	DL3	PN_48h_GH146_P12_P5
2	GH146-GFP	48h	169126	3555	MARS_19	15	43	19	MARS_19	adPN	na	MARS_19: 48h	MARS_19	PN_48h_GH146_P12_P6
2	GH146-GFP	48h	1070585	4307	DA1_fru+	6	59	15	DA1_fru+	lPN	na	DA1_fru+: 48h	DA1_fru+	PN_48h_GH146_P12_P8
2	GH146-GFP	48h	221535	3644	VA5	13	54	26	VA5	lPN	na	VA5: 48h	VA5	PN_48h_GH146_P12_P9
3	GH146-GFP	adult	3902661	2184	nan	9	49	nan	nan	lPN	na	nan: adult	nan	PN_adult_GH146_P1_A10
3	GH146-GFP	adult	3764384	3821	vPN	26	-1	nan	nan	APL	na	vPN: adult	vPN	PN_adult_GH146_P1_A13
3	GH146-GFP	adult	5653397	3552	nan	23	-1	nan	nan	adPN	na	nan: adult	nan	PN_adult_GH146_P1_A20
3	GH146-GFP	adult	371314	1357	nan	5	-1	23	nan	lPN	na	nan: adult	nan	PN_adult_GH146_P1_A4
3	GH146-GFP	adult	1473720	1833	nan	27	56	12	D	adPN	na	nan: adult	nan	PN_adult_GH146_P1_A6
3	GH146-GFP	adult	362126	4189	MARS_19	22	56	19	MARS_19	adPN	na	MARS_19: adult	MARS_19	PN_adult_GH146_P1_B10
3	GH146-GFP	adult	6128137	3331	DA1	6	60	15	DA1_fru+	lPN	na	DA1: adult	DA1	PN_adult_GH146_P1_B12
3	GH146-GFP	adult	4805861	1836	nan	24	-1	nan	nan	adPN	na	nan: adult	nan	PN_adult_GH146_P1_B16
3	GH146-GFP	adult	249431	1234	VM2	19	-1	nan	nan	adPN	na	VM2: adult	VM2	PN_adult_GH146_P1_B1
3	GH146-GFP	adult	9302573	3272	nan	24	56	nan	nan	adPN	na	nan: adult	nan	PN_adult_GH146_P1_C14
3	GH146-GFP	adult	3344503	1844	DC3 and VA1d	7	56	10	VA1d	adPN	na	DC3 and VA1d: adult	DC3 and VA1d	PN_adult_GH146_P1_C1
3	GH146-GFP	adult	1478167	1179	nan	12	-1	nan	nan		na	nan: adult	nan	PN_adult_GH146_P1_C20
3	GH146-GFP	adult	3890611	1032	MARS_5	26	23	nan	nan	lPN	na	MARS_5: adult	MARS_5	PN_adult_GH146_P1_C22
3	GH146-GFP	adult	3454029	1305	nan	1	39	nan	nan	APL	na	nan: adult	nan	PN_adult_GH146_P1_C23
3	GH146-GFP	adult	2087419	554	nan	14	-1	nan	nan	vPN	na	nan: adult	nan	PN_adult_GH146_P1_C5
3	GH146-GFP	adult	2476666	843	nan	2	-1	nan	nan	lPN	na	nan: adult	nan	PN_adult_GH146_P1_C7
3	GH146-GFP	adult	2018544	1861	VC2	17	56	16	VC2	lPN	na	VC2: adult	VC2	PN_adult_GH146_P1_C9
3	GH146-GFP	adult	6669355	2602	D	27	56	12	D	adPN	na	D: adult	D	PN_adult_GH146_P1_D13
3	GH146-GFP	adult	4384095	3059	DA1	6	60	15	DA1_fru+	lPN	na	DA1: adult	DA1	PN_adult_GH146_P1_D16
3	GH146-GFP	adult	2606968	2050	VA6	25	56	0	VA6	adPN	na	nan: adult	nan	PN_adult_GH146_P1_D18
3	GH146-GFP	adult	2189735	1015	nan	9	-1	nan	nan	lPN	na	nan: adult	nan	PN_adult_GH146_P1_D3
3	GH146-GFP	adult	2234747	1299	nan	5	61	23	nan	lPN	na	nan: adult	nan	PN_adult_GH146_P1_D6
3	GH146-GFP	adult	4192076	1450	vPN	20	11	nan	nan	vPN	na	vPN: adult	vPN	PN_adult_GH146_P1_D7
3	GH146-GFP	adult	5069454	1087	nan	2	-1	nan	nan	lPN	na	nan: adult	nan	PN_adult_GH146_P1_E10
3	GH146-GFP	adult	7311350	2358	nan	19	56	nan	nan	adPN	na	nan: adult	nan	PN_adult_GH146_P1_E12
3	GH146-GFP	adult	5909163	3490	MARS_5	0	23	nan	nan	adPN	na	MARS_5: adult	MARS_5	PN_adult_GH146_P1_E16
3	GH146-GFP	adult	6466895	4623	MARS_19	22	56	19	MARS_19	adPN	na	MARS_19: adult	MARS_19	PN_adult_GH146_P1_E17
3	GH146-GFP	adult	7955234	1912	nan	2	61	nan	nan	lPN	na	nan: adult	nan	PN_adult_GH146_P1_E19
3	GH146-GFP	adult	2424166	1186	APL	15	35	nan	nan	APL	na	APL: adult	APL	PN_adult_GH146_P1_E20
3	GH146-GFP	adult	9011654	2910	DC3 and VA1d	7	56	10	VA1d	adPN	na	DC3 and VA1d: adult	DC3 and VA1d	PN_adult_GH146_P1_E24
3	GH146-GFP	adult	3406171	1525	nan	2	-1	nan	nan	lPN	na	nan: adult	nan	PN_adult_GH146_P1_E4
3	GH146-GFP	adult	3446345	1058	nan	24	-1	nan	nan		na	nan: adult	nan	PN_adult_GH146_P1_E8
3	GH146-GFP	adult	2361376	2592	DA1	6	60	15	DA1_fru+	lPN	na	DA1: adult	DA1	PN_adult_GH146_P1_F14
3	GH146-GFP	adult	5221508	1762	nan	10	45	nan	nan	vPN	na	nan: adult	nan	PN_adult_GH146_P1_F17
3	GH146-GFP	adult	2420809	3479	nan	26	42	nan	nan	APL	na	nan: adult	nan	PN_adult_GH146_P1_F19
3	GH146-GFP	adult	7647960	1973	nan	2	56	nan	nan		na	nan: adult	nan	PN_adult_GH146_P1_F21
3	GH146-GFP	adult	1838750	1084	nan	2	-1	nan	nan	lPN	na	nan: adult	nan	PN_adult_GH146_P1_F23
3	GH146-GFP	adult	7130609	2113	VM7 or VM5v #1	19	-1	nan	nan	adPN	na	VM7 or VM5v #1: adult	VM7 or VM5v #1	PN_adult_GH146_P1_F5
3	GH146-GFP	adult	3460205	2701	nan	13	16	nan	nan	adPN	na	nan: adult	nan	PN_adult_GH146_P1_G11
3	GH146-GFP	adult	6229040	2471	MARS_2	8	49	2	MARS_2	lPN	na	MARS_2: adult	MARS_2	PN_adult_GH146_P1_G16
3	GH146-GFP	adult	2004811	1200	APL	15	35	nan	nan	APL	na	APL: adult	APL	PN_adult_GH146_P1_G1
3	GH146-GFP	adult	7088997	2433	nan	6	60	15	DA1_fru+	lPN	na	nan: adult	nan	PN_adult_GH146_P1_G20
3	GH146-GFP	adult	6697583	1783	nan	24	56	nan	nan	adPN	na	nan: adult	nan	PN_adult_GH146_P1_G21
3	GH146-GFP	adult	1751252	1157	nan	24	56	nan	nan		na	nan: adult	nan	PN_adult_GH146_P1_G9
3	GH146-GFP	adult	8426609	2178	nan	27	56	12	D	adPN	na	nan: adult	nan	PN_adult_GH146_P1_H13
3	GH146-GFP	adult	6732848	1836	MARS_25	16	56	25	MARS_25		na	MARS_25: adult	MARS_25	PN_adult_GH146_P1_H14
3	GH146-GFP	adult	1570088	525	nan	14	45	nan	nan	vPN	na	nan: adult	nan	PN_adult_GH146_P1_H15
3	GH146-GFP	adult	8942945	1823	nan	1	39	nan	nan	APL	na	nan: adult	nan	PN_adult_GH146_P1_H16
3	GH146-GFP	adult	2829684	1048	nan	21	-1	nan	nan	vPN	na	nan: adult	nan	PN_adult_GH146_P1_H18
3	GH146-GFP	adult	4926609	1062	nan	15	-1	nan	nan	vPN	na	nan: adult	nan	PN_adult_GH146_P1_H19
3	GH146-GFP	adult	3422879	853	nan	14	-1	nan	nan	vPN	na	nan: adult	nan	PN_adult_GH146_P1_H21
3	GH146-GFP	adult	4105790	2010	nan	24	-1	nan	nan		na	nan: adult	nan	PN_adult_GH146_P1_H22
3	GH146-GFP	adult	3197915	1495	vPN	20	4	nan	nan	vPN	na	vPN: adult	vPN	PN_adult_GH146_P1_H2
3	GH146-GFP	adult	2836488	1947	VC2	17	-1	16	VC2	lPN	na	VC2: adult	VC2	PN_adult_GH146_P1_H8
3	GH146-GFP	adult	3330564	699	nan	14	-1	nan	nan	vPN	na	nan: adult	nan	PN_adult_GH146_P1_I11
3	GH146-GFP	adult	5009384	1706	nan	19	56	nan	nan	adPN	na	nan: adult	nan	PN_adult_GH146_P1_I18
3	GH146-GFP	adult	772393	931	nan	19	-1	nan	nan	vPN	na	nan: adult	nan	PN_adult_GH146_P1_I23
3	GH146-GFP	adult	5750397	2125	nan	2	-1	nan	nan		na	nan: adult	nan	PN_adult_GH146_P1_I3
3	GH146-GFP	adult	9933191	2008	DC3 and VA1d	7	56	10	VA1d	adPN	na	DC3 and VA1d: adult	DC3 and VA1d	PN_adult_GH146_P1_J19
3	GH146-GFP	adult	1028776	1237	MARS_5	23	23	nan	nan	adPN	na	MARS_5: adult	MARS_5	PN_adult_GH146_P1_J2
3	GH146-GFP	adult	6041764	1526	nan	26	45	nan	nan	vPN	na	nan: adult	nan	PN_adult_GH146_P1_J3
3	GH146-GFP	adult	2675669	766	nan	14	-1	nan	nan	vPN	na	nan: adult	nan	PN_adult_GH146_P1_J8
3	GH146-GFP	adult	6687638	2530	DC3 and VA1d	7	56	10	VA1d	adPN	na	DC3 and VA1d: adult	DC3 and VA1d	PN_adult_GH146_P1_K11
3	GH146-GFP	adult	4197840	1392	nan	14	-1	nan	nan	vPN	na	nan: adult	nan	PN_adult_GH146_P1_K13
3	GH146-GFP	adult	5725452	2289	nan	6	60	15	DA1_fru+	lPN	na	nan: adult	nan	PN_adult_GH146_P1_K2
3	GH146-GFP	adult	2925111	1814	nan	2	-1	nan	nan	lPN	na	nan: adult	nan	PN_adult_GH146_P1_K6
3	GH146-GFP	adult	1268668	1934	VA6	25	56	0	VA6	adPN	na	nan: adult	nan	PN_adult_GH146_P1_L17
3	GH146-GFP	adult	5477008	1679	nan	20	3	nan	nan	vPN	na	nan: adult	nan	PN_adult_GH146_P1_L18
3	GH146-GFP	adult	2177748	1731	nan	20	-1	nan	nan		na	nan: adult	nan	PN_adult_GH146_P1_L1
3	GH146-GFP	adult	9030540	1702	nan	2	-1	nan	nan		na	nan: adult	nan	PN_adult_GH146_P1_L21
3	GH146-GFP	adult	2473041	2083	nan	2	60	nan	nan	lPN	na	nan: adult	nan	PN_adult_GH146_P1_L4
3	GH146-GFP	adult	2385367	2072	DC3 and VA1d	7	45	10	VA1d	vPN	na	DC3 and VA1d: adult	DC3 and VA1d	PN_adult_GH146_P1_L7
3	GH146-GFP	adult	3375582	1177	nan	24	56	nan	nan	adPN	na	nan: adult	nan	PN_adult_GH146_P1_M13
3	GH146-GFP	adult	1648162	1866	nan	23	-1	nan	nan	lPN	na	nan: adult	nan	PN_adult_GH146_P1_M16
3	GH146-GFP	adult	5997196	2930	nan	6	60	15	DA1_fru+	lPN	na	nan: adult	nan	PN_adult_GH146_P1_N13
3	GH146-GFP	adult	3276714	1818	MARS_19	22	56	19	MARS_19		na	MARS_19: adult	MARS_19	PN_adult_GH146_P1_N14
3	GH146-GFP	adult	6208209	1718	VA6	25	56	0	VA6	adPN	na	nan: adult	nan	PN_adult_GH146_P1_N15
3	GH146-GFP	adult	6580797	2000	DC3 and VA1d	7	56	10	VA1d	adPN	na	DC3 and VA1d: adult	DC3 and VA1d	PN_adult_GH146_P1_N7
3	GH146-GFP	adult	1273028	1501	MARS_5	0	23	nan	nan	adPN	na	MARS_5: adult	MARS_5	PN_adult_GH146_P1_N8
3	GH146-GFP	adult	5920106	1873	vPN	12	5	nan	nan	vPN	na	vPN: adult	vPN	PN_adult_GH146_P1_O12
3	GH146-GFP	adult	1107534	1574	nan	9	-1	nan	nan	lPN	na	nan: adult	nan	PN_adult_GH146_P1_O6
3	GH146-GFP	adult	5211050	1728	nan	2	60	nan	nan	lPN	na	nan: adult	nan	PN_adult_GH146_P1_O7
3	GH146-GFP	adult	4900667	1500	nan	24	56	nan	nan	lPN	na	nan: adult	nan	PN_adult_GH146_P1_O8
3	GH146-GFP	adult	2246519	1380	nan	24	56	nan	nan	lPN	na	nan: adult	nan	PN_adult_GH146_P2_A20
3	GH146-GFP	adult	1504300	3747	MARS_19	22	-1	19	MARS_19	adPN	na	MARS_19: adult	MARS_19	PN_adult_GH146_P2_A4
3	GH146-GFP	adult	4270644	4694	MARS_19	22	56	19	MARS_19	adPN	na	MARS_19: adult	MARS_19	PN_adult_GH146_P2_A6
3	GH146-GFP	adult	2035369	4879	MARS_19	22	56	19	MARS_19	adPN	na	MARS_19: adult	MARS_19	PN_adult_GH146_P2_A9
3	GH146-GFP	adult	3223343	3427	DA1	6	60	15	DA1_fru+	lPN	na	DA1: adult	DA1	PN_adult_GH146_P2_B10
3	GH146-GFP	adult	1881054	3151	DL1	4	56	8	DL1	adPN	na	DL1: adult	DL1	PN_adult_GH146_P2_B11
3	GH146-GFP	adult	3306565	1373	nan	14	-1	nan	nan	vPN	na	nan: adult	nan	PN_adult_GH146_P2_B12
3	GH146-GFP	adult	823468	2588	DL1	4	56	8	DL1	lPN	na	DL1: adult	DL1	PN_adult_GH146_P2_B16
3	GH146-GFP	adult	1254609	1211	nan	5	57	23	nan	lPN	na	nan: adult	nan	PN_adult_GH146_P2_B20
3	GH146-GFP	adult	4832794	2559	MARS_25	16	56	25	MARS_25	adPN	na	MARS_25: adult	MARS_25	PN_adult_GH146_P2_B23
3	GH146-GFP	adult	3387613	1441	nan	10	45	nan	nan	vPN	na	nan: adult	nan	PN_adult_GH146_P2_B24
3	GH146-GFP	adult	7039390	1838	vPN	20	11	nan	nan	vPN	na	vPN: adult	vPN	PN_adult_GH146_P2_B4
3	GH146-GFP	adult	1747761	1635	nan	9	-1	nan	nan	lPN	na	nan: adult	nan	PN_adult_GH146_P2_C14
3	GH146-GFP	adult	1232049	671	nan	14	3	nan	nan	vPN	na	nan: adult	nan	PN_adult_GH146_P2_C18
3	GH146-GFP	adult	1531058	1837	nan	24	56	nan	nan	adPN	na	nan: adult	nan	PN_adult_GH146_P2_C23
3	GH146-GFP	adult	6902604	2672	DC3 and VA1d	7	56	10	VA1d	adPN	na	DC3 and VA1d: adult	DC3 and VA1d	PN_adult_GH146_P2_C24
3	GH146-GFP	adult	2257842	2708	nan	13	16	nan	nan	adPN	na	nan: adult	nan	PN_adult_GH146_P2_C2
3	GH146-GFP	adult	3429266	2777	nan	13	16	nan	nan	adPN	na	nan: adult	nan	PN_adult_GH146_P2_C4
3	GH146-GFP	adult	3743045	3537	vPN	11	2	nan	nan	vPN	na	vPN: adult	vPN	PN_adult_GH146_P2_C9
3	GH146-GFP	adult	2137639	3054	MARS_25	16	56	25	MARS_25	lPN	na	MARS_25: adult	MARS_25	PN_adult_GH146_P2_D12
3	GH146-GFP	adult	4972220	1565	nan	21	56	nan	nan		na	nan: adult	nan	PN_adult_GH146_P2_D18
3	GH146-GFP	adult	1746887	1518	VA6	25	-1	0	VA6	adPN	na	nan: adult	nan	PN_adult_GH146_P2_D22
3	GH146-GFP	adult	3877286	2385	nan	24	-1	nan	nan	lPN	na	nan: adult	nan	PN_adult_GH146_P2_E10
3	GH146-GFP	adult	5846130	1949	VC2	17	-1	16	VC2	lPN	na	VC2: adult	VC2	PN_adult_GH146_P2_E11
3	GH146-GFP	adult	5503377	1700	vPN	20	4	nan	nan	vPN	na	vPN: adult	vPN	PN_adult_GH146_P2_E12
3	GH146-GFP	adult	5603184	3323	VM2	18	56	28	VM7 or VM5v #2		na	VM2: adult	VM2	PN_adult_GH146_P2_E13
3	GH146-GFP	adult	3655441	1400	APL	15	34	nan	nan	APL	na	APL: adult	APL	PN_adult_GH146_P2_E15
3	GH146-GFP	adult	4349372	2423	DC3 and VA1d	7	56	10	VA1d	adPN	na	DC3 and VA1d: adult	DC3 and VA1d	PN_adult_GH146_P2_E16
3	GH146-GFP	adult	1739599	1395	nan	9	-1	nan	nan	lPN	na	nan: adult	nan	PN_adult_GH146_P2_E19
3	GH146-GFP	adult	350942	1663	nan	19	56	nan	nan	adPN	na	nan: adult	nan	PN_adult_GH146_P2_E20
3	GH146-GFP	adult	2504525	1723	nan	9	-1	nan	nan	lPN	na	nan: adult	nan	PN_adult_GH146_P2_E2
3	GH146-GFP	adult	3812205	2762	DL1	4	56	8	DL1	adPN	na	DL1: adult	DL1	PN_adult_GH146_P2_E3
3	GH146-GFP	adult	5744348	2201	DC3 and VA1d	7	56	10	VA1d	adPN	na	DC3 and VA1d: adult	DC3 and VA1d	PN_adult_GH146_P2_E6
3	GH146-GFP	adult	5485223	2140	nan	26	44	nan	nan	APL	na	nan: adult	nan	PN_adult_GH146_P2_F11
3	GH146-GFP	adult	8344522	3119	VM7 or VM5v #1	18	56	28	VM7 or VM5v #2		na	VM7 or VM5v #1: adult	VM7 or VM5v #1	PN_adult_GH146_P2_F12
3	GH146-GFP	adult	5451177	2059	nan	26	40	nan	nan	APL	na	nan: adult	nan	PN_adult_GH146_P2_F13
3	GH146-GFP	adult	2898844	3435	DC3 and VA1d	7	56	10	VA1d	adPN	na	DC3 and VA1d: adult	DC3 and VA1d	PN_adult_GH146_P2_F14
3	GH146-GFP	adult	3296440	1475	nan	2	61	nan	nan	lPN	na	nan: adult	nan	PN_adult_GH146_P2_F19
3	GH146-GFP	adult	505130	3229	MARS_25	16	56	25	MARS_25	lPN	na	MARS_25: adult	MARS_25	PN_adult_GH146_P2_F1
3	GH146-GFP	adult	1595301	1223	nan	2	-1	nan	nan	vPN	na	nan: adult	nan	PN_adult_GH146_P2_F20
3	GH146-GFP	adult	5898975	1904	nan	9	49	nan	nan	lPN	na	nan: adult	nan	PN_adult_GH146_P2_F21
3	GH146-GFP	adult	3232307	1703	nan	12	-1	nan	nan	vPN	na	nan: adult	nan	PN_adult_GH146_P2_F4
3	GH146-GFP	adult	2195291	1872	MARS_25	16	56	25	MARS_25	lPN	na	MARS_25: adult	MARS_25	PN_adult_GH146_P2_F7
3	GH146-GFP	adult	4532811	2270	VM7 or VM5v #1	19	56	nan	nan	adPN	na	VM7 or VM5v #1: adult	VM7 or VM5v #1	PN_adult_GH146_P2_F8
3	GH146-GFP	adult	1931880	1494	vPN	20	11	nan	nan	vPN	na	vPN: adult	vPN	PN_adult_GH146_P2_G12
3	GH146-GFP	adult	5301323	1977	nan	5	-1	23	nan	lPN	na	nan: adult	nan	PN_adult_GH146_P2_G17
3	GH146-GFP	adult	5169153	2080	nan	15	45	nan	nan	vPN	na	nan: adult	nan	PN_adult_GH146_P2_G9
3	GH146-GFP	adult	2076356	1037	nan	10	45	nan	nan	vPN	na	nan: adult	nan	PN_adult_GH146_P2_H11
3	GH146-GFP	adult	1782019	1892	MARS_5	0	23	nan	nan	adPN	na	MARS_5: adult	MARS_5	PN_adult_GH146_P2_H13
3	GH146-GFP	adult	6108447	1627	nan	24	-1	nan	nan	lPN	na	nan: adult	nan	PN_adult_GH146_P2_H18
3	GH146-GFP	adult	1288387	1651	nan	19	56	nan	nan	adPN	na	nan: adult	nan	PN_adult_GH146_P2_H20
3	GH146-GFP	adult	2632064	1461	nan	2	-1	nan	nan		na	nan: adult	nan	PN_adult_GH146_P2_H22
3	GH146-GFP	adult	3768068	896	nan	14	45	nan	nan	vPN	na	nan: adult	nan	PN_adult_GH146_P2_H4
3	GH146-GFP	adult	3023192	3582	MARS_19	22	56	19	MARS_19	adPN	na	MARS_19: adult	MARS_19	PN_adult_GH146_P2_H5
3	GH146-GFP	adult	5549334	1668	vPN	20	11	nan	nan	vPN	na	vPN: adult	vPN	PN_adult_GH146_P2_I14
3	GH146-GFP	adult	8937426	3307	vPN	12	4	nan	nan	vPN	na	vPN: adult	vPN	PN_adult_GH146_P2_I18
3	GH146-GFP	adult	5890504	1853	nan	24	56	nan	nan	adPN	na	nan: adult	nan	PN_adult_GH146_P2_I22
3	GH146-GFP	adult	2891294	2816	nan	19	56	nan	nan	adPN	na	nan: adult	nan	PN_adult_GH146_P2_I23
3	GH146-GFP	adult	273629	2479	DC3 and VA1d	7	56	10	VA1d	adPN	na	DC3 and VA1d: adult	DC3 and VA1d	PN_adult_GH146_P2_I5
3	GH146-GFP	adult	3443598	1660	nan	19	-1	nan	nan	adPN	na	nan: adult	nan	PN_adult_GH146_P2_I7
3	GH146-GFP	adult	1563924	1252	nan	15	44	nan	nan	vPN	na	nan: adult	nan	PN_adult_GH146_P2_J15
3	GH146-GFP	adult	1080160	1254	APL	15	35	nan	nan	vPN	na	APL: adult	APL	PN_adult_GH146_P2_J17
3	GH146-GFP	adult	4115312	1809	nan	10	-1	nan	nan	vPN	na	nan: adult	nan	PN_adult_GH146_P2_J18
3	GH146-GFP	adult	5959382	2473	nan	3	56	6	VA1v	adPN	na	nan: adult	nan	PN_adult_GH146_P2_J23
3	GH146-GFP	adult	1820350	2548	VA6	25	56	0	VA6	adPN	na	nan: adult	nan	PN_adult_GH146_P2_J24
3	GH146-GFP	adult	7483592	2575	DA1	6	60	15	DA1_fru+	lPN	na	DA1: adult	DA1	PN_adult_GH146_P2_J4
3	GH146-GFP	adult	1630699	2078	nan	24	56	nan	nan	adPN	na	nan: adult	nan	PN_adult_GH146_P2_J9
3	GH146-GFP	adult	7100379	2737	DC3 and VA1d	27	56	12	D	lPN	na	DC3 and VA1d: adult	DC3 and VA1d	PN_adult_GH146_P2_K16
3	GH146-GFP	adult	3089120	1771	nan	5	57	23	nan	lPN	na	nan: adult	nan	PN_adult_GH146_P2_K22
3	GH146-GFP	adult	902374	1581	vPN	20	11	nan	nan	vPN	na	vPN: adult	vPN	PN_adult_GH146_P2_K6
3	GH146-GFP	adult	3250256	2535	nan	27	56	12	D	lPN	na	nan: adult	nan	PN_adult_GH146_P2_K9
3	GH146-GFP	adult	2392274	1609	nan	9	-1	nan	nan	lPN	na	nan: adult	nan	PN_adult_GH146_P2_L10
3	GH146-GFP	adult	8738580	3168	MARS_19	22	56	19	MARS_19	adPN	na	MARS_19: adult	MARS_19	PN_adult_GH146_P2_L15
3	GH146-GFP	adult	3204454	1271	nan	9	-1	nan	nan	lPN	na	nan: adult	nan	PN_adult_GH146_P2_L19
3	GH146-GFP	adult	3166077	2020	DC3 and VA1d	7	-1	10	VA1d	adPN	na	DC3 and VA1d: adult	DC3 and VA1d	PN_adult_GH146_P2_L20
3	GH146-GFP	adult	538226	2919	DM6	18	56	28	VM7 or VM5v #2	adPN	na	DM6: adult	DM6	PN_adult_GH146_P2_L3
3	GH146-GFP	adult	256026	1466	nan	9	-1	nan	nan	lPN	na	nan: adult	nan	PN_adult_GH146_P2_M12
3	GH146-GFP	adult	5066512	1893	nan	5	-1	23	nan	lPN	na	nan: adult	nan	PN_adult_GH146_P2_M14
3	GH146-GFP	adult	5994952	3468	D	27	56	12	D	adPN	na	D: adult	D	PN_adult_GH146_P2_M17
3	GH146-GFP	adult	4642972	2395	VM7 or VM5v #1	18	56	28	VM7 or VM5v #2	adPN	na	VM7 or VM5v #1: adult	VM7 or VM5v #1	PN_adult_GH146_P2_M1
3	GH146-GFP	adult	6504361	2046	nan	10	45	nan	nan	vPN	na	nan: adult	nan	PN_adult_GH146_P2_M22
3	GH146-GFP	adult	1934492	578	nan	14	-1	nan	nan	vPN	na	nan: adult	nan	PN_adult_GH146_P2_M4
3	GH146-GFP	adult	4772018	1865	DC3 and VA1d	7	56	10	VA1d	adPN	na	DC3 and VA1d: adult	DC3 and VA1d	PN_adult_GH146_P2_M6
3	GH146-GFP	adult	3821266	1369	APL	15	35	nan	nan	APL	na	APL: adult	APL	PN_adult_GH146_P2_N13
3	GH146-GFP	adult	2773038	1146	APL	15	35	nan	nan	vPN	na	APL: adult	APL	PN_adult_GH146_P2_N15
3	GH146-GFP	adult	2537313	1873	nan	19	56	nan	nan	adPN	na	nan: adult	nan	PN_adult_GH146_P2_N18
3	GH146-GFP	adult	6258870	1669	APL	15	34	nan	nan	APL	na	APL: adult	APL	PN_adult_GH146_P2_N22
3	GH146-GFP	adult	6617711	2277	nan	2	60	nan	nan	lPN	na	nan: adult	nan	PN_adult_GH146_P2_N24
3	GH146-GFP	adult	2395681	2274	MARS_25	16	56	25	MARS_25		na	MARS_25: adult	MARS_25	PN_adult_GH146_P2_N5
3	GH146-GFP	adult	2992470	2870	DC3 and VA1d	7	56	10	VA1d	adPN	na	DC3 and VA1d: adult	DC3 and VA1d	PN_adult_GH146_P2_N7
3	GH146-GFP	adult	1252659	2363	nan	23	56	nan	nan	adPN	na	nan: adult	nan	PN_adult_GH146_P2_O11
3	GH146-GFP	adult	6100122	3133	nan	6	-1	15	DA1_fru+	lPN	na	nan: adult	nan	PN_adult_GH146_P2_O12
3	GH146-GFP	adult	3804820	2159	nan	19	56	nan	nan	adPN	na	nan: adult	nan	PN_adult_GH146_P2_O13
3	GH146-GFP	adult	1415661	2600	nan	3	56	6	VA1v	adPN	na	nan: adult	nan	PN_adult_GH146_P2_O24
3	GH146-GFP	adult	5394013	3867	VA1v	3	56	6	VA1v	adPN	na	VA1v: adult	VA1v	PN_adult_GH146_P2_O5
3	GH146-GFP	adult	5518411	3526	VA1v	3	56	6	VA1v	adPN	na	VA1v: adult	VA1v	PN_adult_GH146_P2_O6
3	GH146-GFP	adult	472331	1730	nan	21	-1	nan	nan		na	nan: adult	nan	PN_adult_GH146_P2_P17
3	GH146-GFP	adult	8841457	3091	D	27	56	12	D	adPN	na	D: adult	D	PN_adult_GH146_P2_P2
3	GH146-GFP	adult	1415584	2665	VM7 or VM5v #1	19	56	nan	nan	adPN	na	VM7 or VM5v #1: adult	VM7 or VM5v #1	PN_adult_GH146_P2_P3
3	GH146-GFP	adult	2748085	4940	DM6	23	56	nan	nan	adPN	na	DM6: adult	DM6	PN_adult_GH146_P3_A11
3	GH146-GFP	adult	7051524	3258	VM7 or VM5v #1	19	56	nan	nan	adPN	na	VM7 or VM5v #1: adult	VM7 or VM5v #1	PN_adult_GH146_P3_A12
3	GH146-GFP	adult	5502891	3241	VM7 or VM5v #1	18	56	28	VM7 or VM5v #2	adPN	na	VM7 or VM5v #1: adult	VM7 or VM5v #1	PN_adult_GH146_P3_A16
3	GH146-GFP	adult	305861	1326	APL	15	35	nan	nan	vPN	na	APL: adult	APL	PN_adult_GH146_P3_A1
3	GH146-GFP	adult	1055269	1332	nan	2	-1	nan	nan	lPN	na	nan: adult	nan	PN_adult_GH146_P3_A23
3	GH146-GFP	adult	3257086	3263	D	27	56	12	D	adPN	na	D: adult	D	PN_adult_GH146_P3_A6
3	GH146-GFP	adult	2241372	1773	nan	5	-1	23	nan	lPN	na	nan: adult	nan	PN_adult_GH146_P3_A9
3	GH146-GFP	adult	1509043	1323	nan	9	-1	nan	nan	lPN	na	nan: adult	nan	PN_adult_GH146_P3_B12
3	GH146-GFP	adult	711495	668	nan	14	-1	nan	nan	vPN	na	nan: adult	nan	PN_adult_GH146_P3_B13
3	GH146-GFP	adult	250638	636	nan	14	-1	nan	nan	vPN	na	nan: adult	nan	PN_adult_GH146_P3_B16
3	GH146-GFP	adult	1075181	1043	nan	2	-1	nan	nan	lPN	na	nan: adult	nan	PN_adult_GH146_P3_B17
3	GH146-GFP	adult	6837012	1860	nan	2	60	nan	nan	lPN	na	nan: adult	nan	PN_adult_GH146_P3_B23
3	GH146-GFP	adult	2836422	3000	VC2	17	-1	16	VC2	lPN	na	VC2: adult	VC2	PN_adult_GH146_P3_B24
3	GH146-GFP	adult	5135179	3315	MARS_25	16	56	25	MARS_25	lPN	na	MARS_25: adult	MARS_25	PN_adult_GH146_P3_B7
3	GH146-GFP	adult	8183475	2159	nan	6	60	15	DA1_fru+	lPN	na	nan: adult	nan	PN_adult_GH146_P3_C11
3	GH146-GFP	adult	10266111	3334	VM2	18	56	28	VM7 or VM5v #2		na	VM2: adult	VM2	PN_adult_GH146_P3_C12
3	GH146-GFP	adult	3548405	1504	VM7 or VM5v #2	19	56	nan	nan	adPN	na	VM7 or VM5v #2: adult	VM7 or VM5v #2	PN_adult_GH146_P3_C20
3	GH146-GFP	adult	3329041	1953	nan	9	-1	nan	nan	lPN	na	nan: adult	nan	PN_adult_GH146_P3_C5
3	GH146-GFP	adult	3061875	2774	MARS_19	22	56	19	MARS_19	adPN	na	MARS_19: adult	MARS_19	PN_adult_GH146_P3_C7
3	GH146-GFP	adult	2758067	1864	MARS_25	16	56	25	MARS_25	lPN	na	MARS_25: adult	MARS_25	PN_adult_GH146_P3_C8
3	GH146-GFP	adult	6334086	3051	MARS_19	22	-1	19	MARS_19	adPN	na	MARS_19: adult	MARS_19	PN_adult_GH146_P3_D11
3	GH146-GFP	adult	997502	648	nan	14	44	nan	nan	vPN	na	nan: adult	nan	PN_adult_GH146_P3_D13
3	GH146-GFP	adult	3822420	1416	nan	2	-1	nan	nan	lPN	na	nan: adult	nan	PN_adult_GH146_P3_D14
3	GH146-GFP	adult	3197260	1963	nan	15	45	nan	nan	vPN	na	nan: adult	nan	PN_adult_GH146_P3_D1
3	GH146-GFP	adult	9709556	2340	vPN	11	2	nan	nan	vPN	na	vPN: adult	vPN	PN_adult_GH146_P3_D24
3	GH146-GFP	adult	3718766	1617	nan	19	-1	nan	nan	adPN	na	nan: adult	nan	PN_adult_GH146_P3_D4
3	GH146-GFP	adult	7866963	1889	vPN	11	2	nan	nan	vPN	na	vPN: adult	vPN	PN_adult_GH146_P3_D5
3	GH146-GFP	adult	5106465	2098	MARS_25	16	56	25	MARS_25	lPN	na	MARS_25: adult	MARS_25	PN_adult_GH146_P3_D8
3	GH146-GFP	adult	3829782	1464	nan	21	-1	nan	nan	lPN	na	nan: adult	nan	PN_adult_GH146_P3_E12
3	GH146-GFP	adult	1194619	1815	nan	9	-1	nan	nan	lPN	na	nan: adult	nan	PN_adult_GH146_P3_E1
3	GH146-GFP	adult	6920727	2192	vPN	20	11	nan	nan	vPN	na	vPN: adult	vPN	PN_adult_GH146_P3_E20
3	GH146-GFP	adult	8853780	2720	MARS_25	16	56	25	MARS_25	lPN	na	MARS_25: adult	MARS_25	PN_adult_GH146_P3_E22
3	GH146-GFP	adult	276152	1971	DC3 and VA1d	7	56	10	VA1d	adPN	na	DC3 and VA1d: adult	DC3 and VA1d	PN_adult_GH146_P3_E6
3	GH146-GFP	adult	913264	1848	DC3 and VA1d	7	56	10	VA1d	adPN	na	DC3 and VA1d: adult	DC3 and VA1d	PN_adult_GH146_P3_E9
3	GH146-GFP	adult	118457	2717	VC2	17	56	16	VC2	lPN	na	VC2: adult	VC2	PN_adult_GH146_P3_F14
3	GH146-GFP	adult	9937274	2088	DA1	6	-1	15	DA1_fru+	lPN	na	DA1: adult	DA1	PN_adult_GH146_P3_F16
3	GH146-GFP	adult	8264497	1763	nan	9	-1	nan	nan	lPN	na	nan: adult	nan	PN_adult_GH146_P3_F19
3	GH146-GFP	adult	2203028	696	nan	14	44	nan	nan	vPN	na	nan: adult	nan	PN_adult_GH146_P3_F20
3	GH146-GFP	adult	2105515	602	APL	14	14	nan	nan	vPN	na	APL: adult	APL	PN_adult_GH146_P3_F5
3	GH146-GFP	adult	2817021	1010	nan	14	-1	nan	nan	vPN	na	nan: adult	nan	PN_adult_GH146_P3_G12
3	GH146-GFP	adult	4963207	2208	nan	19	56	nan	nan	adPN	na	nan: adult	nan	PN_adult_GH146_P3_G13
3	GH146-GFP	adult	3481851	1470	VA6	25	56	0	VA6		na	nan: adult	nan	PN_adult_GH146_P3_G15
3	GH146-GFP	adult	3779785	1684	nan	2	-1	nan	nan	lPN	na	nan: adult	nan	PN_adult_GH146_P3_G17
3	GH146-GFP	adult	10315977	2298	DC3 and VA1d	7	56	10	VA1d	adPN	na	DC3 and VA1d: adult	DC3 and VA1d	PN_adult_GH146_P3_G21
3	GH146-GFP	adult	849052	1527	nan	5	-1	23	nan	lPN	na	nan: adult	nan	PN_adult_GH146_P3_H13
3	GH146-GFP	adult	14059092	2793	DC3 and VA1d	7	56	10	VA1d	adPN	na	DC3 and VA1d: adult	DC3 and VA1d	PN_adult_GH146_P3_H18
3	GH146-GFP	adult	3083139	2184	vPN	12	5	nan	nan	vPN	na	vPN: adult	vPN	PN_adult_GH146_P3_H21
3	GH146-GFP	adult	2148957	1270	nan	14	-1	nan	nan	vPN	na	nan: adult	nan	PN_adult_GH146_P3_I19
3	GH146-GFP	adult	12283845	2406	DC3 and VA1d	7	56	10	VA1d	adPN	na	DC3 and VA1d: adult	DC3 and VA1d	PN_adult_GH146_P3_J14
3	GH146-GFP	adult	1109976	859	nan	14	45	nan	nan	vPN	na	nan: adult	nan	PN_adult_GH146_P3_J18
3	GH146-GFP	adult	8512570	1787	nan	9	-1	nan	nan	lPN	na	nan: adult	nan	PN_adult_GH146_P3_K15
3	GH146-GFP	adult	1460472	640	nan	14	45	nan	nan	vPN	na	nan: adult	nan	PN_adult_GH146_P3_K18
3	GH146-GFP	adult	1420334	3521	VA1v	3	56	6	VA1v	adPN	na	VA1v: adult	VA1v	PN_adult_GH146_P3_K1
3	GH146-GFP	adult	5758121	1860	nan	2	60	nan	nan	lPN	na	nan: adult	nan	PN_adult_GH146_P3_K21
3	GH146-GFP	adult	981623	2686	VC2	17	56	16	VC2	lPN	na	VC2: adult	VC2	PN_adult_GH146_P3_K23
3	GH146-GFP	adult	6341412	2890	nan	23	56	nan	nan	lPN	na	nan: adult	nan	PN_adult_GH146_P3_K24
3	GH146-GFP	adult	4786228	3426	DM6	27	56	12	D	adPN	na	DM6: adult	DM6	PN_adult_GH146_P3_K2
3	GH146-GFP	adult	2325585	2116	vPN	26	42	nan	nan	vPN	na	vPN: adult	vPN	PN_adult_GH146_P3_L17
3	GH146-GFP	adult	649512	540	nan	14	45	nan	nan	vPN	na	nan: adult	nan	PN_adult_GH146_P3_L19
3	GH146-GFP	adult	5705763	2908	VC2	17	56	16	VC2	lPN	na	VC2: adult	VC2	PN_adult_GH146_P3_L21
3	GH146-GFP	adult	1874910	1954	vPN	11	-1	nan	nan	vPN	na	vPN: adult	vPN	PN_adult_GH146_P3_L23
3	GH146-GFP	adult	4435404	1171	nan	14	45	nan	nan	vPN	na	nan: adult	nan	PN_adult_GH146_P3_M10
3	GH146-GFP	adult	9620965	2219	VM7 or VM5v #2	19	56	nan	nan		na	VM7 or VM5v #2: adult	VM7 or VM5v #2	PN_adult_GH146_P3_M22
3	GH146-GFP	adult	3968033	1022	nan	14	45	nan	nan	vPN	na	nan: adult	nan	PN_adult_GH146_P3_N10
3	GH146-GFP	adult	1009513	902	nan	14	45	nan	nan	vPN	na	nan: adult	nan	PN_adult_GH146_P3_N19
3	GH146-GFP	adult	8062310	2518	vPN	11	2	nan	nan	vPN	na	vPN: adult	vPN	PN_adult_GH146_P3_N24
3	GH146-GFP	adult	4083174	1781	VC2	17	56	16	VC2	lPN	na	VC2: adult	VC2	PN_adult_GH146_P3_O12
3	GH146-GFP	adult	1133346	3185	VA1v	3	56	6	VA1v	adPN	na	VA1v: adult	VA1v	PN_adult_GH146_P3_O24
3	GH146-GFP	adult	391168	1538	VM7 or VM5v #2	19	56	nan	nan	adPN	na	VM7 or VM5v #2: adult	VM7 or VM5v #2	PN_adult_GH146_P3_O7
3	GH146-GFP	adult	1946805	2151	MARS_25	16	56	25	MARS_25		na	MARS_25: adult	MARS_25	PN_adult_GH146_P3_P15
3	GH146-GFP	adult	5388133	3312	MARS_25	16	56	25	MARS_25	lPN	na	MARS_25: adult	MARS_25	PN_adult_GH146_P3_P20
3	GH146-GFP	adult	867165	1718	VM7 or VM5v #2	19	56	nan	nan	adPN	na	VM7 or VM5v #2: adult	VM7 or VM5v #2	PN_adult_GH146_P3_P23
3	GH146-GFP	adult	1540417	2567	VM7 or VM5v #1	18	56	28	VM7 or VM5v #2	adPN	na	VM7 or VM5v #1: adult	VM7 or VM5v #1	PN_adult_GH146_P4_A13
3	GH146-GFP	adult	1630379	3243	nan	3	56	6	VA1v	adPN	na	nan: adult	nan	PN_adult_GH146_P4_A14
3	GH146-GFP	adult	1222492	2886	nan	5	61	23	nan	lPN	na	nan: adult	nan	PN_adult_GH146_P4_A16
3	GH146-GFP	adult	471059	3311	VM7 or VM5v #1	18	56	28	VM7 or VM5v #2	adPN	na	VM7 or VM5v #1: adult	VM7 or VM5v #1	PN_adult_GH146_P4_A21
3	GH146-GFP	adult	894385	1423	nan	15	-1	nan	nan	APL	na	nan: adult	nan	PN_adult_GH146_P4_A6
3	GH146-GFP	adult	3970068	2673	nan	6	60	15	DA1_fru+	lPN	na	nan: adult	nan	PN_adult_GH146_P4_A7
3	GH146-GFP	adult	1556125	3455	DA1	6	60	15	DA1_fru+	lPN	na	DA1: adult	DA1	PN_adult_GH146_P4_A8
3	GH146-GFP	adult	3034236	1974	MARS_25	16	-1	25	MARS_25	lPN	na	MARS_25: adult	MARS_25	PN_adult_GH146_P4_B12
3	GH146-GFP	adult	1877092	3292	nan	26	40	nan	nan	APL	na	nan: adult	nan	PN_adult_GH146_P4_B16
3	GH146-GFP	adult	643500	2690	DA1	6	60	15	DA1_fru+	lPN	na	DA1: adult	DA1	PN_adult_GH146_P4_B19
3	GH146-GFP	adult	1245117	2622	DC3 and VA1d	23	56	nan	nan	adPN	na	DC3 and VA1d: adult	DC3 and VA1d	PN_adult_GH146_P4_B1
3	GH146-GFP	adult	1662195	2774	vPN	26	45	nan	nan	vPN	na	vPN: adult	vPN	PN_adult_GH146_P4_B21
3	GH146-GFP	adult	1083898	2486	MARS_5	0	23	nan	nan	adPN	na	MARS_5: adult	MARS_5	PN_adult_GH146_P4_B22
3	GH146-GFP	adult	469869	1841	nan	24	-1	nan	nan	lPN	na	nan: adult	nan	PN_adult_GH146_P4_B3
3	GH146-GFP	adult	824733	1758	nan	10	-1	nan	nan	vPN	na	nan: adult	nan	PN_adult_GH146_P4_B4
3	GH146-GFP	adult	3841948	2386	MARS_19	22	-1	19	MARS_19	lPN	na	MARS_19: adult	MARS_19	PN_adult_GH146_P4_B5
3	GH146-GFP	adult	3121437	1904	nan	15	42	nan	nan	vPN	na	nan: adult	nan	PN_adult_GH146_P4_B7
3	GH146-GFP	adult	2805998	2563	nan	26	-1	nan	nan	APL	na	nan: adult	nan	PN_adult_GH146_P4_B9
3	GH146-GFP	adult	3829764	3589	MARS_25	16	56	25	MARS_25	lPN	na	MARS_25: adult	MARS_25	PN_adult_GH146_P4_C10
3	GH146-GFP	adult	837208	2167	VM2	18	56	28	VM7 or VM5v #2	adPN	na	VM2: adult	VM2	PN_adult_GH146_P4_C14
3	GH146-GFP	adult	239130	2259	MARS_25	16	56	25	MARS_25	adPN	na	MARS_25: adult	MARS_25	PN_adult_GH146_P4_C5
3	GH146-GFP	adult	3194538	2612	nan	24	56	nan	nan	adPN	na	nan: adult	nan	PN_adult_GH146_P4_C8
3	GH146-GFP	adult	2847145	3175	DA1	6	60	15	DA1_fru+	lPN	na	DA1: adult	DA1	PN_adult_GH146_P4_D10
3	GH146-GFP	adult	1460139	4931	MARS_19	22	56	19	MARS_19	adPN	na	MARS_19: adult	MARS_19	PN_adult_GH146_P4_D17
3	GH146-GFP	adult	1866214	1456	nan	10	45	nan	nan	vPN	na	nan: adult	nan	PN_adult_GH146_P4_D1
3	GH146-GFP	adult	2952544	2035	MARS_19	22	-1	19	MARS_19		na	MARS_19: adult	MARS_19	PN_adult_GH146_P4_D21
3	GH146-GFP	adult	2484190	2010	vPN	12	4	nan	nan	vPN	na	vPN: adult	vPN	PN_adult_GH146_P4_D23
3	GH146-GFP	adult	1955564	2390	nan	6	60	15	DA1_fru+	lPN	na	nan: adult	nan	PN_adult_GH146_P4_D2
3	GH146-GFP	adult	1292579	2070	nan	24	56	nan	nan	adPN	na	nan: adult	nan	PN_adult_GH146_P4_D4
3	GH146-GFP	adult	1758117	1405	nan	2	-1	nan	nan		na	nan: adult	nan	PN_adult_GH146_P4_E13
3	GH146-GFP	adult	2478888	3294	MARS_25	16	56	25	MARS_25	lPN	na	MARS_25: adult	MARS_25	PN_adult_GH146_P4_E18
3	GH146-GFP	adult	2842935	2626	VA6	25	-1	0	VA6	adPN	na	nan: adult	nan	PN_adult_GH146_P4_E1
3	GH146-GFP	adult	1277584	1874	nan	5	-1	23	nan	lPN	na	nan: adult	nan	PN_adult_GH146_P4_E3
3	GH146-GFP	adult	1921762	1269	APL	15	35	nan	nan	vPN	na	APL: adult	APL	PN_adult_GH146_P4_E9
3	GH146-GFP	adult	1772053	2400	nan	20	3	nan	nan		na	nan: adult	nan	PN_adult_GH146_P4_F12
3	GH146-GFP	adult	948005	2184	nan	19	56	nan	nan	adPN	na	nan: adult	nan	PN_adult_GH146_P4_F13
3	GH146-GFP	adult	2410138	2042	VA1v	3	56	6	VA1v	adPN	na	VA1v: adult	VA1v	PN_adult_GH146_P4_F15
3	GH146-GFP	adult	3090880	2377	nan	6	60	15	DA1_fru+	lPN	na	nan: adult	nan	PN_adult_GH146_P4_G14
3	GH146-GFP	adult	2929289	1778	nan	24	56	nan	nan	lPN	na	nan: adult	nan	PN_adult_GH146_P4_G15
3	GH146-GFP	adult	1619894	1668	VM7 or VM5v #2	19	56	nan	nan	adPN	na	VM7 or VM5v #2: adult	VM7 or VM5v #2	PN_adult_GH146_P4_G19
3	GH146-GFP	adult	1029479	914	nan	14	-1	nan	nan	vPN	na	nan: adult	nan	PN_adult_GH146_P4_G1
3	GH146-GFP	adult	1959531	3596	MARS_19	22	56	19	MARS_19	adPN	na	MARS_19: adult	MARS_19	PN_adult_GH146_P4_G20
3	GH146-GFP	adult	3255157	2244	VA6	25	-1	0	VA6	adPN	na	nan: adult	nan	PN_adult_GH146_P4_G22
3	GH146-GFP	adult	1638162	1784	nan	6	60	15	DA1_fru+	lPN	na	nan: adult	nan	PN_adult_GH146_P4_G23
3	GH146-GFP	adult	1258320	678	nan	14	45	nan	nan	vPN	na	nan: adult	nan	PN_adult_GH146_P4_G24
3	GH146-GFP	adult	2499142	2514	MARS_2	8	49	2	MARS_2	lPN	na	MARS_2: adult	MARS_2	PN_adult_GH146_P4_H11
3	GH146-GFP	adult	1185745	567	nan	14	-1	nan	nan	vPN	na	nan: adult	nan	PN_adult_GH146_P4_H16
3	GH146-GFP	adult	1562690	1705	nan	19	-1	nan	nan	adPN	na	nan: adult	nan	PN_adult_GH146_P4_H18
3	GH146-GFP	adult	2065203	1577	nan	24	56	nan	nan	lPN	na	nan: adult	nan	PN_adult_GH146_P4_H19
3	GH146-GFP	adult	2534745	1819	nan	2	-1	nan	nan		na	nan: adult	nan	PN_adult_GH146_P4_H22
3	GH146-GFP	adult	242608	3194	MARS_19	22	56	19	MARS_19	adPN	na	MARS_19: adult	MARS_19	PN_adult_GH146_P4_H7
3	GH146-GFP	adult	2025635	2694	D	27	56	12	D	adPN	na	D: adult	D	PN_adult_GH146_P4_I10
3	GH146-GFP	adult	2785387	1955	VC2	17	-1	16	VC2	lPN	na	VC2: adult	VC2	PN_adult_GH146_P4_I11
3	GH146-GFP	adult	1074394	1703	D	24	56	nan	nan	adPN	na	D: adult	D	PN_adult_GH146_P4_I17
3	GH146-GFP	adult	2821736	2474	VC2	17	56	16	VC2	lPN	na	VC2: adult	VC2	PN_adult_GH146_P4_I3
3	GH146-GFP	adult	2579614	1747	nan	5	-1	23	nan	lPN	na	nan: adult	nan	PN_adult_GH146_P4_I5
3	GH146-GFP	adult	2750337	1349	nan	2	-1	nan	nan	lPN	na	nan: adult	nan	PN_adult_GH146_P4_I8
3	GH146-GFP	adult	1820697	1160	nan	2	-1	nan	nan	lPN	na	nan: adult	nan	PN_adult_GH146_P4_I9
3	GH146-GFP	adult	858788	1360	nan	24	-1	nan	nan	lPN	na	nan: adult	nan	PN_adult_GH146_P4_J11
3	GH146-GFP	adult	1072359	2657	nan	5	60	23	nan	lPN	na	nan: adult	nan	PN_adult_GH146_P4_J16
3	GH146-GFP	adult	786642	3538	VC2	17	56	16	VC2	lPN	na	VC2: adult	VC2	PN_adult_GH146_P4_J17
3	GH146-GFP	adult	2515920	1671	nan	2	56	nan	nan	lPN	na	nan: adult	nan	PN_adult_GH146_P4_J19
3	GH146-GFP	adult	647825	1893	nan	19	56	nan	nan	adPN	na	nan: adult	nan	PN_adult_GH146_P4_J5
3	GH146-GFP	adult	3533619	1978	VC2	17	-1	16	VC2	lPN	na	VC2: adult	VC2	PN_adult_GH146_P4_J6
3	GH146-GFP	adult	309176	1788	nan	5	-1	23	nan	lPN	na	nan: adult	nan	PN_adult_GH146_P4_K10
3	GH146-GFP	adult	814337	1552	VM7 or VM5v #2	24	56	nan	nan	adPN	na	VM7 or VM5v #2: adult	VM7 or VM5v #2	PN_adult_GH146_P4_K13
3	GH146-GFP	adult	1465071	1755	nan	9	49	nan	nan	lPN	na	nan: adult	nan	PN_adult_GH146_P4_K16
3	GH146-GFP	adult	4288398	1919	nan	5	57	23	nan	lPN	na	nan: adult	nan	PN_adult_GH146_P4_K22
3	GH146-GFP	adult	1731759	3461	VA1v	3	56	6	VA1v	adPN	na	VA1v: adult	VA1v	PN_adult_GH146_P4_K23
3	GH146-GFP	adult	2411489	1978	nan	26	40	nan	nan	APL	na	nan: adult	nan	PN_adult_GH146_P4_K9
3	GH146-GFP	adult	1434525	1949	MARS_25	16	56	25	MARS_25	lPN	na	MARS_25: adult	MARS_25	PN_adult_GH146_P4_L3
3	GH146-GFP	adult	4463261	2654	nan	27	56	12	D	adPN	na	nan: adult	nan	PN_adult_GH146_P4_L6
3	GH146-GFP	adult	2497820	2569	nan	6	60	15	DA1_fru+	lPN	na	nan: adult	nan	PN_adult_GH146_P4_M12
3	GH146-GFP	adult	1991221	2665	nan	5	57	23	nan	lPN	na	nan: adult	nan	PN_adult_GH146_P4_M17
3	GH146-GFP	adult	3108599	2929	DC3 and VA1d	7	56	10	VA1d	adPN	na	DC3 and VA1d: adult	DC3 and VA1d	PN_adult_GH146_P4_M21
3	GH146-GFP	adult	4107620	2301	MARS_25	16	56	25	MARS_25	lPN	na	MARS_25: adult	MARS_25	PN_adult_GH146_P4_M4
3	GH146-GFP	adult	786090	918	nan	15	-1	nan	nan		na	nan: adult	nan	PN_adult_GH146_P4_M7
3	GH146-GFP	adult	2643855	1363	nan	9	-1	nan	nan	lPN	na	nan: adult	nan	PN_adult_GH146_P4_N18
3	GH146-GFP	adult	766331	2181	VM7 or VM5v #1	19	56	nan	nan	adPN	na	VM7 or VM5v #1: adult	VM7 or VM5v #1	PN_adult_GH146_P4_N19
3	GH146-GFP	adult	2631886	2046	nan	2	-1	nan	nan	lPN	na	nan: adult	nan	PN_adult_GH146_P4_N23
3	GH146-GFP	adult	1845658	2348	VA6	25	56	0	VA6	adPN	na	nan: adult	nan	PN_adult_GH146_P4_N5
3	GH146-GFP	adult	3676178	3001	DC3 and VA1d	7	56	10	VA1d	adPN	na	DC3 and VA1d: adult	DC3 and VA1d	PN_adult_GH146_P4_N7
3	GH146-GFP	adult	3070869	3239	nan	3	56	6	VA1v	adPN	na	nan: adult	nan	PN_adult_GH146_P4_N9
3	GH146-GFP	adult	3288646	2198	nan	5	61	23	nan	lPN	na	nan: adult	nan	PN_adult_GH146_P4_O10
3	GH146-GFP	adult	2174365	3067	vPN	12	5	nan	nan	vPN	na	vPN: adult	vPN	PN_adult_GH146_P4_O17
3	GH146-GFP	adult	2474750	2225	nan	24	56	nan	nan		na	nan: adult	nan	PN_adult_GH146_P4_O20
3	GH146-GFP	adult	931873	585	nan	14	-1	nan	nan	vPN	na	nan: adult	nan	PN_adult_GH146_P7_A13
3	GH146-GFP	adult	184439	3012	VA1v	18	56	28	VM7 or VM5v #2	adPN	na	VA1v: adult	VA1v	PN_adult_GH146_P7_A14
3	GH146-GFP	adult	262599	768	nan	10	45	nan	nan	vPN	na	nan: adult	nan	PN_adult_GH146_P7_A16
3	GH146-GFP	adult	1043563	3499	VA1v	3	56	6	VA1v	adPN	na	VA1v: adult	VA1v	PN_adult_GH146_P7_A4
3	GH146-GFP	adult	759292	3038	vPN	26	-1	nan	nan	vPN	na	vPN: adult	vPN	PN_adult_GH146_P7_B10
3	GH146-GFP	adult	1198555	2278	nan	2	56	nan	nan		na	nan: adult	nan	PN_adult_GH146_P7_B15
3	GH146-GFP	adult	122963	3220	VC2	17	56	16	VC2	lPN	na	VC2: adult	VC2	PN_adult_GH146_P7_C14
3	GH146-GFP	adult	106475	1708	APL	15	34	nan	nan	vPN	na	APL: adult	APL	PN_adult_GH146_P7_C20
3	GH146-GFP	adult	203430	2676	vPN	10	4	nan	nan	vPN	na	vPN: adult	vPN	PN_adult_GH146_P7_C24
3	GH146-GFP	adult	304782	1108	nan	14	-1	nan	nan	vPN	na	nan: adult	nan	PN_adult_GH146_P7_D10
3	GH146-GFP	adult	1975083	2067	nan	6	60	15	DA1_fru+	lPN	na	nan: adult	nan	PN_adult_GH146_P7_D14
3	GH146-GFP	adult	494779	2734	nan	5	61	23	nan	lPN	na	nan: adult	nan	PN_adult_GH146_P7_D20
3	GH146-GFP	adult	989655	1795	VC2	17	-1	16	VC2	lPN	na	VC2: adult	VC2	PN_adult_GH146_P7_D8
3	GH146-GFP	adult	608825	831	vPN	20	11	nan	nan	vPN	na	vPN: adult	vPN	PN_adult_GH146_P7_E18
3	GH146-GFP	adult	1007078	510	nan	14	-1	nan	nan	vPN	na	nan: adult	nan	PN_adult_GH146_P7_E2
3	GH146-GFP	adult	946628	2663	MARS_2	8	49	2	MARS_2	lPN	na	MARS_2: adult	MARS_2	PN_adult_GH146_P7_E7
3	GH146-GFP	adult	764432	3356	D	27	56	12	D	adPN	na	D: adult	D	PN_adult_GH146_P7_F11
3	GH146-GFP	adult	7756768	1703	nan	24	56	nan	nan	adPN	na	nan: adult	nan	PN_adult_GH146_P7_F16
3	GH146-GFP	adult	3902464	2311	DA1	6	60	15	DA1_fru+	lPN	na	DA1: adult	DA1	PN_adult_GH146_P7_F19
3	GH146-GFP	adult	652312	4111	nan	13	16	nan	nan	adPN	na	nan: adult	nan	PN_adult_GH146_P7_F21
3	GH146-GFP	adult	809540	3832	VA1v	3	56	6	VA1v	adPN	na	VA1v: adult	VA1v	PN_adult_GH146_P7_F22
3	GH146-GFP	adult	257244	2814	MARS_2	8	49	2	MARS_2	lPN	na	MARS_2: adult	MARS_2	PN_adult_GH146_P7_F24
3	GH146-GFP	adult	1483090	2873	DC3 and VA1d	7	56	10	VA1d	adPN	na	DC3 and VA1d: adult	DC3 and VA1d	PN_adult_GH146_P7_F2
3	GH146-GFP	adult	276128	3777	nan	1	39	nan	nan	APL	na	nan: adult	nan	PN_adult_GH146_P7_G23
3	GH146-GFP	adult	853237	1554	VC2	17	-1	16	VC2		na	VC2: adult	VC2	PN_adult_GH146_P7_H4
3	GH146-GFP	adult	2812120	1505	vPN	12	-1	nan	nan	vPN	na	vPN: adult	vPN	PN_adult_GH146_P7_H8
3	GH146-GFP	adult	514902	2291	MARS_2	8	49	2	MARS_2	lPN	na	MARS_2: adult	MARS_2	PN_adult_GH146_P7_I3
3	GH146-GFP	adult	5228025	1515	nan	15	42	nan	nan	vPN	na	nan: adult	nan	PN_adult_GH146_P7_J14
3	GH146-GFP	adult	673112	2905	MARS_25	16	56	25	MARS_25	lPN	na	MARS_25: adult	MARS_25	PN_adult_GH146_P7_J22
3	GH146-GFP	adult	4452782	2948	VM2	18	56	28	VM7 or VM5v #2	adPN	na	VM2: adult	VM2	PN_adult_GH146_P7_J6
3	GH146-GFP	adult	687747	3276	D	27	56	12	D	adPN	na	D: adult	D	PN_adult_GH146_P7_J7
3	GH146-GFP	adult	252658	857	vPN	12	4	nan	nan	vPN	na	vPN: adult	vPN	PN_adult_GH146_P7_K10
3	GH146-GFP	adult	404818	3089	VM7 or VM5v #1	18	56	28	VM7 or VM5v #2	adPN	na	VM7 or VM5v #1: adult	VM7 or VM5v #1	PN_adult_GH146_P7_K20
3	GH146-GFP	adult	488911	3143	VM7 or VM5v #1	18	56	28	VM7 or VM5v #2	adPN	na	VM7 or VM5v #1: adult	VM7 or VM5v #1	PN_adult_GH146_P7_K21
3	GH146-GFP	adult	462564	869	nan	21	56	nan	nan		na	nan: adult	nan	PN_adult_GH146_P7_K4
3	GH146-GFP	adult	3365528	1089	nan	2	-1	nan	nan	lPN	na	nan: adult	nan	PN_adult_GH146_P7_L14
3	GH146-GFP	adult	4677711	1920	nan	26	42	nan	nan	APL	na	nan: adult	nan	PN_adult_GH146_P7_L17
3	GH146-GFP	adult	148593	815	nan	26	-1	nan	nan	vPN	na	nan: adult	nan	PN_adult_GH146_P7_L2
3	GH146-GFP	adult	2395723	3241	vPN	11	2	nan	nan	vPN	na	vPN: adult	vPN	PN_adult_GH146_P7_L7
3	GH146-GFP	adult	2314115	3292	vPN	12	4	nan	nan	vPN	na	vPN: adult	vPN	PN_adult_GH146_P7_L8
3	GH146-GFP	adult	2013919	2016	nan	5	-1	23	nan	lPN	na	nan: adult	nan	PN_adult_GH146_P7_M14
3	GH146-GFP	adult	1458847	2900	VC2	17	56	16	VC2	lPN	na	VC2: adult	VC2	PN_adult_GH146_P7_M3
3	GH146-GFP	adult	5031553	1680	nan	26	40	nan	nan	APL	na	nan: adult	nan	PN_adult_GH146_P7_N21
3	GH146-GFP	adult	1106786	2072	DA1	6	-1	15	DA1_fru+	lPN	na	DA1: adult	DA1	PN_adult_GH146_P7_N3
3	GH146-GFP	adult	339605	3970	MARS_19	22	56	19	MARS_19	adPN	na	MARS_19: adult	MARS_19	PN_adult_GH146_P7_N4
3	GH146-GFP	adult	532726	3229	nan	26	44	nan	nan	APL	na	nan: adult	nan	PN_adult_GH146_P7_N7
3	GH146-GFP	adult	4097648	3472	nan	23	56	nan	nan	adPN	na	nan: adult	nan	PN_adult_GH146_P7_O19
3	GH146-GFP	adult	212360	2092	nan	10	45	nan	nan	vPN	na	nan: adult	nan	PN_adult_GH146_P7_O20
3	GH146-GFP	adult	234221	1268	nan	26	-1	nan	nan	vPN	na	nan: adult	nan	PN_adult_GH146_P7_P11
3	GH146-GFP	adult	1638758	1656	nan	24	-1	nan	nan	lPN	na	nan: adult	nan	PN_adult_GH146_P7_P18
3	GH146-GFP	adult	363579	2649	DA1	6	60	15	DA1_fru+	lPN	na	DA1: adult	DA1	PN_adult_GH146_P7_P22
3	GH146-GFP	adult	619701	2437	nan	5	-1	23	nan		na	nan: adult	nan	PN_adult_GH146_P7_P23
3	GH146-GFP	adult	391781	3343	VA1v	3	56	6	VA1v	adPN	na	VA1v: adult	VA1v	PN_adult_GH146_P7_P7
3	GH146-GFP	adult	285221	2429	vPN	20	11	nan	nan	vPN	na	vPN: adult	vPN	PN_adult_GH146_P7_P8
3	GH146-GFP	adult	2210850	1820	VM7 or VM5v #1	19	56	nan	nan	adPN	na	VM7 or VM5v #1: adult	VM7 or VM5v #1	PN_adult_GH146_P7_P9
3	GH146-GFP	adult	533314	2936	MARS_25	16	56	25	MARS_25	lPN	na	MARS_25: adult	MARS_25	PN_adult_GH146_P8_A4
3	GH146-GFP	adult	667861	1142	nan	26	-1	nan	nan	vPN	na	nan: adult	nan	PN_adult_GH146_P8_B15
3	GH146-GFP	adult	1815460	2015	nan	10	45	nan	nan	vPN	na	nan: adult	nan	PN_adult_GH146_P8_B7
3	GH146-GFP	adult	526528	1145	nan	24	-1	nan	nan		na	nan: adult	nan	PN_adult_GH146_P8_B9
3	GH146-GFP	adult	693363	1219	APL	15	35	nan	nan	APL	na	APL: adult	APL	PN_adult_GH146_P8_C10
3	GH146-GFP	adult	1345934	2527	nan	26	45	nan	nan	vPN	na	nan: adult	nan	PN_adult_GH146_P8_C13
3	GH146-GFP	adult	881089	1464	VC2	17	-1	16	VC2	lPN	na	VC2: adult	VC2	PN_adult_GH146_P8_C16
3	GH146-GFP	adult	2426609	3228	VC2	17	56	16	VC2	lPN	na	VC2: adult	VC2	PN_adult_GH146_P8_C18
3	GH146-GFP	adult	3567447	2194	MARS_5	0	23	nan	nan	adPN	na	MARS_5: adult	MARS_5	PN_adult_GH146_P8_C21
3	GH146-GFP	adult	126012	3517	DL1	4	56	8	DL1	adPN	na	DL1: adult	DL1	PN_adult_GH146_P8_C3
3	GH146-GFP	adult	285687	1217	nan	10	45	nan	nan	vPN	na	nan: adult	nan	PN_adult_GH146_P8_C4
3	GH146-GFP	adult	163733	3316	DC3 and VA1d	7	56	10	VA1d	adPN	na	DC3 and VA1d: adult	DC3 and VA1d	PN_adult_GH146_P8_C5
3	GH146-GFP	adult	1916262	981	nan	19	-1	nan	nan	lPN	na	nan: adult	nan	PN_adult_GH146_P8_D20
3	GH146-GFP	adult	2592326	3043	nan	5	61	23	nan	lPN	na	nan: adult	nan	PN_adult_GH146_P8_E15
3	GH146-GFP	adult	2214298	748	nan	21	-1	nan	nan	vPN	na	nan: adult	nan	PN_adult_GH146_P8_E16
3	GH146-GFP	adult	1401298	3169	DA1	6	60	15	DA1_fru+	lPN	na	DA1: adult	DA1	PN_adult_GH146_P8_E2
3	GH146-GFP	adult	1450335	3065	VM7 or VM5v #1	18	56	28	VM7 or VM5v #2	adPN	na	VM7 or VM5v #1: adult	VM7 or VM5v #1	PN_adult_GH146_P8_F15
3	GH146-GFP	adult	1825593	1278	nan	14	-1	nan	nan	vPN	na	nan: adult	nan	PN_adult_GH146_P8_F21
3	GH146-GFP	adult	929318	946	nan	19	-1	nan	nan	adPN	na	nan: adult	nan	PN_adult_GH146_P8_F22
3	GH146-GFP	adult	5150776	3293	nan	13	16	nan	nan	adPN	na	nan: adult	nan	PN_adult_GH146_P8_F8
3	GH146-GFP	adult	1679868	2831	DL1	4	56	8	DL1	adPN	na	DL1: adult	DL1	PN_adult_GH146_P8_G15
3	GH146-GFP	adult	696153	1792	MARS_2	8	49	2	MARS_2	lPN	na	MARS_2: adult	MARS_2	PN_adult_GH146_P8_H10
3	GH146-GFP	adult	2621326	1205	VA6	25	56	0	VA6		na	nan: adult	nan	PN_adult_GH146_P8_H18
3	GH146-GFP	adult	3012001	937	nan	10	45	nan	nan	vPN	na	nan: adult	nan	PN_adult_GH146_P8_H20
3	GH146-GFP	adult	3546472	1903	nan	27	56	12	D	adPN	na	nan: adult	nan	PN_adult_GH146_P8_H23
3	GH146-GFP	adult	2183262	3776	vPN	11	2	nan	nan	vPN	na	vPN: adult	vPN	PN_adult_GH146_P8_I16
3	GH146-GFP	adult	991964	814	nan	10	-1	nan	nan	vPN	na	nan: adult	nan	PN_adult_GH146_P8_I3
3	GH146-GFP	adult	4767989	2121	MARS_5	0	23	nan	nan	adPN	na	MARS_5: adult	MARS_5	PN_adult_GH146_P8_J18
3	GH146-GFP	adult	1784332	621	nan	10	45	nan	nan	vPN	na	nan: adult	nan	PN_adult_GH146_P8_J23
3	GH146-GFP	adult	2053981	2936	MARS_5	0	23	nan	nan	adPN	na	MARS_5: adult	MARS_5	PN_adult_GH146_P8_K19
3	GH146-GFP	adult	1933962	3763	nan	23	56	nan	nan	adPN	na	nan: adult	nan	PN_adult_GH146_P8_K21
3	GH146-GFP	adult	4849528	1887	nan	26	-1	nan	nan	vPN	na	nan: adult	nan	PN_adult_GH146_P8_K23
3	GH146-GFP	adult	420327	689	nan	14	-1	nan	nan	vPN	na	nan: adult	nan	PN_adult_GH146_P8_K3
3	GH146-GFP	adult	1894409	2037	nan	6	60	15	DA1_fru+	lPN	na	nan: adult	nan	PN_adult_GH146_P8_L11
3	GH146-GFP	adult	1588248	1402	nan	2	-1	nan	nan	lPN	na	nan: adult	nan	PN_adult_GH146_P8_L18
3	GH146-GFP	adult	435264	1466	nan	21	-1	nan	nan		na	nan: adult	nan	PN_adult_GH146_P8_L1
3	GH146-GFP	adult	2850562	2327	MARS_2	8	49	2	MARS_2	lPN	na	MARS_2: adult	MARS_2	PN_adult_GH146_P8_L20
3	GH146-GFP	adult	4775462	2992	VM7 or VM5v #1	18	56	28	VM7 or VM5v #2	adPN	na	VM7 or VM5v #1: adult	VM7 or VM5v #1	PN_adult_GH146_P8_L4
3	GH146-GFP	adult	2081881	2605	nan	26	-1	nan	nan	APL	na	nan: adult	nan	PN_adult_GH146_P8_M10
3	GH146-GFP	adult	760211	1665	nan	24	56	nan	nan	adPN	na	nan: adult	nan	PN_adult_GH146_P8_M15
3	GH146-GFP	adult	2016632	5211	MARS_19	22	56	19	MARS_19	adPN	na	MARS_19: adult	MARS_19	PN_adult_GH146_P8_M20
3	GH146-GFP	adult	1419962	4950	MARS_19	22	56	19	MARS_19	adPN	na	MARS_19: adult	MARS_19	PN_adult_GH146_P8_M22
3	GH146-GFP	adult	1384854	3198	nan	23	56	nan	nan	adPN	na	nan: adult	nan	PN_adult_GH146_P8_M2
3	GH146-GFP	adult	2117523	660	nan	10	45	nan	nan	vPN	na	nan: adult	nan	PN_adult_GH146_P8_M7
3	GH146-GFP	adult	666166	3306	nan	5	61	23	nan	lPN	na	nan: adult	nan	PN_adult_GH146_P8_M8
3	GH146-GFP	adult	1479103	1040	nan	14	45	nan	nan	vPN	na	nan: adult	nan	PN_adult_GH146_P8_N17
3	GH146-GFP	adult	962420	3561	nan	23	56	nan	nan	adPN	na	nan: adult	nan	PN_adult_GH146_P8_N20
3	GH146-GFP	adult	1189221	1041	nan	10	45	nan	nan	vPN	na	nan: adult	nan	PN_adult_GH146_P8_N4
3	GH146-GFP	adult	2257422	559	nan	14	45	nan	nan	vPN	na	nan: adult	nan	PN_adult_GH146_P8_N8
3	GH146-GFP	adult	2699326	3913	nan	23	56	nan	nan	adPN	na	nan: adult	nan	PN_adult_GH146_P8_O3
3	GH146-GFP	adult	2336951	1544	nan	26	-1	nan	nan		na	nan: adult	nan	PN_adult_GH146_P8_O5
3	GH146-GFP	adult	2613802	2640	MARS_2	8	49	2	MARS_2	lPN	na	MARS_2: adult	MARS_2	PN_adult_GH146_P8_P23
3	GH146-GFP	adult	2732704	1581	APL	15	35	nan	nan	APL	na	APL: adult	APL	PN_adult_GH146_P8_P3
3	GH146-GFP	adult	2758534	2155	nan	5	-1	23	nan	lPN	na	nan: adult	nan	PN_adult_GH146_P8_P8
3	GH146-GFP	adult	1069204	863	nan	26	-1	nan	nan	vPN	na	nan: adult	nan	PN_adult_GH146_P9_A10
3	GH146-GFP	adult	2164396	1133	nan	24	-1	nan	nan		na	nan: adult	nan	PN_adult_GH146_P9_A16
3	GH146-GFP	adult	142464	3399	VA1v	3	56	6	VA1v	adPN	na	VA1v: adult	VA1v	PN_adult_GH146_P9_A24
3	GH146-GFP	adult	348940	4455	MARS_19	22	56	19	MARS_19	adPN	na	MARS_19: adult	MARS_19	PN_adult_GH146_P9_B15
3	GH146-GFP	adult	2490885	668	nan	10	45	nan	nan	vPN	na	nan: adult	nan	PN_adult_GH146_P9_B22
3	GH146-GFP	adult	2243349	2704	VC2	17	56	16	VC2	adPN	na	VC2: adult	VC2	PN_adult_GH146_P9_B9
3	GH146-GFP	adult	1452057	3219	DM6	18	56	28	VM7 or VM5v #2	adPN	na	DM6: adult	DM6	PN_adult_GH146_P9_C11
3	GH146-GFP	adult	285577	856	APL	15	34	nan	nan	vPN	na	APL: adult	APL	PN_adult_GH146_P9_C14
3	GH146-GFP	adult	362176	3550	VA1v	3	56	6	VA1v	adPN	na	VA1v: adult	VA1v	PN_adult_GH146_P9_C15
3	GH146-GFP	adult	2687904	3192	vPN	11	2	nan	nan	vPN	na	vPN: adult	vPN	PN_adult_GH146_P9_C21
3	GH146-GFP	adult	712009	3018	MARS_25	16	56	25	MARS_25	lPN	na	MARS_25: adult	MARS_25	PN_adult_GH146_P9_C2
3	GH146-GFP	adult	1079484	1185	nan	24	56	nan	nan	lPN	na	nan: adult	nan	PN_adult_GH146_P9_C7
3	GH146-GFP	adult	180803	2116	vPN	20	11	nan	nan	vPN	na	vPN: adult	vPN	PN_adult_GH146_P9_D17
3	GH146-GFP	adult	574039	1544	nan	10	45	nan	nan	vPN	na	nan: adult	nan	PN_adult_GH146_P9_D20
3	GH146-GFP	adult	1117818	3264	vPN	11	2	nan	nan	vPN	na	vPN: adult	vPN	PN_adult_GH146_P9_D24
3	GH146-GFP	adult	1038751	1506	nan	10	45	nan	nan	vPN	na	nan: adult	nan	PN_adult_GH146_P9_D2
3	GH146-GFP	adult	1161154	3417	DA1	6	60	15	DA1_fru+	lPN	na	DA1: adult	DA1	PN_adult_GH146_P9_D4
3	GH146-GFP	adult	1433197	755	nan	14	44	nan	nan	vPN	na	nan: adult	nan	PN_adult_GH146_P9_D8
3	GH146-GFP	adult	2949173	2743	nan	19	56	nan	nan	adPN	na	nan: adult	nan	PN_adult_GH146_P9_E24
3	GH146-GFP	adult	803524	998	nan	10	45	nan	nan	vPN	na	nan: adult	nan	PN_adult_GH146_P9_E6
3	GH146-GFP	adult	2376819	3298	DC3 and VA1d	7	56	10	VA1d	adPN	na	DC3 and VA1d: adult	DC3 and VA1d	PN_adult_GH146_P9_F10
3	GH146-GFP	adult	2302768	1838	MARS_2	8	-1	2	MARS_2	lPN	na	MARS_2: adult	MARS_2	PN_adult_GH146_P9_F11
3	GH146-GFP	adult	1001841	950	nan	21	56	nan	nan		na	nan: adult	nan	PN_adult_GH146_P9_F21
3	GH146-GFP	adult	537007	3611	DL1	4	56	8	DL1	adPN	na	DL1: adult	DL1	PN_adult_GH146_P9_F22
3	GH146-GFP	adult	3890439	3071	DC3 and VA1d	7	56	10	VA1d	adPN	na	DC3 and VA1d: adult	DC3 and VA1d	PN_adult_GH146_P9_F24
3	GH146-GFP	adult	939715	1489	nan	10	45	nan	nan	vPN	na	nan: adult	nan	PN_adult_GH146_P9_F2
3	GH146-GFP	adult	811530	2630	VC2	17	56	16	VC2	lPN	na	VC2: adult	VC2	PN_adult_GH146_P9_F8
3	GH146-GFP	adult	128842	1309	DC3 and VA1d	7	56	10	VA1d	adPN	na	DC3 and VA1d: adult	DC3 and VA1d	PN_adult_GH146_P9_G14
3	GH146-GFP	adult	871812	2454	D	27	56	12	D	adPN	na	D: adult	D	PN_adult_GH146_P9_G17
3	GH146-GFP	adult	337010	1632	nan	19	56	nan	nan		na	nan: adult	nan	PN_adult_GH146_P9_G18
3	GH146-GFP	adult	161759	613	nan	21	56	nan	nan	vPN	na	nan: adult	nan	PN_adult_GH146_P9_G19
3	GH146-GFP	adult	581901	3744	MARS_19	22	56	19	MARS_19	adPN	na	MARS_19: adult	MARS_19	PN_adult_GH146_P9_G22
3	GH146-GFP	adult	212933	812	nan	24	-1	nan	nan	lPN	na	nan: adult	nan	PN_adult_GH146_P9_G9
3	GH146-GFP	adult	603415	3853	DC3 and VA1d	7	56	10	VA1d	adPN	na	DC3 and VA1d: adult	DC3 and VA1d	PN_adult_GH146_P9_H17
3	GH146-GFP	adult	306468	595	nan	10	45	nan	nan	vPN	na	nan: adult	nan	PN_adult_GH146_P9_H18
3	GH146-GFP	adult	441950	1140	nan	10	-1	nan	nan	vPN	na	nan: adult	nan	PN_adult_GH146_P9_H2
3	GH146-GFP	adult	358266	635	nan	10	45	nan	nan	vPN	na	nan: adult	nan	PN_adult_GH146_P9_H6
3	GH146-GFP	adult	270286	678	nan	14	45	nan	nan	vPN	na	nan: adult	nan	PN_adult_GH146_P9_I13
3	GH146-GFP	adult	170962	3180	VM7 or VM5v #1	18	56	28	VM7 or VM5v #2	adPN	na	VM7 or VM5v #1: adult	VM7 or VM5v #1	PN_adult_GH146_P9_I2
3	GH146-GFP	adult	772770	4752	MARS_19	22	56	19	MARS_19	adPN	na	MARS_19: adult	MARS_19	PN_adult_GH146_P9_I5
3	GH146-GFP	adult	499279	3032	MARS_25	16	56	25	MARS_25	lPN	na	MARS_25: adult	MARS_25	PN_adult_GH146_P9_J12
3	GH146-GFP	adult	726113	4350	MARS_19	22	56	19	MARS_19	adPN	na	MARS_19: adult	MARS_19	PN_adult_GH146_P9_J17
3	GH146-GFP	adult	651032	3675	MARS_25	16	56	25	MARS_25	lPN	na	MARS_25: adult	MARS_25	PN_adult_GH146_P9_J2
3	GH146-GFP	adult	194569	1004	vPN	15	-1	nan	nan	vPN	na	vPN: adult	vPN	PN_adult_GH146_P9_K19
3	GH146-GFP	adult	274665	2800	VC2	17	55	16	VC2	lPN	na	VC2: adult	VC2	PN_adult_GH146_P9_K5
3	GH146-GFP	adult	482666	3887	MARS_19	22	-1	19	MARS_19	adPN	na	MARS_19: adult	MARS_19	PN_adult_GH146_P9_L7
3	GH146-GFP	adult	533994	3716	DC3 and VA1d	7	56	10	VA1d	adPN	na	DC3 and VA1d: adult	DC3 and VA1d	PN_adult_GH146_P9_M18
3	GH146-GFP	adult	752118	1583	nan	26	-1	nan	nan		na	nan: adult	nan	PN_adult_GH146_P9_M21
3	GH146-GFP	adult	3924672	2569	VA1v	3	56	6	VA1v	adPN	na	VA1v: adult	VA1v	PN_adult_GH146_P9_M24
3	GH146-GFP	adult	351630	3320	vPN	12	5	nan	nan	vPN	na	vPN: adult	vPN	PN_adult_GH146_P9_M4
3	GH146-GFP	adult	228387	700	nan	14	-1	nan	nan		na	nan: adult	nan	PN_adult_GH146_P9_M5
3	GH146-GFP	adult	3187534	2150	vPN	20	11	nan	nan	vPN	na	vPN: adult	vPN	PN_adult_GH146_P9_M9
3	GH146-GFP	adult	2167316	2817	nan	1	39	nan	nan	APL	na	nan: adult	nan	PN_adult_GH146_P9_N11
3	GH146-GFP	adult	347310	2023	D	27	56	12	D	adPN	na	D: adult	D	PN_adult_GH146_P9_N19
3	GH146-GFP	adult	664210	3689	VA1v	3	56	6	VA1v	adPN	na	VA1v: adult	VA1v	PN_adult_GH146_P9_N22
3	GH146-GFP	adult	120250	802	nan	14	-1	nan	nan	vPN	na	nan: adult	nan	PN_adult_GH146_P9_N2
3	GH146-GFP	adult	1170754	1426	nan	1	39	nan	nan	APL	na	nan: adult	nan	PN_adult_GH146_P9_N3
3	GH146-GFP	adult	350375	681	nan	14	-1	nan	nan	vPN	na	nan: adult	nan	PN_adult_GH146_P9_N9
3	GH146-GFP	adult	3239277	3676	VC2	17	56	16	VC2	lPN	na	VC2: adult	VC2	PN_adult_GH146_P9_O11
3	GH146-GFP	adult	578207	812	vPN	20	11	nan	nan	vPN	na	vPN: adult	vPN	PN_adult_GH146_P9_P12
3	GH146-GFP	adult	600548	2820	DA1	6	60	15	DA1_fru+	lPN	na	DA1: adult	DA1	PN_adult_GH146_P9_P19
3	GH146-GFP	adult	199712	1213	nan	10	45	nan	nan	vPN	na	nan: adult	nan	PN_adult_GH146_P9_P22
3	GH146-GFP	adult	524893	1277	nan	2	-1	nan	nan	lPN	na	nan: adult	nan	PN_adult_GH146_P9_P6
3	GH146-GFP	adult	583093	1578	nan	1	39	nan	nan	APL	na	nan: adult	nan	PN_adult_GH146_P9_P7
3	GH146-GFP	adult	370600	866	nan	14	45	nan	nan	vPN	na	nan: adult	nan	PN_adult_GH146_P11_A12
3	GH146-GFP	adult	1066945	3155	APL	26	35	nan	nan	APL	na	APL: adult	APL	PN_adult_GH146_P11_B14
3	GH146-GFP	adult	354835	2410	nan	24	45	nan	nan		na	nan: adult	nan	PN_adult_GH146_P11_B18
3	GH146-GFP	adult	223792	2188	VC2	17	-1	16	VC2	lPN	na	VC2: adult	VC2	PN_adult_GH146_P11_B2
3	GH146-GFP	adult	1336878	1052	nan	10	45	nan	nan	vPN	na	nan: adult	nan	PN_adult_GH146_P11_B5
3	GH146-GFP	adult	820430	3664	MARS_25	16	56	25	MARS_25	lPN	na	MARS_25: adult	MARS_25	PN_adult_GH146_P11_B6
3	GH146-GFP	adult	154322	2845	VA6	25	56	0	VA6	adPN	na	nan: adult	nan	PN_adult_GH146_P11_C23
3	GH146-GFP	adult	729983	2623	nan	26	-1	nan	nan	APL	na	nan: adult	nan	PN_adult_GH146_P11_C5
3	GH146-GFP	adult	3033360	2351	nan	19	56	nan	nan	adPN	na	nan: adult	nan	PN_adult_GH146_P11_C8
3	GH146-GFP	adult	3867416	2363	MARS_25	16	56	25	MARS_25	lPN	na	MARS_25: adult	MARS_25	PN_adult_GH146_P11_C9
3	GH146-GFP	adult	722822	701	nan	21	-1	nan	nan		na	nan: adult	nan	PN_adult_GH146_P11_D11
3	GH146-GFP	adult	162975	1017	nan	14	45	nan	nan	vPN	na	nan: adult	nan	PN_adult_GH146_P11_D16
3	GH146-GFP	adult	378168	2133	nan	23	-1	nan	nan		na	nan: adult	nan	PN_adult_GH146_P11_D21
3	GH146-GFP	adult	2436319	1353	nan	15	-1	nan	nan	APL	na	nan: adult	nan	PN_adult_GH146_P11_D4
3	GH146-GFP	adult	406276	767	nan	14	45	nan	nan	vPN	na	nan: adult	nan	PN_adult_GH146_P11_D7
3	GH146-GFP	adult	1158014	2131	VM7 or VM5v #1	19	56	nan	nan		na	VM7 or VM5v #1: adult	VM7 or VM5v #1	PN_adult_GH146_P11_D8
3	GH146-GFP	adult	421508	2525	MARS_2	8	49	2	MARS_2	lPN	na	MARS_2: adult	MARS_2	PN_adult_GH146_P11_E14
3	GH146-GFP	adult	596780	3980	DC3 and VA1d	7	56	10	VA1d	adPN	na	DC3 and VA1d: adult	DC3 and VA1d	PN_adult_GH146_P11_E16
3	GH146-GFP	adult	583384	2855	MARS_2	8	49	2	MARS_2	lPN	na	MARS_2: adult	MARS_2	PN_adult_GH146_P11_E17
3	GH146-GFP	adult	362345	1797	nan	26	45	nan	nan	vPN	na	nan: adult	nan	PN_adult_GH146_P11_E23
3	GH146-GFP	adult	3963984	3126	nan	26	40	nan	nan	APL	na	nan: adult	nan	PN_adult_GH146_P11_E4
3	GH146-GFP	adult	1860578	2525	VM7 or VM5v #1	19	-1	nan	nan	adPN	na	VM7 or VM5v #1: adult	VM7 or VM5v #1	PN_adult_GH146_P11_E5
3	GH146-GFP	adult	1285589	3200	nan	26	42	nan	nan	APL	na	nan: adult	nan	PN_adult_GH146_P11_F14
3	GH146-GFP	adult	1081096	2816	MARS_2	8	49	2	MARS_2	lPN	na	MARS_2: adult	MARS_2	PN_adult_GH146_P11_F4
3	GH146-GFP	adult	1095754	1657	nan	26	40	nan	nan	APL	na	nan: adult	nan	PN_adult_GH146_P11_G10
3	GH146-GFP	adult	2643403	2624	nan	6	60	15	DA1_fru+	lPN	na	nan: adult	nan	PN_adult_GH146_P11_G12
3	GH146-GFP	adult	2620606	1776	D	27	56	12	D	adPN	na	D: adult	D	PN_adult_GH146_P11_G13
3	GH146-GFP	adult	876559	2638	nan	1	39	nan	nan	APL	na	nan: adult	nan	PN_adult_GH146_P11_G18
3	GH146-GFP	adult	544605	616	nan	14	45	nan	nan	vPN	na	nan: adult	nan	PN_adult_GH146_P11_G19
3	GH146-GFP	adult	898002	1709	DC3 and VA1d	24	56	nan	nan	adPN	na	DC3 and VA1d: adult	DC3 and VA1d	PN_adult_GH146_P11_G3
3	GH146-GFP	adult	1821789	3041	nan	5	61	23	nan	lPN	na	nan: adult	nan	PN_adult_GH146_P11_G4
3	GH146-GFP	adult	1619638	4187	DL1	4	56	8	DL1	adPN	na	DL1: adult	DL1	PN_adult_GH146_P11_G5
3	GH146-GFP	adult	2644617	1865	vPN	20	11	nan	nan	vPN	na	vPN: adult	vPN	PN_adult_GH146_P11_G8
3	GH146-GFP	adult	3414667	1152	nan	2	60	nan	nan	lPN	na	nan: adult	nan	PN_adult_GH146_P11_H10
3	GH146-GFP	adult	1706297	1845	nan	27	56	12	D	adPN	na	nan: adult	nan	PN_adult_GH146_P11_H13
3	GH146-GFP	adult	1468590	4206	DL1	4	56	8	DL1	adPN	na	DL1: adult	DL1	PN_adult_GH146_P11_H8
3	GH146-GFP	adult	4776021	2726	VM2	19	56	nan	nan	adPN	na	VM2: adult	VM2	PN_adult_GH146_P11_I12
3	GH146-GFP	adult	536432	1306	nan	10	45	nan	nan	vPN	na	nan: adult	nan	PN_adult_GH146_P11_I23
3	GH146-GFP	adult	717896	3231	VM7 or VM5v #1	18	56	28	VM7 or VM5v #2	adPN	na	VM7 or VM5v #1: adult	VM7 or VM5v #1	PN_adult_GH146_P11_I3
3	GH146-GFP	adult	1658768	3908	DA1	6	60	15	DA1_fru+	lPN	na	DA1: adult	DA1	PN_adult_GH146_P11_I6
3	GH146-GFP	adult	2717510	999	nan	10	45	nan	nan	vPN	na	nan: adult	nan	PN_adult_GH146_P11_J16
3	GH146-GFP	adult	268227	858	nan	14	45	nan	nan	vPN	na	nan: adult	nan	PN_adult_GH146_P11_J19
3	GH146-GFP	adult	289945	1481	DC3 and VA1d	7	56	10	VA1d	adPN	na	DC3 and VA1d: adult	DC3 and VA1d	PN_adult_GH146_P11_J6
3	GH146-GFP	adult	2563941	1755	nan	19	56	nan	nan	adPN	na	nan: adult	nan	PN_adult_GH146_P11_K13
3	GH146-GFP	adult	1468545	719	nan	14	45	nan	nan	vPN	na	nan: adult	nan	PN_adult_GH146_P11_K17
3	GH146-GFP	adult	1991695	3501	nan	5	61	23	nan	lPN	na	nan: adult	nan	PN_adult_GH146_P11_K20
3	GH146-GFP	adult	631724	3622	MARS_19	22	56	19	MARS_19	adPN	na	MARS_19: adult	MARS_19	PN_adult_GH146_P11_K6
3	GH146-GFP	adult	1343094	3357	DM6	18	56	28	VM7 or VM5v #2	adPN	na	DM6: adult	DM6	PN_adult_GH146_P11_K8
3	GH146-GFP	adult	3740773	964	nan	26	39	nan	nan	vPN	na	nan: adult	nan	PN_adult_GH146_P11_L13
3	GH146-GFP	adult	470311	574	nan	14	-1	nan	nan	vPN	na	nan: adult	nan	PN_adult_GH146_P11_L15
3	GH146-GFP	adult	4126500	2103	VM2	19	56	nan	nan	adPN	na	VM2: adult	VM2	PN_adult_GH146_P11_L18
3	GH146-GFP	adult	3774464	3031	MARS_25	16	56	25	MARS_25	lPN	na	MARS_25: adult	MARS_25	PN_adult_GH146_P11_L21
3	GH146-GFP	adult	1341955	3340	VM7 or VM5v #1	18	56	28	VM7 or VM5v #2	adPN	na	VM7 or VM5v #1: adult	VM7 or VM5v #1	PN_adult_GH146_P11_L5
3	GH146-GFP	adult	929808	2491	nan	15	42	nan	nan	APL	na	nan: adult	nan	PN_adult_GH146_P11_L9
3	GH146-GFP	adult	3735303	2584	nan	1	39	nan	nan	APL	na	nan: adult	nan	PN_adult_GH146_P11_M13
3	GH146-GFP	adult	592093	1721	nan	27	-1	12	D		na	nan: adult	nan	PN_adult_GH146_P11_M16
3	GH146-GFP	adult	775928	2676	MARS_5	0	23	nan	nan	adPN	na	MARS_5: adult	MARS_5	PN_adult_GH146_P11_M2
3	GH146-GFP	adult	4193518	1447	nan	5	-1	23	nan	lPN	na	nan: adult	nan	PN_adult_GH146_P11_M6
3	GH146-GFP	adult	2495658	842	nan	14	45	nan	nan	vPN	na	nan: adult	nan	PN_adult_GH146_P11_N10
3	GH146-GFP	adult	1676484	2201	MARS_25	16	56	25	MARS_25	lPN	na	MARS_25: adult	MARS_25	PN_adult_GH146_P11_N16
3	GH146-GFP	adult	1491920	3718	VM2	18	56	28	VM7 or VM5v #2	adPN	na	VM2: adult	VM2	PN_adult_GH146_P11_N3
3	GH146-GFP	adult	382842	2645	MARS_2	8	49	2	MARS_2	lPN	na	MARS_2: adult	MARS_2	PN_adult_GH146_P11_N4
3	GH146-GFP	adult	1233853	3106	DA1	6	60	15	DA1_fru+	lPN	na	DA1: adult	DA1	PN_adult_GH146_P11_N9
3	GH146-GFP	adult	5004170	3262	VC2	17	56	16	VC2	lPN	na	VC2: adult	VC2	PN_adult_GH146_P11_O10
3	GH146-GFP	adult	814261	505	vPN	14	11	nan	nan	vPN	na	vPN: adult	vPN	PN_adult_GH146_P11_O12
3	GH146-GFP	adult	1162187	2318	VC2	17	56	16	VC2	lPN	na	VC2: adult	VC2	PN_adult_GH146_P11_O19
3	GH146-GFP	adult	350325	1824	VM7 or VM5v #1	19	56	nan	nan	adPN	na	VM7 or VM5v #1: adult	VM7 or VM5v #1	PN_adult_GH146_P11_O20
3	GH146-GFP	adult	2581875	2249	vPN	11	2	nan	nan	vPN	na	vPN: adult	vPN	PN_adult_GH146_P11_O9
3	GH146-GFP	adult	131138	2810	VA6	25	56	0	VA6	adPN	na	nan: adult	nan	PN_adult_GH146_P11_P24
3	GH146-GFP	adult	130299	2610	VM7 or VM5v #1	18	56	28	VM7 or VM5v #2	adPN	na	VM7 or VM5v #1: adult	VM7 or VM5v #1	PN_adult_GH146_P12_A13
3	GH146-GFP	adult	237580	3155	vPN	26	56	nan	nan	vPN	na	vPN: adult	vPN	PN_adult_GH146_P12_B16
3	GH146-GFP	adult	225191	1633	nan	2	45	nan	nan	vPN	na	nan: adult	nan	PN_adult_GH146_P12_B17
3	GH146-GFP	adult	293494	4622	MARS_19	22	56	19	MARS_19	adPN	na	MARS_19: adult	MARS_19	PN_adult_GH146_P12_B2
3	GH146-GFP	adult	183351	2025	D	27	56	12	D	adPN	na	D: adult	D	PN_adult_GH146_P12_C11
3	GH146-GFP	adult	2383072	2042	nan	9	49	nan	nan	lPN	na	nan: adult	nan	PN_adult_GH146_P12_C12
3	GH146-GFP	adult	733151	3298	vPN	12	4	nan	nan	vPN	na	vPN: adult	vPN	PN_adult_GH146_P12_C16
3	GH146-GFP	adult	826918	3538	VM7 or VM5v #1	18	56	28	VM7 or VM5v #2	adPN	na	VM7 or VM5v #1: adult	VM7 or VM5v #1	PN_adult_GH146_P12_C20
3	GH146-GFP	adult	148592	1820	nan	10	45	nan	nan	vPN	na	nan: adult	nan	PN_adult_GH146_P12_C24
3	GH146-GFP	adult	1284368	673	nan	14	45	nan	nan	vPN	na	nan: adult	nan	PN_adult_GH146_P12_D12
3	GH146-GFP	adult	701516	2837	nan	11	-1	nan	nan	vPN	na	nan: adult	nan	PN_adult_GH146_P12_D17
3	GH146-GFP	adult	1057749	1247	nan	24	49	nan	nan	lPN	na	nan: adult	nan	PN_adult_GH146_P12_D2
3	GH146-GFP	adult	364929	2684	DA1	6	60	15	DA1_fru+	lPN	na	DA1: adult	DA1	PN_adult_GH146_P12_D7
3	GH146-GFP	adult	1855180	3917	DC3 and VA1d	7	56	10	VA1d	adPN	na	DC3 and VA1d: adult	DC3 and VA1d	PN_adult_GH146_P12_E15
3	GH146-GFP	adult	454105	2821	nan	9	56	nan	nan		na	nan: adult	nan	PN_adult_GH146_P12_E2
3	GH146-GFP	adult	492903	3690	DA1	6	60	15	DA1_fru+	lPN	na	DA1: adult	DA1	PN_adult_GH146_P12_E7
3	GH146-GFP	adult	997997	2372	VA6	25	56	0	VA6	adPN	na	nan: adult	nan	PN_adult_GH146_P12_E8
3	GH146-GFP	adult	2266175	2570	VA6	25	56	0	VA6		na	nan: adult	nan	PN_adult_GH146_P12_F14
3	GH146-GFP	adult	618150	4237	MARS_19	22	-1	19	MARS_19	adPN	na	MARS_19: adult	MARS_19	PN_adult_GH146_P12_F22
3	GH146-GFP	adult	4266944	2513	D	27	56	12	D	adPN	na	D: adult	D	PN_adult_GH146_P12_G12
3	GH146-GFP	adult	1020213	3095	DA1	6	60	15	DA1_fru+	lPN	na	DA1: adult	DA1	PN_adult_GH146_P12_G18
3	GH146-GFP	adult	930764	4581	MARS_19	22	56	19	MARS_19	adPN	na	MARS_19: adult	MARS_19	PN_adult_GH146_P12_G20
3	GH146-GFP	adult	736876	3136	nan	23	56	nan	nan	adPN	na	nan: adult	nan	PN_adult_GH146_P12_G3
3	GH146-GFP	adult	432553	943	VA6	25	-1	0	VA6	lPN	na	nan: adult	nan	PN_adult_GH146_P12_G7
3	GH146-GFP	adult	2002683	3895	VA1v	3	56	6	VA1v	adPN	na	VA1v: adult	VA1v	PN_adult_GH146_P12_G8
3	GH146-GFP	adult	5927016	2573	MARS_25	16	56	25	MARS_25	lPN	na	MARS_25: adult	MARS_25	PN_adult_GH146_P12_H13
3	GH146-GFP	adult	2778256	2809	MARS_25	16	56	25	MARS_25	lPN	na	MARS_25: adult	MARS_25	PN_adult_GH146_P12_H15
3	GH146-GFP	adult	1187615	2498	nan	5	-1	23	nan	lPN	na	nan: adult	nan	PN_adult_GH146_P12_H3
3	GH146-GFP	adult	1062905	1026	nan	21	-1	nan	nan	vPN	na	nan: adult	nan	PN_adult_GH146_P12_H6
3	GH146-GFP	adult	1903100	3212	nan	23	56	nan	nan	adPN	na	nan: adult	nan	PN_adult_GH146_P12_I13
3	GH146-GFP	adult	928193	3176	MARS_5	0	23	nan	nan	adPN	na	MARS_5: adult	MARS_5	PN_adult_GH146_P12_I17
3	GH146-GFP	adult	3096602	2478	MARS_2	8	49	2	MARS_2	lPN	na	MARS_2: adult	MARS_2	PN_adult_GH146_P12_I19
3	GH146-GFP	adult	593843	1179	nan	24	49	nan	nan	lPN	na	nan: adult	nan	PN_adult_GH146_P12_I21
3	GH146-GFP	adult	643049	2566	nan	11	-1	nan	nan	vPN	na	nan: adult	nan	PN_adult_GH146_P12_I23
3	GH146-GFP	adult	5783440	1335	nan	2	-1	nan	nan	lPN	na	nan: adult	nan	PN_adult_GH146_P12_J14
3	GH146-GFP	adult	604551	998	nan	21	56	nan	nan	vPN	na	nan: adult	nan	PN_adult_GH146_P12_J20
3	GH146-GFP	adult	208085	712	nan	2	-1	nan	nan	vPN	na	nan: adult	nan	PN_adult_GH146_P12_J21
3	GH146-GFP	adult	2264002	3289	DA1	6	60	15	DA1_fru+	lPN	na	DA1: adult	DA1	PN_adult_GH146_P12_J2
3	GH146-GFP	adult	5057917	2441	VM2	19	56	nan	nan		na	VM2: adult	VM2	PN_adult_GH146_P12_J9
3	GH146-GFP	adult	1681537	788	nan	14	-1	nan	nan	vPN	na	nan: adult	nan	PN_adult_GH146_P12_K19
3	GH146-GFP	adult	858453	1214	nan	24	-1	nan	nan		na	nan: adult	nan	PN_adult_GH146_P12_K23
3	GH146-GFP	adult	778283	3289	nan	18	56	28	VM7 or VM5v #2	adPN	na	nan: adult	nan	PN_adult_GH146_P12_K5
3	GH146-GFP	adult	2837619	1651	APL	15	34	nan	nan	APL	na	APL: adult	APL	PN_adult_GH146_P12_L11
3	GH146-GFP	adult	2582174	3987	DC3 and VA1d	7	56	10	VA1d	adPN	na	DC3 and VA1d: adult	DC3 and VA1d	PN_adult_GH146_P12_L13
3	GH146-GFP	adult	1243290	1581	MARS_2	8	-1	2	MARS_2	lPN	na	MARS_2: adult	MARS_2	PN_adult_GH146_P12_L15
3	GH146-GFP	adult	213803	1610	nan	5	-1	23	nan	lPN	na	nan: adult	nan	PN_adult_GH146_P12_L4
3	GH146-GFP	adult	809863	1325	nan	9	-1	nan	nan	lPN	na	nan: adult	nan	PN_adult_GH146_P12_M12
3	GH146-GFP	adult	2762454	1152	nan	21	-1	nan	nan		na	nan: adult	nan	PN_adult_GH146_P12_M13
3	GH146-GFP	adult	5066390	2706	MARS_25	16	56	25	MARS_25	lPN	na	MARS_25: adult	MARS_25	PN_adult_GH146_P12_N16
3	GH146-GFP	adult	560490	1135	nan	19	56	nan	nan	adPN	na	nan: adult	nan	PN_adult_GH146_P12_N17
3	GH146-GFP	adult	960137	968	nan	10	45	nan	nan	vPN	na	nan: adult	nan	PN_adult_GH146_P12_N18
3	GH146-GFP	adult	2788234	2796	DL1	4	56	8	DL1	adPN	na	DL1: adult	DL1	PN_adult_GH146_P12_N23
3	GH146-GFP	adult	748028	2437	nan	19	-1	nan	nan		na	nan: adult	nan	PN_adult_GH146_P12_N5
3	GH146-GFP	adult	379101	1383	nan	14	-1	nan	nan	vPN	na	nan: adult	nan	PN_adult_GH146_P12_N7
3	GH146-GFP	adult	3817578	1595	VC2	17	56	16	VC2	lPN	na	VC2: adult	VC2	PN_adult_GH146_P12_O23
3	GH146-GFP	adult	1707237	3002	MARS_5	0	23	nan	nan	adPN	na	MARS_5: adult	MARS_5	PN_adult_GH146_P12_O2
3	GH146-GFP	adult	1234807	1015	nan	20	3	nan	nan	vPN	na	nan: adult	nan	PN_adult_GH146_P12_O4
3	GH146-GFP	adult	3656776	2420	nan	15	-1	nan	nan	vPN	na	nan: adult	nan	PN_adult_GH146_P12_O7
3	GH146-GFP	adult	833506	3893	VA1v	3	56	6	VA1v	adPN	na	VA1v: adult	VA1v	PN_adult_GH146_P12_P11
